INFO:app.core.database:连接数据库: 172.16.10.196:5432/db_house
INFO:app.core.database:数据库连接成功
INFO:app.services.data_generator:开始 generate_data_for_tables 方法
INFO:app.services.data_generator:独立表（阶段1）: ['crawler_competitor_price', 'crm_customer', 'ext_market_trend']
INFO:app.services.data_generator:依赖表（阶段2）: ['oms_order', 'lms_shipment', 'fms_financial_transaction', 'oms_order_item']
INFO:app.services.data_generator:初始化数据库计数器
INFO:app.core.database:执行查询: SELECT MAX(id) FROM crawler_competitor_price, 参数: ()
INFO:app.core.database:连接数据库: 172.16.10.196:5432/db_house
INFO:app.core.database:查询执行成功
INFO:app.core.database:执行查询: SELECT MAX(id) FROM ext_market_trend, 参数: ()
INFO:app.core.database:连接数据库: 172.16.10.196:5432/db_house
INFO:app.core.database:查询执行成功
INFO:app.core.database:执行查询: SELECT MAX(id) FROM oms_order_item, 参数: ()
INFO:app.core.database:连接数据库: 172.16.10.196:5432/db_house
INFO:app.core.database:查询执行成功
INFO:app.services.data_generator:计数器初始化完成: {'crawler_competitor_price_id': 360971, 'ext_market_trend_id': 360971, 'oms_order_item_id': 361062}
INFO:app.services.data_generator:开始处理日期: 2025-10-21
INFO:app.services.data_generator:当天计划生成记录数: 1
INFO:app.services.data_generator:已清空外键缓存
INFO:app.services.data_generator:=== 阶段1：生成独立表 ===
INFO:app.services.data_generator:开始为独立表 crawler_competitor_price 生成数据
INFO:app.core.database:批量执行SQL，查询: INSERT INTO crawler_competitor_price (id, crawl_time, platform, competitor_name, product_name, product_sku, price, promotion_info, is_in_stock) VALUES ($1, $2, $3, $4, $5, $6, $7, $8, $9), 值数量: 1
INFO:app.core.database:连接数据库: 172.16.10.196:5432/db_house
INFO:app.core.database:批量执行SQL完成
INFO:app.services.data_generator:表 crawler_competitor_price 已插入剩余 1 条记录并缓存主键值
INFO:app.services.data_generator:独立表 crawler_competitor_price 生成完成，记录数: 1
INFO:app.services.data_generator:开始为独立表 crm_customer 生成数据
INFO:app.core.database:批量执行SQL，查询: INSERT INTO crm_customer (customer_id, name, gender, phone, email, birthday, address, create_time, update_time, is_deleted) VALUES ($1, $2, $3, $4, $5, $6, $7, $8, $9, $10), 值数量: 1
INFO:app.core.database:连接数据库: 172.16.10.196:5432/db_house
INFO:app.core.database:批量执行SQL完成
INFO:app.services.data_generator:表 crm_customer 已插入剩余 1 条记录并缓存主键值
INFO:app.services.data_generator:独立表 crm_customer 生成完成，记录数: 1
INFO:app.services.data_generator:开始为独立表 ext_market_trend 生成数据
INFO:app.core.database:批量执行SQL，查询: INSERT INTO ext_market_trend (id, period, region, category, market_size, growth_rate, data_source) VALUES ($1, $2, $3, $4, $5, $6, $7), 值数量: 1
INFO:app.core.database:连接数据库: 172.16.10.196:5432/db_house
INFO:app.core.database:批量执行SQL完成
INFO:app.services.data_generator:表 ext_market_trend 已插入剩余 1 条记录并缓存主键值
INFO:app.services.data_generator:独立表 ext_market_trend 生成完成，记录数: 1
INFO:app.services.data_generator:=== 阶段2：生成依赖表 ===
INFO:app.services.data_generator:表依赖排序结果: ['oms_order', 'oms_order_item', 'fms_financial_transaction', 'lms_shipment']
INFO:app.services.data_generator:排序后的依赖表: ['oms_order', 'oms_order_item', 'fms_financial_transaction', 'lms_shipment']
INFO:app.services.data_generator:开始为依赖表 oms_order 生成数据
INFO:app.core.database:批量执行SQL，查询: INSERT INTO oms_order (order_id, order_channel, customer_code, order_amount, discount_amount, pay_amount, order_status, province, city, district, detail_address, order_time) VALUES ($1, $2, $3, $4, $5, $6, $7, $8, $9, $10, $11, $12), 值数量: 1
INFO:app.core.database:连接数据库: 172.16.10.196:5432/db_house
INFO:app.core.database:批量执行SQL完成
INFO:app.services.data_generator:表 oms_order 已插入剩余 1 条记录并缓存主键值
INFO:app.services.data_generator:依赖表 oms_order 生成完成，记录数: 1
INFO:app.services.data_generator:开始为依赖表 oms_order_item 生成数据
INFO:app.core.database:批量执行SQL，查询: INSERT INTO oms_order_item (id, order_id, product_sku, product_name, quantity, price) VALUES ($1, $2, $3, $4, $5, $6), 值数量: 1
INFO:app.core.database:连接数据库: 172.16.10.196:5432/db_house
INFO:app.core.database:批量执行SQL完成
INFO:app.services.data_generator:表 oms_order_item 已插入剩余 1 条记录并缓存主键值
INFO:app.services.data_generator:依赖表 oms_order_item 生成完成，记录数: 1
INFO:app.services.data_generator:开始为依赖表 fms_financial_transaction 生成数据
INFO:app.core.database:批量执行SQL，查询: INSERT INTO fms_financial_transaction (transaction_id, order_id, payment_method, transaction_type, transaction_amount, transaction_status, transaction_time) VALUES ($1, $2, $3, $4, $5, $6, $7), 值数量: 1
INFO:app.core.database:连接数据库: 172.16.10.196:5432/db_house
INFO:app.core.database:批量执行SQL完成
INFO:app.services.data_generator:表 fms_financial_transaction 已插入剩余 1 条记录并缓存主键值
INFO:app.services.data_generator:依赖表 fms_financial_transaction 生成完成，记录数: 1
INFO:app.services.data_generator:开始为依赖表 lms_shipment 生成数据
INFO:app.core.database:批量执行SQL，查询: INSERT INTO lms_shipment (shipment_id, order_id, carrier, sender_address, receiver_info, current_status, shipping_time, estimated_delivery, actual_delivery) VALUES ($1, $2, $3, $4, $5, $6, $7, $8, $9), 值数量: 1
INFO:app.core.database:连接数据库: 172.16.10.196:5432/db_house
INFO:app.core.database:批量执行SQL完成
INFO:app.services.data_generator:表 lms_shipment 已插入剩余 1 条记录并缓存主键值
INFO:app.services.data_generator:依赖表 lms_shipment 生成完成，记录数: 1
INFO:app.services.data_generator:数据生成完成，总记录数: 7
INFO:app.services.data_generator:退出 generate_data_for_tables 方法
INFO:app.services.data_generator:开始 generate_data_for_tables 方法
INFO:app.services.data_generator:独立表（阶段1）: ['crawler_competitor_price', 'crm_customer', 'ext_market_trend']
INFO:app.services.data_generator:依赖表（阶段2）: ['oms_order', 'lms_shipment', 'fms_financial_transaction', 'oms_order_item']
INFO:app.services.data_generator:初始化数据库计数器
INFO:app.core.database:执行查询: SELECT MAX(id) FROM crawler_competitor_price, 参数: ()
INFO:app.core.database:连接数据库: 172.16.10.196:5432/db_house
INFO:app.core.database:查询执行成功
INFO:app.core.database:执行查询: SELECT MAX(id) FROM ext_market_trend, 参数: ()
INFO:app.core.database:连接数据库: 172.16.10.196:5432/db_house
INFO:app.core.database:查询执行成功
INFO:app.core.database:执行查询: SELECT MAX(id) FROM oms_order_item, 参数: ()
INFO:app.core.database:连接数据库: 172.16.10.196:5432/db_house
INFO:app.core.database:查询执行成功
INFO:app.services.data_generator:计数器初始化完成: {'crawler_competitor_price_id': 360972, 'ext_market_trend_id': 360972, 'oms_order_item_id': 361063}
INFO:app.services.data_generator:开始处理日期: 2025-10-21
INFO:app.services.data_generator:当天计划生成记录数: 1
INFO:app.services.data_generator:已清空外键缓存
INFO:app.services.data_generator:=== 阶段1：生成独立表 ===
INFO:app.services.data_generator:开始为独立表 crawler_competitor_price 生成数据
INFO:app.core.database:批量执行SQL，查询: INSERT INTO crawler_competitor_price (id, crawl_time, platform, competitor_name, product_name, product_sku, price, promotion_info, is_in_stock) VALUES ($1, $2, $3, $4, $5, $6, $7, $8, $9), 值数量: 1
INFO:app.core.database:连接数据库: 172.16.10.196:5432/db_house
INFO:app.core.database:批量执行SQL完成
INFO:app.services.data_generator:表 crawler_competitor_price 已插入剩余 1 条记录并缓存主键值
INFO:app.services.data_generator:独立表 crawler_competitor_price 生成完成，记录数: 1
INFO:app.services.data_generator:开始为独立表 crm_customer 生成数据
INFO:app.core.database:批量执行SQL，查询: INSERT INTO crm_customer (customer_id, name, gender, phone, email, birthday, address, create_time, update_time, is_deleted) VALUES ($1, $2, $3, $4, $5, $6, $7, $8, $9, $10), 值数量: 1
INFO:app.core.database:连接数据库: 172.16.10.196:5432/db_house
INFO:app.core.database:批量执行SQL完成
INFO:app.services.data_generator:表 crm_customer 已插入剩余 1 条记录并缓存主键值
INFO:app.services.data_generator:独立表 crm_customer 生成完成，记录数: 1
INFO:app.services.data_generator:开始为独立表 ext_market_trend 生成数据
INFO:app.core.database:批量执行SQL，查询: INSERT INTO ext_market_trend (id, period, region, category, market_size, growth_rate, data_source) VALUES ($1, $2, $3, $4, $5, $6, $7), 值数量: 1
INFO:app.core.database:连接数据库: 172.16.10.196:5432/db_house
INFO:app.core.database:批量执行SQL完成
INFO:app.services.data_generator:表 ext_market_trend 已插入剩余 1 条记录并缓存主键值
INFO:app.services.data_generator:独立表 ext_market_trend 生成完成，记录数: 1
INFO:app.services.data_generator:=== 阶段2：生成依赖表 ===
INFO:app.services.data_generator:表依赖排序结果: ['oms_order', 'oms_order_item', 'fms_financial_transaction', 'lms_shipment']
INFO:app.services.data_generator:排序后的依赖表: ['oms_order', 'oms_order_item', 'fms_financial_transaction', 'lms_shipment']
INFO:app.services.data_generator:开始为依赖表 oms_order 生成数据
INFO:app.core.database:批量执行SQL，查询: INSERT INTO oms_order (order_id, order_channel, customer_code, order_amount, discount_amount, pay_amount, order_status, province, city, district, detail_address, order_time) VALUES ($1, $2, $3, $4, $5, $6, $7, $8, $9, $10, $11, $12), 值数量: 1
INFO:app.core.database:连接数据库: 172.16.10.196:5432/db_house
INFO:app.core.database:批量执行SQL完成
INFO:app.services.data_generator:表 oms_order 已插入剩余 1 条记录并缓存主键值
INFO:app.services.data_generator:依赖表 oms_order 生成完成，记录数: 1
INFO:app.services.data_generator:开始为依赖表 oms_order_item 生成数据
INFO:app.core.database:批量执行SQL，查询: INSERT INTO oms_order_item (id, order_id, product_sku, product_name, quantity, price) VALUES ($1, $2, $3, $4, $5, $6), 值数量: 1
INFO:app.core.database:连接数据库: 172.16.10.196:5432/db_house
INFO:app.core.database:批量执行SQL完成
INFO:app.services.data_generator:表 oms_order_item 已插入剩余 1 条记录并缓存主键值
INFO:app.services.data_generator:依赖表 oms_order_item 生成完成，记录数: 1
INFO:app.services.data_generator:开始为依赖表 fms_financial_transaction 生成数据
INFO:app.core.database:批量执行SQL，查询: INSERT INTO fms_financial_transaction (transaction_id, order_id, payment_method, transaction_type, transaction_amount, transaction_status, transaction_time) VALUES ($1, $2, $3, $4, $5, $6, $7), 值数量: 1
INFO:app.core.database:连接数据库: 172.16.10.196:5432/db_house
INFO:app.core.database:批量执行SQL完成
INFO:app.services.data_generator:表 fms_financial_transaction 已插入剩余 1 条记录并缓存主键值
INFO:app.services.data_generator:依赖表 fms_financial_transaction 生成完成，记录数: 1
INFO:app.services.data_generator:开始为依赖表 lms_shipment 生成数据
INFO:app.core.database:批量执行SQL，查询: INSERT INTO lms_shipment (shipment_id, order_id, carrier, sender_address, receiver_info, current_status, shipping_time, estimated_delivery, actual_delivery) VALUES ($1, $2, $3, $4, $5, $6, $7, $8, $9), 值数量: 1
INFO:app.core.database:连接数据库: 172.16.10.196:5432/db_house
INFO:app.core.database:批量执行SQL完成
INFO:app.services.data_generator:表 lms_shipment 已插入剩余 1 条记录并缓存主键值
INFO:app.services.data_generator:依赖表 lms_shipment 生成完成，记录数: 1
INFO:app.services.data_generator:数据生成完成，总记录数: 7
INFO:app.services.data_generator:退出 generate_data_for_tables 方法
INFO:app.services.data_generator:开始 generate_data_for_tables 方法
INFO:app.services.data_generator:独立表（阶段1）: ['crawler_competitor_price', 'crm_customer', 'ext_market_trend']
INFO:app.services.data_generator:依赖表（阶段2）: ['oms_order', 'lms_shipment', 'fms_financial_transaction', 'oms_order_item']
INFO:app.services.data_generator:初始化数据库计数器
INFO:app.core.database:执行查询: SELECT MAX(id) FROM crawler_competitor_price, 参数: ()
INFO:app.core.database:连接数据库: 172.16.10.196:5432/db_house
INFO:app.core.database:查询执行成功
INFO:app.core.database:执行查询: SELECT MAX(id) FROM ext_market_trend, 参数: ()
INFO:app.core.database:连接数据库: 172.16.10.196:5432/db_house
INFO:app.core.database:查询执行成功
INFO:app.core.database:执行查询: SELECT MAX(id) FROM oms_order_item, 参数: ()
INFO:app.core.database:连接数据库: 172.16.10.196:5432/db_house
INFO:app.core.database:查询执行成功
INFO:app.services.data_generator:计数器初始化完成: {'crawler_competitor_price_id': 360973, 'ext_market_trend_id': 360973, 'oms_order_item_id': 361064}
INFO:app.services.data_generator:开始处理日期: 2025-10-21
INFO:app.services.data_generator:当天计划生成记录数: 1
INFO:app.services.data_generator:已清空外键缓存
INFO:app.services.data_generator:=== 阶段1：生成独立表 ===
INFO:app.services.data_generator:开始为独立表 crawler_competitor_price 生成数据
INFO:app.core.database:批量执行SQL，查询: INSERT INTO crawler_competitor_price (id, crawl_time, platform, competitor_name, product_name, product_sku, price, promotion_info, is_in_stock) VALUES ($1, $2, $3, $4, $5, $6, $7, $8, $9), 值数量: 1
INFO:app.core.database:连接数据库: 172.16.10.196:5432/db_house
INFO:app.core.database:批量执行SQL完成
INFO:app.services.data_generator:表 crawler_competitor_price 已插入剩余 1 条记录并缓存主键值
INFO:app.services.data_generator:独立表 crawler_competitor_price 生成完成，记录数: 1
INFO:app.services.data_generator:开始为独立表 crm_customer 生成数据
INFO:app.core.database:批量执行SQL，查询: INSERT INTO crm_customer (customer_id, name, gender, phone, email, birthday, address, create_time, update_time, is_deleted) VALUES ($1, $2, $3, $4, $5, $6, $7, $8, $9, $10), 值数量: 1
INFO:app.core.database:连接数据库: 172.16.10.196:5432/db_house
INFO:app.core.database:批量执行SQL完成
INFO:app.services.data_generator:表 crm_customer 已插入剩余 1 条记录并缓存主键值
INFO:app.services.data_generator:独立表 crm_customer 生成完成，记录数: 1
INFO:app.services.data_generator:开始为独立表 ext_market_trend 生成数据
INFO:app.core.database:批量执行SQL，查询: INSERT INTO ext_market_trend (id, period, region, category, market_size, growth_rate, data_source) VALUES ($1, $2, $3, $4, $5, $6, $7), 值数量: 1
INFO:app.core.database:连接数据库: 172.16.10.196:5432/db_house
INFO:app.core.database:批量执行SQL完成
INFO:app.services.data_generator:表 ext_market_trend 已插入剩余 1 条记录并缓存主键值
INFO:app.services.data_generator:独立表 ext_market_trend 生成完成，记录数: 1
INFO:app.services.data_generator:=== 阶段2：生成依赖表 ===
INFO:app.services.data_generator:表依赖排序结果: ['oms_order', 'oms_order_item', 'fms_financial_transaction', 'lms_shipment']
INFO:app.services.data_generator:排序后的依赖表: ['oms_order', 'oms_order_item', 'fms_financial_transaction', 'lms_shipment']
INFO:app.services.data_generator:开始为依赖表 oms_order 生成数据
INFO:app.core.database:批量执行SQL，查询: INSERT INTO oms_order (order_id, order_channel, customer_code, order_amount, discount_amount, pay_amount, order_status, province, city, district, detail_address, order_time) VALUES ($1, $2, $3, $4, $5, $6, $7, $8, $9, $10, $11, $12), 值数量: 1
INFO:app.core.database:连接数据库: 172.16.10.196:5432/db_house
INFO:app.core.database:批量执行SQL完成
INFO:app.services.data_generator:表 oms_order 已插入剩余 1 条记录并缓存主键值
INFO:app.services.data_generator:依赖表 oms_order 生成完成，记录数: 1
INFO:app.services.data_generator:开始为依赖表 oms_order_item 生成数据
INFO:app.core.database:批量执行SQL，查询: INSERT INTO oms_order_item (id, order_id, product_sku, product_name, quantity, price) VALUES ($1, $2, $3, $4, $5, $6), 值数量: 1
INFO:app.core.database:连接数据库: 172.16.10.196:5432/db_house
INFO:app.core.database:批量执行SQL完成
INFO:app.services.data_generator:表 oms_order_item 已插入剩余 1 条记录并缓存主键值
INFO:app.services.data_generator:依赖表 oms_order_item 生成完成，记录数: 1
INFO:app.services.data_generator:开始为依赖表 fms_financial_transaction 生成数据
INFO:app.core.database:批量执行SQL，查询: INSERT INTO fms_financial_transaction (transaction_id, order_id, payment_method, transaction_type, transaction_amount, transaction_status, transaction_time) VALUES ($1, $2, $3, $4, $5, $6, $7), 值数量: 1
INFO:app.core.database:连接数据库: 172.16.10.196:5432/db_house
INFO:app.core.database:批量执行SQL完成
INFO:app.services.data_generator:表 fms_financial_transaction 已插入剩余 1 条记录并缓存主键值
INFO:app.services.data_generator:依赖表 fms_financial_transaction 生成完成，记录数: 1
INFO:app.services.data_generator:开始为依赖表 lms_shipment 生成数据
INFO:app.core.database:批量执行SQL，查询: INSERT INTO lms_shipment (shipment_id, order_id, carrier, sender_address, receiver_info, current_status, shipping_time, estimated_delivery, actual_delivery) VALUES ($1, $2, $3, $4, $5, $6, $7, $8, $9), 值数量: 1
INFO:app.core.database:连接数据库: 172.16.10.196:5432/db_house
INFO:app.core.database:批量执行SQL完成
INFO:app.services.data_generator:表 lms_shipment 已插入剩余 1 条记录并缓存主键值
INFO:app.services.data_generator:依赖表 lms_shipment 生成完成，记录数: 1
INFO:app.services.data_generator:数据生成完成，总记录数: 7
INFO:app.services.data_generator:退出 generate_data_for_tables 方法
INFO:app.services.data_generator:开始 generate_data_for_tables 方法
INFO:app.services.data_generator:独立表（阶段1）: ['crawler_competitor_price', 'crm_customer', 'ext_market_trend']
INFO:app.services.data_generator:依赖表（阶段2）: ['oms_order', 'lms_shipment', 'fms_financial_transaction', 'oms_order_item']
INFO:app.services.data_generator:初始化数据库计数器
INFO:app.core.database:执行查询: SELECT MAX(id) FROM crawler_competitor_price, 参数: ()
INFO:app.core.database:连接数据库: 172.16.10.196:5432/db_house
INFO:app.core.database:查询执行成功
INFO:app.core.database:执行查询: SELECT MAX(id) FROM ext_market_trend, 参数: ()
INFO:app.core.database:连接数据库: 172.16.10.196:5432/db_house
INFO:app.core.database:查询执行成功
INFO:app.core.database:执行查询: SELECT MAX(id) FROM oms_order_item, 参数: ()
INFO:app.core.database:连接数据库: 172.16.10.196:5432/db_house
INFO:app.core.database:查询执行成功
INFO:app.services.data_generator:计数器初始化完成: {'crawler_competitor_price_id': 360974, 'ext_market_trend_id': 360974, 'oms_order_item_id': 361065}
INFO:app.services.data_generator:开始处理日期: 2025-10-21
INFO:app.services.data_generator:当天计划生成记录数: 1
INFO:app.services.data_generator:已清空外键缓存
INFO:app.services.data_generator:=== 阶段1：生成独立表 ===
INFO:app.services.data_generator:开始为独立表 crawler_competitor_price 生成数据
INFO:app.core.database:批量执行SQL，查询: INSERT INTO crawler_competitor_price (id, crawl_time, platform, competitor_name, product_name, product_sku, price, promotion_info, is_in_stock) VALUES ($1, $2, $3, $4, $5, $6, $7, $8, $9), 值数量: 1
INFO:app.core.database:连接数据库: 172.16.10.196:5432/db_house
INFO:app.core.database:批量执行SQL完成
INFO:app.services.data_generator:表 crawler_competitor_price 已插入剩余 1 条记录并缓存主键值
INFO:app.services.data_generator:独立表 crawler_competitor_price 生成完成，记录数: 1
INFO:app.services.data_generator:开始为独立表 crm_customer 生成数据
INFO:app.core.database:批量执行SQL，查询: INSERT INTO crm_customer (customer_id, name, gender, phone, email, birthday, address, create_time, update_time, is_deleted) VALUES ($1, $2, $3, $4, $5, $6, $7, $8, $9, $10), 值数量: 1
INFO:app.core.database:连接数据库: 172.16.10.196:5432/db_house
INFO:app.core.database:批量执行SQL完成
INFO:app.services.data_generator:表 crm_customer 已插入剩余 1 条记录并缓存主键值
INFO:app.services.data_generator:独立表 crm_customer 生成完成，记录数: 1
INFO:app.services.data_generator:开始为独立表 ext_market_trend 生成数据
INFO:app.core.database:批量执行SQL，查询: INSERT INTO ext_market_trend (id, period, region, category, market_size, growth_rate, data_source) VALUES ($1, $2, $3, $4, $5, $6, $7), 值数量: 1
INFO:app.core.database:连接数据库: 172.16.10.196:5432/db_house
INFO:app.core.database:批量执行SQL完成
INFO:app.services.data_generator:表 ext_market_trend 已插入剩余 1 条记录并缓存主键值
INFO:app.services.data_generator:独立表 ext_market_trend 生成完成，记录数: 1
INFO:app.services.data_generator:=== 阶段2：生成依赖表 ===
INFO:app.services.data_generator:表依赖排序结果: ['oms_order', 'oms_order_item', 'fms_financial_transaction', 'lms_shipment']
INFO:app.services.data_generator:排序后的依赖表: ['oms_order', 'oms_order_item', 'fms_financial_transaction', 'lms_shipment']
INFO:app.services.data_generator:开始为依赖表 oms_order 生成数据
INFO:app.core.database:批量执行SQL，查询: INSERT INTO oms_order (order_id, order_channel, customer_code, order_amount, discount_amount, pay_amount, order_status, province, city, district, detail_address, order_time) VALUES ($1, $2, $3, $4, $5, $6, $7, $8, $9, $10, $11, $12), 值数量: 1
INFO:app.core.database:连接数据库: 172.16.10.196:5432/db_house
INFO:app.core.database:批量执行SQL完成
INFO:app.services.data_generator:表 oms_order 已插入剩余 1 条记录并缓存主键值
INFO:app.services.data_generator:依赖表 oms_order 生成完成，记录数: 1
INFO:app.services.data_generator:开始为依赖表 oms_order_item 生成数据
INFO:app.core.database:批量执行SQL，查询: INSERT INTO oms_order_item (id, order_id, product_sku, product_name, quantity, price) VALUES ($1, $2, $3, $4, $5, $6), 值数量: 1
INFO:app.core.database:连接数据库: 172.16.10.196:5432/db_house
INFO:app.core.database:批量执行SQL完成
INFO:app.services.data_generator:表 oms_order_item 已插入剩余 1 条记录并缓存主键值
INFO:app.services.data_generator:依赖表 oms_order_item 生成完成，记录数: 1
INFO:app.services.data_generator:开始为依赖表 fms_financial_transaction 生成数据
INFO:app.core.database:批量执行SQL，查询: INSERT INTO fms_financial_transaction (transaction_id, order_id, payment_method, transaction_type, transaction_amount, transaction_status, transaction_time) VALUES ($1, $2, $3, $4, $5, $6, $7), 值数量: 1
INFO:app.core.database:连接数据库: 172.16.10.196:5432/db_house
INFO:app.core.database:批量执行SQL完成
INFO:app.services.data_generator:表 fms_financial_transaction 已插入剩余 1 条记录并缓存主键值
INFO:app.services.data_generator:依赖表 fms_financial_transaction 生成完成，记录数: 1
INFO:app.services.data_generator:开始为依赖表 lms_shipment 生成数据
INFO:app.core.database:批量执行SQL，查询: INSERT INTO lms_shipment (shipment_id, order_id, carrier, sender_address, receiver_info, current_status, shipping_time, estimated_delivery, actual_delivery) VALUES ($1, $2, $3, $4, $5, $6, $7, $8, $9), 值数量: 1
INFO:app.core.database:连接数据库: 172.16.10.196:5432/db_house
INFO:app.core.database:批量执行SQL完成
INFO:app.services.data_generator:表 lms_shipment 已插入剩余 1 条记录并缓存主键值
INFO:app.services.data_generator:依赖表 lms_shipment 生成完成，记录数: 1
INFO:app.services.data_generator:数据生成完成，总记录数: 7
INFO:app.services.data_generator:退出 generate_data_for_tables 方法
INFO:app.services.data_generator:开始 generate_data_for_tables 方法
INFO:app.services.data_generator:独立表（阶段1）: ['crawler_competitor_price', 'crm_customer', 'ext_market_trend']
INFO:app.services.data_generator:依赖表（阶段2）: ['oms_order', 'lms_shipment', 'fms_financial_transaction', 'oms_order_item']
INFO:app.services.data_generator:初始化数据库计数器
INFO:app.core.database:执行查询: SELECT MAX(id) FROM crawler_competitor_price, 参数: ()
INFO:app.core.database:连接数据库: 172.16.10.196:5432/db_house
INFO:app.core.database:查询执行成功
INFO:app.core.database:执行查询: SELECT MAX(id) FROM ext_market_trend, 参数: ()
INFO:app.core.database:连接数据库: 172.16.10.196:5432/db_house
INFO:app.core.database:查询执行成功
INFO:app.core.database:执行查询: SELECT MAX(id) FROM oms_order_item, 参数: ()
INFO:app.core.database:连接数据库: 172.16.10.196:5432/db_house
INFO:app.core.database:查询执行成功
INFO:app.services.data_generator:计数器初始化完成: {'crawler_competitor_price_id': 360975, 'ext_market_trend_id': 360975, 'oms_order_item_id': 361066}
INFO:app.services.data_generator:开始处理日期: 2025-10-21
INFO:app.services.data_generator:当天计划生成记录数: 1
INFO:app.services.data_generator:已清空外键缓存
INFO:app.services.data_generator:=== 阶段1：生成独立表 ===
INFO:app.services.data_generator:开始为独立表 crawler_competitor_price 生成数据
INFO:app.core.database:批量执行SQL，查询: INSERT INTO crawler_competitor_price (id, crawl_time, platform, competitor_name, product_name, product_sku, price, promotion_info, is_in_stock) VALUES ($1, $2, $3, $4, $5, $6, $7, $8, $9), 值数量: 1
INFO:app.core.database:连接数据库: 172.16.10.196:5432/db_house
INFO:app.core.database:批量执行SQL完成
INFO:app.services.data_generator:表 crawler_competitor_price 已插入剩余 1 条记录并缓存主键值
INFO:app.services.data_generator:独立表 crawler_competitor_price 生成完成，记录数: 1
INFO:app.services.data_generator:开始为独立表 crm_customer 生成数据
INFO:app.core.database:批量执行SQL，查询: INSERT INTO crm_customer (customer_id, name, gender, phone, email, birthday, address, create_time, update_time, is_deleted) VALUES ($1, $2, $3, $4, $5, $6, $7, $8, $9, $10), 值数量: 1
INFO:app.core.database:连接数据库: 172.16.10.196:5432/db_house
INFO:app.core.database:批量执行SQL完成
INFO:app.services.data_generator:表 crm_customer 已插入剩余 1 条记录并缓存主键值
INFO:app.services.data_generator:独立表 crm_customer 生成完成，记录数: 1
INFO:app.services.data_generator:开始为独立表 ext_market_trend 生成数据
INFO:app.core.database:批量执行SQL，查询: INSERT INTO ext_market_trend (id, period, region, category, market_size, growth_rate, data_source) VALUES ($1, $2, $3, $4, $5, $6, $7), 值数量: 1
INFO:app.core.database:连接数据库: 172.16.10.196:5432/db_house
INFO:app.core.database:批量执行SQL完成
INFO:app.services.data_generator:表 ext_market_trend 已插入剩余 1 条记录并缓存主键值
INFO:app.services.data_generator:独立表 ext_market_trend 生成完成，记录数: 1
INFO:app.services.data_generator:=== 阶段2：生成依赖表 ===
INFO:app.services.data_generator:表依赖排序结果: ['oms_order', 'oms_order_item', 'fms_financial_transaction', 'lms_shipment']
INFO:app.services.data_generator:排序后的依赖表: ['oms_order', 'oms_order_item', 'fms_financial_transaction', 'lms_shipment']
INFO:app.services.data_generator:开始为依赖表 oms_order 生成数据
INFO:app.core.database:批量执行SQL，查询: INSERT INTO oms_order (order_id, order_channel, customer_code, order_amount, discount_amount, pay_amount, order_status, province, city, district, detail_address, order_time) VALUES ($1, $2, $3, $4, $5, $6, $7, $8, $9, $10, $11, $12), 值数量: 1
INFO:app.core.database:连接数据库: 172.16.10.196:5432/db_house
INFO:app.core.database:批量执行SQL完成
INFO:app.services.data_generator:表 oms_order 已插入剩余 1 条记录并缓存主键值
INFO:app.services.data_generator:依赖表 oms_order 生成完成，记录数: 1
INFO:app.services.data_generator:开始为依赖表 oms_order_item 生成数据
INFO:app.core.database:批量执行SQL，查询: INSERT INTO oms_order_item (id, order_id, product_sku, product_name, quantity, price) VALUES ($1, $2, $3, $4, $5, $6), 值数量: 1
INFO:app.core.database:连接数据库: 172.16.10.196:5432/db_house
INFO:app.core.database:批量执行SQL完成
INFO:app.services.data_generator:表 oms_order_item 已插入剩余 1 条记录并缓存主键值
INFO:app.services.data_generator:依赖表 oms_order_item 生成完成，记录数: 1
INFO:app.services.data_generator:开始为依赖表 fms_financial_transaction 生成数据
INFO:app.core.database:批量执行SQL，查询: INSERT INTO fms_financial_transaction (transaction_id, order_id, payment_method, transaction_type, transaction_amount, transaction_status, transaction_time) VALUES ($1, $2, $3, $4, $5, $6, $7), 值数量: 1
INFO:app.core.database:连接数据库: 172.16.10.196:5432/db_house
INFO:app.core.database:批量执行SQL完成
INFO:app.services.data_generator:表 fms_financial_transaction 已插入剩余 1 条记录并缓存主键值
INFO:app.services.data_generator:依赖表 fms_financial_transaction 生成完成，记录数: 1
INFO:app.services.data_generator:开始为依赖表 lms_shipment 生成数据
INFO:app.core.database:批量执行SQL，查询: INSERT INTO lms_shipment (shipment_id, order_id, carrier, sender_address, receiver_info, current_status, shipping_time, estimated_delivery, actual_delivery) VALUES ($1, $2, $3, $4, $5, $6, $7, $8, $9), 值数量: 1
INFO:app.core.database:连接数据库: 172.16.10.196:5432/db_house
INFO:app.core.database:批量执行SQL完成
INFO:app.services.data_generator:表 lms_shipment 已插入剩余 1 条记录并缓存主键值
INFO:app.services.data_generator:依赖表 lms_shipment 生成完成，记录数: 1
INFO:app.services.data_generator:数据生成完成，总记录数: 7
INFO:app.services.data_generator:退出 generate_data_for_tables 方法
INFO:app.services.data_generator:开始 generate_data_for_tables 方法
INFO:app.services.data_generator:独立表（阶段1）: ['crawler_competitor_price', 'crm_customer', 'ext_market_trend']
INFO:app.services.data_generator:依赖表（阶段2）: ['oms_order', 'lms_shipment', 'fms_financial_transaction', 'oms_order_item']
INFO:app.services.data_generator:初始化数据库计数器
INFO:app.core.database:执行查询: SELECT MAX(id) FROM crawler_competitor_price, 参数: ()
INFO:app.core.database:连接数据库: 172.16.10.196:5432/db_house
INFO:app.core.database:查询执行成功
INFO:app.core.database:执行查询: SELECT MAX(id) FROM ext_market_trend, 参数: ()
INFO:app.core.database:连接数据库: 172.16.10.196:5432/db_house
INFO:app.core.database:查询执行成功
INFO:app.core.database:执行查询: SELECT MAX(id) FROM oms_order_item, 参数: ()
INFO:app.core.database:连接数据库: 172.16.10.196:5432/db_house
INFO:app.core.database:查询执行成功
INFO:app.services.data_generator:计数器初始化完成: {'crawler_competitor_price_id': 360976, 'ext_market_trend_id': 360976, 'oms_order_item_id': 361067}
INFO:app.services.data_generator:开始处理日期: 2025-10-21
INFO:app.services.data_generator:当天计划生成记录数: 1
INFO:app.services.data_generator:已清空外键缓存
INFO:app.services.data_generator:=== 阶段1：生成独立表 ===
INFO:app.services.data_generator:开始为独立表 crawler_competitor_price 生成数据
INFO:app.core.database:批量执行SQL，查询: INSERT INTO crawler_competitor_price (id, crawl_time, platform, competitor_name, product_name, product_sku, price, promotion_info, is_in_stock) VALUES ($1, $2, $3, $4, $5, $6, $7, $8, $9), 值数量: 1
INFO:app.core.database:连接数据库: 172.16.10.196:5432/db_house
INFO:app.core.database:批量执行SQL完成
INFO:app.services.data_generator:表 crawler_competitor_price 已插入剩余 1 条记录并缓存主键值
INFO:app.services.data_generator:独立表 crawler_competitor_price 生成完成，记录数: 1
INFO:app.services.data_generator:开始为独立表 crm_customer 生成数据
INFO:app.core.database:批量执行SQL，查询: INSERT INTO crm_customer (customer_id, name, gender, phone, email, birthday, address, create_time, update_time, is_deleted) VALUES ($1, $2, $3, $4, $5, $6, $7, $8, $9, $10), 值数量: 1
INFO:app.core.database:连接数据库: 172.16.10.196:5432/db_house
INFO:app.core.database:批量执行SQL完成
INFO:app.services.data_generator:表 crm_customer 已插入剩余 1 条记录并缓存主键值
INFO:app.services.data_generator:独立表 crm_customer 生成完成，记录数: 1
INFO:app.services.data_generator:开始为独立表 ext_market_trend 生成数据
INFO:app.core.database:批量执行SQL，查询: INSERT INTO ext_market_trend (id, period, region, category, market_size, growth_rate, data_source) VALUES ($1, $2, $3, $4, $5, $6, $7), 值数量: 1
INFO:app.core.database:连接数据库: 172.16.10.196:5432/db_house
INFO:app.core.database:批量执行SQL完成
INFO:app.services.data_generator:表 ext_market_trend 已插入剩余 1 条记录并缓存主键值
INFO:app.services.data_generator:独立表 ext_market_trend 生成完成，记录数: 1
INFO:app.services.data_generator:=== 阶段2：生成依赖表 ===
INFO:app.services.data_generator:表依赖排序结果: ['oms_order', 'oms_order_item', 'fms_financial_transaction', 'lms_shipment']
INFO:app.services.data_generator:排序后的依赖表: ['oms_order', 'oms_order_item', 'fms_financial_transaction', 'lms_shipment']
INFO:app.services.data_generator:开始为依赖表 oms_order 生成数据
INFO:app.core.database:批量执行SQL，查询: INSERT INTO oms_order (order_id, order_channel, customer_code, order_amount, discount_amount, pay_amount, order_status, province, city, district, detail_address, order_time) VALUES ($1, $2, $3, $4, $5, $6, $7, $8, $9, $10, $11, $12), 值数量: 1
INFO:app.core.database:连接数据库: 172.16.10.196:5432/db_house
INFO:app.core.database:批量执行SQL完成
INFO:app.services.data_generator:表 oms_order 已插入剩余 1 条记录并缓存主键值
INFO:app.services.data_generator:依赖表 oms_order 生成完成，记录数: 1
INFO:app.services.data_generator:开始为依赖表 oms_order_item 生成数据
INFO:app.core.database:批量执行SQL，查询: INSERT INTO oms_order_item (id, order_id, product_sku, product_name, quantity, price) VALUES ($1, $2, $3, $4, $5, $6), 值数量: 1
INFO:app.core.database:连接数据库: 172.16.10.196:5432/db_house
INFO:app.core.database:批量执行SQL完成
INFO:app.services.data_generator:表 oms_order_item 已插入剩余 1 条记录并缓存主键值
INFO:app.services.data_generator:依赖表 oms_order_item 生成完成，记录数: 1
INFO:app.services.data_generator:开始为依赖表 fms_financial_transaction 生成数据
INFO:app.core.database:批量执行SQL，查询: INSERT INTO fms_financial_transaction (transaction_id, order_id, payment_method, transaction_type, transaction_amount, transaction_status, transaction_time) VALUES ($1, $2, $3, $4, $5, $6, $7), 值数量: 1
INFO:app.core.database:连接数据库: 172.16.10.196:5432/db_house
INFO:app.core.database:批量执行SQL完成
INFO:app.services.data_generator:表 fms_financial_transaction 已插入剩余 1 条记录并缓存主键值
INFO:app.services.data_generator:依赖表 fms_financial_transaction 生成完成，记录数: 1
INFO:app.services.data_generator:开始为依赖表 lms_shipment 生成数据
INFO:app.core.database:批量执行SQL，查询: INSERT INTO lms_shipment (shipment_id, order_id, carrier, sender_address, receiver_info, current_status, shipping_time, estimated_delivery, actual_delivery) VALUES ($1, $2, $3, $4, $5, $6, $7, $8, $9), 值数量: 1
INFO:app.core.database:连接数据库: 172.16.10.196:5432/db_house
INFO:app.core.database:批量执行SQL完成
INFO:app.services.data_generator:表 lms_shipment 已插入剩余 1 条记录并缓存主键值
INFO:app.services.data_generator:依赖表 lms_shipment 生成完成，记录数: 1
INFO:app.services.data_generator:数据生成完成，总记录数: 7
INFO:app.services.data_generator:退出 generate_data_for_tables 方法
INFO:app.services.data_generator:开始 generate_data_for_tables 方法
INFO:app.services.data_generator:独立表（阶段1）: ['crawler_competitor_price', 'crm_customer', 'ext_market_trend']
INFO:app.services.data_generator:依赖表（阶段2）: ['oms_order', 'lms_shipment', 'fms_financial_transaction', 'oms_order_item']
INFO:app.services.data_generator:初始化数据库计数器
INFO:app.core.database:执行查询: SELECT MAX(id) FROM crawler_competitor_price, 参数: ()
INFO:app.core.database:连接数据库: 172.16.10.196:5432/db_house
INFO:app.core.database:查询执行成功
INFO:app.core.database:执行查询: SELECT MAX(id) FROM ext_market_trend, 参数: ()
INFO:app.core.database:连接数据库: 172.16.10.196:5432/db_house
INFO:app.core.database:查询执行成功
INFO:app.core.database:执行查询: SELECT MAX(id) FROM oms_order_item, 参数: ()
INFO:app.core.database:连接数据库: 172.16.10.196:5432/db_house
INFO:app.core.database:查询执行成功
INFO:app.services.data_generator:计数器初始化完成: {'crawler_competitor_price_id': 360977, 'ext_market_trend_id': 360977, 'oms_order_item_id': 361068}
INFO:app.services.data_generator:开始处理日期: 2025-10-21
INFO:app.services.data_generator:当天计划生成记录数: 1
INFO:app.services.data_generator:已清空外键缓存
INFO:app.services.data_generator:=== 阶段1：生成独立表 ===
INFO:app.services.data_generator:开始为独立表 crawler_competitor_price 生成数据
INFO:app.core.database:批量执行SQL，查询: INSERT INTO crawler_competitor_price (id, crawl_time, platform, competitor_name, product_name, product_sku, price, promotion_info, is_in_stock) VALUES ($1, $2, $3, $4, $5, $6, $7, $8, $9), 值数量: 1
INFO:app.core.database:连接数据库: 172.16.10.196:5432/db_house
INFO:app.core.database:批量执行SQL完成
INFO:app.services.data_generator:表 crawler_competitor_price 已插入剩余 1 条记录并缓存主键值
INFO:app.services.data_generator:独立表 crawler_competitor_price 生成完成，记录数: 1
INFO:app.services.data_generator:开始为独立表 crm_customer 生成数据
INFO:app.core.database:批量执行SQL，查询: INSERT INTO crm_customer (customer_id, name, gender, phone, email, birthday, address, create_time, update_time, is_deleted) VALUES ($1, $2, $3, $4, $5, $6, $7, $8, $9, $10), 值数量: 1
INFO:app.core.database:连接数据库: 172.16.10.196:5432/db_house
INFO:app.core.database:批量执行SQL完成
INFO:app.services.data_generator:表 crm_customer 已插入剩余 1 条记录并缓存主键值
INFO:app.services.data_generator:独立表 crm_customer 生成完成，记录数: 1
INFO:app.services.data_generator:开始为独立表 ext_market_trend 生成数据
INFO:app.core.database:批量执行SQL，查询: INSERT INTO ext_market_trend (id, period, region, category, market_size, growth_rate, data_source) VALUES ($1, $2, $3, $4, $5, $6, $7), 值数量: 1
INFO:app.core.database:连接数据库: 172.16.10.196:5432/db_house
INFO:app.core.database:批量执行SQL完成
INFO:app.services.data_generator:表 ext_market_trend 已插入剩余 1 条记录并缓存主键值
INFO:app.services.data_generator:独立表 ext_market_trend 生成完成，记录数: 1
INFO:app.services.data_generator:=== 阶段2：生成依赖表 ===
INFO:app.services.data_generator:表依赖排序结果: ['oms_order', 'oms_order_item', 'fms_financial_transaction', 'lms_shipment']
INFO:app.services.data_generator:排序后的依赖表: ['oms_order', 'oms_order_item', 'fms_financial_transaction', 'lms_shipment']
INFO:app.services.data_generator:开始为依赖表 oms_order 生成数据
INFO:app.core.database:批量执行SQL，查询: INSERT INTO oms_order (order_id, order_channel, customer_code, order_amount, discount_amount, pay_amount, order_status, province, city, district, detail_address, order_time) VALUES ($1, $2, $3, $4, $5, $6, $7, $8, $9, $10, $11, $12), 值数量: 1
INFO:app.core.database:连接数据库: 172.16.10.196:5432/db_house
INFO:app.core.database:批量执行SQL完成
INFO:app.services.data_generator:表 oms_order 已插入剩余 1 条记录并缓存主键值
INFO:app.services.data_generator:依赖表 oms_order 生成完成，记录数: 1
INFO:app.services.data_generator:开始为依赖表 oms_order_item 生成数据
INFO:app.core.database:批量执行SQL，查询: INSERT INTO oms_order_item (id, order_id, product_sku, product_name, quantity, price) VALUES ($1, $2, $3, $4, $5, $6), 值数量: 1
INFO:app.core.database:连接数据库: 172.16.10.196:5432/db_house
INFO:app.core.database:批量执行SQL完成
INFO:app.services.data_generator:表 oms_order_item 已插入剩余 1 条记录并缓存主键值
INFO:app.services.data_generator:依赖表 oms_order_item 生成完成，记录数: 1
INFO:app.services.data_generator:开始为依赖表 fms_financial_transaction 生成数据
INFO:app.core.database:批量执行SQL，查询: INSERT INTO fms_financial_transaction (transaction_id, order_id, payment_method, transaction_type, transaction_amount, transaction_status, transaction_time) VALUES ($1, $2, $3, $4, $5, $6, $7), 值数量: 1
INFO:app.core.database:连接数据库: 172.16.10.196:5432/db_house
INFO:app.core.database:批量执行SQL完成
INFO:app.services.data_generator:表 fms_financial_transaction 已插入剩余 1 条记录并缓存主键值
INFO:app.services.data_generator:依赖表 fms_financial_transaction 生成完成，记录数: 1
INFO:app.services.data_generator:开始为依赖表 lms_shipment 生成数据
INFO:app.core.database:批量执行SQL，查询: INSERT INTO lms_shipment (shipment_id, order_id, carrier, sender_address, receiver_info, current_status, shipping_time, estimated_delivery, actual_delivery) VALUES ($1, $2, $3, $4, $5, $6, $7, $8, $9), 值数量: 1
INFO:app.core.database:连接数据库: 172.16.10.196:5432/db_house
INFO:app.core.database:批量执行SQL完成
INFO:app.services.data_generator:表 lms_shipment 已插入剩余 1 条记录并缓存主键值
INFO:app.services.data_generator:依赖表 lms_shipment 生成完成，记录数: 1
INFO:app.services.data_generator:数据生成完成，总记录数: 7
INFO:app.services.data_generator:退出 generate_data_for_tables 方法
INFO:app.services.data_generator:开始 generate_data_for_tables 方法
INFO:app.services.data_generator:独立表（阶段1）: ['crawler_competitor_price', 'crm_customer', 'ext_market_trend']
INFO:app.services.data_generator:依赖表（阶段2）: ['oms_order', 'lms_shipment', 'fms_financial_transaction', 'oms_order_item']
INFO:app.services.data_generator:初始化数据库计数器
INFO:app.core.database:执行查询: SELECT MAX(id) FROM crawler_competitor_price, 参数: ()
INFO:app.core.database:连接数据库: 172.16.10.196:5432/db_house
INFO:app.core.database:查询执行成功
INFO:app.core.database:执行查询: SELECT MAX(id) FROM ext_market_trend, 参数: ()
INFO:app.core.database:连接数据库: 172.16.10.196:5432/db_house
INFO:app.core.database:查询执行成功
INFO:app.core.database:执行查询: SELECT MAX(id) FROM oms_order_item, 参数: ()
INFO:app.core.database:连接数据库: 172.16.10.196:5432/db_house
INFO:app.core.database:查询执行成功
INFO:app.services.data_generator:计数器初始化完成: {'crawler_competitor_price_id': 360978, 'ext_market_trend_id': 360978, 'oms_order_item_id': 361069}
INFO:app.services.data_generator:开始处理日期: 2025-10-21
INFO:app.services.data_generator:当天计划生成记录数: 1
INFO:app.services.data_generator:已清空外键缓存
INFO:app.services.data_generator:=== 阶段1：生成独立表 ===
INFO:app.services.data_generator:开始为独立表 crawler_competitor_price 生成数据
INFO:app.core.database:批量执行SQL，查询: INSERT INTO crawler_competitor_price (id, crawl_time, platform, competitor_name, product_name, product_sku, price, promotion_info, is_in_stock) VALUES ($1, $2, $3, $4, $5, $6, $7, $8, $9), 值数量: 1
INFO:app.core.database:连接数据库: 172.16.10.196:5432/db_house
INFO:app.core.database:批量执行SQL完成
INFO:app.services.data_generator:表 crawler_competitor_price 已插入剩余 1 条记录并缓存主键值
INFO:app.services.data_generator:独立表 crawler_competitor_price 生成完成，记录数: 1
INFO:app.services.data_generator:开始为独立表 crm_customer 生成数据
INFO:app.core.database:批量执行SQL，查询: INSERT INTO crm_customer (customer_id, name, gender, phone, email, birthday, address, create_time, update_time, is_deleted) VALUES ($1, $2, $3, $4, $5, $6, $7, $8, $9, $10), 值数量: 1
INFO:app.core.database:连接数据库: 172.16.10.196:5432/db_house
INFO:app.core.database:批量执行SQL完成
INFO:app.services.data_generator:表 crm_customer 已插入剩余 1 条记录并缓存主键值
INFO:app.services.data_generator:独立表 crm_customer 生成完成，记录数: 1
INFO:app.services.data_generator:开始为独立表 ext_market_trend 生成数据
INFO:app.core.database:批量执行SQL，查询: INSERT INTO ext_market_trend (id, period, region, category, market_size, growth_rate, data_source) VALUES ($1, $2, $3, $4, $5, $6, $7), 值数量: 1
INFO:app.core.database:连接数据库: 172.16.10.196:5432/db_house
INFO:app.core.database:批量执行SQL完成
INFO:app.services.data_generator:表 ext_market_trend 已插入剩余 1 条记录并缓存主键值
INFO:app.services.data_generator:独立表 ext_market_trend 生成完成，记录数: 1
INFO:app.services.data_generator:=== 阶段2：生成依赖表 ===
INFO:app.services.data_generator:表依赖排序结果: ['oms_order', 'oms_order_item', 'fms_financial_transaction', 'lms_shipment']
INFO:app.services.data_generator:排序后的依赖表: ['oms_order', 'oms_order_item', 'fms_financial_transaction', 'lms_shipment']
INFO:app.services.data_generator:开始为依赖表 oms_order 生成数据
INFO:app.core.database:批量执行SQL，查询: INSERT INTO oms_order (order_id, order_channel, customer_code, order_amount, discount_amount, pay_amount, order_status, province, city, district, detail_address, order_time) VALUES ($1, $2, $3, $4, $5, $6, $7, $8, $9, $10, $11, $12), 值数量: 1
INFO:app.core.database:连接数据库: 172.16.10.196:5432/db_house
INFO:app.core.database:批量执行SQL完成
INFO:app.services.data_generator:表 oms_order 已插入剩余 1 条记录并缓存主键值
INFO:app.services.data_generator:依赖表 oms_order 生成完成，记录数: 1
INFO:app.services.data_generator:开始为依赖表 oms_order_item 生成数据
INFO:app.core.database:批量执行SQL，查询: INSERT INTO oms_order_item (id, order_id, product_sku, product_name, quantity, price) VALUES ($1, $2, $3, $4, $5, $6), 值数量: 1
INFO:app.core.database:连接数据库: 172.16.10.196:5432/db_house
INFO:app.core.database:批量执行SQL完成
INFO:app.services.data_generator:表 oms_order_item 已插入剩余 1 条记录并缓存主键值
INFO:app.services.data_generator:依赖表 oms_order_item 生成完成，记录数: 1
INFO:app.services.data_generator:开始为依赖表 fms_financial_transaction 生成数据
INFO:app.core.database:批量执行SQL，查询: INSERT INTO fms_financial_transaction (transaction_id, order_id, payment_method, transaction_type, transaction_amount, transaction_status, transaction_time) VALUES ($1, $2, $3, $4, $5, $6, $7), 值数量: 1
INFO:app.core.database:连接数据库: 172.16.10.196:5432/db_house
INFO:app.core.database:批量执行SQL完成
INFO:app.services.data_generator:表 fms_financial_transaction 已插入剩余 1 条记录并缓存主键值
INFO:app.services.data_generator:依赖表 fms_financial_transaction 生成完成，记录数: 1
INFO:app.services.data_generator:开始为依赖表 lms_shipment 生成数据
INFO:app.core.database:批量执行SQL，查询: INSERT INTO lms_shipment (shipment_id, order_id, carrier, sender_address, receiver_info, current_status, shipping_time, estimated_delivery, actual_delivery) VALUES ($1, $2, $3, $4, $5, $6, $7, $8, $9), 值数量: 1
INFO:app.core.database:连接数据库: 172.16.10.196:5432/db_house
INFO:app.core.database:批量执行SQL完成
INFO:app.services.data_generator:表 lms_shipment 已插入剩余 1 条记录并缓存主键值
INFO:app.services.data_generator:依赖表 lms_shipment 生成完成，记录数: 1
INFO:app.services.data_generator:数据生成完成，总记录数: 7
INFO:app.services.data_generator:退出 generate_data_for_tables 方法
INFO:app.services.data_generator:开始 generate_data_for_tables 方法
INFO:app.services.data_generator:独立表（阶段1）: ['crawler_competitor_price', 'crm_customer', 'ext_market_trend']
INFO:app.services.data_generator:依赖表（阶段2）: ['oms_order', 'lms_shipment', 'fms_financial_transaction', 'oms_order_item']
INFO:app.services.data_generator:初始化数据库计数器
INFO:app.core.database:执行查询: SELECT MAX(id) FROM crawler_competitor_price, 参数: ()
INFO:app.core.database:连接数据库: 172.16.10.196:5432/db_house
INFO:app.core.database:查询执行成功
INFO:app.core.database:执行查询: SELECT MAX(id) FROM ext_market_trend, 参数: ()
INFO:app.core.database:连接数据库: 172.16.10.196:5432/db_house
INFO:app.core.database:查询执行成功
INFO:app.core.database:执行查询: SELECT MAX(id) FROM oms_order_item, 参数: ()
INFO:app.core.database:连接数据库: 172.16.10.196:5432/db_house
INFO:app.core.database:查询执行成功
INFO:app.services.data_generator:计数器初始化完成: {'crawler_competitor_price_id': 360979, 'ext_market_trend_id': 360979, 'oms_order_item_id': 361070}
INFO:app.services.data_generator:开始处理日期: 2025-10-21
INFO:app.services.data_generator:当天计划生成记录数: 1
INFO:app.services.data_generator:已清空外键缓存
INFO:app.services.data_generator:=== 阶段1：生成独立表 ===
INFO:app.services.data_generator:开始为独立表 crawler_competitor_price 生成数据
INFO:app.core.database:批量执行SQL，查询: INSERT INTO crawler_competitor_price (id, crawl_time, platform, competitor_name, product_name, product_sku, price, promotion_info, is_in_stock) VALUES ($1, $2, $3, $4, $5, $6, $7, $8, $9), 值数量: 1
INFO:app.core.database:连接数据库: 172.16.10.196:5432/db_house
INFO:app.core.database:批量执行SQL完成
INFO:app.services.data_generator:表 crawler_competitor_price 已插入剩余 1 条记录并缓存主键值
INFO:app.services.data_generator:独立表 crawler_competitor_price 生成完成，记录数: 1
INFO:app.services.data_generator:开始为独立表 crm_customer 生成数据
INFO:app.core.database:批量执行SQL，查询: INSERT INTO crm_customer (customer_id, name, gender, phone, email, birthday, address, create_time, update_time, is_deleted) VALUES ($1, $2, $3, $4, $5, $6, $7, $8, $9, $10), 值数量: 1
INFO:app.core.database:连接数据库: 172.16.10.196:5432/db_house
INFO:app.core.database:批量执行SQL完成
INFO:app.services.data_generator:表 crm_customer 已插入剩余 1 条记录并缓存主键值
INFO:app.services.data_generator:独立表 crm_customer 生成完成，记录数: 1
INFO:app.services.data_generator:开始为独立表 ext_market_trend 生成数据
INFO:app.core.database:批量执行SQL，查询: INSERT INTO ext_market_trend (id, period, region, category, market_size, growth_rate, data_source) VALUES ($1, $2, $3, $4, $5, $6, $7), 值数量: 1
INFO:app.core.database:连接数据库: 172.16.10.196:5432/db_house
INFO:app.core.database:批量执行SQL完成
INFO:app.services.data_generator:表 ext_market_trend 已插入剩余 1 条记录并缓存主键值
INFO:app.services.data_generator:独立表 ext_market_trend 生成完成，记录数: 1
INFO:app.services.data_generator:=== 阶段2：生成依赖表 ===
INFO:app.services.data_generator:表依赖排序结果: ['oms_order', 'oms_order_item', 'fms_financial_transaction', 'lms_shipment']
INFO:app.services.data_generator:排序后的依赖表: ['oms_order', 'oms_order_item', 'fms_financial_transaction', 'lms_shipment']
INFO:app.services.data_generator:开始为依赖表 oms_order 生成数据
INFO:app.core.database:批量执行SQL，查询: INSERT INTO oms_order (order_id, order_channel, customer_code, order_amount, discount_amount, pay_amount, order_status, province, city, district, detail_address, order_time) VALUES ($1, $2, $3, $4, $5, $6, $7, $8, $9, $10, $11, $12), 值数量: 1
INFO:app.core.database:连接数据库: 172.16.10.196:5432/db_house
INFO:app.core.database:批量执行SQL完成
INFO:app.services.data_generator:表 oms_order 已插入剩余 1 条记录并缓存主键值
INFO:app.services.data_generator:依赖表 oms_order 生成完成，记录数: 1
INFO:app.services.data_generator:开始为依赖表 oms_order_item 生成数据
INFO:app.core.database:批量执行SQL，查询: INSERT INTO oms_order_item (id, order_id, product_sku, product_name, quantity, price) VALUES ($1, $2, $3, $4, $5, $6), 值数量: 1
INFO:app.core.database:连接数据库: 172.16.10.196:5432/db_house
INFO:app.core.database:批量执行SQL完成
INFO:app.services.data_generator:表 oms_order_item 已插入剩余 1 条记录并缓存主键值
INFO:app.services.data_generator:依赖表 oms_order_item 生成完成，记录数: 1
INFO:app.services.data_generator:开始为依赖表 fms_financial_transaction 生成数据
INFO:app.core.database:批量执行SQL，查询: INSERT INTO fms_financial_transaction (transaction_id, order_id, payment_method, transaction_type, transaction_amount, transaction_status, transaction_time) VALUES ($1, $2, $3, $4, $5, $6, $7), 值数量: 1
INFO:app.core.database:连接数据库: 172.16.10.196:5432/db_house
INFO:app.core.database:批量执行SQL完成
INFO:app.services.data_generator:表 fms_financial_transaction 已插入剩余 1 条记录并缓存主键值
INFO:app.services.data_generator:依赖表 fms_financial_transaction 生成完成，记录数: 1
INFO:app.services.data_generator:开始为依赖表 lms_shipment 生成数据
INFO:app.core.database:批量执行SQL，查询: INSERT INTO lms_shipment (shipment_id, order_id, carrier, sender_address, receiver_info, current_status, shipping_time, estimated_delivery, actual_delivery) VALUES ($1, $2, $3, $4, $5, $6, $7, $8, $9), 值数量: 1
INFO:app.core.database:连接数据库: 172.16.10.196:5432/db_house
INFO:app.core.database:批量执行SQL完成
INFO:app.services.data_generator:表 lms_shipment 已插入剩余 1 条记录并缓存主键值
INFO:app.services.data_generator:依赖表 lms_shipment 生成完成，记录数: 1
INFO:app.services.data_generator:数据生成完成，总记录数: 7
INFO:app.services.data_generator:退出 generate_data_for_tables 方法
INFO:app.services.data_generator:开始 generate_data_for_tables 方法
INFO:app.services.data_generator:独立表（阶段1）: ['crawler_competitor_price', 'crm_customer', 'ext_market_trend']
INFO:app.services.data_generator:依赖表（阶段2）: ['oms_order', 'lms_shipment', 'fms_financial_transaction', 'oms_order_item']
INFO:app.services.data_generator:初始化数据库计数器
INFO:app.core.database:执行查询: SELECT MAX(id) FROM crawler_competitor_price, 参数: ()
INFO:app.core.database:连接数据库: 172.16.10.196:5432/db_house
INFO:app.core.database:查询执行成功
INFO:app.core.database:执行查询: SELECT MAX(id) FROM ext_market_trend, 参数: ()
INFO:app.core.database:连接数据库: 172.16.10.196:5432/db_house
INFO:app.core.database:查询执行成功
INFO:app.core.database:执行查询: SELECT MAX(id) FROM oms_order_item, 参数: ()
INFO:app.core.database:连接数据库: 172.16.10.196:5432/db_house
INFO:app.core.database:查询执行成功
INFO:app.services.data_generator:计数器初始化完成: {'crawler_competitor_price_id': 360980, 'ext_market_trend_id': 360980, 'oms_order_item_id': 361071}
INFO:app.services.data_generator:开始处理日期: 2025-10-21
INFO:app.services.data_generator:当天计划生成记录数: 1
INFO:app.services.data_generator:已清空外键缓存
INFO:app.services.data_generator:=== 阶段1：生成独立表 ===
INFO:app.services.data_generator:开始为独立表 crawler_competitor_price 生成数据
INFO:app.core.database:批量执行SQL，查询: INSERT INTO crawler_competitor_price (id, crawl_time, platform, competitor_name, product_name, product_sku, price, promotion_info, is_in_stock) VALUES ($1, $2, $3, $4, $5, $6, $7, $8, $9), 值数量: 1
INFO:app.core.database:连接数据库: 172.16.10.196:5432/db_house
INFO:app.core.database:批量执行SQL完成
INFO:app.services.data_generator:表 crawler_competitor_price 已插入剩余 1 条记录并缓存主键值
INFO:app.services.data_generator:独立表 crawler_competitor_price 生成完成，记录数: 1
INFO:app.services.data_generator:开始为独立表 crm_customer 生成数据
INFO:app.core.database:批量执行SQL，查询: INSERT INTO crm_customer (customer_id, name, gender, phone, email, birthday, address, create_time, update_time, is_deleted) VALUES ($1, $2, $3, $4, $5, $6, $7, $8, $9, $10), 值数量: 1
INFO:app.core.database:连接数据库: 172.16.10.196:5432/db_house
INFO:app.core.database:批量执行SQL完成
INFO:app.services.data_generator:表 crm_customer 已插入剩余 1 条记录并缓存主键值
INFO:app.services.data_generator:独立表 crm_customer 生成完成，记录数: 1
INFO:app.services.data_generator:开始为独立表 ext_market_trend 生成数据
INFO:app.core.database:批量执行SQL，查询: INSERT INTO ext_market_trend (id, period, region, category, market_size, growth_rate, data_source) VALUES ($1, $2, $3, $4, $5, $6, $7), 值数量: 1
INFO:app.core.database:连接数据库: 172.16.10.196:5432/db_house
INFO:app.core.database:批量执行SQL完成
INFO:app.services.data_generator:表 ext_market_trend 已插入剩余 1 条记录并缓存主键值
INFO:app.services.data_generator:独立表 ext_market_trend 生成完成，记录数: 1
INFO:app.services.data_generator:=== 阶段2：生成依赖表 ===
INFO:app.services.data_generator:表依赖排序结果: ['oms_order', 'oms_order_item', 'fms_financial_transaction', 'lms_shipment']
INFO:app.services.data_generator:排序后的依赖表: ['oms_order', 'oms_order_item', 'fms_financial_transaction', 'lms_shipment']
INFO:app.services.data_generator:开始为依赖表 oms_order 生成数据
INFO:app.core.database:批量执行SQL，查询: INSERT INTO oms_order (order_id, order_channel, customer_code, order_amount, discount_amount, pay_amount, order_status, province, city, district, detail_address, order_time) VALUES ($1, $2, $3, $4, $5, $6, $7, $8, $9, $10, $11, $12), 值数量: 1
INFO:app.core.database:连接数据库: 172.16.10.196:5432/db_house
INFO:app.core.database:批量执行SQL完成
INFO:app.services.data_generator:表 oms_order 已插入剩余 1 条记录并缓存主键值
INFO:app.services.data_generator:依赖表 oms_order 生成完成，记录数: 1
INFO:app.services.data_generator:开始为依赖表 oms_order_item 生成数据
INFO:app.core.database:批量执行SQL，查询: INSERT INTO oms_order_item (id, order_id, product_sku, product_name, quantity, price) VALUES ($1, $2, $3, $4, $5, $6), 值数量: 1
INFO:app.core.database:连接数据库: 172.16.10.196:5432/db_house
INFO:app.core.database:批量执行SQL完成
INFO:app.services.data_generator:表 oms_order_item 已插入剩余 1 条记录并缓存主键值
INFO:app.services.data_generator:依赖表 oms_order_item 生成完成，记录数: 1
INFO:app.services.data_generator:开始为依赖表 fms_financial_transaction 生成数据
INFO:app.core.database:批量执行SQL，查询: INSERT INTO fms_financial_transaction (transaction_id, order_id, payment_method, transaction_type, transaction_amount, transaction_status, transaction_time) VALUES ($1, $2, $3, $4, $5, $6, $7), 值数量: 1
INFO:app.core.database:连接数据库: 172.16.10.196:5432/db_house
INFO:app.core.database:批量执行SQL完成
INFO:app.services.data_generator:表 fms_financial_transaction 已插入剩余 1 条记录并缓存主键值
INFO:app.services.data_generator:依赖表 fms_financial_transaction 生成完成，记录数: 1
INFO:app.services.data_generator:开始为依赖表 lms_shipment 生成数据
INFO:app.core.database:批量执行SQL，查询: INSERT INTO lms_shipment (shipment_id, order_id, carrier, sender_address, receiver_info, current_status, shipping_time, estimated_delivery, actual_delivery) VALUES ($1, $2, $3, $4, $5, $6, $7, $8, $9), 值数量: 1
INFO:app.core.database:连接数据库: 172.16.10.196:5432/db_house
INFO:app.core.database:批量执行SQL完成
INFO:app.services.data_generator:表 lms_shipment 已插入剩余 1 条记录并缓存主键值
INFO:app.services.data_generator:依赖表 lms_shipment 生成完成，记录数: 1
INFO:app.services.data_generator:数据生成完成，总记录数: 7
INFO:app.services.data_generator:退出 generate_data_for_tables 方法
INFO:app.services.data_generator:开始 generate_data_for_tables 方法
INFO:app.services.data_generator:独立表（阶段1）: ['crawler_competitor_price', 'crm_customer', 'ext_market_trend']
INFO:app.services.data_generator:依赖表（阶段2）: ['oms_order', 'lms_shipment', 'fms_financial_transaction', 'oms_order_item']
INFO:app.services.data_generator:初始化数据库计数器
INFO:app.core.database:执行查询: SELECT MAX(id) FROM crawler_competitor_price, 参数: ()
INFO:app.core.database:连接数据库: 172.16.10.196:5432/db_house
INFO:app.core.database:查询执行成功
INFO:app.core.database:执行查询: SELECT MAX(id) FROM ext_market_trend, 参数: ()
INFO:app.core.database:连接数据库: 172.16.10.196:5432/db_house
INFO:app.core.database:查询执行成功
INFO:app.core.database:执行查询: SELECT MAX(id) FROM oms_order_item, 参数: ()
INFO:app.core.database:连接数据库: 172.16.10.196:5432/db_house
INFO:app.core.database:查询执行成功
INFO:app.services.data_generator:计数器初始化完成: {'crawler_competitor_price_id': 360981, 'ext_market_trend_id': 360981, 'oms_order_item_id': 361072}
INFO:app.services.data_generator:开始处理日期: 2025-10-21
INFO:app.services.data_generator:当天计划生成记录数: 1
INFO:app.services.data_generator:已清空外键缓存
INFO:app.services.data_generator:=== 阶段1：生成独立表 ===
INFO:app.services.data_generator:开始为独立表 crawler_competitor_price 生成数据
INFO:app.core.database:批量执行SQL，查询: INSERT INTO crawler_competitor_price (id, crawl_time, platform, competitor_name, product_name, product_sku, price, promotion_info, is_in_stock) VALUES ($1, $2, $3, $4, $5, $6, $7, $8, $9), 值数量: 1
INFO:app.core.database:连接数据库: 172.16.10.196:5432/db_house
INFO:app.core.database:批量执行SQL完成
INFO:app.services.data_generator:表 crawler_competitor_price 已插入剩余 1 条记录并缓存主键值
INFO:app.services.data_generator:独立表 crawler_competitor_price 生成完成，记录数: 1
INFO:app.services.data_generator:开始为独立表 crm_customer 生成数据
INFO:app.core.database:批量执行SQL，查询: INSERT INTO crm_customer (customer_id, name, gender, phone, email, birthday, address, create_time, update_time, is_deleted) VALUES ($1, $2, $3, $4, $5, $6, $7, $8, $9, $10), 值数量: 1
INFO:app.core.database:连接数据库: 172.16.10.196:5432/db_house
INFO:app.core.database:批量执行SQL完成
INFO:app.services.data_generator:表 crm_customer 已插入剩余 1 条记录并缓存主键值
INFO:app.services.data_generator:独立表 crm_customer 生成完成，记录数: 1
INFO:app.services.data_generator:开始为独立表 ext_market_trend 生成数据
INFO:app.core.database:批量执行SQL，查询: INSERT INTO ext_market_trend (id, period, region, category, market_size, growth_rate, data_source) VALUES ($1, $2, $3, $4, $5, $6, $7), 值数量: 1
INFO:app.core.database:连接数据库: 172.16.10.196:5432/db_house
INFO:app.core.database:批量执行SQL完成
INFO:app.services.data_generator:表 ext_market_trend 已插入剩余 1 条记录并缓存主键值
INFO:app.services.data_generator:独立表 ext_market_trend 生成完成，记录数: 1
INFO:app.services.data_generator:=== 阶段2：生成依赖表 ===
INFO:app.services.data_generator:表依赖排序结果: ['oms_order', 'oms_order_item', 'fms_financial_transaction', 'lms_shipment']
INFO:app.services.data_generator:排序后的依赖表: ['oms_order', 'oms_order_item', 'fms_financial_transaction', 'lms_shipment']
INFO:app.services.data_generator:开始为依赖表 oms_order 生成数据
INFO:app.core.database:批量执行SQL，查询: INSERT INTO oms_order (order_id, order_channel, customer_code, order_amount, discount_amount, pay_amount, order_status, province, city, district, detail_address, order_time) VALUES ($1, $2, $3, $4, $5, $6, $7, $8, $9, $10, $11, $12), 值数量: 1
INFO:app.core.database:连接数据库: 172.16.10.196:5432/db_house
INFO:app.core.database:批量执行SQL完成
INFO:app.services.data_generator:表 oms_order 已插入剩余 1 条记录并缓存主键值
INFO:app.services.data_generator:依赖表 oms_order 生成完成，记录数: 1
INFO:app.services.data_generator:开始为依赖表 oms_order_item 生成数据
INFO:app.core.database:批量执行SQL，查询: INSERT INTO oms_order_item (id, order_id, product_sku, product_name, quantity, price) VALUES ($1, $2, $3, $4, $5, $6), 值数量: 1
INFO:app.core.database:连接数据库: 172.16.10.196:5432/db_house
INFO:app.core.database:批量执行SQL完成
INFO:app.services.data_generator:表 oms_order_item 已插入剩余 1 条记录并缓存主键值
INFO:app.services.data_generator:依赖表 oms_order_item 生成完成，记录数: 1
INFO:app.services.data_generator:开始为依赖表 fms_financial_transaction 生成数据
INFO:app.core.database:批量执行SQL，查询: INSERT INTO fms_financial_transaction (transaction_id, order_id, payment_method, transaction_type, transaction_amount, transaction_status, transaction_time) VALUES ($1, $2, $3, $4, $5, $6, $7), 值数量: 1
INFO:app.core.database:连接数据库: 172.16.10.196:5432/db_house
INFO:app.core.database:批量执行SQL完成
INFO:app.services.data_generator:表 fms_financial_transaction 已插入剩余 1 条记录并缓存主键值
INFO:app.services.data_generator:依赖表 fms_financial_transaction 生成完成，记录数: 1
INFO:app.services.data_generator:开始为依赖表 lms_shipment 生成数据
INFO:app.core.database:批量执行SQL，查询: INSERT INTO lms_shipment (shipment_id, order_id, carrier, sender_address, receiver_info, current_status, shipping_time, estimated_delivery, actual_delivery) VALUES ($1, $2, $3, $4, $5, $6, $7, $8, $9), 值数量: 1
INFO:app.core.database:连接数据库: 172.16.10.196:5432/db_house
INFO:app.core.database:批量执行SQL完成
INFO:app.services.data_generator:表 lms_shipment 已插入剩余 1 条记录并缓存主键值
INFO:app.services.data_generator:依赖表 lms_shipment 生成完成，记录数: 1
INFO:app.services.data_generator:数据生成完成，总记录数: 7
INFO:app.services.data_generator:退出 generate_data_for_tables 方法
INFO:app.services.data_generator:开始 generate_data_for_tables 方法
INFO:app.services.data_generator:独立表（阶段1）: ['crawler_competitor_price', 'crm_customer', 'ext_market_trend']
INFO:app.services.data_generator:依赖表（阶段2）: ['oms_order', 'lms_shipment', 'fms_financial_transaction', 'oms_order_item']
INFO:app.services.data_generator:初始化数据库计数器
INFO:app.core.database:执行查询: SELECT MAX(id) FROM crawler_competitor_price, 参数: ()
INFO:app.core.database:连接数据库: 172.16.10.196:5432/db_house
INFO:app.core.database:查询执行成功
INFO:app.core.database:执行查询: SELECT MAX(id) FROM ext_market_trend, 参数: ()
INFO:app.core.database:连接数据库: 172.16.10.196:5432/db_house
INFO:app.core.database:查询执行成功
INFO:app.core.database:执行查询: SELECT MAX(id) FROM oms_order_item, 参数: ()
INFO:app.core.database:连接数据库: 172.16.10.196:5432/db_house
INFO:app.core.database:查询执行成功
INFO:app.services.data_generator:计数器初始化完成: {'crawler_competitor_price_id': 360982, 'ext_market_trend_id': 360982, 'oms_order_item_id': 361073}
INFO:app.services.data_generator:开始处理日期: 2025-10-21
INFO:app.services.data_generator:当天计划生成记录数: 1
INFO:app.services.data_generator:已清空外键缓存
INFO:app.services.data_generator:=== 阶段1：生成独立表 ===
INFO:app.services.data_generator:开始为独立表 crawler_competitor_price 生成数据
INFO:app.core.database:批量执行SQL，查询: INSERT INTO crawler_competitor_price (id, crawl_time, platform, competitor_name, product_name, product_sku, price, promotion_info, is_in_stock) VALUES ($1, $2, $3, $4, $5, $6, $7, $8, $9), 值数量: 1
INFO:app.core.database:连接数据库: 172.16.10.196:5432/db_house
INFO:app.core.database:批量执行SQL完成
INFO:app.services.data_generator:表 crawler_competitor_price 已插入剩余 1 条记录并缓存主键值
INFO:app.services.data_generator:独立表 crawler_competitor_price 生成完成，记录数: 1
INFO:app.services.data_generator:开始为独立表 crm_customer 生成数据
INFO:app.core.database:批量执行SQL，查询: INSERT INTO crm_customer (customer_id, name, gender, phone, email, birthday, address, create_time, update_time, is_deleted) VALUES ($1, $2, $3, $4, $5, $6, $7, $8, $9, $10), 值数量: 1
INFO:app.core.database:连接数据库: 172.16.10.196:5432/db_house
INFO:app.core.database:批量执行SQL完成
INFO:app.services.data_generator:表 crm_customer 已插入剩余 1 条记录并缓存主键值
INFO:app.services.data_generator:独立表 crm_customer 生成完成，记录数: 1
INFO:app.services.data_generator:开始为独立表 ext_market_trend 生成数据
INFO:app.core.database:批量执行SQL，查询: INSERT INTO ext_market_trend (id, period, region, category, market_size, growth_rate, data_source) VALUES ($1, $2, $3, $4, $5, $6, $7), 值数量: 1
INFO:app.core.database:连接数据库: 172.16.10.196:5432/db_house
INFO:app.core.database:批量执行SQL完成
INFO:app.services.data_generator:表 ext_market_trend 已插入剩余 1 条记录并缓存主键值
INFO:app.services.data_generator:独立表 ext_market_trend 生成完成，记录数: 1
INFO:app.services.data_generator:=== 阶段2：生成依赖表 ===
INFO:app.services.data_generator:表依赖排序结果: ['oms_order', 'oms_order_item', 'fms_financial_transaction', 'lms_shipment']
INFO:app.services.data_generator:排序后的依赖表: ['oms_order', 'oms_order_item', 'fms_financial_transaction', 'lms_shipment']
INFO:app.services.data_generator:开始为依赖表 oms_order 生成数据
INFO:app.core.database:批量执行SQL，查询: INSERT INTO oms_order (order_id, order_channel, customer_code, order_amount, discount_amount, pay_amount, order_status, province, city, district, detail_address, order_time) VALUES ($1, $2, $3, $4, $5, $6, $7, $8, $9, $10, $11, $12), 值数量: 1
INFO:app.core.database:连接数据库: 172.16.10.196:5432/db_house
INFO:app.core.database:批量执行SQL完成
INFO:app.services.data_generator:表 oms_order 已插入剩余 1 条记录并缓存主键值
INFO:app.services.data_generator:依赖表 oms_order 生成完成，记录数: 1
INFO:app.services.data_generator:开始为依赖表 oms_order_item 生成数据
INFO:app.core.database:批量执行SQL，查询: INSERT INTO oms_order_item (id, order_id, product_sku, product_name, quantity, price) VALUES ($1, $2, $3, $4, $5, $6), 值数量: 1
INFO:app.core.database:连接数据库: 172.16.10.196:5432/db_house
INFO:app.core.database:批量执行SQL完成
INFO:app.services.data_generator:表 oms_order_item 已插入剩余 1 条记录并缓存主键值
INFO:app.services.data_generator:依赖表 oms_order_item 生成完成，记录数: 1
INFO:app.services.data_generator:开始为依赖表 fms_financial_transaction 生成数据
INFO:app.core.database:批量执行SQL，查询: INSERT INTO fms_financial_transaction (transaction_id, order_id, payment_method, transaction_type, transaction_amount, transaction_status, transaction_time) VALUES ($1, $2, $3, $4, $5, $6, $7), 值数量: 1
INFO:app.core.database:连接数据库: 172.16.10.196:5432/db_house
INFO:app.core.database:批量执行SQL完成
INFO:app.services.data_generator:表 fms_financial_transaction 已插入剩余 1 条记录并缓存主键值
INFO:app.services.data_generator:依赖表 fms_financial_transaction 生成完成，记录数: 1
INFO:app.services.data_generator:开始为依赖表 lms_shipment 生成数据
INFO:app.core.database:批量执行SQL，查询: INSERT INTO lms_shipment (shipment_id, order_id, carrier, sender_address, receiver_info, current_status, shipping_time, estimated_delivery, actual_delivery) VALUES ($1, $2, $3, $4, $5, $6, $7, $8, $9), 值数量: 1
INFO:app.core.database:连接数据库: 172.16.10.196:5432/db_house
INFO:app.core.database:批量执行SQL完成
INFO:app.services.data_generator:表 lms_shipment 已插入剩余 1 条记录并缓存主键值
INFO:app.services.data_generator:依赖表 lms_shipment 生成完成，记录数: 1
INFO:app.services.data_generator:数据生成完成，总记录数: 7
INFO:app.services.data_generator:退出 generate_data_for_tables 方法
INFO:app.services.data_generator:开始 generate_data_for_tables 方法
INFO:app.services.data_generator:独立表（阶段1）: ['crawler_competitor_price', 'crm_customer', 'ext_market_trend']
INFO:app.services.data_generator:依赖表（阶段2）: ['oms_order', 'lms_shipment', 'fms_financial_transaction', 'oms_order_item']
INFO:app.services.data_generator:初始化数据库计数器
INFO:app.core.database:执行查询: SELECT MAX(id) FROM crawler_competitor_price, 参数: ()
INFO:app.core.database:连接数据库: 172.16.10.196:5432/db_house
INFO:app.core.database:查询执行成功
INFO:app.core.database:执行查询: SELECT MAX(id) FROM ext_market_trend, 参数: ()
INFO:app.core.database:连接数据库: 172.16.10.196:5432/db_house
INFO:app.core.database:查询执行成功
INFO:app.core.database:执行查询: SELECT MAX(id) FROM oms_order_item, 参数: ()
INFO:app.core.database:连接数据库: 172.16.10.196:5432/db_house
INFO:app.core.database:查询执行成功
INFO:app.services.data_generator:计数器初始化完成: {'crawler_competitor_price_id': 360983, 'ext_market_trend_id': 360983, 'oms_order_item_id': 361074}
INFO:app.services.data_generator:开始处理日期: 2025-10-21
INFO:app.services.data_generator:当天计划生成记录数: 1
INFO:app.services.data_generator:已清空外键缓存
INFO:app.services.data_generator:=== 阶段1：生成独立表 ===
INFO:app.services.data_generator:开始为独立表 crawler_competitor_price 生成数据
INFO:app.core.database:批量执行SQL，查询: INSERT INTO crawler_competitor_price (id, crawl_time, platform, competitor_name, product_name, product_sku, price, promotion_info, is_in_stock) VALUES ($1, $2, $3, $4, $5, $6, $7, $8, $9), 值数量: 1
INFO:app.core.database:连接数据库: 172.16.10.196:5432/db_house
INFO:app.core.database:批量执行SQL完成
INFO:app.services.data_generator:表 crawler_competitor_price 已插入剩余 1 条记录并缓存主键值
INFO:app.services.data_generator:独立表 crawler_competitor_price 生成完成，记录数: 1
INFO:app.services.data_generator:开始为独立表 crm_customer 生成数据
INFO:app.core.database:批量执行SQL，查询: INSERT INTO crm_customer (customer_id, name, gender, phone, email, birthday, address, create_time, update_time, is_deleted) VALUES ($1, $2, $3, $4, $5, $6, $7, $8, $9, $10), 值数量: 1
INFO:app.core.database:连接数据库: 172.16.10.196:5432/db_house
INFO:app.core.database:批量执行SQL完成
INFO:app.services.data_generator:表 crm_customer 已插入剩余 1 条记录并缓存主键值
INFO:app.services.data_generator:独立表 crm_customer 生成完成，记录数: 1
INFO:app.services.data_generator:开始为独立表 ext_market_trend 生成数据
INFO:app.core.database:批量执行SQL，查询: INSERT INTO ext_market_trend (id, period, region, category, market_size, growth_rate, data_source) VALUES ($1, $2, $3, $4, $5, $6, $7), 值数量: 1
INFO:app.core.database:连接数据库: 172.16.10.196:5432/db_house
INFO:app.core.database:批量执行SQL完成
INFO:app.services.data_generator:表 ext_market_trend 已插入剩余 1 条记录并缓存主键值
INFO:app.services.data_generator:独立表 ext_market_trend 生成完成，记录数: 1
INFO:app.services.data_generator:=== 阶段2：生成依赖表 ===
INFO:app.services.data_generator:表依赖排序结果: ['oms_order', 'oms_order_item', 'fms_financial_transaction', 'lms_shipment']
INFO:app.services.data_generator:排序后的依赖表: ['oms_order', 'oms_order_item', 'fms_financial_transaction', 'lms_shipment']
INFO:app.services.data_generator:开始为依赖表 oms_order 生成数据
INFO:app.core.database:批量执行SQL，查询: INSERT INTO oms_order (order_id, order_channel, customer_code, order_amount, discount_amount, pay_amount, order_status, province, city, district, detail_address, order_time) VALUES ($1, $2, $3, $4, $5, $6, $7, $8, $9, $10, $11, $12), 值数量: 1
INFO:app.core.database:连接数据库: 172.16.10.196:5432/db_house
INFO:app.core.database:批量执行SQL完成
INFO:app.services.data_generator:表 oms_order 已插入剩余 1 条记录并缓存主键值
INFO:app.services.data_generator:依赖表 oms_order 生成完成，记录数: 1
INFO:app.services.data_generator:开始为依赖表 oms_order_item 生成数据
INFO:app.core.database:批量执行SQL，查询: INSERT INTO oms_order_item (id, order_id, product_sku, product_name, quantity, price) VALUES ($1, $2, $3, $4, $5, $6), 值数量: 1
INFO:app.core.database:连接数据库: 172.16.10.196:5432/db_house
INFO:app.core.database:批量执行SQL完成
INFO:app.services.data_generator:表 oms_order_item 已插入剩余 1 条记录并缓存主键值
INFO:app.services.data_generator:依赖表 oms_order_item 生成完成，记录数: 1
INFO:app.services.data_generator:开始为依赖表 fms_financial_transaction 生成数据
INFO:app.core.database:批量执行SQL，查询: INSERT INTO fms_financial_transaction (transaction_id, order_id, payment_method, transaction_type, transaction_amount, transaction_status, transaction_time) VALUES ($1, $2, $3, $4, $5, $6, $7), 值数量: 1
INFO:app.core.database:连接数据库: 172.16.10.196:5432/db_house
INFO:app.core.database:批量执行SQL完成
INFO:app.services.data_generator:表 fms_financial_transaction 已插入剩余 1 条记录并缓存主键值
INFO:app.services.data_generator:依赖表 fms_financial_transaction 生成完成，记录数: 1
INFO:app.services.data_generator:开始为依赖表 lms_shipment 生成数据
INFO:app.core.database:批量执行SQL，查询: INSERT INTO lms_shipment (shipment_id, order_id, carrier, sender_address, receiver_info, current_status, shipping_time, estimated_delivery, actual_delivery) VALUES ($1, $2, $3, $4, $5, $6, $7, $8, $9), 值数量: 1
INFO:app.core.database:连接数据库: 172.16.10.196:5432/db_house
INFO:app.core.database:批量执行SQL完成
INFO:app.services.data_generator:表 lms_shipment 已插入剩余 1 条记录并缓存主键值
INFO:app.services.data_generator:依赖表 lms_shipment 生成完成，记录数: 1
INFO:app.services.data_generator:数据生成完成，总记录数: 7
INFO:app.services.data_generator:退出 generate_data_for_tables 方法
INFO:app.services.data_generator:开始 generate_data_for_tables 方法
INFO:app.services.data_generator:独立表（阶段1）: ['crawler_competitor_price', 'crm_customer', 'ext_market_trend']
INFO:app.services.data_generator:依赖表（阶段2）: ['oms_order', 'lms_shipment', 'fms_financial_transaction', 'oms_order_item']
INFO:app.services.data_generator:初始化数据库计数器
INFO:app.core.database:执行查询: SELECT MAX(id) FROM crawler_competitor_price, 参数: ()
INFO:app.core.database:连接数据库: 172.16.10.196:5432/db_house
INFO:app.core.database:查询执行成功
INFO:app.core.database:执行查询: SELECT MAX(id) FROM ext_market_trend, 参数: ()
INFO:app.core.database:连接数据库: 172.16.10.196:5432/db_house
INFO:app.core.database:查询执行成功
INFO:app.core.database:执行查询: SELECT MAX(id) FROM oms_order_item, 参数: ()
INFO:app.core.database:连接数据库: 172.16.10.196:5432/db_house
INFO:app.core.database:查询执行成功
INFO:app.services.data_generator:计数器初始化完成: {'crawler_competitor_price_id': 360984, 'ext_market_trend_id': 360984, 'oms_order_item_id': 361075}
INFO:app.services.data_generator:开始处理日期: 2025-10-21
INFO:app.services.data_generator:当天计划生成记录数: 1
INFO:app.services.data_generator:已清空外键缓存
INFO:app.services.data_generator:=== 阶段1：生成独立表 ===
INFO:app.services.data_generator:开始为独立表 crawler_competitor_price 生成数据
INFO:app.core.database:批量执行SQL，查询: INSERT INTO crawler_competitor_price (id, crawl_time, platform, competitor_name, product_name, product_sku, price, promotion_info, is_in_stock) VALUES ($1, $2, $3, $4, $5, $6, $7, $8, $9), 值数量: 1
INFO:app.core.database:连接数据库: 172.16.10.196:5432/db_house
INFO:app.core.database:批量执行SQL完成
INFO:app.services.data_generator:表 crawler_competitor_price 已插入剩余 1 条记录并缓存主键值
INFO:app.services.data_generator:独立表 crawler_competitor_price 生成完成，记录数: 1
INFO:app.services.data_generator:开始为独立表 crm_customer 生成数据
INFO:app.core.database:批量执行SQL，查询: INSERT INTO crm_customer (customer_id, name, gender, phone, email, birthday, address, create_time, update_time, is_deleted) VALUES ($1, $2, $3, $4, $5, $6, $7, $8, $9, $10), 值数量: 1
INFO:app.core.database:连接数据库: 172.16.10.196:5432/db_house
INFO:app.core.database:批量执行SQL完成
INFO:app.services.data_generator:表 crm_customer 已插入剩余 1 条记录并缓存主键值
INFO:app.services.data_generator:独立表 crm_customer 生成完成，记录数: 1
INFO:app.services.data_generator:开始为独立表 ext_market_trend 生成数据
INFO:app.core.database:批量执行SQL，查询: INSERT INTO ext_market_trend (id, period, region, category, market_size, growth_rate, data_source) VALUES ($1, $2, $3, $4, $5, $6, $7), 值数量: 1
INFO:app.core.database:连接数据库: 172.16.10.196:5432/db_house
INFO:app.core.database:批量执行SQL完成
INFO:app.services.data_generator:表 ext_market_trend 已插入剩余 1 条记录并缓存主键值
INFO:app.services.data_generator:独立表 ext_market_trend 生成完成，记录数: 1
INFO:app.services.data_generator:=== 阶段2：生成依赖表 ===
INFO:app.services.data_generator:表依赖排序结果: ['oms_order', 'oms_order_item', 'fms_financial_transaction', 'lms_shipment']
INFO:app.services.data_generator:排序后的依赖表: ['oms_order', 'oms_order_item', 'fms_financial_transaction', 'lms_shipment']
INFO:app.services.data_generator:开始为依赖表 oms_order 生成数据
INFO:app.core.database:批量执行SQL，查询: INSERT INTO oms_order (order_id, order_channel, customer_code, order_amount, discount_amount, pay_amount, order_status, province, city, district, detail_address, order_time) VALUES ($1, $2, $3, $4, $5, $6, $7, $8, $9, $10, $11, $12), 值数量: 1
INFO:app.core.database:连接数据库: 172.16.10.196:5432/db_house
INFO:app.core.database:批量执行SQL完成
INFO:app.services.data_generator:表 oms_order 已插入剩余 1 条记录并缓存主键值
INFO:app.services.data_generator:依赖表 oms_order 生成完成，记录数: 1
INFO:app.services.data_generator:开始为依赖表 oms_order_item 生成数据
INFO:app.core.database:批量执行SQL，查询: INSERT INTO oms_order_item (id, order_id, product_sku, product_name, quantity, price) VALUES ($1, $2, $3, $4, $5, $6), 值数量: 1
INFO:app.core.database:连接数据库: 172.16.10.196:5432/db_house
INFO:app.core.database:批量执行SQL完成
INFO:app.services.data_generator:表 oms_order_item 已插入剩余 1 条记录并缓存主键值
INFO:app.services.data_generator:依赖表 oms_order_item 生成完成，记录数: 1
INFO:app.services.data_generator:开始为依赖表 fms_financial_transaction 生成数据
INFO:app.core.database:批量执行SQL，查询: INSERT INTO fms_financial_transaction (transaction_id, order_id, payment_method, transaction_type, transaction_amount, transaction_status, transaction_time) VALUES ($1, $2, $3, $4, $5, $6, $7), 值数量: 1
INFO:app.core.database:连接数据库: 172.16.10.196:5432/db_house
INFO:app.core.database:批量执行SQL完成
INFO:app.services.data_generator:表 fms_financial_transaction 已插入剩余 1 条记录并缓存主键值
INFO:app.services.data_generator:依赖表 fms_financial_transaction 生成完成，记录数: 1
INFO:app.services.data_generator:开始为依赖表 lms_shipment 生成数据
INFO:app.core.database:批量执行SQL，查询: INSERT INTO lms_shipment (shipment_id, order_id, carrier, sender_address, receiver_info, current_status, shipping_time, estimated_delivery, actual_delivery) VALUES ($1, $2, $3, $4, $5, $6, $7, $8, $9), 值数量: 1
INFO:app.core.database:连接数据库: 172.16.10.196:5432/db_house
INFO:app.core.database:批量执行SQL完成
INFO:app.services.data_generator:表 lms_shipment 已插入剩余 1 条记录并缓存主键值
INFO:app.services.data_generator:依赖表 lms_shipment 生成完成，记录数: 1
INFO:app.services.data_generator:数据生成完成，总记录数: 7
INFO:app.services.data_generator:退出 generate_data_for_tables 方法
INFO:app.services.data_generator:开始 generate_data_for_tables 方法
INFO:app.services.data_generator:独立表（阶段1）: ['crawler_competitor_price', 'crm_customer', 'ext_market_trend']
INFO:app.services.data_generator:依赖表（阶段2）: ['oms_order', 'lms_shipment', 'fms_financial_transaction', 'oms_order_item']
INFO:app.services.data_generator:初始化数据库计数器
INFO:app.core.database:执行查询: SELECT MAX(id) FROM crawler_competitor_price, 参数: ()
INFO:app.core.database:连接数据库: 172.16.10.196:5432/db_house
INFO:app.core.database:查询执行成功
INFO:app.core.database:执行查询: SELECT MAX(id) FROM ext_market_trend, 参数: ()
INFO:app.core.database:连接数据库: 172.16.10.196:5432/db_house
INFO:app.core.database:查询执行成功
INFO:app.core.database:执行查询: SELECT MAX(id) FROM oms_order_item, 参数: ()
INFO:app.core.database:连接数据库: 172.16.10.196:5432/db_house
INFO:app.core.database:查询执行成功
INFO:app.services.data_generator:计数器初始化完成: {'crawler_competitor_price_id': 360985, 'ext_market_trend_id': 360985, 'oms_order_item_id': 361076}
INFO:app.services.data_generator:开始处理日期: 2025-10-21
INFO:app.services.data_generator:当天计划生成记录数: 1
INFO:app.services.data_generator:已清空外键缓存
INFO:app.services.data_generator:=== 阶段1：生成独立表 ===
INFO:app.services.data_generator:开始为独立表 crawler_competitor_price 生成数据
INFO:app.core.database:批量执行SQL，查询: INSERT INTO crawler_competitor_price (id, crawl_time, platform, competitor_name, product_name, product_sku, price, promotion_info, is_in_stock) VALUES ($1, $2, $3, $4, $5, $6, $7, $8, $9), 值数量: 1
INFO:app.core.database:连接数据库: 172.16.10.196:5432/db_house
INFO:app.core.database:批量执行SQL完成
INFO:app.services.data_generator:表 crawler_competitor_price 已插入剩余 1 条记录并缓存主键值
INFO:app.services.data_generator:独立表 crawler_competitor_price 生成完成，记录数: 1
INFO:app.services.data_generator:开始为独立表 crm_customer 生成数据
INFO:app.core.database:批量执行SQL，查询: INSERT INTO crm_customer (customer_id, name, gender, phone, email, birthday, address, create_time, update_time, is_deleted) VALUES ($1, $2, $3, $4, $5, $6, $7, $8, $9, $10), 值数量: 1
INFO:app.core.database:连接数据库: 172.16.10.196:5432/db_house
INFO:app.core.database:批量执行SQL完成
INFO:app.services.data_generator:表 crm_customer 已插入剩余 1 条记录并缓存主键值
INFO:app.services.data_generator:独立表 crm_customer 生成完成，记录数: 1
INFO:app.services.data_generator:开始为独立表 ext_market_trend 生成数据
INFO:app.core.database:批量执行SQL，查询: INSERT INTO ext_market_trend (id, period, region, category, market_size, growth_rate, data_source) VALUES ($1, $2, $3, $4, $5, $6, $7), 值数量: 1
INFO:app.core.database:连接数据库: 172.16.10.196:5432/db_house
INFO:app.core.database:批量执行SQL完成
INFO:app.services.data_generator:表 ext_market_trend 已插入剩余 1 条记录并缓存主键值
INFO:app.services.data_generator:独立表 ext_market_trend 生成完成，记录数: 1
INFO:app.services.data_generator:=== 阶段2：生成依赖表 ===
INFO:app.services.data_generator:表依赖排序结果: ['oms_order', 'oms_order_item', 'fms_financial_transaction', 'lms_shipment']
INFO:app.services.data_generator:排序后的依赖表: ['oms_order', 'oms_order_item', 'fms_financial_transaction', 'lms_shipment']
INFO:app.services.data_generator:开始为依赖表 oms_order 生成数据
INFO:app.core.database:批量执行SQL，查询: INSERT INTO oms_order (order_id, order_channel, customer_code, order_amount, discount_amount, pay_amount, order_status, province, city, district, detail_address, order_time) VALUES ($1, $2, $3, $4, $5, $6, $7, $8, $9, $10, $11, $12), 值数量: 1
INFO:app.core.database:连接数据库: 172.16.10.196:5432/db_house
INFO:app.core.database:批量执行SQL完成
INFO:app.services.data_generator:表 oms_order 已插入剩余 1 条记录并缓存主键值
INFO:app.services.data_generator:依赖表 oms_order 生成完成，记录数: 1
INFO:app.services.data_generator:开始为依赖表 oms_order_item 生成数据
INFO:app.core.database:批量执行SQL，查询: INSERT INTO oms_order_item (id, order_id, product_sku, product_name, quantity, price) VALUES ($1, $2, $3, $4, $5, $6), 值数量: 1
INFO:app.core.database:连接数据库: 172.16.10.196:5432/db_house
INFO:app.core.database:批量执行SQL完成
INFO:app.services.data_generator:表 oms_order_item 已插入剩余 1 条记录并缓存主键值
INFO:app.services.data_generator:依赖表 oms_order_item 生成完成，记录数: 1
INFO:app.services.data_generator:开始为依赖表 fms_financial_transaction 生成数据
INFO:app.core.database:批量执行SQL，查询: INSERT INTO fms_financial_transaction (transaction_id, order_id, payment_method, transaction_type, transaction_amount, transaction_status, transaction_time) VALUES ($1, $2, $3, $4, $5, $6, $7), 值数量: 1
INFO:app.core.database:连接数据库: 172.16.10.196:5432/db_house
INFO:app.core.database:批量执行SQL完成
INFO:app.services.data_generator:表 fms_financial_transaction 已插入剩余 1 条记录并缓存主键值
INFO:app.services.data_generator:依赖表 fms_financial_transaction 生成完成，记录数: 1
INFO:app.services.data_generator:开始为依赖表 lms_shipment 生成数据
INFO:app.core.database:批量执行SQL，查询: INSERT INTO lms_shipment (shipment_id, order_id, carrier, sender_address, receiver_info, current_status, shipping_time, estimated_delivery, actual_delivery) VALUES ($1, $2, $3, $4, $5, $6, $7, $8, $9), 值数量: 1
INFO:app.core.database:连接数据库: 172.16.10.196:5432/db_house
INFO:app.core.database:批量执行SQL完成
INFO:app.services.data_generator:表 lms_shipment 已插入剩余 1 条记录并缓存主键值
INFO:app.services.data_generator:依赖表 lms_shipment 生成完成，记录数: 1
INFO:app.services.data_generator:数据生成完成，总记录数: 7
INFO:app.services.data_generator:退出 generate_data_for_tables 方法
INFO:app.services.data_generator:开始 generate_data_for_tables 方法
INFO:app.services.data_generator:独立表（阶段1）: ['crawler_competitor_price', 'crm_customer', 'ext_market_trend']
INFO:app.services.data_generator:依赖表（阶段2）: ['oms_order', 'lms_shipment', 'fms_financial_transaction', 'oms_order_item']
INFO:app.services.data_generator:初始化数据库计数器
INFO:app.core.database:执行查询: SELECT MAX(id) FROM crawler_competitor_price, 参数: ()
INFO:app.core.database:连接数据库: 172.16.10.196:5432/db_house
INFO:app.core.database:查询执行成功
INFO:app.core.database:执行查询: SELECT MAX(id) FROM ext_market_trend, 参数: ()
INFO:app.core.database:连接数据库: 172.16.10.196:5432/db_house
INFO:app.core.database:查询执行成功
INFO:app.core.database:执行查询: SELECT MAX(id) FROM oms_order_item, 参数: ()
INFO:app.core.database:连接数据库: 172.16.10.196:5432/db_house
INFO:app.core.database:查询执行成功
INFO:app.services.data_generator:计数器初始化完成: {'crawler_competitor_price_id': 360986, 'ext_market_trend_id': 360986, 'oms_order_item_id': 361077}
INFO:app.services.data_generator:开始处理日期: 2025-10-21
INFO:app.services.data_generator:当天计划生成记录数: 1
INFO:app.services.data_generator:已清空外键缓存
INFO:app.services.data_generator:=== 阶段1：生成独立表 ===
INFO:app.services.data_generator:开始为独立表 crawler_competitor_price 生成数据
INFO:app.core.database:批量执行SQL，查询: INSERT INTO crawler_competitor_price (id, crawl_time, platform, competitor_name, product_name, product_sku, price, promotion_info, is_in_stock) VALUES ($1, $2, $3, $4, $5, $6, $7, $8, $9), 值数量: 1
INFO:app.core.database:连接数据库: 172.16.10.196:5432/db_house
INFO:app.core.database:批量执行SQL完成
INFO:app.services.data_generator:表 crawler_competitor_price 已插入剩余 1 条记录并缓存主键值
INFO:app.services.data_generator:独立表 crawler_competitor_price 生成完成，记录数: 1
INFO:app.services.data_generator:开始为独立表 crm_customer 生成数据
INFO:app.core.database:批量执行SQL，查询: INSERT INTO crm_customer (customer_id, name, gender, phone, email, birthday, address, create_time, update_time, is_deleted) VALUES ($1, $2, $3, $4, $5, $6, $7, $8, $9, $10), 值数量: 1
INFO:app.core.database:连接数据库: 172.16.10.196:5432/db_house
INFO:app.core.database:批量执行SQL完成
INFO:app.services.data_generator:表 crm_customer 已插入剩余 1 条记录并缓存主键值
INFO:app.services.data_generator:独立表 crm_customer 生成完成，记录数: 1
INFO:app.services.data_generator:开始为独立表 ext_market_trend 生成数据
INFO:app.core.database:批量执行SQL，查询: INSERT INTO ext_market_trend (id, period, region, category, market_size, growth_rate, data_source) VALUES ($1, $2, $3, $4, $5, $6, $7), 值数量: 1
INFO:app.core.database:连接数据库: 172.16.10.196:5432/db_house
INFO:app.core.database:批量执行SQL完成
INFO:app.services.data_generator:表 ext_market_trend 已插入剩余 1 条记录并缓存主键值
INFO:app.services.data_generator:独立表 ext_market_trend 生成完成，记录数: 1
INFO:app.services.data_generator:=== 阶段2：生成依赖表 ===
INFO:app.services.data_generator:表依赖排序结果: ['oms_order', 'oms_order_item', 'fms_financial_transaction', 'lms_shipment']
INFO:app.services.data_generator:排序后的依赖表: ['oms_order', 'oms_order_item', 'fms_financial_transaction', 'lms_shipment']
INFO:app.services.data_generator:开始为依赖表 oms_order 生成数据
INFO:app.core.database:批量执行SQL，查询: INSERT INTO oms_order (order_id, order_channel, customer_code, order_amount, discount_amount, pay_amount, order_status, province, city, district, detail_address, order_time) VALUES ($1, $2, $3, $4, $5, $6, $7, $8, $9, $10, $11, $12), 值数量: 1
INFO:app.core.database:连接数据库: 172.16.10.196:5432/db_house
INFO:app.core.database:批量执行SQL完成
INFO:app.services.data_generator:表 oms_order 已插入剩余 1 条记录并缓存主键值
INFO:app.services.data_generator:依赖表 oms_order 生成完成，记录数: 1
INFO:app.services.data_generator:开始为依赖表 oms_order_item 生成数据
INFO:app.core.database:批量执行SQL，查询: INSERT INTO oms_order_item (id, order_id, product_sku, product_name, quantity, price) VALUES ($1, $2, $3, $4, $5, $6), 值数量: 1
INFO:app.core.database:连接数据库: 172.16.10.196:5432/db_house
INFO:app.core.database:批量执行SQL完成
INFO:app.services.data_generator:表 oms_order_item 已插入剩余 1 条记录并缓存主键值
INFO:app.services.data_generator:依赖表 oms_order_item 生成完成，记录数: 1
INFO:app.services.data_generator:开始为依赖表 fms_financial_transaction 生成数据
INFO:app.core.database:批量执行SQL，查询: INSERT INTO fms_financial_transaction (transaction_id, order_id, payment_method, transaction_type, transaction_amount, transaction_status, transaction_time) VALUES ($1, $2, $3, $4, $5, $6, $7), 值数量: 1
INFO:app.core.database:连接数据库: 172.16.10.196:5432/db_house
INFO:app.core.database:批量执行SQL完成
INFO:app.services.data_generator:表 fms_financial_transaction 已插入剩余 1 条记录并缓存主键值
INFO:app.services.data_generator:依赖表 fms_financial_transaction 生成完成，记录数: 1
INFO:app.services.data_generator:开始为依赖表 lms_shipment 生成数据
INFO:app.core.database:批量执行SQL，查询: INSERT INTO lms_shipment (shipment_id, order_id, carrier, sender_address, receiver_info, current_status, shipping_time, estimated_delivery, actual_delivery) VALUES ($1, $2, $3, $4, $5, $6, $7, $8, $9), 值数量: 1
INFO:app.core.database:连接数据库: 172.16.10.196:5432/db_house
INFO:app.core.database:批量执行SQL完成
INFO:app.services.data_generator:表 lms_shipment 已插入剩余 1 条记录并缓存主键值
INFO:app.services.data_generator:依赖表 lms_shipment 生成完成，记录数: 1
INFO:app.services.data_generator:数据生成完成，总记录数: 7
INFO:app.services.data_generator:退出 generate_data_for_tables 方法
INFO:app.services.data_generator:开始 generate_data_for_tables 方法
INFO:app.services.data_generator:独立表（阶段1）: ['crawler_competitor_price', 'crm_customer', 'ext_market_trend']
INFO:app.services.data_generator:依赖表（阶段2）: ['oms_order', 'lms_shipment', 'fms_financial_transaction', 'oms_order_item']
INFO:app.services.data_generator:初始化数据库计数器
INFO:app.core.database:执行查询: SELECT MAX(id) FROM crawler_competitor_price, 参数: ()
INFO:app.core.database:连接数据库: 172.16.10.196:5432/db_house
INFO:app.core.database:查询执行成功
INFO:app.core.database:执行查询: SELECT MAX(id) FROM ext_market_trend, 参数: ()
INFO:app.core.database:连接数据库: 172.16.10.196:5432/db_house
INFO:app.core.database:查询执行成功
INFO:app.core.database:执行查询: SELECT MAX(id) FROM oms_order_item, 参数: ()
INFO:app.core.database:连接数据库: 172.16.10.196:5432/db_house
INFO:app.core.database:查询执行成功
INFO:app.services.data_generator:计数器初始化完成: {'crawler_competitor_price_id': 360987, 'ext_market_trend_id': 360987, 'oms_order_item_id': 361078}
INFO:app.services.data_generator:开始处理日期: 2025-10-21
INFO:app.services.data_generator:当天计划生成记录数: 1
INFO:app.services.data_generator:已清空外键缓存
INFO:app.services.data_generator:=== 阶段1：生成独立表 ===
INFO:app.services.data_generator:开始为独立表 crawler_competitor_price 生成数据
INFO:app.core.database:批量执行SQL，查询: INSERT INTO crawler_competitor_price (id, crawl_time, platform, competitor_name, product_name, product_sku, price, promotion_info, is_in_stock) VALUES ($1, $2, $3, $4, $5, $6, $7, $8, $9), 值数量: 1
INFO:app.core.database:连接数据库: 172.16.10.196:5432/db_house
INFO:app.core.database:批量执行SQL完成
INFO:app.services.data_generator:表 crawler_competitor_price 已插入剩余 1 条记录并缓存主键值
INFO:app.services.data_generator:独立表 crawler_competitor_price 生成完成，记录数: 1
INFO:app.services.data_generator:开始为独立表 crm_customer 生成数据
INFO:app.core.database:批量执行SQL，查询: INSERT INTO crm_customer (customer_id, name, gender, phone, email, birthday, address, create_time, update_time, is_deleted) VALUES ($1, $2, $3, $4, $5, $6, $7, $8, $9, $10), 值数量: 1
INFO:app.core.database:连接数据库: 172.16.10.196:5432/db_house
INFO:app.core.database:批量执行SQL完成
INFO:app.services.data_generator:表 crm_customer 已插入剩余 1 条记录并缓存主键值
INFO:app.services.data_generator:独立表 crm_customer 生成完成，记录数: 1
INFO:app.services.data_generator:开始为独立表 ext_market_trend 生成数据
INFO:app.core.database:批量执行SQL，查询: INSERT INTO ext_market_trend (id, period, region, category, market_size, growth_rate, data_source) VALUES ($1, $2, $3, $4, $5, $6, $7), 值数量: 1
INFO:app.core.database:连接数据库: 172.16.10.196:5432/db_house
INFO:app.core.database:批量执行SQL完成
INFO:app.services.data_generator:表 ext_market_trend 已插入剩余 1 条记录并缓存主键值
INFO:app.services.data_generator:独立表 ext_market_trend 生成完成，记录数: 1
INFO:app.services.data_generator:=== 阶段2：生成依赖表 ===
INFO:app.services.data_generator:表依赖排序结果: ['oms_order', 'oms_order_item', 'fms_financial_transaction', 'lms_shipment']
INFO:app.services.data_generator:排序后的依赖表: ['oms_order', 'oms_order_item', 'fms_financial_transaction', 'lms_shipment']
INFO:app.services.data_generator:开始为依赖表 oms_order 生成数据
INFO:app.core.database:批量执行SQL，查询: INSERT INTO oms_order (order_id, order_channel, customer_code, order_amount, discount_amount, pay_amount, order_status, province, city, district, detail_address, order_time) VALUES ($1, $2, $3, $4, $5, $6, $7, $8, $9, $10, $11, $12), 值数量: 1
INFO:app.core.database:连接数据库: 172.16.10.196:5432/db_house
INFO:app.core.database:批量执行SQL完成
INFO:app.services.data_generator:表 oms_order 已插入剩余 1 条记录并缓存主键值
INFO:app.services.data_generator:依赖表 oms_order 生成完成，记录数: 1
INFO:app.services.data_generator:开始为依赖表 oms_order_item 生成数据
INFO:app.core.database:批量执行SQL，查询: INSERT INTO oms_order_item (id, order_id, product_sku, product_name, quantity, price) VALUES ($1, $2, $3, $4, $5, $6), 值数量: 1
INFO:app.core.database:连接数据库: 172.16.10.196:5432/db_house
INFO:app.core.database:批量执行SQL完成
INFO:app.services.data_generator:表 oms_order_item 已插入剩余 1 条记录并缓存主键值
INFO:app.services.data_generator:依赖表 oms_order_item 生成完成，记录数: 1
INFO:app.services.data_generator:开始为依赖表 fms_financial_transaction 生成数据
INFO:app.core.database:批量执行SQL，查询: INSERT INTO fms_financial_transaction (transaction_id, order_id, payment_method, transaction_type, transaction_amount, transaction_status, transaction_time) VALUES ($1, $2, $3, $4, $5, $6, $7), 值数量: 1
INFO:app.core.database:连接数据库: 172.16.10.196:5432/db_house
INFO:app.core.database:批量执行SQL完成
INFO:app.services.data_generator:表 fms_financial_transaction 已插入剩余 1 条记录并缓存主键值
INFO:app.services.data_generator:依赖表 fms_financial_transaction 生成完成，记录数: 1
INFO:app.services.data_generator:开始为依赖表 lms_shipment 生成数据
INFO:app.core.database:批量执行SQL，查询: INSERT INTO lms_shipment (shipment_id, order_id, carrier, sender_address, receiver_info, current_status, shipping_time, estimated_delivery, actual_delivery) VALUES ($1, $2, $3, $4, $5, $6, $7, $8, $9), 值数量: 1
INFO:app.core.database:连接数据库: 172.16.10.196:5432/db_house
INFO:app.core.database:批量执行SQL完成
INFO:app.services.data_generator:表 lms_shipment 已插入剩余 1 条记录并缓存主键值
INFO:app.services.data_generator:依赖表 lms_shipment 生成完成，记录数: 1
INFO:app.services.data_generator:数据生成完成，总记录数: 7
INFO:app.services.data_generator:退出 generate_data_for_tables 方法
INFO:app.services.data_generator:开始 generate_data_for_tables 方法
INFO:app.services.data_generator:独立表（阶段1）: ['crawler_competitor_price', 'crm_customer', 'ext_market_trend']
INFO:app.services.data_generator:依赖表（阶段2）: ['oms_order', 'lms_shipment', 'fms_financial_transaction', 'oms_order_item']
INFO:app.services.data_generator:初始化数据库计数器
INFO:app.core.database:执行查询: SELECT MAX(id) FROM crawler_competitor_price, 参数: ()
INFO:app.core.database:连接数据库: 172.16.10.196:5432/db_house
INFO:app.core.database:查询执行成功
INFO:app.core.database:执行查询: SELECT MAX(id) FROM ext_market_trend, 参数: ()
INFO:app.core.database:连接数据库: 172.16.10.196:5432/db_house
INFO:app.core.database:查询执行成功
INFO:app.core.database:执行查询: SELECT MAX(id) FROM oms_order_item, 参数: ()
INFO:app.core.database:连接数据库: 172.16.10.196:5432/db_house
INFO:app.core.database:查询执行成功
INFO:app.services.data_generator:计数器初始化完成: {'crawler_competitor_price_id': 360988, 'ext_market_trend_id': 360988, 'oms_order_item_id': 361079}
INFO:app.services.data_generator:开始处理日期: 2025-10-21
INFO:app.services.data_generator:当天计划生成记录数: 1
INFO:app.services.data_generator:已清空外键缓存
INFO:app.services.data_generator:=== 阶段1：生成独立表 ===
INFO:app.services.data_generator:开始为独立表 crawler_competitor_price 生成数据
INFO:app.core.database:批量执行SQL，查询: INSERT INTO crawler_competitor_price (id, crawl_time, platform, competitor_name, product_name, product_sku, price, promotion_info, is_in_stock) VALUES ($1, $2, $3, $4, $5, $6, $7, $8, $9), 值数量: 1
INFO:app.core.database:连接数据库: 172.16.10.196:5432/db_house
INFO:app.core.database:批量执行SQL完成
INFO:app.services.data_generator:表 crawler_competitor_price 已插入剩余 1 条记录并缓存主键值
INFO:app.services.data_generator:独立表 crawler_competitor_price 生成完成，记录数: 1
INFO:app.services.data_generator:开始为独立表 crm_customer 生成数据
INFO:app.core.database:批量执行SQL，查询: INSERT INTO crm_customer (customer_id, name, gender, phone, email, birthday, address, create_time, update_time, is_deleted) VALUES ($1, $2, $3, $4, $5, $6, $7, $8, $9, $10), 值数量: 1
INFO:app.core.database:连接数据库: 172.16.10.196:5432/db_house
INFO:app.core.database:批量执行SQL完成
INFO:app.services.data_generator:表 crm_customer 已插入剩余 1 条记录并缓存主键值
INFO:app.services.data_generator:独立表 crm_customer 生成完成，记录数: 1
INFO:app.services.data_generator:开始为独立表 ext_market_trend 生成数据
INFO:app.core.database:批量执行SQL，查询: INSERT INTO ext_market_trend (id, period, region, category, market_size, growth_rate, data_source) VALUES ($1, $2, $3, $4, $5, $6, $7), 值数量: 1
INFO:app.core.database:连接数据库: 172.16.10.196:5432/db_house
INFO:app.core.database:批量执行SQL完成
INFO:app.services.data_generator:表 ext_market_trend 已插入剩余 1 条记录并缓存主键值
INFO:app.services.data_generator:独立表 ext_market_trend 生成完成，记录数: 1
INFO:app.services.data_generator:=== 阶段2：生成依赖表 ===
INFO:app.services.data_generator:表依赖排序结果: ['oms_order', 'oms_order_item', 'fms_financial_transaction', 'lms_shipment']
INFO:app.services.data_generator:排序后的依赖表: ['oms_order', 'oms_order_item', 'fms_financial_transaction', 'lms_shipment']
INFO:app.services.data_generator:开始为依赖表 oms_order 生成数据
INFO:app.core.database:批量执行SQL，查询: INSERT INTO oms_order (order_id, order_channel, customer_code, order_amount, discount_amount, pay_amount, order_status, province, city, district, detail_address, order_time) VALUES ($1, $2, $3, $4, $5, $6, $7, $8, $9, $10, $11, $12), 值数量: 1
INFO:app.core.database:连接数据库: 172.16.10.196:5432/db_house
INFO:app.core.database:批量执行SQL完成
INFO:app.services.data_generator:表 oms_order 已插入剩余 1 条记录并缓存主键值
INFO:app.services.data_generator:依赖表 oms_order 生成完成，记录数: 1
INFO:app.services.data_generator:开始为依赖表 oms_order_item 生成数据
INFO:app.core.database:批量执行SQL，查询: INSERT INTO oms_order_item (id, order_id, product_sku, product_name, quantity, price) VALUES ($1, $2, $3, $4, $5, $6), 值数量: 1
INFO:app.core.database:连接数据库: 172.16.10.196:5432/db_house
INFO:app.core.database:批量执行SQL完成
INFO:app.services.data_generator:表 oms_order_item 已插入剩余 1 条记录并缓存主键值
INFO:app.services.data_generator:依赖表 oms_order_item 生成完成，记录数: 1
INFO:app.services.data_generator:开始为依赖表 fms_financial_transaction 生成数据
INFO:app.core.database:批量执行SQL，查询: INSERT INTO fms_financial_transaction (transaction_id, order_id, payment_method, transaction_type, transaction_amount, transaction_status, transaction_time) VALUES ($1, $2, $3, $4, $5, $6, $7), 值数量: 1
INFO:app.core.database:连接数据库: 172.16.10.196:5432/db_house
INFO:app.core.database:批量执行SQL完成
INFO:app.services.data_generator:表 fms_financial_transaction 已插入剩余 1 条记录并缓存主键值
INFO:app.services.data_generator:依赖表 fms_financial_transaction 生成完成，记录数: 1
INFO:app.services.data_generator:开始为依赖表 lms_shipment 生成数据
INFO:app.core.database:批量执行SQL，查询: INSERT INTO lms_shipment (shipment_id, order_id, carrier, sender_address, receiver_info, current_status, shipping_time, estimated_delivery, actual_delivery) VALUES ($1, $2, $3, $4, $5, $6, $7, $8, $9), 值数量: 1
INFO:app.core.database:连接数据库: 172.16.10.196:5432/db_house
INFO:app.core.database:批量执行SQL完成
INFO:app.services.data_generator:表 lms_shipment 已插入剩余 1 条记录并缓存主键值
INFO:app.services.data_generator:依赖表 lms_shipment 生成完成，记录数: 1
INFO:app.services.data_generator:数据生成完成，总记录数: 7
INFO:app.services.data_generator:退出 generate_data_for_tables 方法
INFO:app.services.data_generator:开始 generate_data_for_tables 方法
INFO:app.services.data_generator:独立表（阶段1）: ['crawler_competitor_price', 'crm_customer', 'ext_market_trend']
INFO:app.services.data_generator:依赖表（阶段2）: ['oms_order', 'lms_shipment', 'fms_financial_transaction', 'oms_order_item']
INFO:app.services.data_generator:初始化数据库计数器
INFO:app.core.database:执行查询: SELECT MAX(id) FROM crawler_competitor_price, 参数: ()
INFO:app.core.database:连接数据库: 172.16.10.196:5432/db_house
INFO:app.core.database:查询执行成功
INFO:app.core.database:执行查询: SELECT MAX(id) FROM ext_market_trend, 参数: ()
INFO:app.core.database:连接数据库: 172.16.10.196:5432/db_house
INFO:app.core.database:查询执行成功
INFO:app.core.database:执行查询: SELECT MAX(id) FROM oms_order_item, 参数: ()
INFO:app.core.database:连接数据库: 172.16.10.196:5432/db_house
INFO:app.core.database:查询执行成功
INFO:app.services.data_generator:计数器初始化完成: {'crawler_competitor_price_id': 360989, 'ext_market_trend_id': 360989, 'oms_order_item_id': 361080}
INFO:app.services.data_generator:开始处理日期: 2025-10-21
INFO:app.services.data_generator:当天计划生成记录数: 1
INFO:app.services.data_generator:已清空外键缓存
INFO:app.services.data_generator:=== 阶段1：生成独立表 ===
INFO:app.services.data_generator:开始为独立表 crawler_competitor_price 生成数据
INFO:app.core.database:批量执行SQL，查询: INSERT INTO crawler_competitor_price (id, crawl_time, platform, competitor_name, product_name, product_sku, price, promotion_info, is_in_stock) VALUES ($1, $2, $3, $4, $5, $6, $7, $8, $9), 值数量: 1
INFO:app.core.database:连接数据库: 172.16.10.196:5432/db_house
INFO:app.core.database:批量执行SQL完成
INFO:app.services.data_generator:表 crawler_competitor_price 已插入剩余 1 条记录并缓存主键值
INFO:app.services.data_generator:独立表 crawler_competitor_price 生成完成，记录数: 1
INFO:app.services.data_generator:开始为独立表 crm_customer 生成数据
INFO:app.core.database:批量执行SQL，查询: INSERT INTO crm_customer (customer_id, name, gender, phone, email, birthday, address, create_time, update_time, is_deleted) VALUES ($1, $2, $3, $4, $5, $6, $7, $8, $9, $10), 值数量: 1
INFO:app.core.database:连接数据库: 172.16.10.196:5432/db_house
INFO:app.core.database:批量执行SQL完成
INFO:app.services.data_generator:表 crm_customer 已插入剩余 1 条记录并缓存主键值
INFO:app.services.data_generator:独立表 crm_customer 生成完成，记录数: 1
INFO:app.services.data_generator:开始为独立表 ext_market_trend 生成数据
INFO:app.core.database:批量执行SQL，查询: INSERT INTO ext_market_trend (id, period, region, category, market_size, growth_rate, data_source) VALUES ($1, $2, $3, $4, $5, $6, $7), 值数量: 1
INFO:app.core.database:连接数据库: 172.16.10.196:5432/db_house
INFO:app.core.database:批量执行SQL完成
INFO:app.services.data_generator:表 ext_market_trend 已插入剩余 1 条记录并缓存主键值
INFO:app.services.data_generator:独立表 ext_market_trend 生成完成，记录数: 1
INFO:app.services.data_generator:=== 阶段2：生成依赖表 ===
INFO:app.services.data_generator:表依赖排序结果: ['oms_order', 'oms_order_item', 'fms_financial_transaction', 'lms_shipment']
INFO:app.services.data_generator:排序后的依赖表: ['oms_order', 'oms_order_item', 'fms_financial_transaction', 'lms_shipment']
INFO:app.services.data_generator:开始为依赖表 oms_order 生成数据
INFO:app.core.database:批量执行SQL，查询: INSERT INTO oms_order (order_id, order_channel, customer_code, order_amount, discount_amount, pay_amount, order_status, province, city, district, detail_address, order_time) VALUES ($1, $2, $3, $4, $5, $6, $7, $8, $9, $10, $11, $12), 值数量: 1
INFO:app.core.database:连接数据库: 172.16.10.196:5432/db_house
INFO:app.core.database:批量执行SQL完成
INFO:app.services.data_generator:表 oms_order 已插入剩余 1 条记录并缓存主键值
INFO:app.services.data_generator:依赖表 oms_order 生成完成，记录数: 1
INFO:app.services.data_generator:开始为依赖表 oms_order_item 生成数据
INFO:app.core.database:批量执行SQL，查询: INSERT INTO oms_order_item (id, order_id, product_sku, product_name, quantity, price) VALUES ($1, $2, $3, $4, $5, $6), 值数量: 1
INFO:app.core.database:连接数据库: 172.16.10.196:5432/db_house
INFO:app.core.database:批量执行SQL完成
INFO:app.services.data_generator:表 oms_order_item 已插入剩余 1 条记录并缓存主键值
INFO:app.services.data_generator:依赖表 oms_order_item 生成完成，记录数: 1
INFO:app.services.data_generator:开始为依赖表 fms_financial_transaction 生成数据
INFO:app.core.database:批量执行SQL，查询: INSERT INTO fms_financial_transaction (transaction_id, order_id, payment_method, transaction_type, transaction_amount, transaction_status, transaction_time) VALUES ($1, $2, $3, $4, $5, $6, $7), 值数量: 1
INFO:app.core.database:连接数据库: 172.16.10.196:5432/db_house
INFO:app.core.database:批量执行SQL完成
INFO:app.services.data_generator:表 fms_financial_transaction 已插入剩余 1 条记录并缓存主键值
INFO:app.services.data_generator:依赖表 fms_financial_transaction 生成完成，记录数: 1
INFO:app.services.data_generator:开始为依赖表 lms_shipment 生成数据
INFO:app.core.database:批量执行SQL，查询: INSERT INTO lms_shipment (shipment_id, order_id, carrier, sender_address, receiver_info, current_status, shipping_time, estimated_delivery, actual_delivery) VALUES ($1, $2, $3, $4, $5, $6, $7, $8, $9), 值数量: 1
INFO:app.core.database:连接数据库: 172.16.10.196:5432/db_house
INFO:app.core.database:批量执行SQL完成
INFO:app.services.data_generator:表 lms_shipment 已插入剩余 1 条记录并缓存主键值
INFO:app.services.data_generator:依赖表 lms_shipment 生成完成，记录数: 1
INFO:app.services.data_generator:数据生成完成，总记录数: 7
INFO:app.services.data_generator:退出 generate_data_for_tables 方法
INFO:app.services.data_generator:开始 generate_data_for_tables 方法
INFO:app.services.data_generator:独立表（阶段1）: ['crawler_competitor_price', 'crm_customer', 'ext_market_trend']
INFO:app.services.data_generator:依赖表（阶段2）: ['oms_order', 'lms_shipment', 'fms_financial_transaction', 'oms_order_item']
INFO:app.services.data_generator:初始化数据库计数器
INFO:app.core.database:执行查询: SELECT MAX(id) FROM crawler_competitor_price, 参数: ()
INFO:app.core.database:连接数据库: 172.16.10.196:5432/db_house
INFO:app.core.database:查询执行成功
INFO:app.core.database:执行查询: SELECT MAX(id) FROM ext_market_trend, 参数: ()
INFO:app.core.database:连接数据库: 172.16.10.196:5432/db_house
INFO:app.core.database:查询执行成功
INFO:app.core.database:执行查询: SELECT MAX(id) FROM oms_order_item, 参数: ()
INFO:app.core.database:连接数据库: 172.16.10.196:5432/db_house
INFO:app.core.database:查询执行成功
INFO:app.services.data_generator:计数器初始化完成: {'crawler_competitor_price_id': 360990, 'ext_market_trend_id': 360990, 'oms_order_item_id': 361081}
INFO:app.services.data_generator:开始处理日期: 2025-10-21
INFO:app.services.data_generator:当天计划生成记录数: 1
INFO:app.services.data_generator:已清空外键缓存
INFO:app.services.data_generator:=== 阶段1：生成独立表 ===
INFO:app.services.data_generator:开始为独立表 crawler_competitor_price 生成数据
INFO:app.core.database:批量执行SQL，查询: INSERT INTO crawler_competitor_price (id, crawl_time, platform, competitor_name, product_name, product_sku, price, promotion_info, is_in_stock) VALUES ($1, $2, $3, $4, $5, $6, $7, $8, $9), 值数量: 1
INFO:app.core.database:连接数据库: 172.16.10.196:5432/db_house
INFO:app.core.database:批量执行SQL完成
INFO:app.services.data_generator:表 crawler_competitor_price 已插入剩余 1 条记录并缓存主键值
INFO:app.services.data_generator:独立表 crawler_competitor_price 生成完成，记录数: 1
INFO:app.services.data_generator:开始为独立表 crm_customer 生成数据
INFO:app.core.database:批量执行SQL，查询: INSERT INTO crm_customer (customer_id, name, gender, phone, email, birthday, address, create_time, update_time, is_deleted) VALUES ($1, $2, $3, $4, $5, $6, $7, $8, $9, $10), 值数量: 1
INFO:app.core.database:连接数据库: 172.16.10.196:5432/db_house
INFO:app.core.database:批量执行SQL完成
INFO:app.services.data_generator:表 crm_customer 已插入剩余 1 条记录并缓存主键值
INFO:app.services.data_generator:独立表 crm_customer 生成完成，记录数: 1
INFO:app.services.data_generator:开始为独立表 ext_market_trend 生成数据
INFO:app.core.database:批量执行SQL，查询: INSERT INTO ext_market_trend (id, period, region, category, market_size, growth_rate, data_source) VALUES ($1, $2, $3, $4, $5, $6, $7), 值数量: 1
INFO:app.core.database:连接数据库: 172.16.10.196:5432/db_house
INFO:app.core.database:批量执行SQL完成
INFO:app.services.data_generator:表 ext_market_trend 已插入剩余 1 条记录并缓存主键值
INFO:app.services.data_generator:独立表 ext_market_trend 生成完成，记录数: 1
INFO:app.services.data_generator:=== 阶段2：生成依赖表 ===
INFO:app.services.data_generator:表依赖排序结果: ['oms_order', 'oms_order_item', 'fms_financial_transaction', 'lms_shipment']
INFO:app.services.data_generator:排序后的依赖表: ['oms_order', 'oms_order_item', 'fms_financial_transaction', 'lms_shipment']
INFO:app.services.data_generator:开始为依赖表 oms_order 生成数据
INFO:app.core.database:批量执行SQL，查询: INSERT INTO oms_order (order_id, order_channel, customer_code, order_amount, discount_amount, pay_amount, order_status, province, city, district, detail_address, order_time) VALUES ($1, $2, $3, $4, $5, $6, $7, $8, $9, $10, $11, $12), 值数量: 1
INFO:app.core.database:连接数据库: 172.16.10.196:5432/db_house
INFO:app.core.database:批量执行SQL完成
INFO:app.services.data_generator:表 oms_order 已插入剩余 1 条记录并缓存主键值
INFO:app.services.data_generator:依赖表 oms_order 生成完成，记录数: 1
INFO:app.services.data_generator:开始为依赖表 oms_order_item 生成数据
INFO:app.core.database:批量执行SQL，查询: INSERT INTO oms_order_item (id, order_id, product_sku, product_name, quantity, price) VALUES ($1, $2, $3, $4, $5, $6), 值数量: 1
INFO:app.core.database:连接数据库: 172.16.10.196:5432/db_house
INFO:app.core.database:批量执行SQL完成
INFO:app.services.data_generator:表 oms_order_item 已插入剩余 1 条记录并缓存主键值
INFO:app.services.data_generator:依赖表 oms_order_item 生成完成，记录数: 1
INFO:app.services.data_generator:开始为依赖表 fms_financial_transaction 生成数据
INFO:app.core.database:批量执行SQL，查询: INSERT INTO fms_financial_transaction (transaction_id, order_id, payment_method, transaction_type, transaction_amount, transaction_status, transaction_time) VALUES ($1, $2, $3, $4, $5, $6, $7), 值数量: 1
INFO:app.core.database:连接数据库: 172.16.10.196:5432/db_house
INFO:app.core.database:批量执行SQL完成
INFO:app.services.data_generator:表 fms_financial_transaction 已插入剩余 1 条记录并缓存主键值
INFO:app.services.data_generator:依赖表 fms_financial_transaction 生成完成，记录数: 1
INFO:app.services.data_generator:开始为依赖表 lms_shipment 生成数据
INFO:app.core.database:批量执行SQL，查询: INSERT INTO lms_shipment (shipment_id, order_id, carrier, sender_address, receiver_info, current_status, shipping_time, estimated_delivery, actual_delivery) VALUES ($1, $2, $3, $4, $5, $6, $7, $8, $9), 值数量: 1
INFO:app.core.database:连接数据库: 172.16.10.196:5432/db_house
INFO:app.core.database:批量执行SQL完成
INFO:app.services.data_generator:表 lms_shipment 已插入剩余 1 条记录并缓存主键值
INFO:app.services.data_generator:依赖表 lms_shipment 生成完成，记录数: 1
INFO:app.services.data_generator:数据生成完成，总记录数: 7
INFO:app.services.data_generator:退出 generate_data_for_tables 方法
INFO:app.services.data_generator:开始 generate_data_for_tables 方法
INFO:app.services.data_generator:独立表（阶段1）: ['crawler_competitor_price', 'crm_customer', 'ext_market_trend']
INFO:app.services.data_generator:依赖表（阶段2）: ['oms_order', 'lms_shipment', 'fms_financial_transaction', 'oms_order_item']
INFO:app.services.data_generator:初始化数据库计数器
INFO:app.core.database:执行查询: SELECT MAX(id) FROM crawler_competitor_price, 参数: ()
INFO:app.core.database:连接数据库: 172.16.10.196:5432/db_house
INFO:app.core.database:查询执行成功
INFO:app.core.database:执行查询: SELECT MAX(id) FROM ext_market_trend, 参数: ()
INFO:app.core.database:连接数据库: 172.16.10.196:5432/db_house
INFO:app.core.database:查询执行成功
INFO:app.core.database:执行查询: SELECT MAX(id) FROM oms_order_item, 参数: ()
INFO:app.core.database:连接数据库: 172.16.10.196:5432/db_house
INFO:app.core.database:查询执行成功
INFO:app.services.data_generator:计数器初始化完成: {'crawler_competitor_price_id': 360991, 'ext_market_trend_id': 360991, 'oms_order_item_id': 361082}
INFO:app.services.data_generator:开始处理日期: 2025-10-21
INFO:app.services.data_generator:当天计划生成记录数: 1
INFO:app.services.data_generator:已清空外键缓存
INFO:app.services.data_generator:=== 阶段1：生成独立表 ===
INFO:app.services.data_generator:开始为独立表 crawler_competitor_price 生成数据
INFO:app.core.database:批量执行SQL，查询: INSERT INTO crawler_competitor_price (id, crawl_time, platform, competitor_name, product_name, product_sku, price, promotion_info, is_in_stock) VALUES ($1, $2, $3, $4, $5, $6, $7, $8, $9), 值数量: 1
INFO:app.core.database:连接数据库: 172.16.10.196:5432/db_house
INFO:app.core.database:批量执行SQL完成
INFO:app.services.data_generator:表 crawler_competitor_price 已插入剩余 1 条记录并缓存主键值
INFO:app.services.data_generator:独立表 crawler_competitor_price 生成完成，记录数: 1
INFO:app.services.data_generator:开始为独立表 crm_customer 生成数据
INFO:app.core.database:批量执行SQL，查询: INSERT INTO crm_customer (customer_id, name, gender, phone, email, birthday, address, create_time, update_time, is_deleted) VALUES ($1, $2, $3, $4, $5, $6, $7, $8, $9, $10), 值数量: 1
INFO:app.core.database:连接数据库: 172.16.10.196:5432/db_house
INFO:app.core.database:批量执行SQL完成
INFO:app.services.data_generator:表 crm_customer 已插入剩余 1 条记录并缓存主键值
INFO:app.services.data_generator:独立表 crm_customer 生成完成，记录数: 1
INFO:app.services.data_generator:开始为独立表 ext_market_trend 生成数据
INFO:app.core.database:批量执行SQL，查询: INSERT INTO ext_market_trend (id, period, region, category, market_size, growth_rate, data_source) VALUES ($1, $2, $3, $4, $5, $6, $7), 值数量: 1
INFO:app.core.database:连接数据库: 172.16.10.196:5432/db_house
INFO:app.core.database:批量执行SQL完成
INFO:app.services.data_generator:表 ext_market_trend 已插入剩余 1 条记录并缓存主键值
INFO:app.services.data_generator:独立表 ext_market_trend 生成完成，记录数: 1
INFO:app.services.data_generator:=== 阶段2：生成依赖表 ===
INFO:app.services.data_generator:表依赖排序结果: ['oms_order', 'oms_order_item', 'fms_financial_transaction', 'lms_shipment']
INFO:app.services.data_generator:排序后的依赖表: ['oms_order', 'oms_order_item', 'fms_financial_transaction', 'lms_shipment']
INFO:app.services.data_generator:开始为依赖表 oms_order 生成数据
INFO:app.core.database:批量执行SQL，查询: INSERT INTO oms_order (order_id, order_channel, customer_code, order_amount, discount_amount, pay_amount, order_status, province, city, district, detail_address, order_time) VALUES ($1, $2, $3, $4, $5, $6, $7, $8, $9, $10, $11, $12), 值数量: 1
INFO:app.core.database:连接数据库: 172.16.10.196:5432/db_house
INFO:app.core.database:批量执行SQL完成
INFO:app.services.data_generator:表 oms_order 已插入剩余 1 条记录并缓存主键值
INFO:app.services.data_generator:依赖表 oms_order 生成完成，记录数: 1
INFO:app.services.data_generator:开始为依赖表 oms_order_item 生成数据
INFO:app.core.database:批量执行SQL，查询: INSERT INTO oms_order_item (id, order_id, product_sku, product_name, quantity, price) VALUES ($1, $2, $3, $4, $5, $6), 值数量: 1
INFO:app.core.database:连接数据库: 172.16.10.196:5432/db_house
INFO:app.core.database:批量执行SQL完成
INFO:app.services.data_generator:表 oms_order_item 已插入剩余 1 条记录并缓存主键值
INFO:app.services.data_generator:依赖表 oms_order_item 生成完成，记录数: 1
INFO:app.services.data_generator:开始为依赖表 fms_financial_transaction 生成数据
INFO:app.core.database:批量执行SQL，查询: INSERT INTO fms_financial_transaction (transaction_id, order_id, payment_method, transaction_type, transaction_amount, transaction_status, transaction_time) VALUES ($1, $2, $3, $4, $5, $6, $7), 值数量: 1
INFO:app.core.database:连接数据库: 172.16.10.196:5432/db_house
INFO:app.core.database:批量执行SQL完成
INFO:app.services.data_generator:表 fms_financial_transaction 已插入剩余 1 条记录并缓存主键值
INFO:app.services.data_generator:依赖表 fms_financial_transaction 生成完成，记录数: 1
INFO:app.services.data_generator:开始为依赖表 lms_shipment 生成数据
INFO:app.core.database:批量执行SQL，查询: INSERT INTO lms_shipment (shipment_id, order_id, carrier, sender_address, receiver_info, current_status, shipping_time, estimated_delivery, actual_delivery) VALUES ($1, $2, $3, $4, $5, $6, $7, $8, $9), 值数量: 1
INFO:app.core.database:连接数据库: 172.16.10.196:5432/db_house
INFO:app.core.database:批量执行SQL完成
INFO:app.services.data_generator:表 lms_shipment 已插入剩余 1 条记录并缓存主键值
INFO:app.services.data_generator:依赖表 lms_shipment 生成完成，记录数: 1
INFO:app.services.data_generator:数据生成完成，总记录数: 7
INFO:app.services.data_generator:退出 generate_data_for_tables 方法
INFO:app.services.data_generator:开始 generate_data_for_tables 方法
INFO:app.services.data_generator:独立表（阶段1）: ['crawler_competitor_price', 'crm_customer', 'ext_market_trend']
INFO:app.services.data_generator:依赖表（阶段2）: ['oms_order', 'lms_shipment', 'fms_financial_transaction', 'oms_order_item']
INFO:app.services.data_generator:初始化数据库计数器
INFO:app.core.database:执行查询: SELECT MAX(id) FROM crawler_competitor_price, 参数: ()
INFO:app.core.database:连接数据库: 172.16.10.196:5432/db_house
INFO:app.core.database:查询执行成功
INFO:app.core.database:执行查询: SELECT MAX(id) FROM ext_market_trend, 参数: ()
INFO:app.core.database:连接数据库: 172.16.10.196:5432/db_house
INFO:app.core.database:查询执行成功
INFO:app.core.database:执行查询: SELECT MAX(id) FROM oms_order_item, 参数: ()
INFO:app.core.database:连接数据库: 172.16.10.196:5432/db_house
INFO:app.core.database:查询执行成功
INFO:app.services.data_generator:计数器初始化完成: {'crawler_competitor_price_id': 360992, 'ext_market_trend_id': 360992, 'oms_order_item_id': 361083}
INFO:app.services.data_generator:开始处理日期: 2025-10-21
INFO:app.services.data_generator:当天计划生成记录数: 1
INFO:app.services.data_generator:已清空外键缓存
INFO:app.services.data_generator:=== 阶段1：生成独立表 ===
INFO:app.services.data_generator:开始为独立表 crawler_competitor_price 生成数据
INFO:app.core.database:批量执行SQL，查询: INSERT INTO crawler_competitor_price (id, crawl_time, platform, competitor_name, product_name, product_sku, price, promotion_info, is_in_stock) VALUES ($1, $2, $3, $4, $5, $6, $7, $8, $9), 值数量: 1
INFO:app.core.database:连接数据库: 172.16.10.196:5432/db_house
INFO:app.core.database:批量执行SQL完成
INFO:app.services.data_generator:表 crawler_competitor_price 已插入剩余 1 条记录并缓存主键值
INFO:app.services.data_generator:独立表 crawler_competitor_price 生成完成，记录数: 1
INFO:app.services.data_generator:开始为独立表 crm_customer 生成数据
INFO:app.core.database:批量执行SQL，查询: INSERT INTO crm_customer (customer_id, name, gender, phone, email, birthday, address, create_time, update_time, is_deleted) VALUES ($1, $2, $3, $4, $5, $6, $7, $8, $9, $10), 值数量: 1
INFO:app.core.database:连接数据库: 172.16.10.196:5432/db_house
INFO:app.core.database:批量执行SQL完成
INFO:app.services.data_generator:表 crm_customer 已插入剩余 1 条记录并缓存主键值
INFO:app.services.data_generator:独立表 crm_customer 生成完成，记录数: 1
INFO:app.services.data_generator:开始为独立表 ext_market_trend 生成数据
INFO:app.core.database:批量执行SQL，查询: INSERT INTO ext_market_trend (id, period, region, category, market_size, growth_rate, data_source) VALUES ($1, $2, $3, $4, $5, $6, $7), 值数量: 1
INFO:app.core.database:连接数据库: 172.16.10.196:5432/db_house
INFO:app.core.database:批量执行SQL完成
INFO:app.services.data_generator:表 ext_market_trend 已插入剩余 1 条记录并缓存主键值
INFO:app.services.data_generator:独立表 ext_market_trend 生成完成，记录数: 1
INFO:app.services.data_generator:=== 阶段2：生成依赖表 ===
INFO:app.services.data_generator:表依赖排序结果: ['oms_order', 'oms_order_item', 'fms_financial_transaction', 'lms_shipment']
INFO:app.services.data_generator:排序后的依赖表: ['oms_order', 'oms_order_item', 'fms_financial_transaction', 'lms_shipment']
INFO:app.services.data_generator:开始为依赖表 oms_order 生成数据
INFO:app.core.database:批量执行SQL，查询: INSERT INTO oms_order (order_id, order_channel, customer_code, order_amount, discount_amount, pay_amount, order_status, province, city, district, detail_address, order_time) VALUES ($1, $2, $3, $4, $5, $6, $7, $8, $9, $10, $11, $12), 值数量: 1
INFO:app.core.database:连接数据库: 172.16.10.196:5432/db_house
INFO:app.core.database:批量执行SQL完成
INFO:app.services.data_generator:表 oms_order 已插入剩余 1 条记录并缓存主键值
INFO:app.services.data_generator:依赖表 oms_order 生成完成，记录数: 1
INFO:app.services.data_generator:开始为依赖表 oms_order_item 生成数据
INFO:app.core.database:批量执行SQL，查询: INSERT INTO oms_order_item (id, order_id, product_sku, product_name, quantity, price) VALUES ($1, $2, $3, $4, $5, $6), 值数量: 1
INFO:app.core.database:连接数据库: 172.16.10.196:5432/db_house
INFO:app.core.database:批量执行SQL完成
INFO:app.services.data_generator:表 oms_order_item 已插入剩余 1 条记录并缓存主键值
INFO:app.services.data_generator:依赖表 oms_order_item 生成完成，记录数: 1
INFO:app.services.data_generator:开始为依赖表 fms_financial_transaction 生成数据
INFO:app.core.database:批量执行SQL，查询: INSERT INTO fms_financial_transaction (transaction_id, order_id, payment_method, transaction_type, transaction_amount, transaction_status, transaction_time) VALUES ($1, $2, $3, $4, $5, $6, $7), 值数量: 1
INFO:app.core.database:连接数据库: 172.16.10.196:5432/db_house
INFO:app.core.database:批量执行SQL完成
INFO:app.services.data_generator:表 fms_financial_transaction 已插入剩余 1 条记录并缓存主键值
INFO:app.services.data_generator:依赖表 fms_financial_transaction 生成完成，记录数: 1
INFO:app.services.data_generator:开始为依赖表 lms_shipment 生成数据
INFO:app.core.database:批量执行SQL，查询: INSERT INTO lms_shipment (shipment_id, order_id, carrier, sender_address, receiver_info, current_status, shipping_time, estimated_delivery, actual_delivery) VALUES ($1, $2, $3, $4, $5, $6, $7, $8, $9), 值数量: 1
INFO:app.core.database:连接数据库: 172.16.10.196:5432/db_house
INFO:app.core.database:批量执行SQL完成
INFO:app.services.data_generator:表 lms_shipment 已插入剩余 1 条记录并缓存主键值
INFO:app.services.data_generator:依赖表 lms_shipment 生成完成，记录数: 1
INFO:app.services.data_generator:数据生成完成，总记录数: 7
INFO:app.services.data_generator:退出 generate_data_for_tables 方法
INFO:app.services.data_generator:开始 generate_data_for_tables 方法
INFO:app.services.data_generator:独立表（阶段1）: ['crawler_competitor_price', 'crm_customer', 'ext_market_trend']
INFO:app.services.data_generator:依赖表（阶段2）: ['oms_order', 'lms_shipment', 'fms_financial_transaction', 'oms_order_item']
INFO:app.services.data_generator:初始化数据库计数器
INFO:app.core.database:执行查询: SELECT MAX(id) FROM crawler_competitor_price, 参数: ()
INFO:app.core.database:连接数据库: 172.16.10.196:5432/db_house
INFO:app.core.database:查询执行成功
INFO:app.core.database:执行查询: SELECT MAX(id) FROM ext_market_trend, 参数: ()
INFO:app.core.database:连接数据库: 172.16.10.196:5432/db_house
INFO:app.core.database:查询执行成功
INFO:app.core.database:执行查询: SELECT MAX(id) FROM oms_order_item, 参数: ()
INFO:app.core.database:连接数据库: 172.16.10.196:5432/db_house
INFO:app.core.database:查询执行成功
INFO:app.services.data_generator:计数器初始化完成: {'crawler_competitor_price_id': 360993, 'ext_market_trend_id': 360993, 'oms_order_item_id': 361084}
INFO:app.services.data_generator:开始处理日期: 2025-10-21
INFO:app.services.data_generator:当天计划生成记录数: 1
INFO:app.services.data_generator:已清空外键缓存
INFO:app.services.data_generator:=== 阶段1：生成独立表 ===
INFO:app.services.data_generator:开始为独立表 crawler_competitor_price 生成数据
INFO:app.core.database:批量执行SQL，查询: INSERT INTO crawler_competitor_price (id, crawl_time, platform, competitor_name, product_name, product_sku, price, promotion_info, is_in_stock) VALUES ($1, $2, $3, $4, $5, $6, $7, $8, $9), 值数量: 1
INFO:app.core.database:连接数据库: 172.16.10.196:5432/db_house
INFO:app.core.database:批量执行SQL完成
INFO:app.services.data_generator:表 crawler_competitor_price 已插入剩余 1 条记录并缓存主键值
INFO:app.services.data_generator:独立表 crawler_competitor_price 生成完成，记录数: 1
INFO:app.services.data_generator:开始为独立表 crm_customer 生成数据
INFO:app.core.database:批量执行SQL，查询: INSERT INTO crm_customer (customer_id, name, gender, phone, email, birthday, address, create_time, update_time, is_deleted) VALUES ($1, $2, $3, $4, $5, $6, $7, $8, $9, $10), 值数量: 1
INFO:app.core.database:连接数据库: 172.16.10.196:5432/db_house
INFO:app.core.database:批量执行SQL完成
INFO:app.services.data_generator:表 crm_customer 已插入剩余 1 条记录并缓存主键值
INFO:app.services.data_generator:独立表 crm_customer 生成完成，记录数: 1
INFO:app.services.data_generator:开始为独立表 ext_market_trend 生成数据
INFO:app.core.database:批量执行SQL，查询: INSERT INTO ext_market_trend (id, period, region, category, market_size, growth_rate, data_source) VALUES ($1, $2, $3, $4, $5, $6, $7), 值数量: 1
INFO:app.core.database:连接数据库: 172.16.10.196:5432/db_house
INFO:app.core.database:批量执行SQL完成
INFO:app.services.data_generator:表 ext_market_trend 已插入剩余 1 条记录并缓存主键值
INFO:app.services.data_generator:独立表 ext_market_trend 生成完成，记录数: 1
INFO:app.services.data_generator:=== 阶段2：生成依赖表 ===
INFO:app.services.data_generator:表依赖排序结果: ['oms_order', 'oms_order_item', 'fms_financial_transaction', 'lms_shipment']
INFO:app.services.data_generator:排序后的依赖表: ['oms_order', 'oms_order_item', 'fms_financial_transaction', 'lms_shipment']
INFO:app.services.data_generator:开始为依赖表 oms_order 生成数据
INFO:app.core.database:批量执行SQL，查询: INSERT INTO oms_order (order_id, order_channel, customer_code, order_amount, discount_amount, pay_amount, order_status, province, city, district, detail_address, order_time) VALUES ($1, $2, $3, $4, $5, $6, $7, $8, $9, $10, $11, $12), 值数量: 1
INFO:app.core.database:连接数据库: 172.16.10.196:5432/db_house
INFO:app.core.database:批量执行SQL完成
INFO:app.services.data_generator:表 oms_order 已插入剩余 1 条记录并缓存主键值
INFO:app.services.data_generator:依赖表 oms_order 生成完成，记录数: 1
INFO:app.services.data_generator:开始为依赖表 oms_order_item 生成数据
INFO:app.core.database:批量执行SQL，查询: INSERT INTO oms_order_item (id, order_id, product_sku, product_name, quantity, price) VALUES ($1, $2, $3, $4, $5, $6), 值数量: 1
INFO:app.core.database:连接数据库: 172.16.10.196:5432/db_house
INFO:app.core.database:批量执行SQL完成
INFO:app.services.data_generator:表 oms_order_item 已插入剩余 1 条记录并缓存主键值
INFO:app.services.data_generator:依赖表 oms_order_item 生成完成，记录数: 1
INFO:app.services.data_generator:开始为依赖表 fms_financial_transaction 生成数据
INFO:app.core.database:批量执行SQL，查询: INSERT INTO fms_financial_transaction (transaction_id, order_id, payment_method, transaction_type, transaction_amount, transaction_status, transaction_time) VALUES ($1, $2, $3, $4, $5, $6, $7), 值数量: 1
INFO:app.core.database:连接数据库: 172.16.10.196:5432/db_house
INFO:app.core.database:批量执行SQL完成
INFO:app.services.data_generator:表 fms_financial_transaction 已插入剩余 1 条记录并缓存主键值
INFO:app.services.data_generator:依赖表 fms_financial_transaction 生成完成，记录数: 1
INFO:app.services.data_generator:开始为依赖表 lms_shipment 生成数据
INFO:app.core.database:批量执行SQL，查询: INSERT INTO lms_shipment (shipment_id, order_id, carrier, sender_address, receiver_info, current_status, shipping_time, estimated_delivery, actual_delivery) VALUES ($1, $2, $3, $4, $5, $6, $7, $8, $9), 值数量: 1
INFO:app.core.database:连接数据库: 172.16.10.196:5432/db_house
INFO:app.core.database:批量执行SQL完成
INFO:app.services.data_generator:表 lms_shipment 已插入剩余 1 条记录并缓存主键值
INFO:app.services.data_generator:依赖表 lms_shipment 生成完成，记录数: 1
INFO:app.services.data_generator:数据生成完成，总记录数: 7
INFO:app.services.data_generator:退出 generate_data_for_tables 方法
INFO:app.services.data_generator:开始 generate_data_for_tables 方法
INFO:app.services.data_generator:独立表（阶段1）: ['crawler_competitor_price', 'crm_customer', 'ext_market_trend']
INFO:app.services.data_generator:依赖表（阶段2）: ['oms_order', 'lms_shipment', 'fms_financial_transaction', 'oms_order_item']
INFO:app.services.data_generator:初始化数据库计数器
INFO:app.core.database:执行查询: SELECT MAX(id) FROM crawler_competitor_price, 参数: ()
INFO:app.core.database:连接数据库: 172.16.10.196:5432/db_house
INFO:app.core.database:查询执行成功
INFO:app.core.database:执行查询: SELECT MAX(id) FROM ext_market_trend, 参数: ()
INFO:app.core.database:连接数据库: 172.16.10.196:5432/db_house
INFO:app.core.database:查询执行成功
INFO:app.core.database:执行查询: SELECT MAX(id) FROM oms_order_item, 参数: ()
INFO:app.core.database:连接数据库: 172.16.10.196:5432/db_house
INFO:app.core.database:查询执行成功
INFO:app.services.data_generator:计数器初始化完成: {'crawler_competitor_price_id': 360994, 'ext_market_trend_id': 360994, 'oms_order_item_id': 361085}
INFO:app.services.data_generator:开始处理日期: 2025-10-21
INFO:app.services.data_generator:当天计划生成记录数: 1
INFO:app.services.data_generator:已清空外键缓存
INFO:app.services.data_generator:=== 阶段1：生成独立表 ===
INFO:app.services.data_generator:开始为独立表 crawler_competitor_price 生成数据
INFO:app.core.database:批量执行SQL，查询: INSERT INTO crawler_competitor_price (id, crawl_time, platform, competitor_name, product_name, product_sku, price, promotion_info, is_in_stock) VALUES ($1, $2, $3, $4, $5, $6, $7, $8, $9), 值数量: 1
INFO:app.core.database:连接数据库: 172.16.10.196:5432/db_house
INFO:app.core.database:批量执行SQL完成
INFO:app.services.data_generator:表 crawler_competitor_price 已插入剩余 1 条记录并缓存主键值
INFO:app.services.data_generator:独立表 crawler_competitor_price 生成完成，记录数: 1
INFO:app.services.data_generator:开始为独立表 crm_customer 生成数据
INFO:app.core.database:批量执行SQL，查询: INSERT INTO crm_customer (customer_id, name, gender, phone, email, birthday, address, create_time, update_time, is_deleted) VALUES ($1, $2, $3, $4, $5, $6, $7, $8, $9, $10), 值数量: 1
INFO:app.core.database:连接数据库: 172.16.10.196:5432/db_house
INFO:app.core.database:批量执行SQL完成
INFO:app.services.data_generator:表 crm_customer 已插入剩余 1 条记录并缓存主键值
INFO:app.services.data_generator:独立表 crm_customer 生成完成，记录数: 1
INFO:app.services.data_generator:开始为独立表 ext_market_trend 生成数据
INFO:app.core.database:批量执行SQL，查询: INSERT INTO ext_market_trend (id, period, region, category, market_size, growth_rate, data_source) VALUES ($1, $2, $3, $4, $5, $6, $7), 值数量: 1
INFO:app.core.database:连接数据库: 172.16.10.196:5432/db_house
INFO:app.core.database:批量执行SQL完成
INFO:app.services.data_generator:表 ext_market_trend 已插入剩余 1 条记录并缓存主键值
INFO:app.services.data_generator:独立表 ext_market_trend 生成完成，记录数: 1
INFO:app.services.data_generator:=== 阶段2：生成依赖表 ===
INFO:app.services.data_generator:表依赖排序结果: ['oms_order', 'oms_order_item', 'fms_financial_transaction', 'lms_shipment']
INFO:app.services.data_generator:排序后的依赖表: ['oms_order', 'oms_order_item', 'fms_financial_transaction', 'lms_shipment']
INFO:app.services.data_generator:开始为依赖表 oms_order 生成数据
INFO:app.core.database:批量执行SQL，查询: INSERT INTO oms_order (order_id, order_channel, customer_code, order_amount, discount_amount, pay_amount, order_status, province, city, district, detail_address, order_time) VALUES ($1, $2, $3, $4, $5, $6, $7, $8, $9, $10, $11, $12), 值数量: 1
INFO:app.core.database:连接数据库: 172.16.10.196:5432/db_house
INFO:app.core.database:批量执行SQL完成
INFO:app.services.data_generator:表 oms_order 已插入剩余 1 条记录并缓存主键值
INFO:app.services.data_generator:依赖表 oms_order 生成完成，记录数: 1
INFO:app.services.data_generator:开始为依赖表 oms_order_item 生成数据
INFO:app.core.database:批量执行SQL，查询: INSERT INTO oms_order_item (id, order_id, product_sku, product_name, quantity, price) VALUES ($1, $2, $3, $4, $5, $6), 值数量: 1
INFO:app.core.database:连接数据库: 172.16.10.196:5432/db_house
INFO:app.core.database:批量执行SQL完成
INFO:app.services.data_generator:表 oms_order_item 已插入剩余 1 条记录并缓存主键值
INFO:app.services.data_generator:依赖表 oms_order_item 生成完成，记录数: 1
INFO:app.services.data_generator:开始为依赖表 fms_financial_transaction 生成数据
INFO:app.core.database:批量执行SQL，查询: INSERT INTO fms_financial_transaction (transaction_id, order_id, payment_method, transaction_type, transaction_amount, transaction_status, transaction_time) VALUES ($1, $2, $3, $4, $5, $6, $7), 值数量: 1
INFO:app.core.database:连接数据库: 172.16.10.196:5432/db_house
INFO:app.core.database:批量执行SQL完成
INFO:app.services.data_generator:表 fms_financial_transaction 已插入剩余 1 条记录并缓存主键值
INFO:app.services.data_generator:依赖表 fms_financial_transaction 生成完成，记录数: 1
INFO:app.services.data_generator:开始为依赖表 lms_shipment 生成数据
INFO:app.core.database:批量执行SQL，查询: INSERT INTO lms_shipment (shipment_id, order_id, carrier, sender_address, receiver_info, current_status, shipping_time, estimated_delivery, actual_delivery) VALUES ($1, $2, $3, $4, $5, $6, $7, $8, $9), 值数量: 1
INFO:app.core.database:连接数据库: 172.16.10.196:5432/db_house
INFO:app.core.database:批量执行SQL完成
INFO:app.services.data_generator:表 lms_shipment 已插入剩余 1 条记录并缓存主键值
INFO:app.services.data_generator:依赖表 lms_shipment 生成完成，记录数: 1
INFO:app.services.data_generator:数据生成完成，总记录数: 7
INFO:app.services.data_generator:退出 generate_data_for_tables 方法
INFO:app.services.data_generator:开始 generate_data_for_tables 方法
INFO:app.services.data_generator:独立表（阶段1）: ['crawler_competitor_price', 'crm_customer', 'ext_market_trend']
INFO:app.services.data_generator:依赖表（阶段2）: ['oms_order', 'lms_shipment', 'fms_financial_transaction', 'oms_order_item']
INFO:app.services.data_generator:初始化数据库计数器
INFO:app.core.database:执行查询: SELECT MAX(id) FROM crawler_competitor_price, 参数: ()
INFO:app.core.database:连接数据库: 172.16.10.196:5432/db_house
INFO:app.core.database:查询执行成功
INFO:app.core.database:执行查询: SELECT MAX(id) FROM ext_market_trend, 参数: ()
INFO:app.core.database:连接数据库: 172.16.10.196:5432/db_house
INFO:app.core.database:查询执行成功
INFO:app.core.database:执行查询: SELECT MAX(id) FROM oms_order_item, 参数: ()
INFO:app.core.database:连接数据库: 172.16.10.196:5432/db_house
INFO:app.core.database:查询执行成功
INFO:app.services.data_generator:计数器初始化完成: {'crawler_competitor_price_id': 360995, 'ext_market_trend_id': 360995, 'oms_order_item_id': 361086}
INFO:app.services.data_generator:开始处理日期: 2025-10-21
INFO:app.services.data_generator:当天计划生成记录数: 1
INFO:app.services.data_generator:已清空外键缓存
INFO:app.services.data_generator:=== 阶段1：生成独立表 ===
INFO:app.services.data_generator:开始为独立表 crawler_competitor_price 生成数据
INFO:app.core.database:批量执行SQL，查询: INSERT INTO crawler_competitor_price (id, crawl_time, platform, competitor_name, product_name, product_sku, price, promotion_info, is_in_stock) VALUES ($1, $2, $3, $4, $5, $6, $7, $8, $9), 值数量: 1
INFO:app.core.database:连接数据库: 172.16.10.196:5432/db_house
INFO:app.core.database:批量执行SQL完成
INFO:app.services.data_generator:表 crawler_competitor_price 已插入剩余 1 条记录并缓存主键值
INFO:app.services.data_generator:独立表 crawler_competitor_price 生成完成，记录数: 1
INFO:app.services.data_generator:开始为独立表 crm_customer 生成数据
INFO:app.core.database:批量执行SQL，查询: INSERT INTO crm_customer (customer_id, name, gender, phone, email, birthday, address, create_time, update_time, is_deleted) VALUES ($1, $2, $3, $4, $5, $6, $7, $8, $9, $10), 值数量: 1
INFO:app.core.database:连接数据库: 172.16.10.196:5432/db_house
INFO:app.core.database:批量执行SQL完成
INFO:app.services.data_generator:表 crm_customer 已插入剩余 1 条记录并缓存主键值
INFO:app.services.data_generator:独立表 crm_customer 生成完成，记录数: 1
INFO:app.services.data_generator:开始为独立表 ext_market_trend 生成数据
INFO:app.core.database:批量执行SQL，查询: INSERT INTO ext_market_trend (id, period, region, category, market_size, growth_rate, data_source) VALUES ($1, $2, $3, $4, $5, $6, $7), 值数量: 1
INFO:app.core.database:连接数据库: 172.16.10.196:5432/db_house
INFO:app.core.database:批量执行SQL完成
INFO:app.services.data_generator:表 ext_market_trend 已插入剩余 1 条记录并缓存主键值
INFO:app.services.data_generator:独立表 ext_market_trend 生成完成，记录数: 1
INFO:app.services.data_generator:=== 阶段2：生成依赖表 ===
INFO:app.services.data_generator:表依赖排序结果: ['oms_order', 'oms_order_item', 'fms_financial_transaction', 'lms_shipment']
INFO:app.services.data_generator:排序后的依赖表: ['oms_order', 'oms_order_item', 'fms_financial_transaction', 'lms_shipment']
INFO:app.services.data_generator:开始为依赖表 oms_order 生成数据
INFO:app.core.database:批量执行SQL，查询: INSERT INTO oms_order (order_id, order_channel, customer_code, order_amount, discount_amount, pay_amount, order_status, province, city, district, detail_address, order_time) VALUES ($1, $2, $3, $4, $5, $6, $7, $8, $9, $10, $11, $12), 值数量: 1
INFO:app.core.database:连接数据库: 172.16.10.196:5432/db_house
INFO:app.core.database:批量执行SQL完成
INFO:app.services.data_generator:表 oms_order 已插入剩余 1 条记录并缓存主键值
INFO:app.services.data_generator:依赖表 oms_order 生成完成，记录数: 1
INFO:app.services.data_generator:开始为依赖表 oms_order_item 生成数据
INFO:app.core.database:批量执行SQL，查询: INSERT INTO oms_order_item (id, order_id, product_sku, product_name, quantity, price) VALUES ($1, $2, $3, $4, $5, $6), 值数量: 1
INFO:app.core.database:连接数据库: 172.16.10.196:5432/db_house
INFO:app.core.database:批量执行SQL完成
INFO:app.services.data_generator:表 oms_order_item 已插入剩余 1 条记录并缓存主键值
INFO:app.services.data_generator:依赖表 oms_order_item 生成完成，记录数: 1
INFO:app.services.data_generator:开始为依赖表 fms_financial_transaction 生成数据
INFO:app.core.database:批量执行SQL，查询: INSERT INTO fms_financial_transaction (transaction_id, order_id, payment_method, transaction_type, transaction_amount, transaction_status, transaction_time) VALUES ($1, $2, $3, $4, $5, $6, $7), 值数量: 1
INFO:app.core.database:连接数据库: 172.16.10.196:5432/db_house
INFO:app.core.database:批量执行SQL完成
INFO:app.services.data_generator:表 fms_financial_transaction 已插入剩余 1 条记录并缓存主键值
INFO:app.services.data_generator:依赖表 fms_financial_transaction 生成完成，记录数: 1
INFO:app.services.data_generator:开始为依赖表 lms_shipment 生成数据
INFO:app.core.database:批量执行SQL，查询: INSERT INTO lms_shipment (shipment_id, order_id, carrier, sender_address, receiver_info, current_status, shipping_time, estimated_delivery, actual_delivery) VALUES ($1, $2, $3, $4, $5, $6, $7, $8, $9), 值数量: 1
INFO:app.core.database:连接数据库: 172.16.10.196:5432/db_house
INFO:app.core.database:批量执行SQL完成
INFO:app.services.data_generator:表 lms_shipment 已插入剩余 1 条记录并缓存主键值
INFO:app.services.data_generator:依赖表 lms_shipment 生成完成，记录数: 1
INFO:app.services.data_generator:数据生成完成，总记录数: 7
INFO:app.services.data_generator:退出 generate_data_for_tables 方法
INFO:app.services.data_generator:开始 generate_data_for_tables 方法
INFO:app.services.data_generator:独立表（阶段1）: ['crawler_competitor_price', 'crm_customer', 'ext_market_trend']
INFO:app.services.data_generator:依赖表（阶段2）: ['oms_order', 'lms_shipment', 'fms_financial_transaction', 'oms_order_item']
INFO:app.services.data_generator:初始化数据库计数器
INFO:app.core.database:执行查询: SELECT MAX(id) FROM crawler_competitor_price, 参数: ()
INFO:app.core.database:连接数据库: 172.16.10.196:5432/db_house
INFO:app.core.database:查询执行成功
INFO:app.core.database:执行查询: SELECT MAX(id) FROM ext_market_trend, 参数: ()
INFO:app.core.database:连接数据库: 172.16.10.196:5432/db_house
INFO:app.core.database:查询执行成功
INFO:app.core.database:执行查询: SELECT MAX(id) FROM oms_order_item, 参数: ()
INFO:app.core.database:连接数据库: 172.16.10.196:5432/db_house
INFO:app.core.database:查询执行成功
INFO:app.services.data_generator:计数器初始化完成: {'crawler_competitor_price_id': 360996, 'ext_market_trend_id': 360996, 'oms_order_item_id': 361087}
INFO:app.services.data_generator:开始处理日期: 2025-10-21
INFO:app.services.data_generator:当天计划生成记录数: 1
INFO:app.services.data_generator:已清空外键缓存
INFO:app.services.data_generator:=== 阶段1：生成独立表 ===
INFO:app.services.data_generator:开始为独立表 crawler_competitor_price 生成数据
INFO:app.core.database:批量执行SQL，查询: INSERT INTO crawler_competitor_price (id, crawl_time, platform, competitor_name, product_name, product_sku, price, promotion_info, is_in_stock) VALUES ($1, $2, $3, $4, $5, $6, $7, $8, $9), 值数量: 1
INFO:app.core.database:连接数据库: 172.16.10.196:5432/db_house
INFO:app.core.database:批量执行SQL完成
INFO:app.services.data_generator:表 crawler_competitor_price 已插入剩余 1 条记录并缓存主键值
INFO:app.services.data_generator:独立表 crawler_competitor_price 生成完成，记录数: 1
INFO:app.services.data_generator:开始为独立表 crm_customer 生成数据
INFO:app.core.database:批量执行SQL，查询: INSERT INTO crm_customer (customer_id, name, gender, phone, email, birthday, address, create_time, update_time, is_deleted) VALUES ($1, $2, $3, $4, $5, $6, $7, $8, $9, $10), 值数量: 1
INFO:app.core.database:连接数据库: 172.16.10.196:5432/db_house
INFO:app.core.database:批量执行SQL完成
INFO:app.services.data_generator:表 crm_customer 已插入剩余 1 条记录并缓存主键值
INFO:app.services.data_generator:独立表 crm_customer 生成完成，记录数: 1
INFO:app.services.data_generator:开始为独立表 ext_market_trend 生成数据
INFO:app.core.database:批量执行SQL，查询: INSERT INTO ext_market_trend (id, period, region, category, market_size, growth_rate, data_source) VALUES ($1, $2, $3, $4, $5, $6, $7), 值数量: 1
INFO:app.core.database:连接数据库: 172.16.10.196:5432/db_house
INFO:app.core.database:批量执行SQL完成
INFO:app.services.data_generator:表 ext_market_trend 已插入剩余 1 条记录并缓存主键值
INFO:app.services.data_generator:独立表 ext_market_trend 生成完成，记录数: 1
INFO:app.services.data_generator:=== 阶段2：生成依赖表 ===
INFO:app.services.data_generator:表依赖排序结果: ['oms_order', 'oms_order_item', 'fms_financial_transaction', 'lms_shipment']
INFO:app.services.data_generator:排序后的依赖表: ['oms_order', 'oms_order_item', 'fms_financial_transaction', 'lms_shipment']
INFO:app.services.data_generator:开始为依赖表 oms_order 生成数据
INFO:app.core.database:批量执行SQL，查询: INSERT INTO oms_order (order_id, order_channel, customer_code, order_amount, discount_amount, pay_amount, order_status, province, city, district, detail_address, order_time) VALUES ($1, $2, $3, $4, $5, $6, $7, $8, $9, $10, $11, $12), 值数量: 1
INFO:app.core.database:连接数据库: 172.16.10.196:5432/db_house
INFO:app.core.database:批量执行SQL完成
INFO:app.services.data_generator:表 oms_order 已插入剩余 1 条记录并缓存主键值
INFO:app.services.data_generator:依赖表 oms_order 生成完成，记录数: 1
INFO:app.services.data_generator:开始为依赖表 oms_order_item 生成数据
INFO:app.core.database:批量执行SQL，查询: INSERT INTO oms_order_item (id, order_id, product_sku, product_name, quantity, price) VALUES ($1, $2, $3, $4, $5, $6), 值数量: 1
INFO:app.core.database:连接数据库: 172.16.10.196:5432/db_house
INFO:app.core.database:批量执行SQL完成
INFO:app.services.data_generator:表 oms_order_item 已插入剩余 1 条记录并缓存主键值
INFO:app.services.data_generator:依赖表 oms_order_item 生成完成，记录数: 1
INFO:app.services.data_generator:开始为依赖表 fms_financial_transaction 生成数据
INFO:app.core.database:批量执行SQL，查询: INSERT INTO fms_financial_transaction (transaction_id, order_id, payment_method, transaction_type, transaction_amount, transaction_status, transaction_time) VALUES ($1, $2, $3, $4, $5, $6, $7), 值数量: 1
INFO:app.core.database:连接数据库: 172.16.10.196:5432/db_house
INFO:app.core.database:批量执行SQL完成
INFO:app.services.data_generator:表 fms_financial_transaction 已插入剩余 1 条记录并缓存主键值
INFO:app.services.data_generator:依赖表 fms_financial_transaction 生成完成，记录数: 1
INFO:app.services.data_generator:开始为依赖表 lms_shipment 生成数据
INFO:app.core.database:批量执行SQL，查询: INSERT INTO lms_shipment (shipment_id, order_id, carrier, sender_address, receiver_info, current_status, shipping_time, estimated_delivery, actual_delivery) VALUES ($1, $2, $3, $4, $5, $6, $7, $8, $9), 值数量: 1
INFO:app.core.database:连接数据库: 172.16.10.196:5432/db_house
INFO:app.core.database:批量执行SQL完成
INFO:app.services.data_generator:表 lms_shipment 已插入剩余 1 条记录并缓存主键值
INFO:app.services.data_generator:依赖表 lms_shipment 生成完成，记录数: 1
INFO:app.services.data_generator:数据生成完成，总记录数: 7
INFO:app.services.data_generator:退出 generate_data_for_tables 方法
INFO:app.services.data_generator:开始 generate_data_for_tables 方法
INFO:app.services.data_generator:独立表（阶段1）: ['crawler_competitor_price', 'crm_customer', 'ext_market_trend']
INFO:app.services.data_generator:依赖表（阶段2）: ['oms_order', 'lms_shipment', 'fms_financial_transaction', 'oms_order_item']
INFO:app.services.data_generator:初始化数据库计数器
INFO:app.core.database:执行查询: SELECT MAX(id) FROM crawler_competitor_price, 参数: ()
INFO:app.core.database:连接数据库: 172.16.10.196:5432/db_house
INFO:app.core.database:查询执行成功
INFO:app.core.database:执行查询: SELECT MAX(id) FROM ext_market_trend, 参数: ()
INFO:app.core.database:连接数据库: 172.16.10.196:5432/db_house
INFO:app.core.database:查询执行成功
INFO:app.core.database:执行查询: SELECT MAX(id) FROM oms_order_item, 参数: ()
INFO:app.core.database:连接数据库: 172.16.10.196:5432/db_house
INFO:app.core.database:查询执行成功
INFO:app.services.data_generator:计数器初始化完成: {'crawler_competitor_price_id': 360997, 'ext_market_trend_id': 360997, 'oms_order_item_id': 361088}
INFO:app.services.data_generator:开始处理日期: 2025-10-21
INFO:app.services.data_generator:当天计划生成记录数: 1
INFO:app.services.data_generator:已清空外键缓存
INFO:app.services.data_generator:=== 阶段1：生成独立表 ===
INFO:app.services.data_generator:开始为独立表 crawler_competitor_price 生成数据
INFO:app.core.database:批量执行SQL，查询: INSERT INTO crawler_competitor_price (id, crawl_time, platform, competitor_name, product_name, product_sku, price, promotion_info, is_in_stock) VALUES ($1, $2, $3, $4, $5, $6, $7, $8, $9), 值数量: 1
INFO:app.core.database:连接数据库: 172.16.10.196:5432/db_house
INFO:app.core.database:批量执行SQL完成
INFO:app.services.data_generator:表 crawler_competitor_price 已插入剩余 1 条记录并缓存主键值
INFO:app.services.data_generator:独立表 crawler_competitor_price 生成完成，记录数: 1
INFO:app.services.data_generator:开始为独立表 crm_customer 生成数据
INFO:app.core.database:批量执行SQL，查询: INSERT INTO crm_customer (customer_id, name, gender, phone, email, birthday, address, create_time, update_time, is_deleted) VALUES ($1, $2, $3, $4, $5, $6, $7, $8, $9, $10), 值数量: 1
INFO:app.core.database:连接数据库: 172.16.10.196:5432/db_house
INFO:app.core.database:批量执行SQL完成
INFO:app.services.data_generator:表 crm_customer 已插入剩余 1 条记录并缓存主键值
INFO:app.services.data_generator:独立表 crm_customer 生成完成，记录数: 1
INFO:app.services.data_generator:开始为独立表 ext_market_trend 生成数据
INFO:app.core.database:批量执行SQL，查询: INSERT INTO ext_market_trend (id, period, region, category, market_size, growth_rate, data_source) VALUES ($1, $2, $3, $4, $5, $6, $7), 值数量: 1
INFO:app.core.database:连接数据库: 172.16.10.196:5432/db_house
INFO:app.core.database:批量执行SQL完成
INFO:app.services.data_generator:表 ext_market_trend 已插入剩余 1 条记录并缓存主键值
INFO:app.services.data_generator:独立表 ext_market_trend 生成完成，记录数: 1
INFO:app.services.data_generator:=== 阶段2：生成依赖表 ===
INFO:app.services.data_generator:表依赖排序结果: ['oms_order', 'oms_order_item', 'fms_financial_transaction', 'lms_shipment']
INFO:app.services.data_generator:排序后的依赖表: ['oms_order', 'oms_order_item', 'fms_financial_transaction', 'lms_shipment']
INFO:app.services.data_generator:开始为依赖表 oms_order 生成数据
INFO:app.core.database:批量执行SQL，查询: INSERT INTO oms_order (order_id, order_channel, customer_code, order_amount, discount_amount, pay_amount, order_status, province, city, district, detail_address, order_time) VALUES ($1, $2, $3, $4, $5, $6, $7, $8, $9, $10, $11, $12), 值数量: 1
INFO:app.core.database:连接数据库: 172.16.10.196:5432/db_house
INFO:app.core.database:批量执行SQL完成
INFO:app.services.data_generator:表 oms_order 已插入剩余 1 条记录并缓存主键值
INFO:app.services.data_generator:依赖表 oms_order 生成完成，记录数: 1
INFO:app.services.data_generator:开始为依赖表 oms_order_item 生成数据
INFO:app.core.database:批量执行SQL，查询: INSERT INTO oms_order_item (id, order_id, product_sku, product_name, quantity, price) VALUES ($1, $2, $3, $4, $5, $6), 值数量: 1
INFO:app.core.database:连接数据库: 172.16.10.196:5432/db_house
INFO:app.core.database:批量执行SQL完成
INFO:app.services.data_generator:表 oms_order_item 已插入剩余 1 条记录并缓存主键值
INFO:app.services.data_generator:依赖表 oms_order_item 生成完成，记录数: 1
INFO:app.services.data_generator:开始为依赖表 fms_financial_transaction 生成数据
INFO:app.core.database:批量执行SQL，查询: INSERT INTO fms_financial_transaction (transaction_id, order_id, payment_method, transaction_type, transaction_amount, transaction_status, transaction_time) VALUES ($1, $2, $3, $4, $5, $6, $7), 值数量: 1
INFO:app.core.database:连接数据库: 172.16.10.196:5432/db_house
INFO:app.core.database:批量执行SQL完成
INFO:app.services.data_generator:表 fms_financial_transaction 已插入剩余 1 条记录并缓存主键值
INFO:app.services.data_generator:依赖表 fms_financial_transaction 生成完成，记录数: 1
INFO:app.services.data_generator:开始为依赖表 lms_shipment 生成数据
INFO:app.core.database:批量执行SQL，查询: INSERT INTO lms_shipment (shipment_id, order_id, carrier, sender_address, receiver_info, current_status, shipping_time, estimated_delivery, actual_delivery) VALUES ($1, $2, $3, $4, $5, $6, $7, $8, $9), 值数量: 1
INFO:app.core.database:连接数据库: 172.16.10.196:5432/db_house
INFO:app.core.database:批量执行SQL完成
INFO:app.services.data_generator:表 lms_shipment 已插入剩余 1 条记录并缓存主键值
INFO:app.services.data_generator:依赖表 lms_shipment 生成完成，记录数: 1
INFO:app.services.data_generator:数据生成完成，总记录数: 7
INFO:app.services.data_generator:退出 generate_data_for_tables 方法
INFO:app.services.data_generator:开始 generate_data_for_tables 方法
INFO:app.services.data_generator:独立表（阶段1）: ['crawler_competitor_price', 'crm_customer', 'ext_market_trend']
INFO:app.services.data_generator:依赖表（阶段2）: ['oms_order', 'lms_shipment', 'fms_financial_transaction', 'oms_order_item']
INFO:app.services.data_generator:初始化数据库计数器
INFO:app.core.database:执行查询: SELECT MAX(id) FROM crawler_competitor_price, 参数: ()
INFO:app.core.database:连接数据库: 172.16.10.196:5432/db_house
INFO:app.core.database:查询执行成功
INFO:app.core.database:执行查询: SELECT MAX(id) FROM ext_market_trend, 参数: ()
INFO:app.core.database:连接数据库: 172.16.10.196:5432/db_house
INFO:app.core.database:查询执行成功
INFO:app.core.database:执行查询: SELECT MAX(id) FROM oms_order_item, 参数: ()
INFO:app.core.database:连接数据库: 172.16.10.196:5432/db_house
INFO:app.core.database:查询执行成功
INFO:app.services.data_generator:计数器初始化完成: {'crawler_competitor_price_id': 360998, 'ext_market_trend_id': 360998, 'oms_order_item_id': 361089}
INFO:app.services.data_generator:开始处理日期: 2025-10-21
INFO:app.services.data_generator:当天计划生成记录数: 1
INFO:app.services.data_generator:已清空外键缓存
INFO:app.services.data_generator:=== 阶段1：生成独立表 ===
INFO:app.services.data_generator:开始为独立表 crawler_competitor_price 生成数据
INFO:app.core.database:批量执行SQL，查询: INSERT INTO crawler_competitor_price (id, crawl_time, platform, competitor_name, product_name, product_sku, price, promotion_info, is_in_stock) VALUES ($1, $2, $3, $4, $5, $6, $7, $8, $9), 值数量: 1
INFO:app.core.database:连接数据库: 172.16.10.196:5432/db_house
INFO:app.core.database:批量执行SQL完成
INFO:app.services.data_generator:表 crawler_competitor_price 已插入剩余 1 条记录并缓存主键值
INFO:app.services.data_generator:独立表 crawler_competitor_price 生成完成，记录数: 1
INFO:app.services.data_generator:开始为独立表 crm_customer 生成数据
INFO:app.core.database:批量执行SQL，查询: INSERT INTO crm_customer (customer_id, name, gender, phone, email, birthday, address, create_time, update_time, is_deleted) VALUES ($1, $2, $3, $4, $5, $6, $7, $8, $9, $10), 值数量: 1
INFO:app.core.database:连接数据库: 172.16.10.196:5432/db_house
INFO:app.core.database:批量执行SQL完成
INFO:app.services.data_generator:表 crm_customer 已插入剩余 1 条记录并缓存主键值
INFO:app.services.data_generator:独立表 crm_customer 生成完成，记录数: 1
INFO:app.services.data_generator:开始为独立表 ext_market_trend 生成数据
INFO:app.core.database:批量执行SQL，查询: INSERT INTO ext_market_trend (id, period, region, category, market_size, growth_rate, data_source) VALUES ($1, $2, $3, $4, $5, $6, $7), 值数量: 1
INFO:app.core.database:连接数据库: 172.16.10.196:5432/db_house
INFO:app.core.database:批量执行SQL完成
INFO:app.services.data_generator:表 ext_market_trend 已插入剩余 1 条记录并缓存主键值
INFO:app.services.data_generator:独立表 ext_market_trend 生成完成，记录数: 1
INFO:app.services.data_generator:=== 阶段2：生成依赖表 ===
INFO:app.services.data_generator:表依赖排序结果: ['oms_order', 'oms_order_item', 'fms_financial_transaction', 'lms_shipment']
INFO:app.services.data_generator:排序后的依赖表: ['oms_order', 'oms_order_item', 'fms_financial_transaction', 'lms_shipment']
INFO:app.services.data_generator:开始为依赖表 oms_order 生成数据
INFO:app.core.database:批量执行SQL，查询: INSERT INTO oms_order (order_id, order_channel, customer_code, order_amount, discount_amount, pay_amount, order_status, province, city, district, detail_address, order_time) VALUES ($1, $2, $3, $4, $5, $6, $7, $8, $9, $10, $11, $12), 值数量: 1
INFO:app.core.database:连接数据库: 172.16.10.196:5432/db_house
INFO:app.core.database:批量执行SQL完成
INFO:app.services.data_generator:表 oms_order 已插入剩余 1 条记录并缓存主键值
INFO:app.services.data_generator:依赖表 oms_order 生成完成，记录数: 1
INFO:app.services.data_generator:开始为依赖表 oms_order_item 生成数据
INFO:app.core.database:批量执行SQL，查询: INSERT INTO oms_order_item (id, order_id, product_sku, product_name, quantity, price) VALUES ($1, $2, $3, $4, $5, $6), 值数量: 1
INFO:app.core.database:连接数据库: 172.16.10.196:5432/db_house
INFO:app.core.database:批量执行SQL完成
INFO:app.services.data_generator:表 oms_order_item 已插入剩余 1 条记录并缓存主键值
INFO:app.services.data_generator:依赖表 oms_order_item 生成完成，记录数: 1
INFO:app.services.data_generator:开始为依赖表 fms_financial_transaction 生成数据
INFO:app.core.database:批量执行SQL，查询: INSERT INTO fms_financial_transaction (transaction_id, order_id, payment_method, transaction_type, transaction_amount, transaction_status, transaction_time) VALUES ($1, $2, $3, $4, $5, $6, $7), 值数量: 1
INFO:app.core.database:连接数据库: 172.16.10.196:5432/db_house
INFO:app.core.database:批量执行SQL完成
INFO:app.services.data_generator:表 fms_financial_transaction 已插入剩余 1 条记录并缓存主键值
INFO:app.services.data_generator:依赖表 fms_financial_transaction 生成完成，记录数: 1
INFO:app.services.data_generator:开始为依赖表 lms_shipment 生成数据
INFO:app.core.database:批量执行SQL，查询: INSERT INTO lms_shipment (shipment_id, order_id, carrier, sender_address, receiver_info, current_status, shipping_time, estimated_delivery, actual_delivery) VALUES ($1, $2, $3, $4, $5, $6, $7, $8, $9), 值数量: 1
INFO:app.core.database:连接数据库: 172.16.10.196:5432/db_house
INFO:app.core.database:批量执行SQL完成
INFO:app.services.data_generator:表 lms_shipment 已插入剩余 1 条记录并缓存主键值
INFO:app.services.data_generator:依赖表 lms_shipment 生成完成，记录数: 1
INFO:app.services.data_generator:数据生成完成，总记录数: 7
INFO:app.services.data_generator:退出 generate_data_for_tables 方法
INFO:app.services.data_generator:开始 generate_data_for_tables 方法
INFO:app.services.data_generator:独立表（阶段1）: ['crawler_competitor_price', 'crm_customer', 'ext_market_trend']
INFO:app.services.data_generator:依赖表（阶段2）: ['oms_order', 'lms_shipment', 'fms_financial_transaction', 'oms_order_item']
INFO:app.services.data_generator:初始化数据库计数器
INFO:app.core.database:执行查询: SELECT MAX(id) FROM crawler_competitor_price, 参数: ()
INFO:app.core.database:连接数据库: 172.16.10.196:5432/db_house
INFO:app.core.database:查询执行成功
INFO:app.core.database:执行查询: SELECT MAX(id) FROM ext_market_trend, 参数: ()
INFO:app.core.database:连接数据库: 172.16.10.196:5432/db_house
INFO:app.core.database:查询执行成功
INFO:app.core.database:执行查询: SELECT MAX(id) FROM oms_order_item, 参数: ()
INFO:app.core.database:连接数据库: 172.16.10.196:5432/db_house
INFO:app.core.database:查询执行成功
INFO:app.services.data_generator:计数器初始化完成: {'crawler_competitor_price_id': 360999, 'ext_market_trend_id': 360999, 'oms_order_item_id': 361090}
INFO:app.services.data_generator:开始处理日期: 2025-10-21
INFO:app.services.data_generator:当天计划生成记录数: 1
INFO:app.services.data_generator:已清空外键缓存
INFO:app.services.data_generator:=== 阶段1：生成独立表 ===
INFO:app.services.data_generator:开始为独立表 crawler_competitor_price 生成数据
INFO:app.core.database:批量执行SQL，查询: INSERT INTO crawler_competitor_price (id, crawl_time, platform, competitor_name, product_name, product_sku, price, promotion_info, is_in_stock) VALUES ($1, $2, $3, $4, $5, $6, $7, $8, $9), 值数量: 1
INFO:app.core.database:连接数据库: 172.16.10.196:5432/db_house
INFO:app.core.database:批量执行SQL完成
INFO:app.services.data_generator:表 crawler_competitor_price 已插入剩余 1 条记录并缓存主键值
INFO:app.services.data_generator:独立表 crawler_competitor_price 生成完成，记录数: 1
INFO:app.services.data_generator:开始为独立表 crm_customer 生成数据
INFO:app.core.database:批量执行SQL，查询: INSERT INTO crm_customer (customer_id, name, gender, phone, email, birthday, address, create_time, update_time, is_deleted) VALUES ($1, $2, $3, $4, $5, $6, $7, $8, $9, $10), 值数量: 1
INFO:app.core.database:连接数据库: 172.16.10.196:5432/db_house
INFO:app.core.database:批量执行SQL完成
INFO:app.services.data_generator:表 crm_customer 已插入剩余 1 条记录并缓存主键值
INFO:app.services.data_generator:独立表 crm_customer 生成完成，记录数: 1
INFO:app.services.data_generator:开始为独立表 ext_market_trend 生成数据
INFO:app.core.database:批量执行SQL，查询: INSERT INTO ext_market_trend (id, period, region, category, market_size, growth_rate, data_source) VALUES ($1, $2, $3, $4, $5, $6, $7), 值数量: 1
INFO:app.core.database:连接数据库: 172.16.10.196:5432/db_house
INFO:app.core.database:批量执行SQL完成
INFO:app.services.data_generator:表 ext_market_trend 已插入剩余 1 条记录并缓存主键值
INFO:app.services.data_generator:独立表 ext_market_trend 生成完成，记录数: 1
INFO:app.services.data_generator:=== 阶段2：生成依赖表 ===
INFO:app.services.data_generator:表依赖排序结果: ['oms_order', 'oms_order_item', 'fms_financial_transaction', 'lms_shipment']
INFO:app.services.data_generator:排序后的依赖表: ['oms_order', 'oms_order_item', 'fms_financial_transaction', 'lms_shipment']
INFO:app.services.data_generator:开始为依赖表 oms_order 生成数据
INFO:app.core.database:批量执行SQL，查询: INSERT INTO oms_order (order_id, order_channel, customer_code, order_amount, discount_amount, pay_amount, order_status, province, city, district, detail_address, order_time) VALUES ($1, $2, $3, $4, $5, $6, $7, $8, $9, $10, $11, $12), 值数量: 1
INFO:app.core.database:连接数据库: 172.16.10.196:5432/db_house
INFO:app.core.database:批量执行SQL完成
INFO:app.services.data_generator:表 oms_order 已插入剩余 1 条记录并缓存主键值
INFO:app.services.data_generator:依赖表 oms_order 生成完成，记录数: 1
INFO:app.services.data_generator:开始为依赖表 oms_order_item 生成数据
INFO:app.core.database:批量执行SQL，查询: INSERT INTO oms_order_item (id, order_id, product_sku, product_name, quantity, price) VALUES ($1, $2, $3, $4, $5, $6), 值数量: 1
INFO:app.core.database:连接数据库: 172.16.10.196:5432/db_house
INFO:app.core.database:批量执行SQL完成
INFO:app.services.data_generator:表 oms_order_item 已插入剩余 1 条记录并缓存主键值
INFO:app.services.data_generator:依赖表 oms_order_item 生成完成，记录数: 1
INFO:app.services.data_generator:开始为依赖表 fms_financial_transaction 生成数据
INFO:app.core.database:批量执行SQL，查询: INSERT INTO fms_financial_transaction (transaction_id, order_id, payment_method, transaction_type, transaction_amount, transaction_status, transaction_time) VALUES ($1, $2, $3, $4, $5, $6, $7), 值数量: 1
INFO:app.core.database:连接数据库: 172.16.10.196:5432/db_house
INFO:app.core.database:批量执行SQL完成
INFO:app.services.data_generator:表 fms_financial_transaction 已插入剩余 1 条记录并缓存主键值
INFO:app.services.data_generator:依赖表 fms_financial_transaction 生成完成，记录数: 1
INFO:app.services.data_generator:开始为依赖表 lms_shipment 生成数据
INFO:app.core.database:批量执行SQL，查询: INSERT INTO lms_shipment (shipment_id, order_id, carrier, sender_address, receiver_info, current_status, shipping_time, estimated_delivery, actual_delivery) VALUES ($1, $2, $3, $4, $5, $6, $7, $8, $9), 值数量: 1
INFO:app.core.database:连接数据库: 172.16.10.196:5432/db_house
INFO:app.core.database:批量执行SQL完成
INFO:app.services.data_generator:表 lms_shipment 已插入剩余 1 条记录并缓存主键值
INFO:app.services.data_generator:依赖表 lms_shipment 生成完成，记录数: 1
INFO:app.services.data_generator:数据生成完成，总记录数: 7
INFO:app.services.data_generator:退出 generate_data_for_tables 方法
INFO:app.services.data_generator:开始 generate_data_for_tables 方法
INFO:app.services.data_generator:独立表（阶段1）: ['crawler_competitor_price', 'crm_customer', 'ext_market_trend']
INFO:app.services.data_generator:依赖表（阶段2）: ['oms_order', 'lms_shipment', 'fms_financial_transaction', 'oms_order_item']
INFO:app.services.data_generator:初始化数据库计数器
INFO:app.core.database:执行查询: SELECT MAX(id) FROM crawler_competitor_price, 参数: ()
INFO:app.core.database:连接数据库: 172.16.10.196:5432/db_house
INFO:app.core.database:查询执行成功
INFO:app.core.database:执行查询: SELECT MAX(id) FROM ext_market_trend, 参数: ()
INFO:app.core.database:连接数据库: 172.16.10.196:5432/db_house
INFO:app.core.database:查询执行成功
INFO:app.core.database:执行查询: SELECT MAX(id) FROM oms_order_item, 参数: ()
INFO:app.core.database:连接数据库: 172.16.10.196:5432/db_house
INFO:app.core.database:查询执行成功
INFO:app.services.data_generator:计数器初始化完成: {'crawler_competitor_price_id': 361000, 'ext_market_trend_id': 361000, 'oms_order_item_id': 361091}
INFO:app.services.data_generator:开始处理日期: 2025-10-21
INFO:app.services.data_generator:当天计划生成记录数: 1
INFO:app.services.data_generator:已清空外键缓存
INFO:app.services.data_generator:=== 阶段1：生成独立表 ===
INFO:app.services.data_generator:开始为独立表 crawler_competitor_price 生成数据
INFO:app.core.database:批量执行SQL，查询: INSERT INTO crawler_competitor_price (id, crawl_time, platform, competitor_name, product_name, product_sku, price, promotion_info, is_in_stock) VALUES ($1, $2, $3, $4, $5, $6, $7, $8, $9), 值数量: 1
INFO:app.core.database:连接数据库: 172.16.10.196:5432/db_house
INFO:app.core.database:批量执行SQL完成
INFO:app.services.data_generator:表 crawler_competitor_price 已插入剩余 1 条记录并缓存主键值
INFO:app.services.data_generator:独立表 crawler_competitor_price 生成完成，记录数: 1
INFO:app.services.data_generator:开始为独立表 crm_customer 生成数据
INFO:app.core.database:批量执行SQL，查询: INSERT INTO crm_customer (customer_id, name, gender, phone, email, birthday, address, create_time, update_time, is_deleted) VALUES ($1, $2, $3, $4, $5, $6, $7, $8, $9, $10), 值数量: 1
INFO:app.core.database:连接数据库: 172.16.10.196:5432/db_house
INFO:app.core.database:批量执行SQL完成
INFO:app.services.data_generator:表 crm_customer 已插入剩余 1 条记录并缓存主键值
INFO:app.services.data_generator:独立表 crm_customer 生成完成，记录数: 1
INFO:app.services.data_generator:开始为独立表 ext_market_trend 生成数据
INFO:app.core.database:批量执行SQL，查询: INSERT INTO ext_market_trend (id, period, region, category, market_size, growth_rate, data_source) VALUES ($1, $2, $3, $4, $5, $6, $7), 值数量: 1
INFO:app.core.database:连接数据库: 172.16.10.196:5432/db_house
INFO:app.core.database:批量执行SQL完成
INFO:app.services.data_generator:表 ext_market_trend 已插入剩余 1 条记录并缓存主键值
INFO:app.services.data_generator:独立表 ext_market_trend 生成完成，记录数: 1
INFO:app.services.data_generator:=== 阶段2：生成依赖表 ===
INFO:app.services.data_generator:表依赖排序结果: ['oms_order', 'oms_order_item', 'fms_financial_transaction', 'lms_shipment']
INFO:app.services.data_generator:排序后的依赖表: ['oms_order', 'oms_order_item', 'fms_financial_transaction', 'lms_shipment']
INFO:app.services.data_generator:开始为依赖表 oms_order 生成数据
INFO:app.core.database:批量执行SQL，查询: INSERT INTO oms_order (order_id, order_channel, customer_code, order_amount, discount_amount, pay_amount, order_status, province, city, district, detail_address, order_time) VALUES ($1, $2, $3, $4, $5, $6, $7, $8, $9, $10, $11, $12), 值数量: 1
INFO:app.core.database:连接数据库: 172.16.10.196:5432/db_house
INFO:app.core.database:批量执行SQL完成
INFO:app.services.data_generator:表 oms_order 已插入剩余 1 条记录并缓存主键值
INFO:app.services.data_generator:依赖表 oms_order 生成完成，记录数: 1
INFO:app.services.data_generator:开始为依赖表 oms_order_item 生成数据
INFO:app.core.database:批量执行SQL，查询: INSERT INTO oms_order_item (id, order_id, product_sku, product_name, quantity, price) VALUES ($1, $2, $3, $4, $5, $6), 值数量: 1
INFO:app.core.database:连接数据库: 172.16.10.196:5432/db_house
INFO:app.core.database:批量执行SQL完成
INFO:app.services.data_generator:表 oms_order_item 已插入剩余 1 条记录并缓存主键值
INFO:app.services.data_generator:依赖表 oms_order_item 生成完成，记录数: 1
INFO:app.services.data_generator:开始为依赖表 fms_financial_transaction 生成数据
INFO:app.core.database:批量执行SQL，查询: INSERT INTO fms_financial_transaction (transaction_id, order_id, payment_method, transaction_type, transaction_amount, transaction_status, transaction_time) VALUES ($1, $2, $3, $4, $5, $6, $7), 值数量: 1
INFO:app.core.database:连接数据库: 172.16.10.196:5432/db_house
INFO:app.core.database:批量执行SQL完成
INFO:app.services.data_generator:表 fms_financial_transaction 已插入剩余 1 条记录并缓存主键值
INFO:app.services.data_generator:依赖表 fms_financial_transaction 生成完成，记录数: 1
INFO:app.services.data_generator:开始为依赖表 lms_shipment 生成数据
INFO:app.core.database:批量执行SQL，查询: INSERT INTO lms_shipment (shipment_id, order_id, carrier, sender_address, receiver_info, current_status, shipping_time, estimated_delivery, actual_delivery) VALUES ($1, $2, $3, $4, $5, $6, $7, $8, $9), 值数量: 1
INFO:app.core.database:连接数据库: 172.16.10.196:5432/db_house
INFO:app.core.database:批量执行SQL完成
INFO:app.services.data_generator:表 lms_shipment 已插入剩余 1 条记录并缓存主键值
INFO:app.services.data_generator:依赖表 lms_shipment 生成完成，记录数: 1
INFO:app.services.data_generator:数据生成完成，总记录数: 7
INFO:app.services.data_generator:退出 generate_data_for_tables 方法
INFO:app.services.data_generator:开始 generate_data_for_tables 方法
INFO:app.services.data_generator:独立表（阶段1）: ['crawler_competitor_price', 'crm_customer', 'ext_market_trend']
INFO:app.services.data_generator:依赖表（阶段2）: ['oms_order', 'lms_shipment', 'fms_financial_transaction', 'oms_order_item']
INFO:app.services.data_generator:初始化数据库计数器
INFO:app.core.database:执行查询: SELECT MAX(id) FROM crawler_competitor_price, 参数: ()
INFO:app.core.database:连接数据库: 172.16.10.196:5432/db_house
INFO:app.core.database:查询执行成功
INFO:app.core.database:执行查询: SELECT MAX(id) FROM ext_market_trend, 参数: ()
INFO:app.core.database:连接数据库: 172.16.10.196:5432/db_house
INFO:app.core.database:查询执行成功
INFO:app.core.database:执行查询: SELECT MAX(id) FROM oms_order_item, 参数: ()
INFO:app.core.database:连接数据库: 172.16.10.196:5432/db_house
INFO:app.core.database:查询执行成功
INFO:app.services.data_generator:计数器初始化完成: {'crawler_competitor_price_id': 361001, 'ext_market_trend_id': 361001, 'oms_order_item_id': 361092}
INFO:app.services.data_generator:开始处理日期: 2025-10-21
INFO:app.services.data_generator:当天计划生成记录数: 1
INFO:app.services.data_generator:已清空外键缓存
INFO:app.services.data_generator:=== 阶段1：生成独立表 ===
INFO:app.services.data_generator:开始为独立表 crawler_competitor_price 生成数据
INFO:app.core.database:批量执行SQL，查询: INSERT INTO crawler_competitor_price (id, crawl_time, platform, competitor_name, product_name, product_sku, price, promotion_info, is_in_stock) VALUES ($1, $2, $3, $4, $5, $6, $7, $8, $9), 值数量: 1
INFO:app.core.database:连接数据库: 172.16.10.196:5432/db_house
INFO:app.core.database:批量执行SQL完成
INFO:app.services.data_generator:表 crawler_competitor_price 已插入剩余 1 条记录并缓存主键值
INFO:app.services.data_generator:独立表 crawler_competitor_price 生成完成，记录数: 1
INFO:app.services.data_generator:开始为独立表 crm_customer 生成数据
INFO:app.core.database:批量执行SQL，查询: INSERT INTO crm_customer (customer_id, name, gender, phone, email, birthday, address, create_time, update_time, is_deleted) VALUES ($1, $2, $3, $4, $5, $6, $7, $8, $9, $10), 值数量: 1
INFO:app.core.database:连接数据库: 172.16.10.196:5432/db_house
INFO:app.core.database:批量执行SQL完成
INFO:app.services.data_generator:表 crm_customer 已插入剩余 1 条记录并缓存主键值
INFO:app.services.data_generator:独立表 crm_customer 生成完成，记录数: 1
INFO:app.services.data_generator:开始为独立表 ext_market_trend 生成数据
INFO:app.core.database:批量执行SQL，查询: INSERT INTO ext_market_trend (id, period, region, category, market_size, growth_rate, data_source) VALUES ($1, $2, $3, $4, $5, $6, $7), 值数量: 1
INFO:app.core.database:连接数据库: 172.16.10.196:5432/db_house
INFO:app.core.database:批量执行SQL完成
INFO:app.services.data_generator:表 ext_market_trend 已插入剩余 1 条记录并缓存主键值
INFO:app.services.data_generator:独立表 ext_market_trend 生成完成，记录数: 1
INFO:app.services.data_generator:=== 阶段2：生成依赖表 ===
INFO:app.services.data_generator:表依赖排序结果: ['oms_order', 'oms_order_item', 'fms_financial_transaction', 'lms_shipment']
INFO:app.services.data_generator:排序后的依赖表: ['oms_order', 'oms_order_item', 'fms_financial_transaction', 'lms_shipment']
INFO:app.services.data_generator:开始为依赖表 oms_order 生成数据
INFO:app.core.database:批量执行SQL，查询: INSERT INTO oms_order (order_id, order_channel, customer_code, order_amount, discount_amount, pay_amount, order_status, province, city, district, detail_address, order_time) VALUES ($1, $2, $3, $4, $5, $6, $7, $8, $9, $10, $11, $12), 值数量: 1
INFO:app.core.database:连接数据库: 172.16.10.196:5432/db_house
INFO:app.core.database:批量执行SQL完成
INFO:app.services.data_generator:表 oms_order 已插入剩余 1 条记录并缓存主键值
INFO:app.services.data_generator:依赖表 oms_order 生成完成，记录数: 1
INFO:app.services.data_generator:开始为依赖表 oms_order_item 生成数据
INFO:app.core.database:批量执行SQL，查询: INSERT INTO oms_order_item (id, order_id, product_sku, product_name, quantity, price) VALUES ($1, $2, $3, $4, $5, $6), 值数量: 1
INFO:app.core.database:连接数据库: 172.16.10.196:5432/db_house
INFO:app.core.database:批量执行SQL完成
INFO:app.services.data_generator:表 oms_order_item 已插入剩余 1 条记录并缓存主键值
INFO:app.services.data_generator:依赖表 oms_order_item 生成完成，记录数: 1
INFO:app.services.data_generator:开始为依赖表 fms_financial_transaction 生成数据
INFO:app.core.database:批量执行SQL，查询: INSERT INTO fms_financial_transaction (transaction_id, order_id, payment_method, transaction_type, transaction_amount, transaction_status, transaction_time) VALUES ($1, $2, $3, $4, $5, $6, $7), 值数量: 1
INFO:app.core.database:连接数据库: 172.16.10.196:5432/db_house
INFO:app.core.database:批量执行SQL完成
INFO:app.services.data_generator:表 fms_financial_transaction 已插入剩余 1 条记录并缓存主键值
INFO:app.services.data_generator:依赖表 fms_financial_transaction 生成完成，记录数: 1
INFO:app.services.data_generator:开始为依赖表 lms_shipment 生成数据
INFO:app.core.database:批量执行SQL，查询: INSERT INTO lms_shipment (shipment_id, order_id, carrier, sender_address, receiver_info, current_status, shipping_time, estimated_delivery, actual_delivery) VALUES ($1, $2, $3, $4, $5, $6, $7, $8, $9), 值数量: 1
INFO:app.core.database:连接数据库: 172.16.10.196:5432/db_house
INFO:app.core.database:批量执行SQL完成
INFO:app.services.data_generator:表 lms_shipment 已插入剩余 1 条记录并缓存主键值
INFO:app.services.data_generator:依赖表 lms_shipment 生成完成，记录数: 1
INFO:app.services.data_generator:数据生成完成，总记录数: 7
INFO:app.services.data_generator:退出 generate_data_for_tables 方法
INFO:app.services.data_generator:开始 generate_data_for_tables 方法
INFO:app.services.data_generator:独立表（阶段1）: ['crawler_competitor_price', 'crm_customer', 'ext_market_trend']
INFO:app.services.data_generator:依赖表（阶段2）: ['oms_order', 'lms_shipment', 'fms_financial_transaction', 'oms_order_item']
INFO:app.services.data_generator:初始化数据库计数器
INFO:app.core.database:执行查询: SELECT MAX(id) FROM crawler_competitor_price, 参数: ()
INFO:app.core.database:连接数据库: 172.16.10.196:5432/db_house
INFO:app.core.database:查询执行成功
INFO:app.core.database:执行查询: SELECT MAX(id) FROM ext_market_trend, 参数: ()
INFO:app.core.database:连接数据库: 172.16.10.196:5432/db_house
INFO:app.core.database:查询执行成功
INFO:app.core.database:执行查询: SELECT MAX(id) FROM oms_order_item, 参数: ()
INFO:app.core.database:连接数据库: 172.16.10.196:5432/db_house
INFO:app.core.database:查询执行成功
INFO:app.services.data_generator:计数器初始化完成: {'crawler_competitor_price_id': 361002, 'ext_market_trend_id': 361002, 'oms_order_item_id': 361093}
INFO:app.services.data_generator:开始处理日期: 2025-10-21
INFO:app.services.data_generator:当天计划生成记录数: 1
INFO:app.services.data_generator:已清空外键缓存
INFO:app.services.data_generator:=== 阶段1：生成独立表 ===
INFO:app.services.data_generator:开始为独立表 crawler_competitor_price 生成数据
INFO:app.core.database:批量执行SQL，查询: INSERT INTO crawler_competitor_price (id, crawl_time, platform, competitor_name, product_name, product_sku, price, promotion_info, is_in_stock) VALUES ($1, $2, $3, $4, $5, $6, $7, $8, $9), 值数量: 1
INFO:app.core.database:连接数据库: 172.16.10.196:5432/db_house
INFO:app.core.database:批量执行SQL完成
INFO:app.services.data_generator:表 crawler_competitor_price 已插入剩余 1 条记录并缓存主键值
INFO:app.services.data_generator:独立表 crawler_competitor_price 生成完成，记录数: 1
INFO:app.services.data_generator:开始为独立表 crm_customer 生成数据
INFO:app.core.database:批量执行SQL，查询: INSERT INTO crm_customer (customer_id, name, gender, phone, email, birthday, address, create_time, update_time, is_deleted) VALUES ($1, $2, $3, $4, $5, $6, $7, $8, $9, $10), 值数量: 1
INFO:app.core.database:连接数据库: 172.16.10.196:5432/db_house
INFO:app.core.database:批量执行SQL完成
INFO:app.services.data_generator:表 crm_customer 已插入剩余 1 条记录并缓存主键值
INFO:app.services.data_generator:独立表 crm_customer 生成完成，记录数: 1
INFO:app.services.data_generator:开始为独立表 ext_market_trend 生成数据
INFO:app.core.database:批量执行SQL，查询: INSERT INTO ext_market_trend (id, period, region, category, market_size, growth_rate, data_source) VALUES ($1, $2, $3, $4, $5, $6, $7), 值数量: 1
INFO:app.core.database:连接数据库: 172.16.10.196:5432/db_house
INFO:app.core.database:批量执行SQL完成
INFO:app.services.data_generator:表 ext_market_trend 已插入剩余 1 条记录并缓存主键值
INFO:app.services.data_generator:独立表 ext_market_trend 生成完成，记录数: 1
INFO:app.services.data_generator:=== 阶段2：生成依赖表 ===
INFO:app.services.data_generator:表依赖排序结果: ['oms_order', 'oms_order_item', 'fms_financial_transaction', 'lms_shipment']
INFO:app.services.data_generator:排序后的依赖表: ['oms_order', 'oms_order_item', 'fms_financial_transaction', 'lms_shipment']
INFO:app.services.data_generator:开始为依赖表 oms_order 生成数据
INFO:app.core.database:批量执行SQL，查询: INSERT INTO oms_order (order_id, order_channel, customer_code, order_amount, discount_amount, pay_amount, order_status, province, city, district, detail_address, order_time) VALUES ($1, $2, $3, $4, $5, $6, $7, $8, $9, $10, $11, $12), 值数量: 1
INFO:app.core.database:连接数据库: 172.16.10.196:5432/db_house
INFO:app.core.database:批量执行SQL完成
INFO:app.services.data_generator:表 oms_order 已插入剩余 1 条记录并缓存主键值
INFO:app.services.data_generator:依赖表 oms_order 生成完成，记录数: 1
INFO:app.services.data_generator:开始为依赖表 oms_order_item 生成数据
INFO:app.core.database:批量执行SQL，查询: INSERT INTO oms_order_item (id, order_id, product_sku, product_name, quantity, price) VALUES ($1, $2, $3, $4, $5, $6), 值数量: 1
INFO:app.core.database:连接数据库: 172.16.10.196:5432/db_house
INFO:app.core.database:批量执行SQL完成
INFO:app.services.data_generator:表 oms_order_item 已插入剩余 1 条记录并缓存主键值
INFO:app.services.data_generator:依赖表 oms_order_item 生成完成，记录数: 1
INFO:app.services.data_generator:开始为依赖表 fms_financial_transaction 生成数据
INFO:app.core.database:批量执行SQL，查询: INSERT INTO fms_financial_transaction (transaction_id, order_id, payment_method, transaction_type, transaction_amount, transaction_status, transaction_time) VALUES ($1, $2, $3, $4, $5, $6, $7), 值数量: 1
INFO:app.core.database:连接数据库: 172.16.10.196:5432/db_house
INFO:app.core.database:批量执行SQL完成
INFO:app.services.data_generator:表 fms_financial_transaction 已插入剩余 1 条记录并缓存主键值
INFO:app.services.data_generator:依赖表 fms_financial_transaction 生成完成，记录数: 1
INFO:app.services.data_generator:开始为依赖表 lms_shipment 生成数据
INFO:app.core.database:批量执行SQL，查询: INSERT INTO lms_shipment (shipment_id, order_id, carrier, sender_address, receiver_info, current_status, shipping_time, estimated_delivery, actual_delivery) VALUES ($1, $2, $3, $4, $5, $6, $7, $8, $9), 值数量: 1
INFO:app.core.database:连接数据库: 172.16.10.196:5432/db_house
INFO:app.core.database:批量执行SQL完成
INFO:app.services.data_generator:表 lms_shipment 已插入剩余 1 条记录并缓存主键值
INFO:app.services.data_generator:依赖表 lms_shipment 生成完成，记录数: 1
INFO:app.services.data_generator:数据生成完成，总记录数: 7
INFO:app.services.data_generator:退出 generate_data_for_tables 方法
数据库连接URL----: postgresql://isap_admin:113RfkdsDMDb6H7T@172.16.10.196:5432/db_house
[2025-10-21 14:20:07.234210] ✅ 成功连接到数据库: db_house
[2025-10-21 14:20:07.234226] 🚀 启动持续数据生成服务 (任务ID: 36a5ce08)
   表: oms_order, crawler_competitor_price, lms_shipment, crm_customer, fms_financial_transaction, ext_market_trend, oms_order_item
   间隔: 1 秒
   每批记录数: 1
   任务ID: 36a5ce08
   日志文件: logs/background_service_36a5ce08.log
   按 Ctrl+C 停止服务
[2025-10-21 14:20:07.234244] 📦 开始生成第 1 批数据...
[2025-10-21 14:20:07.747934] 📦 生成了 7 条记录
[2025-10-21 14:20:07.747966] ✅ 第 1 批数据生成完成
[2025-10-21 14:20:07.747975] ⏱️ 等待 1 秒后继续...
[2025-10-21 14:20:08.749159] 📦 开始生成第 2 批数据...
[2025-10-21 14:20:09.311783] 📦 生成了 7 条记录
[2025-10-21 14:20:09.311812] ✅ 第 2 批数据生成完成
[2025-10-21 14:20:09.311822] ⏱️ 等待 1 秒后继续...
[2025-10-21 14:20:10.312507] 📦 开始生成第 3 批数据...
[2025-10-21 14:20:10.602422] 📦 生成了 7 条记录
[2025-10-21 14:20:10.602437] ✅ 第 3 批数据生成完成
[2025-10-21 14:20:10.602440] ⏱️ 等待 1 秒后继续...
[2025-10-21 14:20:11.603535] 📦 开始生成第 4 批数据...
[2025-10-21 14:20:12.199971] 📦 生成了 7 条记录
[2025-10-21 14:20:12.199997] ✅ 第 4 批数据生成完成
[2025-10-21 14:20:12.200005] ⏱️ 等待 1 秒后继续...
[2025-10-21 14:20:13.201147] 📦 开始生成第 5 批数据...
[2025-10-21 14:20:13.568438] 📦 生成了 7 条记录
[2025-10-21 14:20:13.568466] ✅ 第 5 批数据生成完成
[2025-10-21 14:20:13.568474] ⏱️ 等待 1 秒后继续...
[2025-10-21 14:20:14.569630] 📦 开始生成第 6 批数据...
[2025-10-21 14:20:15.065379] 📦 生成了 7 条记录
[2025-10-21 14:20:15.065405] ✅ 第 6 批数据生成完成
[2025-10-21 14:20:15.065413] ⏱️ 等待 1 秒后继续...
[2025-10-21 14:20:16.066358] 📦 开始生成第 7 批数据...
[2025-10-21 14:20:16.523107] 📦 生成了 7 条记录
[2025-10-21 14:20:16.523121] ✅ 第 7 批数据生成完成
[2025-10-21 14:20:16.523125] ⏱️ 等待 1 秒后继续...
[2025-10-21 14:20:17.523789] 📦 开始生成第 8 批数据...
[2025-10-21 14:20:18.226095] 📦 生成了 7 条记录
[2025-10-21 14:20:18.226127] ✅ 第 8 批数据生成完成
[2025-10-21 14:20:18.226135] ⏱️ 等待 1 秒后继续...
[2025-10-21 14:20:19.226894] 📦 开始生成第 9 批数据...
[2025-10-21 14:20:19.656355] 📦 生成了 7 条记录
[2025-10-21 14:20:19.656387] ✅ 第 9 批数据生成完成
[2025-10-21 14:20:19.656395] ⏱️ 等待 1 秒后继续...
[2025-10-21 14:20:20.657551] 📦 开始生成第 10 批数据...
[2025-10-21 14:20:21.123316] 📦 生成了 7 条记录
[2025-10-21 14:20:21.123346] ✅ 第 10 批数据生成完成
[2025-10-21 14:20:21.123354] ⏱️ 等待 1 秒后继续...
[2025-10-21 14:20:22.124496] 📦 开始生成第 11 批数据...
[2025-10-21 14:20:22.727272] 📦 生成了 7 条记录
[2025-10-21 14:20:22.727294] ✅ 第 11 批数据生成完成
[2025-10-21 14:20:22.727298] ⏱️ 等待 1 秒后继续...
[2025-10-21 14:20:23.728490] 📦 开始生成第 12 批数据...
[2025-10-21 14:20:25.938741] 📦 生成了 7 条记录
[2025-10-21 14:20:25.938774] ✅ 第 12 批数据生成完成
[2025-10-21 14:20:25.938783] ⏱️ 等待 1 秒后继续...
[2025-10-21 14:20:26.939673] 📦 开始生成第 13 批数据...
[2025-10-21 14:20:27.348516] 📦 生成了 7 条记录
[2025-10-21 14:20:27.348542] ✅ 第 13 批数据生成完成
[2025-10-21 14:20:27.348551] ⏱️ 等待 1 秒后继续...
[2025-10-21 14:20:28.349711] 📦 开始生成第 14 批数据...
[2025-10-21 14:20:28.471047] 📦 生成了 7 条记录
[2025-10-21 14:20:28.471074] ✅ 第 14 批数据生成完成
[2025-10-21 14:20:28.471081] ⏱️ 等待 1 秒后继续...
[2025-10-21 14:20:29.472250] 📦 开始生成第 15 批数据...
[2025-10-21 14:20:29.816086] 📦 生成了 7 条记录
[2025-10-21 14:20:29.816115] ✅ 第 15 批数据生成完成
[2025-10-21 14:20:29.816123] ⏱️ 等待 1 秒后继续...
[2025-10-21 14:20:30.817257] 📦 开始生成第 16 批数据...
[2025-10-21 14:20:32.734382] 📦 生成了 7 条记录
[2025-10-21 14:20:32.734399] ✅ 第 16 批数据生成完成
[2025-10-21 14:20:32.734403] ⏱️ 等待 1 秒后继续...
[2025-10-21 14:20:33.735546] 📦 开始生成第 17 批数据...
[2025-10-21 14:20:34.517080] 📦 生成了 7 条记录
[2025-10-21 14:20:34.517098] ✅ 第 17 批数据生成完成
[2025-10-21 14:20:34.517102] ⏱️ 等待 1 秒后继续...
[2025-10-21 14:20:35.518233] 📦 开始生成第 18 批数据...
[2025-10-21 14:20:35.773970] 📦 生成了 7 条记录
[2025-10-21 14:20:35.773990] ✅ 第 18 批数据生成完成
[2025-10-21 14:20:35.773995] ⏱️ 等待 1 秒后继续...
[2025-10-21 14:20:36.775157] 📦 开始生成第 19 批数据...
[2025-10-21 14:20:37.157553] 📦 生成了 7 条记录
[2025-10-21 14:20:37.157579] ✅ 第 19 批数据生成完成
[2025-10-21 14:20:37.157588] ⏱️ 等待 1 秒后继续...
[2025-10-21 14:20:38.158351] 📦 开始生成第 20 批数据...
[2025-10-21 14:20:38.635198] 📦 生成了 7 条记录
[2025-10-21 14:20:38.635235] ✅ 第 20 批数据生成完成
[2025-10-21 14:20:38.635243] ⏱️ 等待 1 秒后继续...
[2025-10-21 14:20:39.635958] 📦 开始生成第 21 批数据...
[2025-10-21 14:20:40.081311] 📦 生成了 7 条记录
[2025-10-21 14:20:40.081331] ✅ 第 21 批数据生成完成
[2025-10-21 14:20:40.081335] ⏱️ 等待 1 秒后继续...
[2025-10-21 14:20:41.082494] 📦 开始生成第 22 批数据...
[2025-10-21 14:20:41.592629] 📦 生成了 7 条记录
[2025-10-21 14:20:41.592657] ✅ 第 22 批数据生成完成
[2025-10-21 14:20:41.592666] ⏱️ 等待 1 秒后继续...
[2025-10-21 14:20:42.593838] 📦 开始生成第 23 批数据...
[2025-10-21 14:20:42.719823] 📦 生成了 7 条记录
[2025-10-21 14:20:42.719849] ✅ 第 23 批数据生成完成
[2025-10-21 14:20:42.719857] ⏱️ 等待 1 秒后继续...
[2025-10-21 14:20:43.720286] 📦 开始生成第 24 批数据...
[2025-10-21 14:20:43.962458] 📦 生成了 7 条记录
[2025-10-21 14:20:43.962485] ✅ 第 24 批数据生成完成
[2025-10-21 14:20:43.962494] ⏱️ 等待 1 秒后继续...
[2025-10-21 14:20:44.963628] 📦 开始生成第 25 批数据...
[2025-10-21 14:20:45.221032] 📦 生成了 7 条记录
[2025-10-21 14:20:45.221058] ✅ 第 25 批数据生成完成
[2025-10-21 14:20:45.221066] ⏱️ 等待 1 秒后继续...
[2025-10-21 14:20:46.222207] 📦 开始生成第 26 批数据...
[2025-10-21 14:20:46.351451] 📦 生成了 7 条记录
[2025-10-21 14:20:46.351473] ✅ 第 26 批数据生成完成
[2025-10-21 14:20:46.351479] ⏱️ 等待 1 秒后继续...
[2025-10-21 14:20:47.352670] 📦 开始生成第 27 批数据...
[2025-10-21 14:20:47.697885] 📦 生成了 7 条记录
[2025-10-21 14:20:47.697910] ✅ 第 27 批数据生成完成
[2025-10-21 14:20:47.697918] ⏱️ 等待 1 秒后继续...
[2025-10-21 14:20:48.699052] 📦 开始生成第 28 批数据...
[2025-10-21 14:20:48.827392] 📦 生成了 7 条记录
[2025-10-21 14:20:48.827410] ✅ 第 28 批数据生成完成
[2025-10-21 14:20:48.827415] ⏱️ 等待 1 秒后继续...
[2025-10-21 14:20:49.828141] 📦 开始生成第 29 批数据...
[2025-10-21 14:20:50.262590] 📦 生成了 7 条记录
[2025-10-21 14:20:50.262615] ✅ 第 29 批数据生成完成
[2025-10-21 14:20:50.262623] ⏱️ 等待 1 秒后继续...
[2025-10-21 14:20:51.263765] 📦 开始生成第 30 批数据...
[2025-10-21 14:20:51.643041] 📦 生成了 7 条记录
[2025-10-21 14:20:51.643062] ✅ 第 30 批数据生成完成
[2025-10-21 14:20:51.643070] ⏱️ 等待 1 秒后继续...
[2025-10-21 14:20:52.643564] 📦 开始生成第 31 批数据...
[2025-10-21 14:20:53.460824] 📦 生成了 7 条记录
[2025-10-21 14:20:53.460847] ✅ 第 31 批数据生成完成
[2025-10-21 14:20:53.460854] ⏱️ 等待 1 秒后继续...
[2025-10-21 14:20:54.462033] 📦 开始生成第 32 批数据...
[2025-10-21 14:20:54.790735] 📦 生成了 7 条记录INFO:app.services.data_generator:开始 generate_data_for_tables 方法
INFO:app.services.data_generator:独立表（阶段1）: ['crawler_competitor_price', 'crm_customer', 'ext_market_trend']
INFO:app.services.data_generator:依赖表（阶段2）: ['oms_order', 'lms_shipment', 'fms_financial_transaction', 'oms_order_item']
INFO:app.services.data_generator:初始化数据库计数器
INFO:app.core.database:执行查询: SELECT MAX(id) FROM crawler_competitor_price, 参数: ()
INFO:app.core.database:连接数据库: 172.16.10.196:5432/db_house
INFO:app.core.database:查询执行成功
INFO:app.core.database:执行查询: SELECT MAX(id) FROM ext_market_trend, 参数: ()
INFO:app.core.database:连接数据库: 172.16.10.196:5432/db_house
INFO:app.core.database:查询执行成功
INFO:app.core.database:执行查询: SELECT MAX(id) FROM oms_order_item, 参数: ()
INFO:app.core.database:连接数据库: 172.16.10.196:5432/db_house
INFO:app.core.database:查询执行成功
INFO:app.services.data_generator:计数器初始化完成: {'crawler_competitor_price_id': 361003, 'ext_market_trend_id': 361003, 'oms_order_item_id': 361094}
INFO:app.services.data_generator:开始处理日期: 2025-10-21
INFO:app.services.data_generator:当天计划生成记录数: 1
INFO:app.services.data_generator:已清空外键缓存
INFO:app.services.data_generator:=== 阶段1：生成独立表 ===
INFO:app.services.data_generator:开始为独立表 crawler_competitor_price 生成数据
INFO:app.core.database:批量执行SQL，查询: INSERT INTO crawler_competitor_price (id, crawl_time, platform, competitor_name, product_name, product_sku, price, promotion_info, is_in_stock) VALUES ($1, $2, $3, $4, $5, $6, $7, $8, $9), 值数量: 1
INFO:app.core.database:连接数据库: 172.16.10.196:5432/db_house
INFO:app.core.database:批量执行SQL完成
INFO:app.services.data_generator:表 crawler_competitor_price 已插入剩余 1 条记录并缓存主键值
INFO:app.services.data_generator:独立表 crawler_competitor_price 生成完成，记录数: 1
INFO:app.services.data_generator:开始为独立表 crm_customer 生成数据
INFO:app.core.database:批量执行SQL，查询: INSERT INTO crm_customer (customer_id, name, gender, phone, email, birthday, address, create_time, update_time, is_deleted) VALUES ($1, $2, $3, $4, $5, $6, $7, $8, $9, $10), 值数量: 1
INFO:app.core.database:连接数据库: 172.16.10.196:5432/db_house
INFO:app.core.database:批量执行SQL完成
INFO:app.services.data_generator:表 crm_customer 已插入剩余 1 条记录并缓存主键值
INFO:app.services.data_generator:独立表 crm_customer 生成完成，记录数: 1
INFO:app.services.data_generator:开始为独立表 ext_market_trend 生成数据
INFO:app.core.database:批量执行SQL，查询: INSERT INTO ext_market_trend (id, period, region, category, market_size, growth_rate, data_source) VALUES ($1, $2, $3, $4, $5, $6, $7), 值数量: 1
INFO:app.core.database:连接数据库: 172.16.10.196:5432/db_house
INFO:app.core.database:批量执行SQL完成
INFO:app.services.data_generator:表 ext_market_trend 已插入剩余 1 条记录并缓存主键值
INFO:app.services.data_generator:独立表 ext_market_trend 生成完成，记录数: 1
INFO:app.services.data_generator:=== 阶段2：生成依赖表 ===
INFO:app.services.data_generator:表依赖排序结果: ['oms_order', 'oms_order_item', 'fms_financial_transaction', 'lms_shipment']
INFO:app.services.data_generator:排序后的依赖表: ['oms_order', 'oms_order_item', 'fms_financial_transaction', 'lms_shipment']
INFO:app.services.data_generator:开始为依赖表 oms_order 生成数据
INFO:app.core.database:批量执行SQL，查询: INSERT INTO oms_order (order_id, order_channel, customer_code, order_amount, discount_amount, pay_amount, order_status, province, city, district, detail_address, order_time) VALUES ($1, $2, $3, $4, $5, $6, $7, $8, $9, $10, $11, $12), 值数量: 1
INFO:app.core.database:连接数据库: 172.16.10.196:5432/db_house
INFO:app.core.database:批量执行SQL完成
INFO:app.services.data_generator:表 oms_order 已插入剩余 1 条记录并缓存主键值
INFO:app.services.data_generator:依赖表 oms_order 生成完成，记录数: 1
INFO:app.services.data_generator:开始为依赖表 oms_order_item 生成数据
INFO:app.core.database:批量执行SQL，查询: INSERT INTO oms_order_item (id, order_id, product_sku, product_name, quantity, price) VALUES ($1, $2, $3, $4, $5, $6), 值数量: 1
INFO:app.core.database:连接数据库: 172.16.10.196:5432/db_house
INFO:app.core.database:批量执行SQL完成
INFO:app.services.data_generator:表 oms_order_item 已插入剩余 1 条记录并缓存主键值
INFO:app.services.data_generator:依赖表 oms_order_item 生成完成，记录数: 1
INFO:app.services.data_generator:开始为依赖表 fms_financial_transaction 生成数据
INFO:app.core.database:批量执行SQL，查询: INSERT INTO fms_financial_transaction (transaction_id, order_id, payment_method, transaction_type, transaction_amount, transaction_status, transaction_time) VALUES ($1, $2, $3, $4, $5, $6, $7), 值数量: 1
INFO:app.core.database:连接数据库: 172.16.10.196:5432/db_house
INFO:app.core.database:批量执行SQL完成
INFO:app.services.data_generator:表 fms_financial_transaction 已插入剩余 1 条记录并缓存主键值
INFO:app.services.data_generator:依赖表 fms_financial_transaction 生成完成，记录数: 1
INFO:app.services.data_generator:开始为依赖表 lms_shipment 生成数据
INFO:app.core.database:批量执行SQL，查询: INSERT INTO lms_shipment (shipment_id, order_id, carrier, sender_address, receiver_info, current_status, shipping_time, estimated_delivery, actual_delivery) VALUES ($1, $2, $3, $4, $5, $6, $7, $8, $9), 值数量: 1
INFO:app.core.database:连接数据库: 172.16.10.196:5432/db_house
INFO:app.core.database:批量执行SQL完成
INFO:app.services.data_generator:表 lms_shipment 已插入剩余 1 条记录并缓存主键值
INFO:app.services.data_generator:依赖表 lms_shipment 生成完成，记录数: 1
INFO:app.services.data_generator:数据生成完成，总记录数: 7
INFO:app.services.data_generator:退出 generate_data_for_tables 方法
INFO:app.services.data_generator:开始 generate_data_for_tables 方法
INFO:app.services.data_generator:独立表（阶段1）: ['crawler_competitor_price', 'crm_customer', 'ext_market_trend']
INFO:app.services.data_generator:依赖表（阶段2）: ['oms_order', 'lms_shipment', 'fms_financial_transaction', 'oms_order_item']
INFO:app.services.data_generator:初始化数据库计数器
INFO:app.core.database:执行查询: SELECT MAX(id) FROM crawler_competitor_price, 参数: ()
INFO:app.core.database:连接数据库: 172.16.10.196:5432/db_house
INFO:app.core.database:查询执行成功
INFO:app.core.database:执行查询: SELECT MAX(id) FROM ext_market_trend, 参数: ()
INFO:app.core.database:连接数据库: 172.16.10.196:5432/db_house
INFO:app.core.database:查询执行成功
INFO:app.core.database:执行查询: SELECT MAX(id) FROM oms_order_item, 参数: ()
INFO:app.core.database:连接数据库: 172.16.10.196:5432/db_house
INFO:app.core.database:查询执行成功
INFO:app.services.data_generator:计数器初始化完成: {'crawler_competitor_price_id': 361004, 'ext_market_trend_id': 361004, 'oms_order_item_id': 361095}
INFO:app.services.data_generator:开始处理日期: 2025-10-21
INFO:app.services.data_generator:当天计划生成记录数: 1
INFO:app.services.data_generator:已清空外键缓存
INFO:app.services.data_generator:=== 阶段1：生成独立表 ===
INFO:app.services.data_generator:开始为独立表 crawler_competitor_price 生成数据
INFO:app.core.database:批量执行SQL，查询: INSERT INTO crawler_competitor_price (id, crawl_time, platform, competitor_name, product_name, product_sku, price, promotion_info, is_in_stock) VALUES ($1, $2, $3, $4, $5, $6, $7, $8, $9), 值数量: 1
INFO:app.core.database:连接数据库: 172.16.10.196:5432/db_house
INFO:app.core.database:批量执行SQL完成
INFO:app.services.data_generator:表 crawler_competitor_price 已插入剩余 1 条记录并缓存主键值
INFO:app.services.data_generator:独立表 crawler_competitor_price 生成完成，记录数: 1
INFO:app.services.data_generator:开始为独立表 crm_customer 生成数据
INFO:app.core.database:批量执行SQL，查询: INSERT INTO crm_customer (customer_id, name, gender, phone, email, birthday, address, create_time, update_time, is_deleted) VALUES ($1, $2, $3, $4, $5, $6, $7, $8, $9, $10), 值数量: 1
INFO:app.core.database:连接数据库: 172.16.10.196:5432/db_house
INFO:app.core.database:批量执行SQL完成
INFO:app.services.data_generator:表 crm_customer 已插入剩余 1 条记录并缓存主键值
INFO:app.services.data_generator:独立表 crm_customer 生成完成，记录数: 1
INFO:app.services.data_generator:开始为独立表 ext_market_trend 生成数据
INFO:app.core.database:批量执行SQL，查询: INSERT INTO ext_market_trend (id, period, region, category, market_size, growth_rate, data_source) VALUES ($1, $2, $3, $4, $5, $6, $7), 值数量: 1
INFO:app.core.database:连接数据库: 172.16.10.196:5432/db_house
INFO:app.core.database:批量执行SQL完成
INFO:app.services.data_generator:表 ext_market_trend 已插入剩余 1 条记录并缓存主键值
INFO:app.services.data_generator:独立表 ext_market_trend 生成完成，记录数: 1
INFO:app.services.data_generator:=== 阶段2：生成依赖表 ===
INFO:app.services.data_generator:表依赖排序结果: ['oms_order', 'oms_order_item', 'fms_financial_transaction', 'lms_shipment']
INFO:app.services.data_generator:排序后的依赖表: ['oms_order', 'oms_order_item', 'fms_financial_transaction', 'lms_shipment']
INFO:app.services.data_generator:开始为依赖表 oms_order 生成数据
INFO:app.core.database:批量执行SQL，查询: INSERT INTO oms_order (order_id, order_channel, customer_code, order_amount, discount_amount, pay_amount, order_status, province, city, district, detail_address, order_time) VALUES ($1, $2, $3, $4, $5, $6, $7, $8, $9, $10, $11, $12), 值数量: 1
INFO:app.core.database:连接数据库: 172.16.10.196:5432/db_house
INFO:app.core.database:批量执行SQL完成
INFO:app.services.data_generator:表 oms_order 已插入剩余 1 条记录并缓存主键值
INFO:app.services.data_generator:依赖表 oms_order 生成完成，记录数: 1
INFO:app.services.data_generator:开始为依赖表 oms_order_item 生成数据
INFO:app.core.database:批量执行SQL，查询: INSERT INTO oms_order_item (id, order_id, product_sku, product_name, quantity, price) VALUES ($1, $2, $3, $4, $5, $6), 值数量: 1
INFO:app.core.database:连接数据库: 172.16.10.196:5432/db_house
INFO:app.core.database:批量执行SQL完成
INFO:app.services.data_generator:表 oms_order_item 已插入剩余 1 条记录并缓存主键值
INFO:app.services.data_generator:依赖表 oms_order_item 生成完成，记录数: 1
INFO:app.services.data_generator:开始为依赖表 fms_financial_transaction 生成数据
INFO:app.core.database:批量执行SQL，查询: INSERT INTO fms_financial_transaction (transaction_id, order_id, payment_method, transaction_type, transaction_amount, transaction_status, transaction_time) VALUES ($1, $2, $3, $4, $5, $6, $7), 值数量: 1
INFO:app.core.database:连接数据库: 172.16.10.196:5432/db_house
INFO:app.core.database:批量执行SQL完成
INFO:app.services.data_generator:表 fms_financial_transaction 已插入剩余 1 条记录并缓存主键值
INFO:app.services.data_generator:依赖表 fms_financial_transaction 生成完成，记录数: 1
INFO:app.services.data_generator:开始为依赖表 lms_shipment 生成数据
INFO:app.core.database:批量执行SQL，查询: INSERT INTO lms_shipment (shipment_id, order_id, carrier, sender_address, receiver_info, current_status, shipping_time, estimated_delivery, actual_delivery) VALUES ($1, $2, $3, $4, $5, $6, $7, $8, $9), 值数量: 1
INFO:app.core.database:连接数据库: 172.16.10.196:5432/db_house
INFO:app.core.database:批量执行SQL完成
INFO:app.services.data_generator:表 lms_shipment 已插入剩余 1 条记录并缓存主键值
INFO:app.services.data_generator:依赖表 lms_shipment 生成完成，记录数: 1
INFO:app.services.data_generator:数据生成完成，总记录数: 7
INFO:app.services.data_generator:退出 generate_data_for_tables 方法
INFO:app.services.data_generator:开始 generate_data_for_tables 方法
INFO:app.services.data_generator:独立表（阶段1）: ['crawler_competitor_price', 'crm_customer', 'ext_market_trend']
INFO:app.services.data_generator:依赖表（阶段2）: ['oms_order', 'lms_shipment', 'fms_financial_transaction', 'oms_order_item']
INFO:app.services.data_generator:初始化数据库计数器
INFO:app.core.database:执行查询: SELECT MAX(id) FROM crawler_competitor_price, 参数: ()
INFO:app.core.database:连接数据库: 172.16.10.196:5432/db_house
INFO:app.core.database:查询执行成功
INFO:app.core.database:执行查询: SELECT MAX(id) FROM ext_market_trend, 参数: ()
INFO:app.core.database:连接数据库: 172.16.10.196:5432/db_house
INFO:app.core.database:查询执行成功
INFO:app.core.database:执行查询: SELECT MAX(id) FROM oms_order_item, 参数: ()
INFO:app.core.database:连接数据库: 172.16.10.196:5432/db_house
INFO:app.core.database:查询执行成功
INFO:app.services.data_generator:计数器初始化完成: {'crawler_competitor_price_id': 361005, 'ext_market_trend_id': 361005, 'oms_order_item_id': 361096}
INFO:app.services.data_generator:开始处理日期: 2025-10-21
INFO:app.services.data_generator:当天计划生成记录数: 1
INFO:app.services.data_generator:已清空外键缓存
INFO:app.services.data_generator:=== 阶段1：生成独立表 ===
INFO:app.services.data_generator:开始为独立表 crawler_competitor_price 生成数据
INFO:app.core.database:批量执行SQL，查询: INSERT INTO crawler_competitor_price (id, crawl_time, platform, competitor_name, product_name, product_sku, price, promotion_info, is_in_stock) VALUES ($1, $2, $3, $4, $5, $6, $7, $8, $9), 值数量: 1
INFO:app.core.database:连接数据库: 172.16.10.196:5432/db_house
INFO:app.core.database:批量执行SQL完成
INFO:app.services.data_generator:表 crawler_competitor_price 已插入剩余 1 条记录并缓存主键值
INFO:app.services.data_generator:独立表 crawler_competitor_price 生成完成，记录数: 1
INFO:app.services.data_generator:开始为独立表 crm_customer 生成数据
INFO:app.core.database:批量执行SQL，查询: INSERT INTO crm_customer (customer_id, name, gender, phone, email, birthday, address, create_time, update_time, is_deleted) VALUES ($1, $2, $3, $4, $5, $6, $7, $8, $9, $10), 值数量: 1
INFO:app.core.database:连接数据库: 172.16.10.196:5432/db_house
INFO:app.core.database:批量执行SQL完成
INFO:app.services.data_generator:表 crm_customer 已插入剩余 1 条记录并缓存主键值
INFO:app.services.data_generator:独立表 crm_customer 生成完成，记录数: 1
INFO:app.services.data_generator:开始为独立表 ext_market_trend 生成数据
INFO:app.core.database:批量执行SQL，查询: INSERT INTO ext_market_trend (id, period, region, category, market_size, growth_rate, data_source) VALUES ($1, $2, $3, $4, $5, $6, $7), 值数量: 1
INFO:app.core.database:连接数据库: 172.16.10.196:5432/db_house
INFO:app.core.database:批量执行SQL完成
INFO:app.services.data_generator:表 ext_market_trend 已插入剩余 1 条记录并缓存主键值
INFO:app.services.data_generator:独立表 ext_market_trend 生成完成，记录数: 1
INFO:app.services.data_generator:=== 阶段2：生成依赖表 ===
INFO:app.services.data_generator:表依赖排序结果: ['oms_order', 'oms_order_item', 'fms_financial_transaction', 'lms_shipment']
INFO:app.services.data_generator:排序后的依赖表: ['oms_order', 'oms_order_item', 'fms_financial_transaction', 'lms_shipment']
INFO:app.services.data_generator:开始为依赖表 oms_order 生成数据
INFO:app.core.database:批量执行SQL，查询: INSERT INTO oms_order (order_id, order_channel, customer_code, order_amount, discount_amount, pay_amount, order_status, province, city, district, detail_address, order_time) VALUES ($1, $2, $3, $4, $5, $6, $7, $8, $9, $10, $11, $12), 值数量: 1
INFO:app.core.database:连接数据库: 172.16.10.196:5432/db_house
INFO:app.core.database:批量执行SQL完成
INFO:app.services.data_generator:表 oms_order 已插入剩余 1 条记录并缓存主键值
INFO:app.services.data_generator:依赖表 oms_order 生成完成，记录数: 1
INFO:app.services.data_generator:开始为依赖表 oms_order_item 生成数据
INFO:app.core.database:批量执行SQL，查询: INSERT INTO oms_order_item (id, order_id, product_sku, product_name, quantity, price) VALUES ($1, $2, $3, $4, $5, $6), 值数量: 1
INFO:app.core.database:连接数据库: 172.16.10.196:5432/db_house
INFO:app.core.database:批量执行SQL完成
INFO:app.services.data_generator:表 oms_order_item 已插入剩余 1 条记录并缓存主键值
INFO:app.services.data_generator:依赖表 oms_order_item 生成完成，记录数: 1
INFO:app.services.data_generator:开始为依赖表 fms_financial_transaction 生成数据
INFO:app.core.database:批量执行SQL，查询: INSERT INTO fms_financial_transaction (transaction_id, order_id, payment_method, transaction_type, transaction_amount, transaction_status, transaction_time) VALUES ($1, $2, $3, $4, $5, $6, $7), 值数量: 1
INFO:app.core.database:连接数据库: 172.16.10.196:5432/db_house
INFO:app.core.database:批量执行SQL完成
INFO:app.services.data_generator:表 fms_financial_transaction 已插入剩余 1 条记录并缓存主键值
INFO:app.services.data_generator:依赖表 fms_financial_transaction 生成完成，记录数: 1
INFO:app.services.data_generator:开始为依赖表 lms_shipment 生成数据
INFO:app.core.database:批量执行SQL，查询: INSERT INTO lms_shipment (shipment_id, order_id, carrier, sender_address, receiver_info, current_status, shipping_time, estimated_delivery, actual_delivery) VALUES ($1, $2, $3, $4, $5, $6, $7, $8, $9), 值数量: 1
INFO:app.core.database:连接数据库: 172.16.10.196:5432/db_house
INFO:app.core.database:批量执行SQL完成
INFO:app.services.data_generator:表 lms_shipment 已插入剩余 1 条记录并缓存主键值
INFO:app.services.data_generator:依赖表 lms_shipment 生成完成，记录数: 1
INFO:app.services.data_generator:数据生成完成，总记录数: 7
INFO:app.services.data_generator:退出 generate_data_for_tables 方法
INFO:app.services.data_generator:开始 generate_data_for_tables 方法
INFO:app.services.data_generator:独立表（阶段1）: ['crawler_competitor_price', 'crm_customer', 'ext_market_trend']
INFO:app.services.data_generator:依赖表（阶段2）: ['oms_order', 'lms_shipment', 'fms_financial_transaction', 'oms_order_item']
INFO:app.services.data_generator:初始化数据库计数器
INFO:app.core.database:执行查询: SELECT MAX(id) FROM crawler_competitor_price, 参数: ()
INFO:app.core.database:连接数据库: 172.16.10.196:5432/db_house
INFO:app.core.database:查询执行成功
INFO:app.core.database:执行查询: SELECT MAX(id) FROM ext_market_trend, 参数: ()
INFO:app.core.database:连接数据库: 172.16.10.196:5432/db_house
INFO:app.core.database:查询执行成功
INFO:app.core.database:执行查询: SELECT MAX(id) FROM oms_order_item, 参数: ()
INFO:app.core.database:连接数据库: 172.16.10.196:5432/db_house
INFO:app.core.database:查询执行成功
INFO:app.services.data_generator:计数器初始化完成: {'crawler_competitor_price_id': 361006, 'ext_market_trend_id': 361006, 'oms_order_item_id': 361097}
INFO:app.services.data_generator:开始处理日期: 2025-10-21
INFO:app.services.data_generator:当天计划生成记录数: 1
INFO:app.services.data_generator:已清空外键缓存
INFO:app.services.data_generator:=== 阶段1：生成独立表 ===
INFO:app.services.data_generator:开始为独立表 crawler_competitor_price 生成数据
INFO:app.core.database:批量执行SQL，查询: INSERT INTO crawler_competitor_price (id, crawl_time, platform, competitor_name, product_name, product_sku, price, promotion_info, is_in_stock) VALUES ($1, $2, $3, $4, $5, $6, $7, $8, $9), 值数量: 1
INFO:app.core.database:连接数据库: 172.16.10.196:5432/db_house
INFO:app.core.database:批量执行SQL完成
INFO:app.services.data_generator:表 crawler_competitor_price 已插入剩余 1 条记录并缓存主键值
INFO:app.services.data_generator:独立表 crawler_competitor_price 生成完成，记录数: 1
INFO:app.services.data_generator:开始为独立表 crm_customer 生成数据
INFO:app.core.database:批量执行SQL，查询: INSERT INTO crm_customer (customer_id, name, gender, phone, email, birthday, address, create_time, update_time, is_deleted) VALUES ($1, $2, $3, $4, $5, $6, $7, $8, $9, $10), 值数量: 1
INFO:app.core.database:连接数据库: 172.16.10.196:5432/db_house
INFO:app.core.database:批量执行SQL完成
INFO:app.services.data_generator:表 crm_customer 已插入剩余 1 条记录并缓存主键值
INFO:app.services.data_generator:独立表 crm_customer 生成完成，记录数: 1
INFO:app.services.data_generator:开始为独立表 ext_market_trend 生成数据
INFO:app.core.database:批量执行SQL，查询: INSERT INTO ext_market_trend (id, period, region, category, market_size, growth_rate, data_source) VALUES ($1, $2, $3, $4, $5, $6, $7), 值数量: 1
INFO:app.core.database:连接数据库: 172.16.10.196:5432/db_house
INFO:app.core.database:批量执行SQL完成
INFO:app.services.data_generator:表 ext_market_trend 已插入剩余 1 条记录并缓存主键值
INFO:app.services.data_generator:独立表 ext_market_trend 生成完成，记录数: 1
INFO:app.services.data_generator:=== 阶段2：生成依赖表 ===
INFO:app.services.data_generator:表依赖排序结果: ['oms_order', 'oms_order_item', 'fms_financial_transaction', 'lms_shipment']
INFO:app.services.data_generator:排序后的依赖表: ['oms_order', 'oms_order_item', 'fms_financial_transaction', 'lms_shipment']
INFO:app.services.data_generator:开始为依赖表 oms_order 生成数据
INFO:app.core.database:批量执行SQL，查询: INSERT INTO oms_order (order_id, order_channel, customer_code, order_amount, discount_amount, pay_amount, order_status, province, city, district, detail_address, order_time) VALUES ($1, $2, $3, $4, $5, $6, $7, $8, $9, $10, $11, $12), 值数量: 1
INFO:app.core.database:连接数据库: 172.16.10.196:5432/db_house
INFO:app.core.database:批量执行SQL完成
INFO:app.services.data_generator:表 oms_order 已插入剩余 1 条记录并缓存主键值
INFO:app.services.data_generator:依赖表 oms_order 生成完成，记录数: 1
INFO:app.services.data_generator:开始为依赖表 oms_order_item 生成数据
INFO:app.core.database:批量执行SQL，查询: INSERT INTO oms_order_item (id, order_id, product_sku, product_name, quantity, price) VALUES ($1, $2, $3, $4, $5, $6), 值数量: 1
INFO:app.core.database:连接数据库: 172.16.10.196:5432/db_house
INFO:app.core.database:批量执行SQL完成
INFO:app.services.data_generator:表 oms_order_item 已插入剩余 1 条记录并缓存主键值
INFO:app.services.data_generator:依赖表 oms_order_item 生成完成，记录数: 1
INFO:app.services.data_generator:开始为依赖表 fms_financial_transaction 生成数据
INFO:app.core.database:批量执行SQL，查询: INSERT INTO fms_financial_transaction (transaction_id, order_id, payment_method, transaction_type, transaction_amount, transaction_status, transaction_time) VALUES ($1, $2, $3, $4, $5, $6, $7), 值数量: 1
INFO:app.core.database:连接数据库: 172.16.10.196:5432/db_house
INFO:app.core.database:批量执行SQL完成
INFO:app.services.data_generator:表 fms_financial_transaction 已插入剩余 1 条记录并缓存主键值
INFO:app.services.data_generator:依赖表 fms_financial_transaction 生成完成，记录数: 1
INFO:app.services.data_generator:开始为依赖表 lms_shipment 生成数据
INFO:app.core.database:批量执行SQL，查询: INSERT INTO lms_shipment (shipment_id, order_id, carrier, sender_address, receiver_info, current_status, shipping_time, estimated_delivery, actual_delivery) VALUES ($1, $2, $3, $4, $5, $6, $7, $8, $9), 值数量: 1
INFO:app.core.database:连接数据库: 172.16.10.196:5432/db_house
INFO:app.core.database:批量执行SQL完成
INFO:app.services.data_generator:表 lms_shipment 已插入剩余 1 条记录并缓存主键值
INFO:app.services.data_generator:依赖表 lms_shipment 生成完成，记录数: 1
INFO:app.services.data_generator:数据生成完成，总记录数: 7
INFO:app.services.data_generator:退出 generate_data_for_tables 方法
INFO:app.services.data_generator:开始 generate_data_for_tables 方法
INFO:app.services.data_generator:独立表（阶段1）: ['crawler_competitor_price', 'crm_customer', 'ext_market_trend']
INFO:app.services.data_generator:依赖表（阶段2）: ['oms_order', 'lms_shipment', 'fms_financial_transaction', 'oms_order_item']
INFO:app.services.data_generator:初始化数据库计数器
INFO:app.core.database:执行查询: SELECT MAX(id) FROM crawler_competitor_price, 参数: ()
INFO:app.core.database:连接数据库: 172.16.10.196:5432/db_house
INFO:app.core.database:查询执行成功
INFO:app.core.database:执行查询: SELECT MAX(id) FROM ext_market_trend, 参数: ()
INFO:app.core.database:连接数据库: 172.16.10.196:5432/db_house
INFO:app.core.database:查询执行成功
INFO:app.core.database:执行查询: SELECT MAX(id) FROM oms_order_item, 参数: ()
INFO:app.core.database:连接数据库: 172.16.10.196:5432/db_house
INFO:app.core.database:查询执行成功
INFO:app.services.data_generator:计数器初始化完成: {'crawler_competitor_price_id': 361007, 'ext_market_trend_id': 361007, 'oms_order_item_id': 361098}
INFO:app.services.data_generator:开始处理日期: 2025-10-21
INFO:app.services.data_generator:当天计划生成记录数: 1
INFO:app.services.data_generator:已清空外键缓存
INFO:app.services.data_generator:=== 阶段1：生成独立表 ===
INFO:app.services.data_generator:开始为独立表 crawler_competitor_price 生成数据
INFO:app.core.database:批量执行SQL，查询: INSERT INTO crawler_competitor_price (id, crawl_time, platform, competitor_name, product_name, product_sku, price, promotion_info, is_in_stock) VALUES ($1, $2, $3, $4, $5, $6, $7, $8, $9), 值数量: 1
INFO:app.core.database:连接数据库: 172.16.10.196:5432/db_house
INFO:app.core.database:批量执行SQL完成
INFO:app.services.data_generator:表 crawler_competitor_price 已插入剩余 1 条记录并缓存主键值
INFO:app.services.data_generator:独立表 crawler_competitor_price 生成完成，记录数: 1
INFO:app.services.data_generator:开始为独立表 crm_customer 生成数据
INFO:app.core.database:批量执行SQL，查询: INSERT INTO crm_customer (customer_id, name, gender, phone, email, birthday, address, create_time, update_time, is_deleted) VALUES ($1, $2, $3, $4, $5, $6, $7, $8, $9, $10), 值数量: 1
INFO:app.core.database:连接数据库: 172.16.10.196:5432/db_house
INFO:app.core.database:批量执行SQL完成
INFO:app.services.data_generator:表 crm_customer 已插入剩余 1 条记录并缓存主键值
INFO:app.services.data_generator:独立表 crm_customer 生成完成，记录数: 1
INFO:app.services.data_generator:开始为独立表 ext_market_trend 生成数据
INFO:app.core.database:批量执行SQL，查询: INSERT INTO ext_market_trend (id, period, region, category, market_size, growth_rate, data_source) VALUES ($1, $2, $3, $4, $5, $6, $7), 值数量: 1
INFO:app.core.database:连接数据库: 172.16.10.196:5432/db_house
INFO:app.core.database:批量执行SQL完成
INFO:app.services.data_generator:表 ext_market_trend 已插入剩余 1 条记录并缓存主键值
INFO:app.services.data_generator:独立表 ext_market_trend 生成完成，记录数: 1
INFO:app.services.data_generator:=== 阶段2：生成依赖表 ===
INFO:app.services.data_generator:表依赖排序结果: ['oms_order', 'oms_order_item', 'fms_financial_transaction', 'lms_shipment']
INFO:app.services.data_generator:排序后的依赖表: ['oms_order', 'oms_order_item', 'fms_financial_transaction', 'lms_shipment']
INFO:app.services.data_generator:开始为依赖表 oms_order 生成数据
INFO:app.core.database:批量执行SQL，查询: INSERT INTO oms_order (order_id, order_channel, customer_code, order_amount, discount_amount, pay_amount, order_status, province, city, district, detail_address, order_time) VALUES ($1, $2, $3, $4, $5, $6, $7, $8, $9, $10, $11, $12), 值数量: 1
INFO:app.core.database:连接数据库: 172.16.10.196:5432/db_house
INFO:app.core.database:批量执行SQL完成
INFO:app.services.data_generator:表 oms_order 已插入剩余 1 条记录并缓存主键值
INFO:app.services.data_generator:依赖表 oms_order 生成完成，记录数: 1
INFO:app.services.data_generator:开始为依赖表 oms_order_item 生成数据
INFO:app.core.database:批量执行SQL，查询: INSERT INTO oms_order_item (id, order_id, product_sku, product_name, quantity, price) VALUES ($1, $2, $3, $4, $5, $6), 值数量: 1
INFO:app.core.database:连接数据库: 172.16.10.196:5432/db_house
INFO:app.core.database:批量执行SQL完成
INFO:app.services.data_generator:表 oms_order_item 已插入剩余 1 条记录并缓存主键值
INFO:app.services.data_generator:依赖表 oms_order_item 生成完成，记录数: 1
INFO:app.services.data_generator:开始为依赖表 fms_financial_transaction 生成数据
INFO:app.core.database:批量执行SQL，查询: INSERT INTO fms_financial_transaction (transaction_id, order_id, payment_method, transaction_type, transaction_amount, transaction_status, transaction_time) VALUES ($1, $2, $3, $4, $5, $6, $7), 值数量: 1
INFO:app.core.database:连接数据库: 172.16.10.196:5432/db_house
INFO:app.core.database:批量执行SQL完成
INFO:app.services.data_generator:表 fms_financial_transaction 已插入剩余 1 条记录并缓存主键值
INFO:app.services.data_generator:依赖表 fms_financial_transaction 生成完成，记录数: 1
INFO:app.services.data_generator:开始为依赖表 lms_shipment 生成数据
INFO:app.core.database:批量执行SQL，查询: INSERT INTO lms_shipment (shipment_id, order_id, carrier, sender_address, receiver_info, current_status, shipping_time, estimated_delivery, actual_delivery) VALUES ($1, $2, $3, $4, $5, $6, $7, $8, $9), 值数量: 1
INFO:app.core.database:连接数据库: 172.16.10.196:5432/db_house
INFO:app.core.database:批量执行SQL完成
INFO:app.services.data_generator:表 lms_shipment 已插入剩余 1 条记录并缓存主键值
INFO:app.services.data_generator:依赖表 lms_shipment 生成完成，记录数: 1
INFO:app.services.data_generator:数据生成完成，总记录数: 7
INFO:app.services.data_generator:退出 generate_data_for_tables 方法
INFO:app.services.data_generator:开始 generate_data_for_tables 方法
INFO:app.services.data_generator:独立表（阶段1）: ['crawler_competitor_price', 'crm_customer', 'ext_market_trend']
INFO:app.services.data_generator:依赖表（阶段2）: ['oms_order', 'lms_shipment', 'fms_financial_transaction', 'oms_order_item']
INFO:app.services.data_generator:初始化数据库计数器
INFO:app.core.database:执行查询: SELECT MAX(id) FROM crawler_competitor_price, 参数: ()
INFO:app.core.database:连接数据库: 172.16.10.196:5432/db_house
INFO:app.core.database:查询执行成功
INFO:app.core.database:执行查询: SELECT MAX(id) FROM ext_market_trend, 参数: ()
INFO:app.core.database:连接数据库: 172.16.10.196:5432/db_house
INFO:app.core.database:查询执行成功
INFO:app.core.database:执行查询: SELECT MAX(id) FROM oms_order_item, 参数: ()
INFO:app.core.database:连接数据库: 172.16.10.196:5432/db_house
INFO:app.core.database:查询执行成功
INFO:app.services.data_generator:计数器初始化完成: {'crawler_competitor_price_id': 361008, 'ext_market_trend_id': 361008, 'oms_order_item_id': 361099}
INFO:app.services.data_generator:开始处理日期: 2025-10-21
INFO:app.services.data_generator:当天计划生成记录数: 1
INFO:app.services.data_generator:已清空外键缓存
INFO:app.services.data_generator:=== 阶段1：生成独立表 ===
INFO:app.services.data_generator:开始为独立表 crawler_competitor_price 生成数据
INFO:app.core.database:批量执行SQL，查询: INSERT INTO crawler_competitor_price (id, crawl_time, platform, competitor_name, product_name, product_sku, price, promotion_info, is_in_stock) VALUES ($1, $2, $3, $4, $5, $6, $7, $8, $9), 值数量: 1
INFO:app.core.database:连接数据库: 172.16.10.196:5432/db_house
INFO:app.core.database:批量执行SQL完成
INFO:app.services.data_generator:表 crawler_competitor_price 已插入剩余 1 条记录并缓存主键值
INFO:app.services.data_generator:独立表 crawler_competitor_price 生成完成，记录数: 1
INFO:app.services.data_generator:开始为独立表 crm_customer 生成数据
INFO:app.core.database:批量执行SQL，查询: INSERT INTO crm_customer (customer_id, name, gender, phone, email, birthday, address, create_time, update_time, is_deleted) VALUES ($1, $2, $3, $4, $5, $6, $7, $8, $9, $10), 值数量: 1
INFO:app.core.database:连接数据库: 172.16.10.196:5432/db_house
INFO:app.core.database:批量执行SQL完成
INFO:app.services.data_generator:表 crm_customer 已插入剩余 1 条记录并缓存主键值
INFO:app.services.data_generator:独立表 crm_customer 生成完成，记录数: 1
INFO:app.services.data_generator:开始为独立表 ext_market_trend 生成数据
INFO:app.core.database:批量执行SQL，查询: INSERT INTO ext_market_trend (id, period, region, category, market_size, growth_rate, data_source) VALUES ($1, $2, $3, $4, $5, $6, $7), 值数量: 1
INFO:app.core.database:连接数据库: 172.16.10.196:5432/db_house
INFO:app.core.database:批量执行SQL完成
INFO:app.services.data_generator:表 ext_market_trend 已插入剩余 1 条记录并缓存主键值
INFO:app.services.data_generator:独立表 ext_market_trend 生成完成，记录数: 1
INFO:app.services.data_generator:=== 阶段2：生成依赖表 ===
INFO:app.services.data_generator:表依赖排序结果: ['oms_order', 'oms_order_item', 'fms_financial_transaction', 'lms_shipment']
INFO:app.services.data_generator:排序后的依赖表: ['oms_order', 'oms_order_item', 'fms_financial_transaction', 'lms_shipment']
INFO:app.services.data_generator:开始为依赖表 oms_order 生成数据
INFO:app.core.database:批量执行SQL，查询: INSERT INTO oms_order (order_id, order_channel, customer_code, order_amount, discount_amount, pay_amount, order_status, province, city, district, detail_address, order_time) VALUES ($1, $2, $3, $4, $5, $6, $7, $8, $9, $10, $11, $12), 值数量: 1
INFO:app.core.database:连接数据库: 172.16.10.196:5432/db_house
INFO:app.core.database:批量执行SQL完成
INFO:app.services.data_generator:表 oms_order 已插入剩余 1 条记录并缓存主键值
INFO:app.services.data_generator:依赖表 oms_order 生成完成，记录数: 1
INFO:app.services.data_generator:开始为依赖表 oms_order_item 生成数据
INFO:app.core.database:批量执行SQL，查询: INSERT INTO oms_order_item (id, order_id, product_sku, product_name, quantity, price) VALUES ($1, $2, $3, $4, $5, $6), 值数量: 1
INFO:app.core.database:连接数据库: 172.16.10.196:5432/db_house
INFO:app.core.database:批量执行SQL完成
INFO:app.services.data_generator:表 oms_order_item 已插入剩余 1 条记录并缓存主键值
INFO:app.services.data_generator:依赖表 oms_order_item 生成完成，记录数: 1
INFO:app.services.data_generator:开始为依赖表 fms_financial_transaction 生成数据
INFO:app.core.database:批量执行SQL，查询: INSERT INTO fms_financial_transaction (transaction_id, order_id, payment_method, transaction_type, transaction_amount, transaction_status, transaction_time) VALUES ($1, $2, $3, $4, $5, $6, $7), 值数量: 1
INFO:app.core.database:连接数据库: 172.16.10.196:5432/db_house
INFO:app.core.database:批量执行SQL完成
INFO:app.services.data_generator:表 fms_financial_transaction 已插入剩余 1 条记录并缓存主键值
INFO:app.services.data_generator:依赖表 fms_financial_transaction 生成完成，记录数: 1
INFO:app.services.data_generator:开始为依赖表 lms_shipment 生成数据
INFO:app.core.database:批量执行SQL，查询: INSERT INTO lms_shipment (shipment_id, order_id, carrier, sender_address, receiver_info, current_status, shipping_time, estimated_delivery, actual_delivery) VALUES ($1, $2, $3, $4, $5, $6, $7, $8, $9), 值数量: 1
INFO:app.core.database:连接数据库: 172.16.10.196:5432/db_house
INFO:app.core.database:批量执行SQL完成
INFO:app.services.data_generator:表 lms_shipment 已插入剩余 1 条记录并缓存主键值
INFO:app.services.data_generator:依赖表 lms_shipment 生成完成，记录数: 1
INFO:app.services.data_generator:数据生成完成，总记录数: 7
INFO:app.services.data_generator:退出 generate_data_for_tables 方法
INFO:app.services.data_generator:开始 generate_data_for_tables 方法
INFO:app.services.data_generator:独立表（阶段1）: ['crawler_competitor_price', 'crm_customer', 'ext_market_trend']
INFO:app.services.data_generator:依赖表（阶段2）: ['oms_order', 'lms_shipment', 'fms_financial_transaction', 'oms_order_item']
INFO:app.services.data_generator:初始化数据库计数器
INFO:app.core.database:执行查询: SELECT MAX(id) FROM crawler_competitor_price, 参数: ()
INFO:app.core.database:连接数据库: 172.16.10.196:5432/db_house
INFO:app.core.database:查询执行成功
INFO:app.core.database:执行查询: SELECT MAX(id) FROM ext_market_trend, 参数: ()
INFO:app.core.database:连接数据库: 172.16.10.196:5432/db_house
INFO:app.core.database:查询执行成功
INFO:app.core.database:执行查询: SELECT MAX(id) FROM oms_order_item, 参数: ()
INFO:app.core.database:连接数据库: 172.16.10.196:5432/db_house
INFO:app.core.database:查询执行成功
INFO:app.services.data_generator:计数器初始化完成: {'crawler_competitor_price_id': 361009, 'ext_market_trend_id': 361009, 'oms_order_item_id': 361100}
INFO:app.services.data_generator:开始处理日期: 2025-10-21
INFO:app.services.data_generator:当天计划生成记录数: 1
INFO:app.services.data_generator:已清空外键缓存
INFO:app.services.data_generator:=== 阶段1：生成独立表 ===
INFO:app.services.data_generator:开始为独立表 crawler_competitor_price 生成数据
INFO:app.core.database:批量执行SQL，查询: INSERT INTO crawler_competitor_price (id, crawl_time, platform, competitor_name, product_name, product_sku, price, promotion_info, is_in_stock) VALUES ($1, $2, $3, $4, $5, $6, $7, $8, $9), 值数量: 1
INFO:app.core.database:连接数据库: 172.16.10.196:5432/db_house
INFO:app.core.database:批量执行SQL完成
INFO:app.services.data_generator:表 crawler_competitor_price 已插入剩余 1 条记录并缓存主键值
INFO:app.services.data_generator:独立表 crawler_competitor_price 生成完成，记录数: 1
INFO:app.services.data_generator:开始为独立表 crm_customer 生成数据
INFO:app.core.database:批量执行SQL，查询: INSERT INTO crm_customer (customer_id, name, gender, phone, email, birthday, address, create_time, update_time, is_deleted) VALUES ($1, $2, $3, $4, $5, $6, $7, $8, $9, $10), 值数量: 1
INFO:app.core.database:连接数据库: 172.16.10.196:5432/db_house
INFO:app.core.database:批量执行SQL完成
INFO:app.services.data_generator:表 crm_customer 已插入剩余 1 条记录并缓存主键值
INFO:app.services.data_generator:独立表 crm_customer 生成完成，记录数: 1
INFO:app.services.data_generator:开始为独立表 ext_market_trend 生成数据
INFO:app.core.database:批量执行SQL，查询: INSERT INTO ext_market_trend (id, period, region, category, market_size, growth_rate, data_source) VALUES ($1, $2, $3, $4, $5, $6, $7), 值数量: 1
INFO:app.core.database:连接数据库: 172.16.10.196:5432/db_house
INFO:app.core.database:批量执行SQL完成
INFO:app.services.data_generator:表 ext_market_trend 已插入剩余 1 条记录并缓存主键值
INFO:app.services.data_generator:独立表 ext_market_trend 生成完成，记录数: 1
INFO:app.services.data_generator:=== 阶段2：生成依赖表 ===
INFO:app.services.data_generator:表依赖排序结果: ['oms_order', 'oms_order_item', 'fms_financial_transaction', 'lms_shipment']
INFO:app.services.data_generator:排序后的依赖表: ['oms_order', 'oms_order_item', 'fms_financial_transaction', 'lms_shipment']
INFO:app.services.data_generator:开始为依赖表 oms_order 生成数据
INFO:app.core.database:批量执行SQL，查询: INSERT INTO oms_order (order_id, order_channel, customer_code, order_amount, discount_amount, pay_amount, order_status, province, city, district, detail_address, order_time) VALUES ($1, $2, $3, $4, $5, $6, $7, $8, $9, $10, $11, $12), 值数量: 1
INFO:app.core.database:连接数据库: 172.16.10.196:5432/db_house
INFO:app.core.database:批量执行SQL完成
INFO:app.services.data_generator:表 oms_order 已插入剩余 1 条记录并缓存主键值
INFO:app.services.data_generator:依赖表 oms_order 生成完成，记录数: 1
INFO:app.services.data_generator:开始为依赖表 oms_order_item 生成数据
INFO:app.core.database:批量执行SQL，查询: INSERT INTO oms_order_item (id, order_id, product_sku, product_name, quantity, price) VALUES ($1, $2, $3, $4, $5, $6), 值数量: 1
INFO:app.core.database:连接数据库: 172.16.10.196:5432/db_house
INFO:app.core.database:批量执行SQL完成
INFO:app.services.data_generator:表 oms_order_item 已插入剩余 1 条记录并缓存主键值
INFO:app.services.data_generator:依赖表 oms_order_item 生成完成，记录数: 1
INFO:app.services.data_generator:开始为依赖表 fms_financial_transaction 生成数据
INFO:app.core.database:批量执行SQL，查询: INSERT INTO fms_financial_transaction (transaction_id, order_id, payment_method, transaction_type, transaction_amount, transaction_status, transaction_time) VALUES ($1, $2, $3, $4, $5, $6, $7), 值数量: 1
INFO:app.core.database:连接数据库: 172.16.10.196:5432/db_house
INFO:app.core.database:批量执行SQL完成
INFO:app.services.data_generator:表 fms_financial_transaction 已插入剩余 1 条记录并缓存主键值
INFO:app.services.data_generator:依赖表 fms_financial_transaction 生成完成，记录数: 1
INFO:app.services.data_generator:开始为依赖表 lms_shipment 生成数据
INFO:app.core.database:批量执行SQL，查询: INSERT INTO lms_shipment (shipment_id, order_id, carrier, sender_address, receiver_info, current_status, shipping_time, estimated_delivery, actual_delivery) VALUES ($1, $2, $3, $4, $5, $6, $7, $8, $9), 值数量: 1
INFO:app.core.database:连接数据库: 172.16.10.196:5432/db_house
INFO:app.core.database:批量执行SQL完成
INFO:app.services.data_generator:表 lms_shipment 已插入剩余 1 条记录并缓存主键值
INFO:app.services.data_generator:依赖表 lms_shipment 生成完成，记录数: 1
INFO:app.services.data_generator:数据生成完成，总记录数: 7
INFO:app.services.data_generator:退出 generate_data_for_tables 方法
INFO:app.services.data_generator:开始 generate_data_for_tables 方法
INFO:app.services.data_generator:独立表（阶段1）: ['crawler_competitor_price', 'crm_customer', 'ext_market_trend']
INFO:app.services.data_generator:依赖表（阶段2）: ['oms_order', 'lms_shipment', 'fms_financial_transaction', 'oms_order_item']
INFO:app.services.data_generator:初始化数据库计数器
INFO:app.core.database:执行查询: SELECT MAX(id) FROM crawler_competitor_price, 参数: ()
INFO:app.core.database:连接数据库: 172.16.10.196:5432/db_house
INFO:app.core.database:查询执行成功
INFO:app.core.database:执行查询: SELECT MAX(id) FROM ext_market_trend, 参数: ()
INFO:app.core.database:连接数据库: 172.16.10.196:5432/db_house
INFO:app.core.database:查询执行成功
INFO:app.core.database:执行查询: SELECT MAX(id) FROM oms_order_item, 参数: ()
INFO:app.core.database:连接数据库: 172.16.10.196:5432/db_house
INFO:app.core.database:查询执行成功
INFO:app.services.data_generator:计数器初始化完成: {'crawler_competitor_price_id': 361010, 'ext_market_trend_id': 361010, 'oms_order_item_id': 361101}
INFO:app.services.data_generator:开始处理日期: 2025-10-21
INFO:app.services.data_generator:当天计划生成记录数: 1
INFO:app.services.data_generator:已清空外键缓存
INFO:app.services.data_generator:=== 阶段1：生成独立表 ===
INFO:app.services.data_generator:开始为独立表 crawler_competitor_price 生成数据
INFO:app.core.database:批量执行SQL，查询: INSERT INTO crawler_competitor_price (id, crawl_time, platform, competitor_name, product_name, product_sku, price, promotion_info, is_in_stock) VALUES ($1, $2, $3, $4, $5, $6, $7, $8, $9), 值数量: 1
INFO:app.core.database:连接数据库: 172.16.10.196:5432/db_house
INFO:app.core.database:批量执行SQL完成
INFO:app.services.data_generator:表 crawler_competitor_price 已插入剩余 1 条记录并缓存主键值
INFO:app.services.data_generator:独立表 crawler_competitor_price 生成完成，记录数: 1
INFO:app.services.data_generator:开始为独立表 crm_customer 生成数据
INFO:app.core.database:批量执行SQL，查询: INSERT INTO crm_customer (customer_id, name, gender, phone, email, birthday, address, create_time, update_time, is_deleted) VALUES ($1, $2, $3, $4, $5, $6, $7, $8, $9, $10), 值数量: 1
INFO:app.core.database:连接数据库: 172.16.10.196:5432/db_house
INFO:app.core.database:批量执行SQL完成
INFO:app.services.data_generator:表 crm_customer 已插入剩余 1 条记录并缓存主键值
INFO:app.services.data_generator:独立表 crm_customer 生成完成，记录数: 1
INFO:app.services.data_generator:开始为独立表 ext_market_trend 生成数据
INFO:app.core.database:批量执行SQL，查询: INSERT INTO ext_market_trend (id, period, region, category, market_size, growth_rate, data_source) VALUES ($1, $2, $3, $4, $5, $6, $7), 值数量: 1
INFO:app.core.database:连接数据库: 172.16.10.196:5432/db_house
INFO:app.core.database:批量执行SQL完成
INFO:app.services.data_generator:表 ext_market_trend 已插入剩余 1 条记录并缓存主键值
INFO:app.services.data_generator:独立表 ext_market_trend 生成完成，记录数: 1
INFO:app.services.data_generator:=== 阶段2：生成依赖表 ===
INFO:app.services.data_generator:表依赖排序结果: ['oms_order', 'oms_order_item', 'fms_financial_transaction', 'lms_shipment']
INFO:app.services.data_generator:排序后的依赖表: ['oms_order', 'oms_order_item', 'fms_financial_transaction', 'lms_shipment']
INFO:app.services.data_generator:开始为依赖表 oms_order 生成数据
INFO:app.core.database:批量执行SQL，查询: INSERT INTO oms_order (order_id, order_channel, customer_code, order_amount, discount_amount, pay_amount, order_status, province, city, district, detail_address, order_time) VALUES ($1, $2, $3, $4, $5, $6, $7, $8, $9, $10, $11, $12), 值数量: 1
INFO:app.core.database:连接数据库: 172.16.10.196:5432/db_house
INFO:app.core.database:批量执行SQL完成
INFO:app.services.data_generator:表 oms_order 已插入剩余 1 条记录并缓存主键值
INFO:app.services.data_generator:依赖表 oms_order 生成完成，记录数: 1
INFO:app.services.data_generator:开始为依赖表 oms_order_item 生成数据
INFO:app.core.database:批量执行SQL，查询: INSERT INTO oms_order_item (id, order_id, product_sku, product_name, quantity, price) VALUES ($1, $2, $3, $4, $5, $6), 值数量: 1
INFO:app.core.database:连接数据库: 172.16.10.196:5432/db_house
INFO:app.core.database:批量执行SQL完成
INFO:app.services.data_generator:表 oms_order_item 已插入剩余 1 条记录并缓存主键值
INFO:app.services.data_generator:依赖表 oms_order_item 生成完成，记录数: 1
INFO:app.services.data_generator:开始为依赖表 fms_financial_transaction 生成数据
INFO:app.core.database:批量执行SQL，查询: INSERT INTO fms_financial_transaction (transaction_id, order_id, payment_method, transaction_type, transaction_amount, transaction_status, transaction_time) VALUES ($1, $2, $3, $4, $5, $6, $7), 值数量: 1
INFO:app.core.database:连接数据库: 172.16.10.196:5432/db_house
INFO:app.core.database:批量执行SQL完成
INFO:app.services.data_generator:表 fms_financial_transaction 已插入剩余 1 条记录并缓存主键值
INFO:app.services.data_generator:依赖表 fms_financial_transaction 生成完成，记录数: 1
INFO:app.services.data_generator:开始为依赖表 lms_shipment 生成数据
INFO:app.core.database:批量执行SQL，查询: INSERT INTO lms_shipment (shipment_id, order_id, carrier, sender_address, receiver_info, current_status, shipping_time, estimated_delivery, actual_delivery) VALUES ($1, $2, $3, $4, $5, $6, $7, $8, $9), 值数量: 1
INFO:app.core.database:连接数据库: 172.16.10.196:5432/db_house
INFO:app.core.database:批量执行SQL完成
INFO:app.services.data_generator:表 lms_shipment 已插入剩余 1 条记录并缓存主键值
INFO:app.services.data_generator:依赖表 lms_shipment 生成完成，记录数: 1
INFO:app.services.data_generator:数据生成完成，总记录数: 7
INFO:app.services.data_generator:退出 generate_data_for_tables 方法
INFO:app.services.data_generator:开始 generate_data_for_tables 方法
INFO:app.services.data_generator:独立表（阶段1）: ['crawler_competitor_price', 'crm_customer', 'ext_market_trend']
INFO:app.services.data_generator:依赖表（阶段2）: ['oms_order', 'lms_shipment', 'fms_financial_transaction', 'oms_order_item']
INFO:app.services.data_generator:初始化数据库计数器
INFO:app.core.database:执行查询: SELECT MAX(id) FROM crawler_competitor_price, 参数: ()
INFO:app.core.database:连接数据库: 172.16.10.196:5432/db_house
INFO:app.core.database:查询执行成功
INFO:app.core.database:执行查询: SELECT MAX(id) FROM ext_market_trend, 参数: ()
INFO:app.core.database:连接数据库: 172.16.10.196:5432/db_house
INFO:app.core.database:查询执行成功
INFO:app.core.database:执行查询: SELECT MAX(id) FROM oms_order_item, 参数: ()
INFO:app.core.database:连接数据库: 172.16.10.196:5432/db_house
INFO:app.core.database:查询执行成功
INFO:app.services.data_generator:计数器初始化完成: {'crawler_competitor_price_id': 361011, 'ext_market_trend_id': 361011, 'oms_order_item_id': 361102}
INFO:app.services.data_generator:开始处理日期: 2025-10-21
INFO:app.services.data_generator:当天计划生成记录数: 1
INFO:app.services.data_generator:已清空外键缓存
INFO:app.services.data_generator:=== 阶段1：生成独立表 ===
INFO:app.services.data_generator:开始为独立表 crawler_competitor_price 生成数据
INFO:app.core.database:批量执行SQL，查询: INSERT INTO crawler_competitor_price (id, crawl_time, platform, competitor_name, product_name, product_sku, price, promotion_info, is_in_stock) VALUES ($1, $2, $3, $4, $5, $6, $7, $8, $9), 值数量: 1
INFO:app.core.database:连接数据库: 172.16.10.196:5432/db_house
INFO:app.core.database:批量执行SQL完成
INFO:app.services.data_generator:表 crawler_competitor_price 已插入剩余 1 条记录并缓存主键值
INFO:app.services.data_generator:独立表 crawler_competitor_price 生成完成，记录数: 1
INFO:app.services.data_generator:开始为独立表 crm_customer 生成数据
INFO:app.core.database:批量执行SQL，查询: INSERT INTO crm_customer (customer_id, name, gender, phone, email, birthday, address, create_time, update_time, is_deleted) VALUES ($1, $2, $3, $4, $5, $6, $7, $8, $9, $10), 值数量: 1
INFO:app.core.database:连接数据库: 172.16.10.196:5432/db_house
INFO:app.core.database:批量执行SQL完成
INFO:app.services.data_generator:表 crm_customer 已插入剩余 1 条记录并缓存主键值
INFO:app.services.data_generator:独立表 crm_customer 生成完成，记录数: 1
INFO:app.services.data_generator:开始为独立表 ext_market_trend 生成数据
INFO:app.core.database:批量执行SQL，查询: INSERT INTO ext_market_trend (id, period, region, category, market_size, growth_rate, data_source) VALUES ($1, $2, $3, $4, $5, $6, $7), 值数量: 1
INFO:app.core.database:连接数据库: 172.16.10.196:5432/db_house
INFO:app.core.database:批量执行SQL完成
INFO:app.services.data_generator:表 ext_market_trend 已插入剩余 1 条记录并缓存主键值
INFO:app.services.data_generator:独立表 ext_market_trend 生成完成，记录数: 1
INFO:app.services.data_generator:=== 阶段2：生成依赖表 ===
INFO:app.services.data_generator:表依赖排序结果: ['oms_order', 'oms_order_item', 'fms_financial_transaction', 'lms_shipment']
INFO:app.services.data_generator:排序后的依赖表: ['oms_order', 'oms_order_item', 'fms_financial_transaction', 'lms_shipment']
INFO:app.services.data_generator:开始为依赖表 oms_order 生成数据
INFO:app.core.database:批量执行SQL，查询: INSERT INTO oms_order (order_id, order_channel, customer_code, order_amount, discount_amount, pay_amount, order_status, province, city, district, detail_address, order_time) VALUES ($1, $2, $3, $4, $5, $6, $7, $8, $9, $10, $11, $12), 值数量: 1
INFO:app.core.database:连接数据库: 172.16.10.196:5432/db_house
INFO:app.core.database:批量执行SQL完成
INFO:app.services.data_generator:表 oms_order 已插入剩余 1 条记录并缓存主键值
INFO:app.services.data_generator:依赖表 oms_order 生成完成，记录数: 1
INFO:app.services.data_generator:开始为依赖表 oms_order_item 生成数据
INFO:app.core.database:批量执行SQL，查询: INSERT INTO oms_order_item (id, order_id, product_sku, product_name, quantity, price) VALUES ($1, $2, $3, $4, $5, $6), 值数量: 1
INFO:app.core.database:连接数据库: 172.16.10.196:5432/db_house
INFO:app.core.database:批量执行SQL完成
INFO:app.services.data_generator:表 oms_order_item 已插入剩余 1 条记录并缓存主键值
INFO:app.services.data_generator:依赖表 oms_order_item 生成完成，记录数: 1
INFO:app.services.data_generator:开始为依赖表 fms_financial_transaction 生成数据
INFO:app.core.database:批量执行SQL，查询: INSERT INTO fms_financial_transaction (transaction_id, order_id, payment_method, transaction_type, transaction_amount, transaction_status, transaction_time) VALUES ($1, $2, $3, $4, $5, $6, $7), 值数量: 1
INFO:app.core.database:连接数据库: 172.16.10.196:5432/db_house
INFO:app.core.database:批量执行SQL完成
INFO:app.services.data_generator:表 fms_financial_transaction 已插入剩余 1 条记录并缓存主键值
INFO:app.services.data_generator:依赖表 fms_financial_transaction 生成完成，记录数: 1
INFO:app.services.data_generator:开始为依赖表 lms_shipment 生成数据
INFO:app.core.database:批量执行SQL，查询: INSERT INTO lms_shipment (shipment_id, order_id, carrier, sender_address, receiver_info, current_status, shipping_time, estimated_delivery, actual_delivery) VALUES ($1, $2, $3, $4, $5, $6, $7, $8, $9), 值数量: 1
INFO:app.core.database:连接数据库: 172.16.10.196:5432/db_house
INFO:app.core.database:批量执行SQL完成
INFO:app.services.data_generator:表 lms_shipment 已插入剩余 1 条记录并缓存主键值
INFO:app.services.data_generator:依赖表 lms_shipment 生成完成，记录数: 1
INFO:app.services.data_generator:数据生成完成，总记录数: 7
INFO:app.services.data_generator:退出 generate_data_for_tables 方法
INFO:app.services.data_generator:开始 generate_data_for_tables 方法
INFO:app.services.data_generator:独立表（阶段1）: ['crawler_competitor_price', 'crm_customer', 'ext_market_trend']
INFO:app.services.data_generator:依赖表（阶段2）: ['oms_order', 'lms_shipment', 'fms_financial_transaction', 'oms_order_item']
INFO:app.services.data_generator:初始化数据库计数器
INFO:app.core.database:执行查询: SELECT MAX(id) FROM crawler_competitor_price, 参数: ()
INFO:app.core.database:连接数据库: 172.16.10.196:5432/db_house
INFO:app.core.database:查询执行成功
INFO:app.core.database:执行查询: SELECT MAX(id) FROM ext_market_trend, 参数: ()
INFO:app.core.database:连接数据库: 172.16.10.196:5432/db_house
INFO:app.core.database:查询执行成功
INFO:app.core.database:执行查询: SELECT MAX(id) FROM oms_order_item, 参数: ()
INFO:app.core.database:连接数据库: 172.16.10.196:5432/db_house
INFO:app.core.database:查询执行成功
INFO:app.services.data_generator:计数器初始化完成: {'crawler_competitor_price_id': 361012, 'ext_market_trend_id': 361012, 'oms_order_item_id': 361103}
INFO:app.services.data_generator:开始处理日期: 2025-10-21
INFO:app.services.data_generator:当天计划生成记录数: 1
INFO:app.services.data_generator:已清空外键缓存
INFO:app.services.data_generator:=== 阶段1：生成独立表 ===
INFO:app.services.data_generator:开始为独立表 crawler_competitor_price 生成数据
INFO:app.core.database:批量执行SQL，查询: INSERT INTO crawler_competitor_price (id, crawl_time, platform, competitor_name, product_name, product_sku, price, promotion_info, is_in_stock) VALUES ($1, $2, $3, $4, $5, $6, $7, $8, $9), 值数量: 1
INFO:app.core.database:连接数据库: 172.16.10.196:5432/db_house
INFO:app.core.database:批量执行SQL完成
INFO:app.services.data_generator:表 crawler_competitor_price 已插入剩余 1 条记录并缓存主键值
INFO:app.services.data_generator:独立表 crawler_competitor_price 生成完成，记录数: 1
INFO:app.services.data_generator:开始为独立表 crm_customer 生成数据
INFO:app.core.database:批量执行SQL，查询: INSERT INTO crm_customer (customer_id, name, gender, phone, email, birthday, address, create_time, update_time, is_deleted) VALUES ($1, $2, $3, $4, $5, $6, $7, $8, $9, $10), 值数量: 1
INFO:app.core.database:连接数据库: 172.16.10.196:5432/db_house
INFO:app.core.database:批量执行SQL完成
INFO:app.services.data_generator:表 crm_customer 已插入剩余 1 条记录并缓存主键值
INFO:app.services.data_generator:独立表 crm_customer 生成完成，记录数: 1
INFO:app.services.data_generator:开始为独立表 ext_market_trend 生成数据
INFO:app.core.database:批量执行SQL，查询: INSERT INTO ext_market_trend (id, period, region, category, market_size, growth_rate, data_source) VALUES ($1, $2, $3, $4, $5, $6, $7), 值数量: 1
INFO:app.core.database:连接数据库: 172.16.10.196:5432/db_house
INFO:app.core.database:批量执行SQL完成
INFO:app.services.data_generator:表 ext_market_trend 已插入剩余 1 条记录并缓存主键值
INFO:app.services.data_generator:独立表 ext_market_trend 生成完成，记录数: 1
INFO:app.services.data_generator:=== 阶段2：生成依赖表 ===
INFO:app.services.data_generator:表依赖排序结果: ['oms_order', 'oms_order_item', 'fms_financial_transaction', 'lms_shipment']
INFO:app.services.data_generator:排序后的依赖表: ['oms_order', 'oms_order_item', 'fms_financial_transaction', 'lms_shipment']
INFO:app.services.data_generator:开始为依赖表 oms_order 生成数据
INFO:app.core.database:批量执行SQL，查询: INSERT INTO oms_order (order_id, order_channel, customer_code, order_amount, discount_amount, pay_amount, order_status, province, city, district, detail_address, order_time) VALUES ($1, $2, $3, $4, $5, $6, $7, $8, $9, $10, $11, $12), 值数量: 1
INFO:app.core.database:连接数据库: 172.16.10.196:5432/db_house
INFO:app.core.database:批量执行SQL完成
INFO:app.services.data_generator:表 oms_order 已插入剩余 1 条记录并缓存主键值
INFO:app.services.data_generator:依赖表 oms_order 生成完成，记录数: 1
INFO:app.services.data_generator:开始为依赖表 oms_order_item 生成数据
INFO:app.core.database:批量执行SQL，查询: INSERT INTO oms_order_item (id, order_id, product_sku, product_name, quantity, price) VALUES ($1, $2, $3, $4, $5, $6), 值数量: 1
INFO:app.core.database:连接数据库: 172.16.10.196:5432/db_house
INFO:app.core.database:批量执行SQL完成
INFO:app.services.data_generator:表 oms_order_item 已插入剩余 1 条记录并缓存主键值
INFO:app.services.data_generator:依赖表 oms_order_item 生成完成，记录数: 1
INFO:app.services.data_generator:开始为依赖表 fms_financial_transaction 生成数据
INFO:app.core.database:批量执行SQL，查询: INSERT INTO fms_financial_transaction (transaction_id, order_id, payment_method, transaction_type, transaction_amount, transaction_status, transaction_time) VALUES ($1, $2, $3, $4, $5, $6, $7), 值数量: 1
INFO:app.core.database:连接数据库: 172.16.10.196:5432/db_house
INFO:app.core.database:批量执行SQL完成
INFO:app.services.data_generator:表 fms_financial_transaction 已插入剩余 1 条记录并缓存主键值
INFO:app.services.data_generator:依赖表 fms_financial_transaction 生成完成，记录数: 1
INFO:app.services.data_generator:开始为依赖表 lms_shipment 生成数据
INFO:app.core.database:批量执行SQL，查询: INSERT INTO lms_shipment (shipment_id, order_id, carrier, sender_address, receiver_info, current_status, shipping_time, estimated_delivery, actual_delivery) VALUES ($1, $2, $3, $4, $5, $6, $7, $8, $9), 值数量: 1
INFO:app.core.database:连接数据库: 172.16.10.196:5432/db_house
INFO:app.core.database:批量执行SQL完成
INFO:app.services.data_generator:表 lms_shipment 已插入剩余 1 条记录并缓存主键值
INFO:app.services.data_generator:依赖表 lms_shipment 生成完成，记录数: 1
INFO:app.services.data_generator:数据生成完成，总记录数: 7
INFO:app.services.data_generator:退出 generate_data_for_tables 方法
INFO:app.services.data_generator:开始 generate_data_for_tables 方法
INFO:app.services.data_generator:独立表（阶段1）: ['crawler_competitor_price', 'crm_customer', 'ext_market_trend']
INFO:app.services.data_generator:依赖表（阶段2）: ['oms_order', 'lms_shipment', 'fms_financial_transaction', 'oms_order_item']
INFO:app.services.data_generator:初始化数据库计数器
INFO:app.core.database:执行查询: SELECT MAX(id) FROM crawler_competitor_price, 参数: ()
INFO:app.core.database:连接数据库: 172.16.10.196:5432/db_house
INFO:app.core.database:查询执行成功
INFO:app.core.database:执行查询: SELECT MAX(id) FROM ext_market_trend, 参数: ()
INFO:app.core.database:连接数据库: 172.16.10.196:5432/db_house
INFO:app.core.database:查询执行成功
INFO:app.core.database:执行查询: SELECT MAX(id) FROM oms_order_item, 参数: ()
INFO:app.core.database:连接数据库: 172.16.10.196:5432/db_house
INFO:app.core.database:查询执行成功
INFO:app.services.data_generator:计数器初始化完成: {'crawler_competitor_price_id': 361013, 'ext_market_trend_id': 361013, 'oms_order_item_id': 361104}
INFO:app.services.data_generator:开始处理日期: 2025-10-21
INFO:app.services.data_generator:当天计划生成记录数: 1
INFO:app.services.data_generator:已清空外键缓存
INFO:app.services.data_generator:=== 阶段1：生成独立表 ===
INFO:app.services.data_generator:开始为独立表 crawler_competitor_price 生成数据
INFO:app.core.database:批量执行SQL，查询: INSERT INTO crawler_competitor_price (id, crawl_time, platform, competitor_name, product_name, product_sku, price, promotion_info, is_in_stock) VALUES ($1, $2, $3, $4, $5, $6, $7, $8, $9), 值数量: 1
INFO:app.core.database:连接数据库: 172.16.10.196:5432/db_house
INFO:app.core.database:批量执行SQL完成
INFO:app.services.data_generator:表 crawler_competitor_price 已插入剩余 1 条记录并缓存主键值
INFO:app.services.data_generator:独立表 crawler_competitor_price 生成完成，记录数: 1
INFO:app.services.data_generator:开始为独立表 crm_customer 生成数据
INFO:app.core.database:批量执行SQL，查询: INSERT INTO crm_customer (customer_id, name, gender, phone, email, birthday, address, create_time, update_time, is_deleted) VALUES ($1, $2, $3, $4, $5, $6, $7, $8, $9, $10), 值数量: 1
INFO:app.core.database:连接数据库: 172.16.10.196:5432/db_house
INFO:app.core.database:批量执行SQL完成
INFO:app.services.data_generator:表 crm_customer 已插入剩余 1 条记录并缓存主键值
INFO:app.services.data_generator:独立表 crm_customer 生成完成，记录数: 1
INFO:app.services.data_generator:开始为独立表 ext_market_trend 生成数据
INFO:app.core.database:批量执行SQL，查询: INSERT INTO ext_market_trend (id, period, region, category, market_size, growth_rate, data_source) VALUES ($1, $2, $3, $4, $5, $6, $7), 值数量: 1
INFO:app.core.database:连接数据库: 172.16.10.196:5432/db_house
INFO:app.core.database:批量执行SQL完成
INFO:app.services.data_generator:表 ext_market_trend 已插入剩余 1 条记录并缓存主键值
INFO:app.services.data_generator:独立表 ext_market_trend 生成完成，记录数: 1
INFO:app.services.data_generator:=== 阶段2：生成依赖表 ===
INFO:app.services.data_generator:表依赖排序结果: ['oms_order', 'oms_order_item', 'fms_financial_transaction', 'lms_shipment']
INFO:app.services.data_generator:排序后的依赖表: ['oms_order', 'oms_order_item', 'fms_financial_transaction', 'lms_shipment']
INFO:app.services.data_generator:开始为依赖表 oms_order 生成数据
INFO:app.core.database:批量执行SQL，查询: INSERT INTO oms_order (order_id, order_channel, customer_code, order_amount, discount_amount, pay_amount, order_status, province, city, district, detail_address, order_time) VALUES ($1, $2, $3, $4, $5, $6, $7, $8, $9, $10, $11, $12), 值数量: 1
INFO:app.core.database:连接数据库: 172.16.10.196:5432/db_house
INFO:app.core.database:批量执行SQL完成
INFO:app.services.data_generator:表 oms_order 已插入剩余 1 条记录并缓存主键值
INFO:app.services.data_generator:依赖表 oms_order 生成完成，记录数: 1
INFO:app.services.data_generator:开始为依赖表 oms_order_item 生成数据
INFO:app.core.database:批量执行SQL，查询: INSERT INTO oms_order_item (id, order_id, product_sku, product_name, quantity, price) VALUES ($1, $2, $3, $4, $5, $6), 值数量: 1
INFO:app.core.database:连接数据库: 172.16.10.196:5432/db_house
INFO:app.core.database:批量执行SQL完成
INFO:app.services.data_generator:表 oms_order_item 已插入剩余 1 条记录并缓存主键值
INFO:app.services.data_generator:依赖表 oms_order_item 生成完成，记录数: 1
INFO:app.services.data_generator:开始为依赖表 fms_financial_transaction 生成数据
INFO:app.core.database:批量执行SQL，查询: INSERT INTO fms_financial_transaction (transaction_id, order_id, payment_method, transaction_type, transaction_amount, transaction_status, transaction_time) VALUES ($1, $2, $3, $4, $5, $6, $7), 值数量: 1
INFO:app.core.database:连接数据库: 172.16.10.196:5432/db_house
INFO:app.core.database:批量执行SQL完成
INFO:app.services.data_generator:表 fms_financial_transaction 已插入剩余 1 条记录并缓存主键值
INFO:app.services.data_generator:依赖表 fms_financial_transaction 生成完成，记录数: 1
INFO:app.services.data_generator:开始为依赖表 lms_shipment 生成数据
INFO:app.core.database:批量执行SQL，查询: INSERT INTO lms_shipment (shipment_id, order_id, carrier, sender_address, receiver_info, current_status, shipping_time, estimated_delivery, actual_delivery) VALUES ($1, $2, $3, $4, $5, $6, $7, $8, $9), 值数量: 1
INFO:app.core.database:连接数据库: 172.16.10.196:5432/db_house
INFO:app.core.database:批量执行SQL完成
INFO:app.services.data_generator:表 lms_shipment 已插入剩余 1 条记录并缓存主键值
INFO:app.services.data_generator:依赖表 lms_shipment 生成完成，记录数: 1
INFO:app.services.data_generator:数据生成完成，总记录数: 7
INFO:app.services.data_generator:退出 generate_data_for_tables 方法
INFO:app.services.data_generator:开始 generate_data_for_tables 方法
INFO:app.services.data_generator:独立表（阶段1）: ['crawler_competitor_price', 'crm_customer', 'ext_market_trend']
INFO:app.services.data_generator:依赖表（阶段2）: ['oms_order', 'lms_shipment', 'fms_financial_transaction', 'oms_order_item']
INFO:app.services.data_generator:初始化数据库计数器
INFO:app.core.database:执行查询: SELECT MAX(id) FROM crawler_competitor_price, 参数: ()
INFO:app.core.database:连接数据库: 172.16.10.196:5432/db_house
INFO:app.core.database:查询执行成功
INFO:app.core.database:执行查询: SELECT MAX(id) FROM ext_market_trend, 参数: ()
INFO:app.core.database:连接数据库: 172.16.10.196:5432/db_house
INFO:app.core.database:查询执行成功
INFO:app.core.database:执行查询: SELECT MAX(id) FROM oms_order_item, 参数: ()
INFO:app.core.database:连接数据库: 172.16.10.196:5432/db_house
INFO:app.core.database:查询执行成功
INFO:app.services.data_generator:计数器初始化完成: {'crawler_competitor_price_id': 361014, 'ext_market_trend_id': 361014, 'oms_order_item_id': 361105}
INFO:app.services.data_generator:开始处理日期: 2025-10-21
INFO:app.services.data_generator:当天计划生成记录数: 1
INFO:app.services.data_generator:已清空外键缓存
INFO:app.services.data_generator:=== 阶段1：生成独立表 ===
INFO:app.services.data_generator:开始为独立表 crawler_competitor_price 生成数据
INFO:app.core.database:批量执行SQL，查询: INSERT INTO crawler_competitor_price (id, crawl_time, platform, competitor_name, product_name, product_sku, price, promotion_info, is_in_stock) VALUES ($1, $2, $3, $4, $5, $6, $7, $8, $9), 值数量: 1
INFO:app.core.database:连接数据库: 172.16.10.196:5432/db_house
INFO:app.core.database:批量执行SQL完成
INFO:app.services.data_generator:表 crawler_competitor_price 已插入剩余 1 条记录并缓存主键值
INFO:app.services.data_generator:独立表 crawler_competitor_price 生成完成，记录数: 1
INFO:app.services.data_generator:开始为独立表 crm_customer 生成数据
INFO:app.core.database:批量执行SQL，查询: INSERT INTO crm_customer (customer_id, name, gender, phone, email, birthday, address, create_time, update_time, is_deleted) VALUES ($1, $2, $3, $4, $5, $6, $7, $8, $9, $10), 值数量: 1
INFO:app.core.database:连接数据库: 172.16.10.196:5432/db_house
INFO:app.core.database:批量执行SQL完成
INFO:app.services.data_generator:表 crm_customer 已插入剩余 1 条记录并缓存主键值
INFO:app.services.data_generator:独立表 crm_customer 生成完成，记录数: 1
INFO:app.services.data_generator:开始为独立表 ext_market_trend 生成数据
INFO:app.core.database:批量执行SQL，查询: INSERT INTO ext_market_trend (id, period, region, category, market_size, growth_rate, data_source) VALUES ($1, $2, $3, $4, $5, $6, $7), 值数量: 1
INFO:app.core.database:连接数据库: 172.16.10.196:5432/db_house
INFO:app.core.database:批量执行SQL完成
INFO:app.services.data_generator:表 ext_market_trend 已插入剩余 1 条记录并缓存主键值
INFO:app.services.data_generator:独立表 ext_market_trend 生成完成，记录数: 1
INFO:app.services.data_generator:=== 阶段2：生成依赖表 ===
INFO:app.services.data_generator:表依赖排序结果: ['oms_order', 'oms_order_item', 'fms_financial_transaction', 'lms_shipment']
INFO:app.services.data_generator:排序后的依赖表: ['oms_order', 'oms_order_item', 'fms_financial_transaction', 'lms_shipment']
INFO:app.services.data_generator:开始为依赖表 oms_order 生成数据
INFO:app.core.database:批量执行SQL，查询: INSERT INTO oms_order (order_id, order_channel, customer_code, order_amount, discount_amount, pay_amount, order_status, province, city, district, detail_address, order_time) VALUES ($1, $2, $3, $4, $5, $6, $7, $8, $9, $10, $11, $12), 值数量: 1
INFO:app.core.database:连接数据库: 172.16.10.196:5432/db_house
INFO:app.core.database:批量执行SQL完成
INFO:app.services.data_generator:表 oms_order 已插入剩余 1 条记录并缓存主键值
INFO:app.services.data_generator:依赖表 oms_order 生成完成，记录数: 1
INFO:app.services.data_generator:开始为依赖表 oms_order_item 生成数据
INFO:app.core.database:批量执行SQL，查询: INSERT INTO oms_order_item (id, order_id, product_sku, product_name, quantity, price) VALUES ($1, $2, $3, $4, $5, $6), 值数量: 1
INFO:app.core.database:连接数据库: 172.16.10.196:5432/db_house
INFO:app.core.database:批量执行SQL完成
INFO:app.services.data_generator:表 oms_order_item 已插入剩余 1 条记录并缓存主键值
INFO:app.services.data_generator:依赖表 oms_order_item 生成完成，记录数: 1
INFO:app.services.data_generator:开始为依赖表 fms_financial_transaction 生成数据
INFO:app.core.database:批量执行SQL，查询: INSERT INTO fms_financial_transaction (transaction_id, order_id, payment_method, transaction_type, transaction_amount, transaction_status, transaction_time) VALUES ($1, $2, $3, $4, $5, $6, $7), 值数量: 1
INFO:app.core.database:连接数据库: 172.16.10.196:5432/db_house
INFO:app.core.database:批量执行SQL完成
INFO:app.services.data_generator:表 fms_financial_transaction 已插入剩余 1 条记录并缓存主键值
INFO:app.services.data_generator:依赖表 fms_financial_transaction 生成完成，记录数: 1
INFO:app.services.data_generator:开始为依赖表 lms_shipment 生成数据
INFO:app.core.database:批量执行SQL，查询: INSERT INTO lms_shipment (shipment_id, order_id, carrier, sender_address, receiver_info, current_status, shipping_time, estimated_delivery, actual_delivery) VALUES ($1, $2, $3, $4, $5, $6, $7, $8, $9), 值数量: 1
INFO:app.core.database:连接数据库: 172.16.10.196:5432/db_house
INFO:app.core.database:批量执行SQL完成
INFO:app.services.data_generator:表 lms_shipment 已插入剩余 1 条记录并缓存主键值
INFO:app.services.data_generator:依赖表 lms_shipment 生成完成，记录数: 1
INFO:app.services.data_generator:数据生成完成，总记录数: 7
INFO:app.services.data_generator:退出 generate_data_for_tables 方法
INFO:app.services.data_generator:开始 generate_data_for_tables 方法
INFO:app.services.data_generator:独立表（阶段1）: ['crawler_competitor_price', 'crm_customer', 'ext_market_trend']
INFO:app.services.data_generator:依赖表（阶段2）: ['oms_order', 'lms_shipment', 'fms_financial_transaction', 'oms_order_item']
INFO:app.services.data_generator:初始化数据库计数器
INFO:app.core.database:执行查询: SELECT MAX(id) FROM crawler_competitor_price, 参数: ()
INFO:app.core.database:连接数据库: 172.16.10.196:5432/db_house
INFO:app.core.database:查询执行成功
INFO:app.core.database:执行查询: SELECT MAX(id) FROM ext_market_trend, 参数: ()
INFO:app.core.database:连接数据库: 172.16.10.196:5432/db_house
INFO:app.core.database:查询执行成功
INFO:app.core.database:执行查询: SELECT MAX(id) FROM oms_order_item, 参数: ()
INFO:app.core.database:连接数据库: 172.16.10.196:5432/db_house
INFO:app.core.database:查询执行成功
INFO:app.services.data_generator:计数器初始化完成: {'crawler_competitor_price_id': 361015, 'ext_market_trend_id': 361015, 'oms_order_item_id': 361106}
INFO:app.services.data_generator:开始处理日期: 2025-10-21
INFO:app.services.data_generator:当天计划生成记录数: 1
INFO:app.services.data_generator:已清空外键缓存
INFO:app.services.data_generator:=== 阶段1：生成独立表 ===
INFO:app.services.data_generator:开始为独立表 crawler_competitor_price 生成数据
INFO:app.core.database:批量执行SQL，查询: INSERT INTO crawler_competitor_price (id, crawl_time, platform, competitor_name, product_name, product_sku, price, promotion_info, is_in_stock) VALUES ($1, $2, $3, $4, $5, $6, $7, $8, $9), 值数量: 1
INFO:app.core.database:连接数据库: 172.16.10.196:5432/db_house
INFO:app.core.database:批量执行SQL完成
INFO:app.services.data_generator:表 crawler_competitor_price 已插入剩余 1 条记录并缓存主键值
INFO:app.services.data_generator:独立表 crawler_competitor_price 生成完成，记录数: 1
INFO:app.services.data_generator:开始为独立表 crm_customer 生成数据
INFO:app.core.database:批量执行SQL，查询: INSERT INTO crm_customer (customer_id, name, gender, phone, email, birthday, address, create_time, update_time, is_deleted) VALUES ($1, $2, $3, $4, $5, $6, $7, $8, $9, $10), 值数量: 1
INFO:app.core.database:连接数据库: 172.16.10.196:5432/db_house
INFO:app.core.database:批量执行SQL完成
INFO:app.services.data_generator:表 crm_customer 已插入剩余 1 条记录并缓存主键值
INFO:app.services.data_generator:独立表 crm_customer 生成完成，记录数: 1
INFO:app.services.data_generator:开始为独立表 ext_market_trend 生成数据
INFO:app.core.database:批量执行SQL，查询: INSERT INTO ext_market_trend (id, period, region, category, market_size, growth_rate, data_source) VALUES ($1, $2, $3, $4, $5, $6, $7), 值数量: 1
INFO:app.core.database:连接数据库: 172.16.10.196:5432/db_house
INFO:app.core.database:批量执行SQL完成
INFO:app.services.data_generator:表 ext_market_trend 已插入剩余 1 条记录并缓存主键值
INFO:app.services.data_generator:独立表 ext_market_trend 生成完成，记录数: 1
INFO:app.services.data_generator:=== 阶段2：生成依赖表 ===
INFO:app.services.data_generator:表依赖排序结果: ['oms_order', 'oms_order_item', 'fms_financial_transaction', 'lms_shipment']
INFO:app.services.data_generator:排序后的依赖表: ['oms_order', 'oms_order_item', 'fms_financial_transaction', 'lms_shipment']
INFO:app.services.data_generator:开始为依赖表 oms_order 生成数据
INFO:app.core.database:批量执行SQL，查询: INSERT INTO oms_order (order_id, order_channel, customer_code, order_amount, discount_amount, pay_amount, order_status, province, city, district, detail_address, order_time) VALUES ($1, $2, $3, $4, $5, $6, $7, $8, $9, $10, $11, $12), 值数量: 1
INFO:app.core.database:连接数据库: 172.16.10.196:5432/db_house
INFO:app.core.database:批量执行SQL完成
INFO:app.services.data_generator:表 oms_order 已插入剩余 1 条记录并缓存主键值
INFO:app.services.data_generator:依赖表 oms_order 生成完成，记录数: 1
INFO:app.services.data_generator:开始为依赖表 oms_order_item 生成数据
INFO:app.core.database:批量执行SQL，查询: INSERT INTO oms_order_item (id, order_id, product_sku, product_name, quantity, price) VALUES ($1, $2, $3, $4, $5, $6), 值数量: 1
INFO:app.core.database:连接数据库: 172.16.10.196:5432/db_house
INFO:app.core.database:批量执行SQL完成
INFO:app.services.data_generator:表 oms_order_item 已插入剩余 1 条记录并缓存主键值
INFO:app.services.data_generator:依赖表 oms_order_item 生成完成，记录数: 1
INFO:app.services.data_generator:开始为依赖表 fms_financial_transaction 生成数据
INFO:app.core.database:批量执行SQL，查询: INSERT INTO fms_financial_transaction (transaction_id, order_id, payment_method, transaction_type, transaction_amount, transaction_status, transaction_time) VALUES ($1, $2, $3, $4, $5, $6, $7), 值数量: 1
INFO:app.core.database:连接数据库: 172.16.10.196:5432/db_house
INFO:app.core.database:批量执行SQL完成
INFO:app.services.data_generator:表 fms_financial_transaction 已插入剩余 1 条记录并缓存主键值
INFO:app.services.data_generator:依赖表 fms_financial_transaction 生成完成，记录数: 1
INFO:app.services.data_generator:开始为依赖表 lms_shipment 生成数据
INFO:app.core.database:批量执行SQL，查询: INSERT INTO lms_shipment (shipment_id, order_id, carrier, sender_address, receiver_info, current_status, shipping_time, estimated_delivery, actual_delivery) VALUES ($1, $2, $3, $4, $5, $6, $7, $8, $9), 值数量: 1
INFO:app.core.database:连接数据库: 172.16.10.196:5432/db_house
INFO:app.core.database:批量执行SQL完成
INFO:app.services.data_generator:表 lms_shipment 已插入剩余 1 条记录并缓存主键值
INFO:app.services.data_generator:依赖表 lms_shipment 生成完成，记录数: 1
INFO:app.services.data_generator:数据生成完成，总记录数: 7
INFO:app.services.data_generator:退出 generate_data_for_tables 方法
INFO:app.services.data_generator:开始 generate_data_for_tables 方法
INFO:app.services.data_generator:独立表（阶段1）: ['crawler_competitor_price', 'crm_customer', 'ext_market_trend']
INFO:app.services.data_generator:依赖表（阶段2）: ['oms_order', 'lms_shipment', 'fms_financial_transaction', 'oms_order_item']
INFO:app.services.data_generator:初始化数据库计数器
INFO:app.core.database:执行查询: SELECT MAX(id) FROM crawler_competitor_price, 参数: ()
INFO:app.core.database:连接数据库: 172.16.10.196:5432/db_house
INFO:app.core.database:查询执行成功
INFO:app.core.database:执行查询: SELECT MAX(id) FROM ext_market_trend, 参数: ()
INFO:app.core.database:连接数据库: 172.16.10.196:5432/db_house
INFO:app.core.database:查询执行成功
INFO:app.core.database:执行查询: SELECT MAX(id) FROM oms_order_item, 参数: ()
INFO:app.core.database:连接数据库: 172.16.10.196:5432/db_house
INFO:app.core.database:查询执行成功
INFO:app.services.data_generator:计数器初始化完成: {'crawler_competitor_price_id': 361016, 'ext_market_trend_id': 361016, 'oms_order_item_id': 361107}
INFO:app.services.data_generator:开始处理日期: 2025-10-21
INFO:app.services.data_generator:当天计划生成记录数: 1
INFO:app.services.data_generator:已清空外键缓存
INFO:app.services.data_generator:=== 阶段1：生成独立表 ===
INFO:app.services.data_generator:开始为独立表 crawler_competitor_price 生成数据
INFO:app.core.database:批量执行SQL，查询: INSERT INTO crawler_competitor_price (id, crawl_time, platform, competitor_name, product_name, product_sku, price, promotion_info, is_in_stock) VALUES ($1, $2, $3, $4, $5, $6, $7, $8, $9), 值数量: 1
INFO:app.core.database:连接数据库: 172.16.10.196:5432/db_house
INFO:app.core.database:批量执行SQL完成
INFO:app.services.data_generator:表 crawler_competitor_price 已插入剩余 1 条记录并缓存主键值
INFO:app.services.data_generator:独立表 crawler_competitor_price 生成完成，记录数: 1
INFO:app.services.data_generator:开始为独立表 crm_customer 生成数据
INFO:app.core.database:批量执行SQL，查询: INSERT INTO crm_customer (customer_id, name, gender, phone, email, birthday, address, create_time, update_time, is_deleted) VALUES ($1, $2, $3, $4, $5, $6, $7, $8, $9, $10), 值数量: 1
INFO:app.core.database:连接数据库: 172.16.10.196:5432/db_house
INFO:app.core.database:批量执行SQL完成
INFO:app.services.data_generator:表 crm_customer 已插入剩余 1 条记录并缓存主键值
INFO:app.services.data_generator:独立表 crm_customer 生成完成，记录数: 1
INFO:app.services.data_generator:开始为独立表 ext_market_trend 生成数据
INFO:app.core.database:批量执行SQL，查询: INSERT INTO ext_market_trend (id, period, region, category, market_size, growth_rate, data_source) VALUES ($1, $2, $3, $4, $5, $6, $7), 值数量: 1
INFO:app.core.database:连接数据库: 172.16.10.196:5432/db_house
INFO:app.core.database:批量执行SQL完成
INFO:app.services.data_generator:表 ext_market_trend 已插入剩余 1 条记录并缓存主键值
INFO:app.services.data_generator:独立表 ext_market_trend 生成完成，记录数: 1
INFO:app.services.data_generator:=== 阶段2：生成依赖表 ===
INFO:app.services.data_generator:表依赖排序结果: ['oms_order', 'oms_order_item', 'fms_financial_transaction', 'lms_shipment']
INFO:app.services.data_generator:排序后的依赖表: ['oms_order', 'oms_order_item', 'fms_financial_transaction', 'lms_shipment']
INFO:app.services.data_generator:开始为依赖表 oms_order 生成数据
INFO:app.core.database:批量执行SQL，查询: INSERT INTO oms_order (order_id, order_channel, customer_code, order_amount, discount_amount, pay_amount, order_status, province, city, district, detail_address, order_time) VALUES ($1, $2, $3, $4, $5, $6, $7, $8, $9, $10, $11, $12), 值数量: 1
INFO:app.core.database:连接数据库: 172.16.10.196:5432/db_house
INFO:app.core.database:批量执行SQL完成
INFO:app.services.data_generator:表 oms_order 已插入剩余 1 条记录并缓存主键值
INFO:app.services.data_generator:依赖表 oms_order 生成完成，记录数: 1
INFO:app.services.data_generator:开始为依赖表 oms_order_item 生成数据
INFO:app.core.database:批量执行SQL，查询: INSERT INTO oms_order_item (id, order_id, product_sku, product_name, quantity, price) VALUES ($1, $2, $3, $4, $5, $6), 值数量: 1
INFO:app.core.database:连接数据库: 172.16.10.196:5432/db_house
INFO:app.core.database:批量执行SQL完成
INFO:app.services.data_generator:表 oms_order_item 已插入剩余 1 条记录并缓存主键值
INFO:app.services.data_generator:依赖表 oms_order_item 生成完成，记录数: 1
INFO:app.services.data_generator:开始为依赖表 fms_financial_transaction 生成数据
INFO:app.core.database:批量执行SQL，查询: INSERT INTO fms_financial_transaction (transaction_id, order_id, payment_method, transaction_type, transaction_amount, transaction_status, transaction_time) VALUES ($1, $2, $3, $4, $5, $6, $7), 值数量: 1
INFO:app.core.database:连接数据库: 172.16.10.196:5432/db_house
INFO:app.core.database:批量执行SQL完成
INFO:app.services.data_generator:表 fms_financial_transaction 已插入剩余 1 条记录并缓存主键值
INFO:app.services.data_generator:依赖表 fms_financial_transaction 生成完成，记录数: 1
INFO:app.services.data_generator:开始为依赖表 lms_shipment 生成数据
INFO:app.core.database:批量执行SQL，查询: INSERT INTO lms_shipment (shipment_id, order_id, carrier, sender_address, receiver_info, current_status, shipping_time, estimated_delivery, actual_delivery) VALUES ($1, $2, $3, $4, $5, $6, $7, $8, $9), 值数量: 1
INFO:app.core.database:连接数据库: 172.16.10.196:5432/db_house
INFO:app.core.database:批量执行SQL完成
INFO:app.services.data_generator:表 lms_shipment 已插入剩余 1 条记录并缓存主键值
INFO:app.services.data_generator:依赖表 lms_shipment 生成完成，记录数: 1
INFO:app.services.data_generator:数据生成完成，总记录数: 7
INFO:app.services.data_generator:退出 generate_data_for_tables 方法
INFO:app.services.data_generator:开始 generate_data_for_tables 方法
INFO:app.services.data_generator:独立表（阶段1）: ['crawler_competitor_price', 'crm_customer', 'ext_market_trend']
INFO:app.services.data_generator:依赖表（阶段2）: ['oms_order', 'lms_shipment', 'fms_financial_transaction', 'oms_order_item']
INFO:app.services.data_generator:初始化数据库计数器
INFO:app.core.database:执行查询: SELECT MAX(id) FROM crawler_competitor_price, 参数: ()
INFO:app.core.database:连接数据库: 172.16.10.196:5432/db_house
INFO:app.core.database:查询执行成功
INFO:app.core.database:执行查询: SELECT MAX(id) FROM ext_market_trend, 参数: ()
INFO:app.core.database:连接数据库: 172.16.10.196:5432/db_house
INFO:app.core.database:查询执行成功
INFO:app.core.database:执行查询: SELECT MAX(id) FROM oms_order_item, 参数: ()
INFO:app.core.database:连接数据库: 172.16.10.196:5432/db_house
INFO:app.core.database:查询执行成功
INFO:app.services.data_generator:计数器初始化完成: {'crawler_competitor_price_id': 361017, 'ext_market_trend_id': 361017, 'oms_order_item_id': 361108}
INFO:app.services.data_generator:开始处理日期: 2025-10-21
INFO:app.services.data_generator:当天计划生成记录数: 1
INFO:app.services.data_generator:已清空外键缓存
INFO:app.services.data_generator:=== 阶段1：生成独立表 ===
INFO:app.services.data_generator:开始为独立表 crawler_competitor_price 生成数据
INFO:app.core.database:批量执行SQL，查询: INSERT INTO crawler_competitor_price (id, crawl_time, platform, competitor_name, product_name, product_sku, price, promotion_info, is_in_stock) VALUES ($1, $2, $3, $4, $5, $6, $7, $8, $9), 值数量: 1
INFO:app.core.database:连接数据库: 172.16.10.196:5432/db_house
INFO:app.core.database:批量执行SQL完成
INFO:app.services.data_generator:表 crawler_competitor_price 已插入剩余 1 条记录并缓存主键值
INFO:app.services.data_generator:独立表 crawler_competitor_price 生成完成，记录数: 1
INFO:app.services.data_generator:开始为独立表 crm_customer 生成数据
INFO:app.core.database:批量执行SQL，查询: INSERT INTO crm_customer (customer_id, name, gender, phone, email, birthday, address, create_time, update_time, is_deleted) VALUES ($1, $2, $3, $4, $5, $6, $7, $8, $9, $10), 值数量: 1
INFO:app.core.database:连接数据库: 172.16.10.196:5432/db_house
INFO:app.core.database:批量执行SQL完成
INFO:app.services.data_generator:表 crm_customer 已插入剩余 1 条记录并缓存主键值
INFO:app.services.data_generator:独立表 crm_customer 生成完成，记录数: 1
INFO:app.services.data_generator:开始为独立表 ext_market_trend 生成数据
INFO:app.core.database:批量执行SQL，查询: INSERT INTO ext_market_trend (id, period, region, category, market_size, growth_rate, data_source) VALUES ($1, $2, $3, $4, $5, $6, $7), 值数量: 1
INFO:app.core.database:连接数据库: 172.16.10.196:5432/db_house
INFO:app.core.database:批量执行SQL完成
INFO:app.services.data_generator:表 ext_market_trend 已插入剩余 1 条记录并缓存主键值
INFO:app.services.data_generator:独立表 ext_market_trend 生成完成，记录数: 1
INFO:app.services.data_generator:=== 阶段2：生成依赖表 ===
INFO:app.services.data_generator:表依赖排序结果: ['oms_order', 'oms_order_item', 'fms_financial_transaction', 'lms_shipment']
INFO:app.services.data_generator:排序后的依赖表: ['oms_order', 'oms_order_item', 'fms_financial_transaction', 'lms_shipment']
INFO:app.services.data_generator:开始为依赖表 oms_order 生成数据
INFO:app.core.database:批量执行SQL，查询: INSERT INTO oms_order (order_id, order_channel, customer_code, order_amount, discount_amount, pay_amount, order_status, province, city, district, detail_address, order_time) VALUES ($1, $2, $3, $4, $5, $6, $7, $8, $9, $10, $11, $12), 值数量: 1
INFO:app.core.database:连接数据库: 172.16.10.196:5432/db_house
INFO:app.core.database:批量执行SQL完成
INFO:app.services.data_generator:表 oms_order 已插入剩余 1 条记录并缓存主键值
INFO:app.services.data_generator:依赖表 oms_order 生成完成，记录数: 1
INFO:app.services.data_generator:开始为依赖表 oms_order_item 生成数据
INFO:app.core.database:批量执行SQL，查询: INSERT INTO oms_order_item (id, order_id, product_sku, product_name, quantity, price) VALUES ($1, $2, $3, $4, $5, $6), 值数量: 1
INFO:app.core.database:连接数据库: 172.16.10.196:5432/db_house
INFO:app.core.database:批量执行SQL完成
INFO:app.services.data_generator:表 oms_order_item 已插入剩余 1 条记录并缓存主键值
INFO:app.services.data_generator:依赖表 oms_order_item 生成完成，记录数: 1
INFO:app.services.data_generator:开始为依赖表 fms_financial_transaction 生成数据
INFO:app.core.database:批量执行SQL，查询: INSERT INTO fms_financial_transaction (transaction_id, order_id, payment_method, transaction_type, transaction_amount, transaction_status, transaction_time) VALUES ($1, $2, $3, $4, $5, $6, $7), 值数量: 1
INFO:app.core.database:连接数据库: 172.16.10.196:5432/db_house
INFO:app.core.database:批量执行SQL完成
INFO:app.services.data_generator:表 fms_financial_transaction 已插入剩余 1 条记录并缓存主键值
INFO:app.services.data_generator:依赖表 fms_financial_transaction 生成完成，记录数: 1
INFO:app.services.data_generator:开始为依赖表 lms_shipment 生成数据
INFO:app.core.database:批量执行SQL，查询: INSERT INTO lms_shipment (shipment_id, order_id, carrier, sender_address, receiver_info, current_status, shipping_time, estimated_delivery, actual_delivery) VALUES ($1, $2, $3, $4, $5, $6, $7, $8, $9), 值数量: 1
INFO:app.core.database:连接数据库: 172.16.10.196:5432/db_house
INFO:app.core.database:批量执行SQL完成
INFO:app.services.data_generator:表 lms_shipment 已插入剩余 1 条记录并缓存主键值
INFO:app.services.data_generator:依赖表 lms_shipment 生成完成，记录数: 1
INFO:app.services.data_generator:数据生成完成，总记录数: 7
INFO:app.services.data_generator:退出 generate_data_for_tables 方法
INFO:app.services.data_generator:开始 generate_data_for_tables 方法
INFO:app.services.data_generator:独立表（阶段1）: ['crawler_competitor_price', 'crm_customer', 'ext_market_trend']
INFO:app.services.data_generator:依赖表（阶段2）: ['oms_order', 'lms_shipment', 'fms_financial_transaction', 'oms_order_item']
INFO:app.services.data_generator:初始化数据库计数器
INFO:app.core.database:执行查询: SELECT MAX(id) FROM crawler_competitor_price, 参数: ()
INFO:app.core.database:连接数据库: 172.16.10.196:5432/db_house
INFO:app.core.database:查询执行成功
INFO:app.core.database:执行查询: SELECT MAX(id) FROM ext_market_trend, 参数: ()
INFO:app.core.database:连接数据库: 172.16.10.196:5432/db_house
INFO:app.core.database:查询执行成功
INFO:app.core.database:执行查询: SELECT MAX(id) FROM oms_order_item, 参数: ()
INFO:app.core.database:连接数据库: 172.16.10.196:5432/db_house
INFO:app.core.database:查询执行成功
INFO:app.services.data_generator:计数器初始化完成: {'crawler_competitor_price_id': 361018, 'ext_market_trend_id': 361018, 'oms_order_item_id': 361109}
INFO:app.services.data_generator:开始处理日期: 2025-10-21
INFO:app.services.data_generator:当天计划生成记录数: 1
INFO:app.services.data_generator:已清空外键缓存
INFO:app.services.data_generator:=== 阶段1：生成独立表 ===
INFO:app.services.data_generator:开始为独立表 crawler_competitor_price 生成数据
INFO:app.core.database:批量执行SQL，查询: INSERT INTO crawler_competitor_price (id, crawl_time, platform, competitor_name, product_name, product_sku, price, promotion_info, is_in_stock) VALUES ($1, $2, $3, $4, $5, $6, $7, $8, $9), 值数量: 1
INFO:app.core.database:连接数据库: 172.16.10.196:5432/db_house
INFO:app.core.database:批量执行SQL完成
INFO:app.services.data_generator:表 crawler_competitor_price 已插入剩余 1 条记录并缓存主键值
INFO:app.services.data_generator:独立表 crawler_competitor_price 生成完成，记录数: 1
INFO:app.services.data_generator:开始为独立表 crm_customer 生成数据
INFO:app.core.database:批量执行SQL，查询: INSERT INTO crm_customer (customer_id, name, gender, phone, email, birthday, address, create_time, update_time, is_deleted) VALUES ($1, $2, $3, $4, $5, $6, $7, $8, $9, $10), 值数量: 1
INFO:app.core.database:连接数据库: 172.16.10.196:5432/db_house
INFO:app.core.database:批量执行SQL完成
INFO:app.services.data_generator:表 crm_customer 已插入剩余 1 条记录并缓存主键值
INFO:app.services.data_generator:独立表 crm_customer 生成完成，记录数: 1
INFO:app.services.data_generator:开始为独立表 ext_market_trend 生成数据
INFO:app.core.database:批量执行SQL，查询: INSERT INTO ext_market_trend (id, period, region, category, market_size, growth_rate, data_source) VALUES ($1, $2, $3, $4, $5, $6, $7), 值数量: 1
INFO:app.core.database:连接数据库: 172.16.10.196:5432/db_house
INFO:app.core.database:批量执行SQL完成
INFO:app.services.data_generator:表 ext_market_trend 已插入剩余 1 条记录并缓存主键值
INFO:app.services.data_generator:独立表 ext_market_trend 生成完成，记录数: 1
INFO:app.services.data_generator:=== 阶段2：生成依赖表 ===
INFO:app.services.data_generator:表依赖排序结果: ['oms_order', 'oms_order_item', 'fms_financial_transaction', 'lms_shipment']
INFO:app.services.data_generator:排序后的依赖表: ['oms_order', 'oms_order_item', 'fms_financial_transaction', 'lms_shipment']
INFO:app.services.data_generator:开始为依赖表 oms_order 生成数据
INFO:app.core.database:批量执行SQL，查询: INSERT INTO oms_order (order_id, order_channel, customer_code, order_amount, discount_amount, pay_amount, order_status, province, city, district, detail_address, order_time) VALUES ($1, $2, $3, $4, $5, $6, $7, $8, $9, $10, $11, $12), 值数量: 1
INFO:app.core.database:连接数据库: 172.16.10.196:5432/db_house
INFO:app.core.database:批量执行SQL完成
INFO:app.services.data_generator:表 oms_order 已插入剩余 1 条记录并缓存主键值
INFO:app.services.data_generator:依赖表 oms_order 生成完成，记录数: 1
INFO:app.services.data_generator:开始为依赖表 oms_order_item 生成数据
INFO:app.core.database:批量执行SQL，查询: INSERT INTO oms_order_item (id, order_id, product_sku, product_name, quantity, price) VALUES ($1, $2, $3, $4, $5, $6), 值数量: 1
INFO:app.core.database:连接数据库: 172.16.10.196:5432/db_house
INFO:app.core.database:批量执行SQL完成
INFO:app.services.data_generator:表 oms_order_item 已插入剩余 1 条记录并缓存主键值
INFO:app.services.data_generator:依赖表 oms_order_item 生成完成，记录数: 1
INFO:app.services.data_generator:开始为依赖表 fms_financial_transaction 生成数据
INFO:app.core.database:批量执行SQL，查询: INSERT INTO fms_financial_transaction (transaction_id, order_id, payment_method, transaction_type, transaction_amount, transaction_status, transaction_time) VALUES ($1, $2, $3, $4, $5, $6, $7), 值数量: 1
INFO:app.core.database:连接数据库: 172.16.10.196:5432/db_house
INFO:app.core.database:批量执行SQL完成
INFO:app.services.data_generator:表 fms_financial_transaction 已插入剩余 1 条记录并缓存主键值
INFO:app.services.data_generator:依赖表 fms_financial_transaction 生成完成，记录数: 1
INFO:app.services.data_generator:开始为依赖表 lms_shipment 生成数据
INFO:app.core.database:批量执行SQL，查询: INSERT INTO lms_shipment (shipment_id, order_id, carrier, sender_address, receiver_info, current_status, shipping_time, estimated_delivery, actual_delivery) VALUES ($1, $2, $3, $4, $5, $6, $7, $8, $9), 值数量: 1
INFO:app.core.database:连接数据库: 172.16.10.196:5432/db_house
INFO:app.core.database:批量执行SQL完成
INFO:app.services.data_generator:表 lms_shipment 已插入剩余 1 条记录并缓存主键值
INFO:app.services.data_generator:依赖表 lms_shipment 生成完成，记录数: 1
INFO:app.services.data_generator:数据生成完成，总记录数: 7
INFO:app.services.data_generator:退出 generate_data_for_tables 方法
INFO:app.services.data_generator:开始 generate_data_for_tables 方法
INFO:app.services.data_generator:独立表（阶段1）: ['crawler_competitor_price', 'crm_customer', 'ext_market_trend']
INFO:app.services.data_generator:依赖表（阶段2）: ['oms_order', 'lms_shipment', 'fms_financial_transaction', 'oms_order_item']
INFO:app.services.data_generator:初始化数据库计数器
INFO:app.core.database:执行查询: SELECT MAX(id) FROM crawler_competitor_price, 参数: ()
INFO:app.core.database:连接数据库: 172.16.10.196:5432/db_house
INFO:app.core.database:查询执行成功
INFO:app.core.database:执行查询: SELECT MAX(id) FROM ext_market_trend, 参数: ()
INFO:app.core.database:连接数据库: 172.16.10.196:5432/db_house
INFO:app.core.database:查询执行成功
INFO:app.core.database:执行查询: SELECT MAX(id) FROM oms_order_item, 参数: ()
INFO:app.core.database:连接数据库: 172.16.10.196:5432/db_house
INFO:app.core.database:查询执行成功
INFO:app.services.data_generator:计数器初始化完成: {'crawler_competitor_price_id': 361019, 'ext_market_trend_id': 361019, 'oms_order_item_id': 361110}
INFO:app.services.data_generator:开始处理日期: 2025-10-21
INFO:app.services.data_generator:当天计划生成记录数: 1
INFO:app.services.data_generator:已清空外键缓存
INFO:app.services.data_generator:=== 阶段1：生成独立表 ===
INFO:app.services.data_generator:开始为独立表 crawler_competitor_price 生成数据
INFO:app.core.database:批量执行SQL，查询: INSERT INTO crawler_competitor_price (id, crawl_time, platform, competitor_name, product_name, product_sku, price, promotion_info, is_in_stock) VALUES ($1, $2, $3, $4, $5, $6, $7, $8, $9), 值数量: 1
INFO:app.core.database:连接数据库: 172.16.10.196:5432/db_house
INFO:app.core.database:批量执行SQL完成
INFO:app.services.data_generator:表 crawler_competitor_price 已插入剩余 1 条记录并缓存主键值
INFO:app.services.data_generator:独立表 crawler_competitor_price 生成完成，记录数: 1
INFO:app.services.data_generator:开始为独立表 crm_customer 生成数据
INFO:app.core.database:批量执行SQL，查询: INSERT INTO crm_customer (customer_id, name, gender, phone, email, birthday, address, create_time, update_time, is_deleted) VALUES ($1, $2, $3, $4, $5, $6, $7, $8, $9, $10), 值数量: 1
INFO:app.core.database:连接数据库: 172.16.10.196:5432/db_house
INFO:app.core.database:批量执行SQL完成
INFO:app.services.data_generator:表 crm_customer 已插入剩余 1 条记录并缓存主键值
INFO:app.services.data_generator:独立表 crm_customer 生成完成，记录数: 1
INFO:app.services.data_generator:开始为独立表 ext_market_trend 生成数据
INFO:app.core.database:批量执行SQL，查询: INSERT INTO ext_market_trend (id, period, region, category, market_size, growth_rate, data_source) VALUES ($1, $2, $3, $4, $5, $6, $7), 值数量: 1
INFO:app.core.database:连接数据库: 172.16.10.196:5432/db_house
INFO:app.core.database:批量执行SQL完成
INFO:app.services.data_generator:表 ext_market_trend 已插入剩余 1 条记录并缓存主键值
INFO:app.services.data_generator:独立表 ext_market_trend 生成完成，记录数: 1
INFO:app.services.data_generator:=== 阶段2：生成依赖表 ===
INFO:app.services.data_generator:表依赖排序结果: ['oms_order', 'oms_order_item', 'fms_financial_transaction', 'lms_shipment']
INFO:app.services.data_generator:排序后的依赖表: ['oms_order', 'oms_order_item', 'fms_financial_transaction', 'lms_shipment']
INFO:app.services.data_generator:开始为依赖表 oms_order 生成数据
INFO:app.core.database:批量执行SQL，查询: INSERT INTO oms_order (order_id, order_channel, customer_code, order_amount, discount_amount, pay_amount, order_status, province, city, district, detail_address, order_time) VALUES ($1, $2, $3, $4, $5, $6, $7, $8, $9, $10, $11, $12), 值数量: 1
INFO:app.core.database:连接数据库: 172.16.10.196:5432/db_house
INFO:app.core.database:批量执行SQL完成
INFO:app.services.data_generator:表 oms_order 已插入剩余 1 条记录并缓存主键值
INFO:app.services.data_generator:依赖表 oms_order 生成完成，记录数: 1
INFO:app.services.data_generator:开始为依赖表 oms_order_item 生成数据
INFO:app.core.database:批量执行SQL，查询: INSERT INTO oms_order_item (id, order_id, product_sku, product_name, quantity, price) VALUES ($1, $2, $3, $4, $5, $6), 值数量: 1
INFO:app.core.database:连接数据库: 172.16.10.196:5432/db_house
INFO:app.core.database:批量执行SQL完成
INFO:app.services.data_generator:表 oms_order_item 已插入剩余 1 条记录并缓存主键值
INFO:app.services.data_generator:依赖表 oms_order_item 生成完成，记录数: 1
INFO:app.services.data_generator:开始为依赖表 fms_financial_transaction 生成数据
INFO:app.core.database:批量执行SQL，查询: INSERT INTO fms_financial_transaction (transaction_id, order_id, payment_method, transaction_type, transaction_amount, transaction_status, transaction_time) VALUES ($1, $2, $3, $4, $5, $6, $7), 值数量: 1
INFO:app.core.database:连接数据库: 172.16.10.196:5432/db_house
INFO:app.core.database:批量执行SQL完成
INFO:app.services.data_generator:表 fms_financial_transaction 已插入剩余 1 条记录并缓存主键值
INFO:app.services.data_generator:依赖表 fms_financial_transaction 生成完成，记录数: 1
INFO:app.services.data_generator:开始为依赖表 lms_shipment 生成数据
INFO:app.core.database:批量执行SQL，查询: INSERT INTO lms_shipment (shipment_id, order_id, carrier, sender_address, receiver_info, current_status, shipping_time, estimated_delivery, actual_delivery) VALUES ($1, $2, $3, $4, $5, $6, $7, $8, $9), 值数量: 1
INFO:app.core.database:连接数据库: 172.16.10.196:5432/db_house
INFO:app.core.database:批量执行SQL完成
INFO:app.services.data_generator:表 lms_shipment 已插入剩余 1 条记录并缓存主键值
INFO:app.services.data_generator:依赖表 lms_shipment 生成完成，记录数: 1
INFO:app.services.data_generator:数据生成完成，总记录数: 7
INFO:app.services.data_generator:退出 generate_data_for_tables 方法
INFO:app.services.data_generator:开始 generate_data_for_tables 方法
INFO:app.services.data_generator:独立表（阶段1）: ['crawler_competitor_price', 'crm_customer', 'ext_market_trend']
INFO:app.services.data_generator:依赖表（阶段2）: ['oms_order', 'lms_shipment', 'fms_financial_transaction', 'oms_order_item']
INFO:app.services.data_generator:初始化数据库计数器
INFO:app.core.database:执行查询: SELECT MAX(id) FROM crawler_competitor_price, 参数: ()
INFO:app.core.database:连接数据库: 172.16.10.196:5432/db_house
INFO:app.core.database:查询执行成功
INFO:app.core.database:执行查询: SELECT MAX(id) FROM ext_market_trend, 参数: ()
INFO:app.core.database:连接数据库: 172.16.10.196:5432/db_house
INFO:app.core.database:查询执行成功
INFO:app.core.database:执行查询: SELECT MAX(id) FROM oms_order_item, 参数: ()
INFO:app.core.database:连接数据库: 172.16.10.196:5432/db_house
INFO:app.core.database:查询执行成功
INFO:app.services.data_generator:计数器初始化完成: {'crawler_competitor_price_id': 361020, 'ext_market_trend_id': 361020, 'oms_order_item_id': 361111}
INFO:app.services.data_generator:开始处理日期: 2025-10-21
INFO:app.services.data_generator:当天计划生成记录数: 1
INFO:app.services.data_generator:已清空外键缓存
INFO:app.services.data_generator:=== 阶段1：生成独立表 ===
INFO:app.services.data_generator:开始为独立表 crawler_competitor_price 生成数据
INFO:app.core.database:批量执行SQL，查询: INSERT INTO crawler_competitor_price (id, crawl_time, platform, competitor_name, product_name, product_sku, price, promotion_info, is_in_stock) VALUES ($1, $2, $3, $4, $5, $6, $7, $8, $9), 值数量: 1
INFO:app.core.database:连接数据库: 172.16.10.196:5432/db_house
INFO:app.core.database:批量执行SQL完成
INFO:app.services.data_generator:表 crawler_competitor_price 已插入剩余 1 条记录并缓存主键值
INFO:app.services.data_generator:独立表 crawler_competitor_price 生成完成，记录数: 1
INFO:app.services.data_generator:开始为独立表 crm_customer 生成数据
INFO:app.core.database:批量执行SQL，查询: INSERT INTO crm_customer (customer_id, name, gender, phone, email, birthday, address, create_time, update_time, is_deleted) VALUES ($1, $2, $3, $4, $5, $6, $7, $8, $9, $10), 值数量: 1
INFO:app.core.database:连接数据库: 172.16.10.196:5432/db_house
INFO:app.core.database:批量执行SQL完成
INFO:app.services.data_generator:表 crm_customer 已插入剩余 1 条记录并缓存主键值
INFO:app.services.data_generator:独立表 crm_customer 生成完成，记录数: 1
INFO:app.services.data_generator:开始为独立表 ext_market_trend 生成数据
INFO:app.core.database:批量执行SQL，查询: INSERT INTO ext_market_trend (id, period, region, category, market_size, growth_rate, data_source) VALUES ($1, $2, $3, $4, $5, $6, $7), 值数量: 1
INFO:app.core.database:连接数据库: 172.16.10.196:5432/db_house
INFO:app.core.database:批量执行SQL完成
INFO:app.services.data_generator:表 ext_market_trend 已插入剩余 1 条记录并缓存主键值
INFO:app.services.data_generator:独立表 ext_market_trend 生成完成，记录数: 1
INFO:app.services.data_generator:=== 阶段2：生成依赖表 ===
INFO:app.services.data_generator:表依赖排序结果: ['oms_order', 'oms_order_item', 'fms_financial_transaction', 'lms_shipment']
INFO:app.services.data_generator:排序后的依赖表: ['oms_order', 'oms_order_item', 'fms_financial_transaction', 'lms_shipment']
INFO:app.services.data_generator:开始为依赖表 oms_order 生成数据
INFO:app.core.database:批量执行SQL，查询: INSERT INTO oms_order (order_id, order_channel, customer_code, order_amount, discount_amount, pay_amount, order_status, province, city, district, detail_address, order_time) VALUES ($1, $2, $3, $4, $5, $6, $7, $8, $9, $10, $11, $12), 值数量: 1
INFO:app.core.database:连接数据库: 172.16.10.196:5432/db_house
INFO:app.core.database:批量执行SQL完成
INFO:app.services.data_generator:表 oms_order 已插入剩余 1 条记录并缓存主键值
INFO:app.services.data_generator:依赖表 oms_order 生成完成，记录数: 1
INFO:app.services.data_generator:开始为依赖表 oms_order_item 生成数据
INFO:app.core.database:批量执行SQL，查询: INSERT INTO oms_order_item (id, order_id, product_sku, product_name, quantity, price) VALUES ($1, $2, $3, $4, $5, $6), 值数量: 1
INFO:app.core.database:连接数据库: 172.16.10.196:5432/db_house
INFO:app.core.database:批量执行SQL完成
INFO:app.services.data_generator:表 oms_order_item 已插入剩余 1 条记录并缓存主键值
INFO:app.services.data_generator:依赖表 oms_order_item 生成完成，记录数: 1
INFO:app.services.data_generator:开始为依赖表 fms_financial_transaction 生成数据
INFO:app.core.database:批量执行SQL，查询: INSERT INTO fms_financial_transaction (transaction_id, order_id, payment_method, transaction_type, transaction_amount, transaction_status, transaction_time) VALUES ($1, $2, $3, $4, $5, $6, $7), 值数量: 1
INFO:app.core.database:连接数据库: 172.16.10.196:5432/db_house
INFO:app.core.database:批量执行SQL完成
INFO:app.services.data_generator:表 fms_financial_transaction 已插入剩余 1 条记录并缓存主键值
INFO:app.services.data_generator:依赖表 fms_financial_transaction 生成完成，记录数: 1
INFO:app.services.data_generator:开始为依赖表 lms_shipment 生成数据
INFO:app.core.database:批量执行SQL，查询: INSERT INTO lms_shipment (shipment_id, order_id, carrier, sender_address, receiver_info, current_status, shipping_time, estimated_delivery, actual_delivery) VALUES ($1, $2, $3, $4, $5, $6, $7, $8, $9), 值数量: 1
INFO:app.core.database:连接数据库: 172.16.10.196:5432/db_house
INFO:app.core.database:批量执行SQL完成
INFO:app.services.data_generator:表 lms_shipment 已插入剩余 1 条记录并缓存主键值
INFO:app.services.data_generator:依赖表 lms_shipment 生成完成，记录数: 1
INFO:app.services.data_generator:数据生成完成，总记录数: 7
INFO:app.services.data_generator:退出 generate_data_for_tables 方法
INFO:app.services.data_generator:开始 generate_data_for_tables 方法
INFO:app.services.data_generator:独立表（阶段1）: ['crawler_competitor_price', 'crm_customer', 'ext_market_trend']
INFO:app.services.data_generator:依赖表（阶段2）: ['oms_order', 'lms_shipment', 'fms_financial_transaction', 'oms_order_item']
INFO:app.services.data_generator:初始化数据库计数器
INFO:app.core.database:执行查询: SELECT MAX(id) FROM crawler_competitor_price, 参数: ()
INFO:app.core.database:连接数据库: 172.16.10.196:5432/db_house
INFO:app.core.database:查询执行成功
INFO:app.core.database:执行查询: SELECT MAX(id) FROM ext_market_trend, 参数: ()
INFO:app.core.database:连接数据库: 172.16.10.196:5432/db_house
INFO:app.core.database:查询执行成功
INFO:app.core.database:执行查询: SELECT MAX(id) FROM oms_order_item, 参数: ()
INFO:app.core.database:连接数据库: 172.16.10.196:5432/db_house
INFO:app.core.database:查询执行成功
INFO:app.services.data_generator:计数器初始化完成: {'crawler_competitor_price_id': 361021, 'ext_market_trend_id': 361021, 'oms_order_item_id': 361112}
INFO:app.services.data_generator:开始处理日期: 2025-10-21
INFO:app.services.data_generator:当天计划生成记录数: 1
INFO:app.services.data_generator:已清空外键缓存
INFO:app.services.data_generator:=== 阶段1：生成独立表 ===
INFO:app.services.data_generator:开始为独立表 crawler_competitor_price 生成数据
INFO:app.core.database:批量执行SQL，查询: INSERT INTO crawler_competitor_price (id, crawl_time, platform, competitor_name, product_name, product_sku, price, promotion_info, is_in_stock) VALUES ($1, $2, $3, $4, $5, $6, $7, $8, $9), 值数量: 1
INFO:app.core.database:连接数据库: 172.16.10.196:5432/db_house
INFO:app.core.database:批量执行SQL完成
INFO:app.services.data_generator:表 crawler_competitor_price 已插入剩余 1 条记录并缓存主键值
INFO:app.services.data_generator:独立表 crawler_competitor_price 生成完成，记录数: 1
INFO:app.services.data_generator:开始为独立表 crm_customer 生成数据
INFO:app.core.database:批量执行SQL，查询: INSERT INTO crm_customer (customer_id, name, gender, phone, email, birthday, address, create_time, update_time, is_deleted) VALUES ($1, $2, $3, $4, $5, $6, $7, $8, $9, $10), 值数量: 1
INFO:app.core.database:连接数据库: 172.16.10.196:5432/db_house
INFO:app.core.database:批量执行SQL完成
INFO:app.services.data_generator:表 crm_customer 已插入剩余 1 条记录并缓存主键值
INFO:app.services.data_generator:独立表 crm_customer 生成完成，记录数: 1
INFO:app.services.data_generator:开始为独立表 ext_market_trend 生成数据
INFO:app.core.database:批量执行SQL，查询: INSERT INTO ext_market_trend (id, period, region, category, market_size, growth_rate, data_source) VALUES ($1, $2, $3, $4, $5, $6, $7), 值数量: 1
INFO:app.core.database:连接数据库: 172.16.10.196:5432/db_house
INFO:app.core.database:批量执行SQL完成
INFO:app.services.data_generator:表 ext_market_trend 已插入剩余 1 条记录并缓存主键值
INFO:app.services.data_generator:独立表 ext_market_trend 生成完成，记录数: 1
INFO:app.services.data_generator:=== 阶段2：生成依赖表 ===
INFO:app.services.data_generator:表依赖排序结果: ['oms_order', 'oms_order_item', 'fms_financial_transaction', 'lms_shipment']
INFO:app.services.data_generator:排序后的依赖表: ['oms_order', 'oms_order_item', 'fms_financial_transaction', 'lms_shipment']
INFO:app.services.data_generator:开始为依赖表 oms_order 生成数据
INFO:app.core.database:批量执行SQL，查询: INSERT INTO oms_order (order_id, order_channel, customer_code, order_amount, discount_amount, pay_amount, order_status, province, city, district, detail_address, order_time) VALUES ($1, $2, $3, $4, $5, $6, $7, $8, $9, $10, $11, $12), 值数量: 1
INFO:app.core.database:连接数据库: 172.16.10.196:5432/db_house
INFO:app.core.database:批量执行SQL完成
INFO:app.services.data_generator:表 oms_order 已插入剩余 1 条记录并缓存主键值
INFO:app.services.data_generator:依赖表 oms_order 生成完成，记录数: 1
INFO:app.services.data_generator:开始为依赖表 oms_order_item 生成数据
INFO:app.core.database:批量执行SQL，查询: INSERT INTO oms_order_item (id, order_id, product_sku, product_name, quantity, price) VALUES ($1, $2, $3, $4, $5, $6), 值数量: 1
INFO:app.core.database:连接数据库: 172.16.10.196:5432/db_house
INFO:app.core.database:批量执行SQL完成
INFO:app.services.data_generator:表 oms_order_item 已插入剩余 1 条记录并缓存主键值
INFO:app.services.data_generator:依赖表 oms_order_item 生成完成，记录数: 1
INFO:app.services.data_generator:开始为依赖表 fms_financial_transaction 生成数据
INFO:app.core.database:批量执行SQL，查询: INSERT INTO fms_financial_transaction (transaction_id, order_id, payment_method, transaction_type, transaction_amount, transaction_status, transaction_time) VALUES ($1, $2, $3, $4, $5, $6, $7), 值数量: 1
INFO:app.core.database:连接数据库: 172.16.10.196:5432/db_house
INFO:app.core.database:批量执行SQL完成
INFO:app.services.data_generator:表 fms_financial_transaction 已插入剩余 1 条记录并缓存主键值
INFO:app.services.data_generator:依赖表 fms_financial_transaction 生成完成，记录数: 1
INFO:app.services.data_generator:开始为依赖表 lms_shipment 生成数据
INFO:app.core.database:批量执行SQL，查询: INSERT INTO lms_shipment (shipment_id, order_id, carrier, sender_address, receiver_info, current_status, shipping_time, estimated_delivery, actual_delivery) VALUES ($1, $2, $3, $4, $5, $6, $7, $8, $9), 值数量: 1
INFO:app.core.database:连接数据库: 172.16.10.196:5432/db_house
INFO:app.core.database:批量执行SQL完成
INFO:app.services.data_generator:表 lms_shipment 已插入剩余 1 条记录并缓存主键值
INFO:app.services.data_generator:依赖表 lms_shipment 生成完成，记录数: 1
INFO:app.services.data_generator:数据生成完成，总记录数: 7
INFO:app.services.data_generator:退出 generate_data_for_tables 方法
INFO:app.services.data_generator:开始 generate_data_for_tables 方法
INFO:app.services.data_generator:独立表（阶段1）: ['crawler_competitor_price', 'crm_customer', 'ext_market_trend']
INFO:app.services.data_generator:依赖表（阶段2）: ['oms_order', 'lms_shipment', 'fms_financial_transaction', 'oms_order_item']
INFO:app.services.data_generator:初始化数据库计数器
INFO:app.core.database:执行查询: SELECT MAX(id) FROM crawler_competitor_price, 参数: ()
INFO:app.core.database:连接数据库: 172.16.10.196:5432/db_house
INFO:app.core.database:查询执行成功
INFO:app.core.database:执行查询: SELECT MAX(id) FROM ext_market_trend, 参数: ()
INFO:app.core.database:连接数据库: 172.16.10.196:5432/db_house
INFO:app.core.database:查询执行成功
INFO:app.core.database:执行查询: SELECT MAX(id) FROM oms_order_item, 参数: ()
INFO:app.core.database:连接数据库: 172.16.10.196:5432/db_house
INFO:app.core.database:查询执行成功
INFO:app.services.data_generator:计数器初始化完成: {'crawler_competitor_price_id': 361022, 'ext_market_trend_id': 361022, 'oms_order_item_id': 361113}
INFO:app.services.data_generator:开始处理日期: 2025-10-21
INFO:app.services.data_generator:当天计划生成记录数: 1
INFO:app.services.data_generator:已清空外键缓存
INFO:app.services.data_generator:=== 阶段1：生成独立表 ===
INFO:app.services.data_generator:开始为独立表 crawler_competitor_price 生成数据
INFO:app.core.database:批量执行SQL，查询: INSERT INTO crawler_competitor_price (id, crawl_time, platform, competitor_name, product_name, product_sku, price, promotion_info, is_in_stock) VALUES ($1, $2, $3, $4, $5, $6, $7, $8, $9), 值数量: 1
INFO:app.core.database:连接数据库: 172.16.10.196:5432/db_house
INFO:app.core.database:批量执行SQL完成
INFO:app.services.data_generator:表 crawler_competitor_price 已插入剩余 1 条记录并缓存主键值
INFO:app.services.data_generator:独立表 crawler_competitor_price 生成完成，记录数: 1
INFO:app.services.data_generator:开始为独立表 crm_customer 生成数据
INFO:app.core.database:批量执行SQL，查询: INSERT INTO crm_customer (customer_id, name, gender, phone, email, birthday, address, create_time, update_time, is_deleted) VALUES ($1, $2, $3, $4, $5, $6, $7, $8, $9, $10), 值数量: 1
INFO:app.core.database:连接数据库: 172.16.10.196:5432/db_house
INFO:app.core.database:批量执行SQL完成
INFO:app.services.data_generator:表 crm_customer 已插入剩余 1 条记录并缓存主键值
INFO:app.services.data_generator:独立表 crm_customer 生成完成，记录数: 1
INFO:app.services.data_generator:开始为独立表 ext_market_trend 生成数据
INFO:app.core.database:批量执行SQL，查询: INSERT INTO ext_market_trend (id, period, region, category, market_size, growth_rate, data_source) VALUES ($1, $2, $3, $4, $5, $6, $7), 值数量: 1
INFO:app.core.database:连接数据库: 172.16.10.196:5432/db_house
INFO:app.core.database:批量执行SQL完成
INFO:app.services.data_generator:表 ext_market_trend 已插入剩余 1 条记录并缓存主键值
INFO:app.services.data_generator:独立表 ext_market_trend 生成完成，记录数: 1
INFO:app.services.data_generator:=== 阶段2：生成依赖表 ===
INFO:app.services.data_generator:表依赖排序结果: ['oms_order', 'oms_order_item', 'fms_financial_transaction', 'lms_shipment']
INFO:app.services.data_generator:排序后的依赖表: ['oms_order', 'oms_order_item', 'fms_financial_transaction', 'lms_shipment']
INFO:app.services.data_generator:开始为依赖表 oms_order 生成数据
INFO:app.core.database:批量执行SQL，查询: INSERT INTO oms_order (order_id, order_channel, customer_code, order_amount, discount_amount, pay_amount, order_status, province, city, district, detail_address, order_time) VALUES ($1, $2, $3, $4, $5, $6, $7, $8, $9, $10, $11, $12), 值数量: 1
INFO:app.core.database:连接数据库: 172.16.10.196:5432/db_house
INFO:app.core.database:批量执行SQL完成
INFO:app.services.data_generator:表 oms_order 已插入剩余 1 条记录并缓存主键值
INFO:app.services.data_generator:依赖表 oms_order 生成完成，记录数: 1
INFO:app.services.data_generator:开始为依赖表 oms_order_item 生成数据
INFO:app.core.database:批量执行SQL，查询: INSERT INTO oms_order_item (id, order_id, product_sku, product_name, quantity, price) VALUES ($1, $2, $3, $4, $5, $6), 值数量: 1
INFO:app.core.database:连接数据库: 172.16.10.196:5432/db_house
INFO:app.core.database:批量执行SQL完成
INFO:app.services.data_generator:表 oms_order_item 已插入剩余 1 条记录并缓存主键值
INFO:app.services.data_generator:依赖表 oms_order_item 生成完成，记录数: 1
INFO:app.services.data_generator:开始为依赖表 fms_financial_transaction 生成数据
INFO:app.core.database:批量执行SQL，查询: INSERT INTO fms_financial_transaction (transaction_id, order_id, payment_method, transaction_type, transaction_amount, transaction_status, transaction_time) VALUES ($1, $2, $3, $4, $5, $6, $7), 值数量: 1
INFO:app.core.database:连接数据库: 172.16.10.196:5432/db_house
INFO:app.core.database:批量执行SQL完成
INFO:app.services.data_generator:表 fms_financial_transaction 已插入剩余 1 条记录并缓存主键值
INFO:app.services.data_generator:依赖表 fms_financial_transaction 生成完成，记录数: 1
INFO:app.services.data_generator:开始为依赖表 lms_shipment 生成数据
INFO:app.core.database:批量执行SQL，查询: INSERT INTO lms_shipment (shipment_id, order_id, carrier, sender_address, receiver_info, current_status, shipping_time, estimated_delivery, actual_delivery) VALUES ($1, $2, $3, $4, $5, $6, $7, $8, $9), 值数量: 1
INFO:app.core.database:连接数据库: 172.16.10.196:5432/db_house
INFO:app.core.database:批量执行SQL完成
INFO:app.services.data_generator:表 lms_shipment 已插入剩余 1 条记录并缓存主键值
INFO:app.services.data_generator:依赖表 lms_shipment 生成完成，记录数: 1
INFO:app.services.data_generator:数据生成完成，总记录数: 7
INFO:app.services.data_generator:退出 generate_data_for_tables 方法
INFO:app.services.data_generator:开始 generate_data_for_tables 方法
INFO:app.services.data_generator:独立表（阶段1）: ['crawler_competitor_price', 'crm_customer', 'ext_market_trend']
INFO:app.services.data_generator:依赖表（阶段2）: ['oms_order', 'lms_shipment', 'fms_financial_transaction', 'oms_order_item']
INFO:app.services.data_generator:初始化数据库计数器
INFO:app.core.database:执行查询: SELECT MAX(id) FROM crawler_competitor_price, 参数: ()
INFO:app.core.database:连接数据库: 172.16.10.196:5432/db_house
INFO:app.core.database:查询执行成功
INFO:app.core.database:执行查询: SELECT MAX(id) FROM ext_market_trend, 参数: ()
INFO:app.core.database:连接数据库: 172.16.10.196:5432/db_house
INFO:app.core.database:查询执行成功
INFO:app.core.database:执行查询: SELECT MAX(id) FROM oms_order_item, 参数: ()
INFO:app.core.database:连接数据库: 172.16.10.196:5432/db_house
INFO:app.core.database:查询执行成功
INFO:app.services.data_generator:计数器初始化完成: {'crawler_competitor_price_id': 361023, 'ext_market_trend_id': 361023, 'oms_order_item_id': 361114}
INFO:app.services.data_generator:开始处理日期: 2025-10-21
INFO:app.services.data_generator:当天计划生成记录数: 1
INFO:app.services.data_generator:已清空外键缓存
INFO:app.services.data_generator:=== 阶段1：生成独立表 ===
INFO:app.services.data_generator:开始为独立表 crawler_competitor_price 生成数据
INFO:app.core.database:批量执行SQL，查询: INSERT INTO crawler_competitor_price (id, crawl_time, platform, competitor_name, product_name, product_sku, price, promotion_info, is_in_stock) VALUES ($1, $2, $3, $4, $5, $6, $7, $8, $9), 值数量: 1
INFO:app.core.database:连接数据库: 172.16.10.196:5432/db_house
INFO:app.core.database:批量执行SQL完成
INFO:app.services.data_generator:表 crawler_competitor_price 已插入剩余 1 条记录并缓存主键值
INFO:app.services.data_generator:独立表 crawler_competitor_price 生成完成，记录数: 1
INFO:app.services.data_generator:开始为独立表 crm_customer 生成数据
INFO:app.core.database:批量执行SQL，查询: INSERT INTO crm_customer (customer_id, name, gender, phone, email, birthday, address, create_time, update_time, is_deleted) VALUES ($1, $2, $3, $4, $5, $6, $7, $8, $9, $10), 值数量: 1
INFO:app.core.database:连接数据库: 172.16.10.196:5432/db_house
INFO:app.core.database:批量执行SQL完成
INFO:app.services.data_generator:表 crm_customer 已插入剩余 1 条记录并缓存主键值
INFO:app.services.data_generator:独立表 crm_customer 生成完成，记录数: 1
INFO:app.services.data_generator:开始为独立表 ext_market_trend 生成数据
INFO:app.core.database:批量执行SQL，查询: INSERT INTO ext_market_trend (id, period, region, category, market_size, growth_rate, data_source) VALUES ($1, $2, $3, $4, $5, $6, $7), 值数量: 1
INFO:app.core.database:连接数据库: 172.16.10.196:5432/db_house
INFO:app.core.database:批量执行SQL完成
INFO:app.services.data_generator:表 ext_market_trend 已插入剩余 1 条记录并缓存主键值
INFO:app.services.data_generator:独立表 ext_market_trend 生成完成，记录数: 1
INFO:app.services.data_generator:=== 阶段2：生成依赖表 ===
INFO:app.services.data_generator:表依赖排序结果: ['oms_order', 'oms_order_item', 'fms_financial_transaction', 'lms_shipment']
INFO:app.services.data_generator:排序后的依赖表: ['oms_order', 'oms_order_item', 'fms_financial_transaction', 'lms_shipment']
INFO:app.services.data_generator:开始为依赖表 oms_order 生成数据
INFO:app.core.database:批量执行SQL，查询: INSERT INTO oms_order (order_id, order_channel, customer_code, order_amount, discount_amount, pay_amount, order_status, province, city, district, detail_address, order_time) VALUES ($1, $2, $3, $4, $5, $6, $7, $8, $9, $10, $11, $12), 值数量: 1
INFO:app.core.database:连接数据库: 172.16.10.196:5432/db_house
INFO:app.core.database:批量执行SQL完成
INFO:app.services.data_generator:表 oms_order 已插入剩余 1 条记录并缓存主键值
INFO:app.services.data_generator:依赖表 oms_order 生成完成，记录数: 1
INFO:app.services.data_generator:开始为依赖表 oms_order_item 生成数据
INFO:app.core.database:批量执行SQL，查询: INSERT INTO oms_order_item (id, order_id, product_sku, product_name, quantity, price) VALUES ($1, $2, $3, $4, $5, $6), 值数量: 1
INFO:app.core.database:连接数据库: 172.16.10.196:5432/db_house
INFO:app.core.database:批量执行SQL完成
INFO:app.services.data_generator:表 oms_order_item 已插入剩余 1 条记录并缓存主键值
INFO:app.services.data_generator:依赖表 oms_order_item 生成完成，记录数: 1
INFO:app.services.data_generator:开始为依赖表 fms_financial_transaction 生成数据
INFO:app.core.database:批量执行SQL，查询: INSERT INTO fms_financial_transaction (transaction_id, order_id, payment_method, transaction_type, transaction_amount, transaction_status, transaction_time) VALUES ($1, $2, $3, $4, $5, $6, $7), 值数量: 1
INFO:app.core.database:连接数据库: 172.16.10.196:5432/db_house
INFO:app.core.database:批量执行SQL完成
INFO:app.services.data_generator:表 fms_financial_transaction 已插入剩余 1 条记录并缓存主键值
INFO:app.services.data_generator:依赖表 fms_financial_transaction 生成完成，记录数: 1
INFO:app.services.data_generator:开始为依赖表 lms_shipment 生成数据
INFO:app.core.database:批量执行SQL，查询: INSERT INTO lms_shipment (shipment_id, order_id, carrier, sender_address, receiver_info, current_status, shipping_time, estimated_delivery, actual_delivery) VALUES ($1, $2, $3, $4, $5, $6, $7, $8, $9), 值数量: 1
INFO:app.core.database:连接数据库: 172.16.10.196:5432/db_house
INFO:app.core.database:批量执行SQL完成
INFO:app.services.data_generator:表 lms_shipment 已插入剩余 1 条记录并缓存主键值
INFO:app.services.data_generator:依赖表 lms_shipment 生成完成，记录数: 1
INFO:app.services.data_generator:数据生成完成，总记录数: 7
INFO:app.services.data_generator:退出 generate_data_for_tables 方法
INFO:app.services.data_generator:开始 generate_data_for_tables 方法
INFO:app.services.data_generator:独立表（阶段1）: ['crawler_competitor_price', 'crm_customer', 'ext_market_trend']
INFO:app.services.data_generator:依赖表（阶段2）: ['oms_order', 'lms_shipment', 'fms_financial_transaction', 'oms_order_item']
INFO:app.services.data_generator:初始化数据库计数器
INFO:app.core.database:执行查询: SELECT MAX(id) FROM crawler_competitor_price, 参数: ()
INFO:app.core.database:连接数据库: 172.16.10.196:5432/db_house
INFO:app.core.database:查询执行成功
INFO:app.core.database:执行查询: SELECT MAX(id) FROM ext_market_trend, 参数: ()
INFO:app.core.database:连接数据库: 172.16.10.196:5432/db_house
INFO:app.core.database:查询执行成功
INFO:app.core.database:执行查询: SELECT MAX(id) FROM oms_order_item, 参数: ()
INFO:app.core.database:连接数据库: 172.16.10.196:5432/db_house
INFO:app.core.database:查询执行成功
INFO:app.services.data_generator:计数器初始化完成: {'crawler_competitor_price_id': 361024, 'ext_market_trend_id': 361024, 'oms_order_item_id': 361115}
INFO:app.services.data_generator:开始处理日期: 2025-10-21
INFO:app.services.data_generator:当天计划生成记录数: 1
INFO:app.services.data_generator:已清空外键缓存
INFO:app.services.data_generator:=== 阶段1：生成独立表 ===
INFO:app.services.data_generator:开始为独立表 crawler_competitor_price 生成数据
INFO:app.core.database:批量执行SQL，查询: INSERT INTO crawler_competitor_price (id, crawl_time, platform, competitor_name, product_name, product_sku, price, promotion_info, is_in_stock) VALUES ($1, $2, $3, $4, $5, $6, $7, $8, $9), 值数量: 1
INFO:app.core.database:连接数据库: 172.16.10.196:5432/db_house
INFO:app.core.database:批量执行SQL完成
INFO:app.services.data_generator:表 crawler_competitor_price 已插入剩余 1 条记录并缓存主键值
INFO:app.services.data_generator:独立表 crawler_competitor_price 生成完成，记录数: 1
INFO:app.services.data_generator:开始为独立表 crm_customer 生成数据
INFO:app.core.database:批量执行SQL，查询: INSERT INTO crm_customer (customer_id, name, gender, phone, email, birthday, address, create_time, update_time, is_deleted) VALUES ($1, $2, $3, $4, $5, $6, $7, $8, $9, $10), 值数量: 1
INFO:app.core.database:连接数据库: 172.16.10.196:5432/db_house
INFO:app.core.database:批量执行SQL完成
INFO:app.services.data_generator:表 crm_customer 已插入剩余 1 条记录并缓存主键值
INFO:app.services.data_generator:独立表 crm_customer 生成完成，记录数: 1
INFO:app.services.data_generator:开始为独立表 ext_market_trend 生成数据
INFO:app.core.database:批量执行SQL，查询: INSERT INTO ext_market_trend (id, period, region, category, market_size, growth_rate, data_source) VALUES ($1, $2, $3, $4, $5, $6, $7), 值数量: 1
INFO:app.core.database:连接数据库: 172.16.10.196:5432/db_house
INFO:app.core.database:批量执行SQL完成
INFO:app.services.data_generator:表 ext_market_trend 已插入剩余 1 条记录并缓存主键值
INFO:app.services.data_generator:独立表 ext_market_trend 生成完成，记录数: 1
INFO:app.services.data_generator:=== 阶段2：生成依赖表 ===
INFO:app.services.data_generator:表依赖排序结果: ['oms_order', 'oms_order_item', 'fms_financial_transaction', 'lms_shipment']
INFO:app.services.data_generator:排序后的依赖表: ['oms_order', 'oms_order_item', 'fms_financial_transaction', 'lms_shipment']
INFO:app.services.data_generator:开始为依赖表 oms_order 生成数据
INFO:app.core.database:批量执行SQL，查询: INSERT INTO oms_order (order_id, order_channel, customer_code, order_amount, discount_amount, pay_amount, order_status, province, city, district, detail_address, order_time) VALUES ($1, $2, $3, $4, $5, $6, $7, $8, $9, $10, $11, $12), 值数量: 1
INFO:app.core.database:连接数据库: 172.16.10.196:5432/db_house
INFO:app.core.database:批量执行SQL完成
INFO:app.services.data_generator:表 oms_order 已插入剩余 1 条记录并缓存主键值
INFO:app.services.data_generator:依赖表 oms_order 生成完成，记录数: 1
INFO:app.services.data_generator:开始为依赖表 oms_order_item 生成数据
INFO:app.core.database:批量执行SQL，查询: INSERT INTO oms_order_item (id, order_id, product_sku, product_name, quantity, price) VALUES ($1, $2, $3, $4, $5, $6), 值数量: 1
INFO:app.core.database:连接数据库: 172.16.10.196:5432/db_house
INFO:app.core.database:批量执行SQL完成
INFO:app.services.data_generator:表 oms_order_item 已插入剩余 1 条记录并缓存主键值
INFO:app.services.data_generator:依赖表 oms_order_item 生成完成，记录数: 1
INFO:app.services.data_generator:开始为依赖表 fms_financial_transaction 生成数据
INFO:app.core.database:批量执行SQL，查询: INSERT INTO fms_financial_transaction (transaction_id, order_id, payment_method, transaction_type, transaction_amount, transaction_status, transaction_time) VALUES ($1, $2, $3, $4, $5, $6, $7), 值数量: 1
INFO:app.core.database:连接数据库: 172.16.10.196:5432/db_house
INFO:app.core.database:批量执行SQL完成
INFO:app.services.data_generator:表 fms_financial_transaction 已插入剩余 1 条记录并缓存主键值
INFO:app.services.data_generator:依赖表 fms_financial_transaction 生成完成，记录数: 1
INFO:app.services.data_generator:开始为依赖表 lms_shipment 生成数据
INFO:app.core.database:批量执行SQL，查询: INSERT INTO lms_shipment (shipment_id, order_id, carrier, sender_address, receiver_info, current_status, shipping_time, estimated_delivery, actual_delivery) VALUES ($1, $2, $3, $4, $5, $6, $7, $8, $9), 值数量: 1
INFO:app.core.database:连接数据库: 172.16.10.196:5432/db_house
INFO:app.core.database:批量执行SQL完成
INFO:app.services.data_generator:表 lms_shipment 已插入剩余 1 条记录并缓存主键值
INFO:app.services.data_generator:依赖表 lms_shipment 生成完成，记录数: 1
INFO:app.services.data_generator:数据生成完成，总记录数: 7
INFO:app.services.data_generator:退出 generate_data_for_tables 方法
INFO:app.services.data_generator:开始 generate_data_for_tables 方法
INFO:app.services.data_generator:独立表（阶段1）: ['crawler_competitor_price', 'crm_customer', 'ext_market_trend']
INFO:app.services.data_generator:依赖表（阶段2）: ['oms_order', 'lms_shipment', 'fms_financial_transaction', 'oms_order_item']
INFO:app.services.data_generator:初始化数据库计数器
INFO:app.core.database:执行查询: SELECT MAX(id) FROM crawler_competitor_price, 参数: ()
INFO:app.core.database:连接数据库: 172.16.10.196:5432/db_house
INFO:app.core.database:查询执行成功
INFO:app.core.database:执行查询: SELECT MAX(id) FROM ext_market_trend, 参数: ()
INFO:app.core.database:连接数据库: 172.16.10.196:5432/db_house
INFO:app.core.database:查询执行成功
INFO:app.core.database:执行查询: SELECT MAX(id) FROM oms_order_item, 参数: ()
INFO:app.core.database:连接数据库: 172.16.10.196:5432/db_house
INFO:app.core.database:查询执行成功
INFO:app.services.data_generator:计数器初始化完成: {'crawler_competitor_price_id': 361025, 'ext_market_trend_id': 361025, 'oms_order_item_id': 361116}
INFO:app.services.data_generator:开始处理日期: 2025-10-21
INFO:app.services.data_generator:当天计划生成记录数: 1
INFO:app.services.data_generator:已清空外键缓存
INFO:app.services.data_generator:=== 阶段1：生成独立表 ===
INFO:app.services.data_generator:开始为独立表 crawler_competitor_price 生成数据
INFO:app.core.database:批量执行SQL，查询: INSERT INTO crawler_competitor_price (id, crawl_time, platform, competitor_name, product_name, product_sku, price, promotion_info, is_in_stock) VALUES ($1, $2, $3, $4, $5, $6, $7, $8, $9), 值数量: 1
INFO:app.core.database:连接数据库: 172.16.10.196:5432/db_house
INFO:app.core.database:批量执行SQL完成
INFO:app.services.data_generator:表 crawler_competitor_price 已插入剩余 1 条记录并缓存主键值
INFO:app.services.data_generator:独立表 crawler_competitor_price 生成完成，记录数: 1
INFO:app.services.data_generator:开始为独立表 crm_customer 生成数据
INFO:app.core.database:批量执行SQL，查询: INSERT INTO crm_customer (customer_id, name, gender, phone, email, birthday, address, create_time, update_time, is_deleted) VALUES ($1, $2, $3, $4, $5, $6, $7, $8, $9, $10), 值数量: 1
INFO:app.core.database:连接数据库: 172.16.10.196:5432/db_house
INFO:app.core.database:批量执行SQL完成
INFO:app.services.data_generator:表 crm_customer 已插入剩余 1 条记录并缓存主键值
INFO:app.services.data_generator:独立表 crm_customer 生成完成，记录数: 1
INFO:app.services.data_generator:开始为独立表 ext_market_trend 生成数据
INFO:app.core.database:批量执行SQL，查询: INSERT INTO ext_market_trend (id, period, region, category, market_size, growth_rate, data_source) VALUES ($1, $2, $3, $4, $5, $6, $7), 值数量: 1
INFO:app.core.database:连接数据库: 172.16.10.196:5432/db_house
INFO:app.core.database:批量执行SQL完成
INFO:app.services.data_generator:表 ext_market_trend 已插入剩余 1 条记录并缓存主键值
INFO:app.services.data_generator:独立表 ext_market_trend 生成完成，记录数: 1
INFO:app.services.data_generator:=== 阶段2：生成依赖表 ===
INFO:app.services.data_generator:表依赖排序结果: ['oms_order', 'oms_order_item', 'fms_financial_transaction', 'lms_shipment']
INFO:app.services.data_generator:排序后的依赖表: ['oms_order', 'oms_order_item', 'fms_financial_transaction', 'lms_shipment']
INFO:app.services.data_generator:开始为依赖表 oms_order 生成数据
INFO:app.core.database:批量执行SQL，查询: INSERT INTO oms_order (order_id, order_channel, customer_code, order_amount, discount_amount, pay_amount, order_status, province, city, district, detail_address, order_time) VALUES ($1, $2, $3, $4, $5, $6, $7, $8, $9, $10, $11, $12), 值数量: 1
INFO:app.core.database:连接数据库: 172.16.10.196:5432/db_house
INFO:app.core.database:批量执行SQL完成
INFO:app.services.data_generator:表 oms_order 已插入剩余 1 条记录并缓存主键值
INFO:app.services.data_generator:依赖表 oms_order 生成完成，记录数: 1
INFO:app.services.data_generator:开始为依赖表 oms_order_item 生成数据
INFO:app.core.database:批量执行SQL，查询: INSERT INTO oms_order_item (id, order_id, product_sku, product_name, quantity, price) VALUES ($1, $2, $3, $4, $5, $6), 值数量: 1
INFO:app.core.database:连接数据库: 172.16.10.196:5432/db_house
INFO:app.core.database:批量执行SQL完成
INFO:app.services.data_generator:表 oms_order_item 已插入剩余 1 条记录并缓存主键值
INFO:app.services.data_generator:依赖表 oms_order_item 生成完成，记录数: 1
INFO:app.services.data_generator:开始为依赖表 fms_financial_transaction 生成数据
INFO:app.core.database:批量执行SQL，查询: INSERT INTO fms_financial_transaction (transaction_id, order_id, payment_method, transaction_type, transaction_amount, transaction_status, transaction_time) VALUES ($1, $2, $3, $4, $5, $6, $7), 值数量: 1
INFO:app.core.database:连接数据库: 172.16.10.196:5432/db_house
INFO:app.core.database:批量执行SQL完成
INFO:app.services.data_generator:表 fms_financial_transaction 已插入剩余 1 条记录并缓存主键值
INFO:app.services.data_generator:依赖表 fms_financial_transaction 生成完成，记录数: 1
INFO:app.services.data_generator:开始为依赖表 lms_shipment 生成数据
INFO:app.core.database:批量执行SQL，查询: INSERT INTO lms_shipment (shipment_id, order_id, carrier, sender_address, receiver_info, current_status, shipping_time, estimated_delivery, actual_delivery) VALUES ($1, $2, $3, $4, $5, $6, $7, $8, $9), 值数量: 1
INFO:app.core.database:连接数据库: 172.16.10.196:5432/db_house
INFO:app.core.database:批量执行SQL完成
INFO:app.services.data_generator:表 lms_shipment 已插入剩余 1 条记录并缓存主键值
INFO:app.services.data_generator:依赖表 lms_shipment 生成完成，记录数: 1
INFO:app.services.data_generator:数据生成完成，总记录数: 7
INFO:app.services.data_generator:退出 generate_data_for_tables 方法
INFO:app.services.data_generator:开始 generate_data_for_tables 方法
INFO:app.services.data_generator:独立表（阶段1）: ['crawler_competitor_price', 'crm_customer', 'ext_market_trend']
INFO:app.services.data_generator:依赖表（阶段2）: ['oms_order', 'lms_shipment', 'fms_financial_transaction', 'oms_order_item']
INFO:app.services.data_generator:初始化数据库计数器
INFO:app.core.database:执行查询: SELECT MAX(id) FROM crawler_competitor_price, 参数: ()
INFO:app.core.database:连接数据库: 172.16.10.196:5432/db_house
INFO:app.core.database:查询执行成功
INFO:app.core.database:执行查询: SELECT MAX(id) FROM ext_market_trend, 参数: ()
INFO:app.core.database:连接数据库: 172.16.10.196:5432/db_house
INFO:app.core.database:查询执行成功
INFO:app.core.database:执行查询: SELECT MAX(id) FROM oms_order_item, 参数: ()
INFO:app.core.database:连接数据库: 172.16.10.196:5432/db_house
INFO:app.core.database:查询执行成功
INFO:app.services.data_generator:计数器初始化完成: {'crawler_competitor_price_id': 361026, 'ext_market_trend_id': 361026, 'oms_order_item_id': 361117}
INFO:app.services.data_generator:开始处理日期: 2025-10-21
INFO:app.services.data_generator:当天计划生成记录数: 1
INFO:app.services.data_generator:已清空外键缓存
INFO:app.services.data_generator:=== 阶段1：生成独立表 ===
INFO:app.services.data_generator:开始为独立表 crawler_competitor_price 生成数据
INFO:app.core.database:批量执行SQL，查询: INSERT INTO crawler_competitor_price (id, crawl_time, platform, competitor_name, product_name, product_sku, price, promotion_info, is_in_stock) VALUES ($1, $2, $3, $4, $5, $6, $7, $8, $9), 值数量: 1
INFO:app.core.database:连接数据库: 172.16.10.196:5432/db_house
INFO:app.core.database:批量执行SQL完成
INFO:app.services.data_generator:表 crawler_competitor_price 已插入剩余 1 条记录并缓存主键值
INFO:app.services.data_generator:独立表 crawler_competitor_price 生成完成，记录数: 1
INFO:app.services.data_generator:开始为独立表 crm_customer 生成数据
INFO:app.core.database:批量执行SQL，查询: INSERT INTO crm_customer (customer_id, name, gender, phone, email, birthday, address, create_time, update_time, is_deleted) VALUES ($1, $2, $3, $4, $5, $6, $7, $8, $9, $10), 值数量: 1
INFO:app.core.database:连接数据库: 172.16.10.196:5432/db_house
INFO:app.core.database:批量执行SQL完成
INFO:app.services.data_generator:表 crm_customer 已插入剩余 1 条记录并缓存主键值
INFO:app.services.data_generator:独立表 crm_customer 生成完成，记录数: 1
INFO:app.services.data_generator:开始为独立表 ext_market_trend 生成数据
INFO:app.core.database:批量执行SQL，查询: INSERT INTO ext_market_trend (id, period, region, category, market_size, growth_rate, data_source) VALUES ($1, $2, $3, $4, $5, $6, $7), 值数量: 1
INFO:app.core.database:连接数据库: 172.16.10.196:5432/db_house
INFO:app.core.database:批量执行SQL完成
INFO:app.services.data_generator:表 ext_market_trend 已插入剩余 1 条记录并缓存主键值
INFO:app.services.data_generator:独立表 ext_market_trend 生成完成，记录数: 1
INFO:app.services.data_generator:=== 阶段2：生成依赖表 ===
INFO:app.services.data_generator:表依赖排序结果: ['oms_order', 'oms_order_item', 'fms_financial_transaction', 'lms_shipment']
INFO:app.services.data_generator:排序后的依赖表: ['oms_order', 'oms_order_item', 'fms_financial_transaction', 'lms_shipment']
INFO:app.services.data_generator:开始为依赖表 oms_order 生成数据
INFO:app.core.database:批量执行SQL，查询: INSERT INTO oms_order (order_id, order_channel, customer_code, order_amount, discount_amount, pay_amount, order_status, province, city, district, detail_address, order_time) VALUES ($1, $2, $3, $4, $5, $6, $7, $8, $9, $10, $11, $12), 值数量: 1
INFO:app.core.database:连接数据库: 172.16.10.196:5432/db_house
INFO:app.core.database:批量执行SQL完成
INFO:app.services.data_generator:表 oms_order 已插入剩余 1 条记录并缓存主键值
INFO:app.services.data_generator:依赖表 oms_order 生成完成，记录数: 1
INFO:app.services.data_generator:开始为依赖表 oms_order_item 生成数据
INFO:app.core.database:批量执行SQL，查询: INSERT INTO oms_order_item (id, order_id, product_sku, product_name, quantity, price) VALUES ($1, $2, $3, $4, $5, $6), 值数量: 1
INFO:app.core.database:连接数据库: 172.16.10.196:5432/db_house
INFO:app.core.database:批量执行SQL完成
INFO:app.services.data_generator:表 oms_order_item 已插入剩余 1 条记录并缓存主键值
INFO:app.services.data_generator:依赖表 oms_order_item 生成完成，记录数: 1
INFO:app.services.data_generator:开始为依赖表 fms_financial_transaction 生成数据
INFO:app.core.database:批量执行SQL，查询: INSERT INTO fms_financial_transaction (transaction_id, order_id, payment_method, transaction_type, transaction_amount, transaction_status, transaction_time) VALUES ($1, $2, $3, $4, $5, $6, $7), 值数量: 1
INFO:app.core.database:连接数据库: 172.16.10.196:5432/db_house
INFO:app.core.database:批量执行SQL完成
INFO:app.services.data_generator:表 fms_financial_transaction 已插入剩余 1 条记录并缓存主键值
INFO:app.services.data_generator:依赖表 fms_financial_transaction 生成完成，记录数: 1
INFO:app.services.data_generator:开始为依赖表 lms_shipment 生成数据
INFO:app.core.database:批量执行SQL，查询: INSERT INTO lms_shipment (shipment_id, order_id, carrier, sender_address, receiver_info, current_status, shipping_time, estimated_delivery, actual_delivery) VALUES ($1, $2, $3, $4, $5, $6, $7, $8, $9), 值数量: 1
INFO:app.core.database:连接数据库: 172.16.10.196:5432/db_house
INFO:app.core.database:批量执行SQL完成
INFO:app.services.data_generator:表 lms_shipment 已插入剩余 1 条记录并缓存主键值
INFO:app.services.data_generator:依赖表 lms_shipment 生成完成，记录数: 1
INFO:app.services.data_generator:数据生成完成，总记录数: 7
INFO:app.services.data_generator:退出 generate_data_for_tables 方法
INFO:app.services.data_generator:开始 generate_data_for_tables 方法
INFO:app.services.data_generator:独立表（阶段1）: ['crawler_competitor_price', 'crm_customer', 'ext_market_trend']
INFO:app.services.data_generator:依赖表（阶段2）: ['oms_order', 'lms_shipment', 'fms_financial_transaction', 'oms_order_item']
INFO:app.services.data_generator:初始化数据库计数器
INFO:app.core.database:执行查询: SELECT MAX(id) FROM crawler_competitor_price, 参数: ()
INFO:app.core.database:连接数据库: 172.16.10.196:5432/db_house
INFO:app.core.database:查询执行成功
INFO:app.core.database:执行查询: SELECT MAX(id) FROM ext_market_trend, 参数: ()
INFO:app.core.database:连接数据库: 172.16.10.196:5432/db_house
INFO:app.core.database:查询执行成功
INFO:app.core.database:执行查询: SELECT MAX(id) FROM oms_order_item, 参数: ()
INFO:app.core.database:连接数据库: 172.16.10.196:5432/db_house
INFO:app.core.database:查询执行成功
INFO:app.services.data_generator:计数器初始化完成: {'crawler_competitor_price_id': 361027, 'ext_market_trend_id': 361027, 'oms_order_item_id': 361118}
INFO:app.services.data_generator:开始处理日期: 2025-10-21
INFO:app.services.data_generator:当天计划生成记录数: 1
INFO:app.services.data_generator:已清空外键缓存
INFO:app.services.data_generator:=== 阶段1：生成独立表 ===
INFO:app.services.data_generator:开始为独立表 crawler_competitor_price 生成数据
INFO:app.core.database:批量执行SQL，查询: INSERT INTO crawler_competitor_price (id, crawl_time, platform, competitor_name, product_name, product_sku, price, promotion_info, is_in_stock) VALUES ($1, $2, $3, $4, $5, $6, $7, $8, $9), 值数量: 1
INFO:app.core.database:连接数据库: 172.16.10.196:5432/db_house
INFO:app.core.database:批量执行SQL完成
INFO:app.services.data_generator:表 crawler_competitor_price 已插入剩余 1 条记录并缓存主键值
INFO:app.services.data_generator:独立表 crawler_competitor_price 生成完成，记录数: 1
INFO:app.services.data_generator:开始为独立表 crm_customer 生成数据
INFO:app.core.database:批量执行SQL，查询: INSERT INTO crm_customer (customer_id, name, gender, phone, email, birthday, address, create_time, update_time, is_deleted) VALUES ($1, $2, $3, $4, $5, $6, $7, $8, $9, $10), 值数量: 1
INFO:app.core.database:连接数据库: 172.16.10.196:5432/db_house
INFO:app.core.database:批量执行SQL完成
INFO:app.services.data_generator:表 crm_customer 已插入剩余 1 条记录并缓存主键值
INFO:app.services.data_generator:独立表 crm_customer 生成完成，记录数: 1
INFO:app.services.data_generator:开始为独立表 ext_market_trend 生成数据
INFO:app.core.database:批量执行SQL，查询: INSERT INTO ext_market_trend (id, period, region, category, market_size, growth_rate, data_source) VALUES ($1, $2, $3, $4, $5, $6, $7), 值数量: 1
INFO:app.core.database:连接数据库: 172.16.10.196:5432/db_house
INFO:app.core.database:批量执行SQL完成
INFO:app.services.data_generator:表 ext_market_trend 已插入剩余 1 条记录并缓存主键值
INFO:app.services.data_generator:独立表 ext_market_trend 生成完成，记录数: 1
INFO:app.services.data_generator:=== 阶段2：生成依赖表 ===
INFO:app.services.data_generator:表依赖排序结果: ['oms_order', 'oms_order_item', 'fms_financial_transaction', 'lms_shipment']
INFO:app.services.data_generator:排序后的依赖表: ['oms_order', 'oms_order_item', 'fms_financial_transaction', 'lms_shipment']
INFO:app.services.data_generator:开始为依赖表 oms_order 生成数据
INFO:app.core.database:批量执行SQL，查询: INSERT INTO oms_order (order_id, order_channel, customer_code, order_amount, discount_amount, pay_amount, order_status, province, city, district, detail_address, order_time) VALUES ($1, $2, $3, $4, $5, $6, $7, $8, $9, $10, $11, $12), 值数量: 1
INFO:app.core.database:连接数据库: 172.16.10.196:5432/db_house
INFO:app.core.database:批量执行SQL完成
INFO:app.services.data_generator:表 oms_order 已插入剩余 1 条记录并缓存主键值
INFO:app.services.data_generator:依赖表 oms_order 生成完成，记录数: 1
INFO:app.services.data_generator:开始为依赖表 oms_order_item 生成数据
INFO:app.core.database:批量执行SQL，查询: INSERT INTO oms_order_item (id, order_id, product_sku, product_name, quantity, price) VALUES ($1, $2, $3, $4, $5, $6), 值数量: 1
INFO:app.core.database:连接数据库: 172.16.10.196:5432/db_house
INFO:app.core.database:批量执行SQL完成
INFO:app.services.data_generator:表 oms_order_item 已插入剩余 1 条记录并缓存主键值
INFO:app.services.data_generator:依赖表 oms_order_item 生成完成，记录数: 1
INFO:app.services.data_generator:开始为依赖表 fms_financial_transaction 生成数据
INFO:app.core.database:批量执行SQL，查询: INSERT INTO fms_financial_transaction (transaction_id, order_id, payment_method, transaction_type, transaction_amount, transaction_status, transaction_time) VALUES ($1, $2, $3, $4, $5, $6, $7), 值数量: 1
INFO:app.core.database:连接数据库: 172.16.10.196:5432/db_house
INFO:app.core.database:批量执行SQL完成
INFO:app.services.data_generator:表 fms_financial_transaction 已插入剩余 1 条记录并缓存主键值
INFO:app.services.data_generator:依赖表 fms_financial_transaction 生成完成，记录数: 1
INFO:app.services.data_generator:开始为依赖表 lms_shipment 生成数据
INFO:app.core.database:批量执行SQL，查询: INSERT INTO lms_shipment (shipment_id, order_id, carrier, sender_address, receiver_info, current_status, shipping_time, estimated_delivery, actual_delivery) VALUES ($1, $2, $3, $4, $5, $6, $7, $8, $9), 值数量: 1
INFO:app.core.database:连接数据库: 172.16.10.196:5432/db_house
INFO:app.core.database:批量执行SQL完成
INFO:app.services.data_generator:表 lms_shipment 已插入剩余 1 条记录并缓存主键值
INFO:app.services.data_generator:依赖表 lms_shipment 生成完成，记录数: 1
INFO:app.services.data_generator:数据生成完成，总记录数: 7
INFO:app.services.data_generator:退出 generate_data_for_tables 方法
INFO:app.services.data_generator:开始 generate_data_for_tables 方法
INFO:app.services.data_generator:独立表（阶段1）: ['crawler_competitor_price', 'crm_customer', 'ext_market_trend']
INFO:app.services.data_generator:依赖表（阶段2）: ['oms_order', 'lms_shipment', 'fms_financial_transaction', 'oms_order_item']
INFO:app.services.data_generator:初始化数据库计数器
INFO:app.core.database:执行查询: SELECT MAX(id) FROM crawler_competitor_price, 参数: ()
INFO:app.core.database:连接数据库: 172.16.10.196:5432/db_house
INFO:app.core.database:查询执行成功
INFO:app.core.database:执行查询: SELECT MAX(id) FROM ext_market_trend, 参数: ()
INFO:app.core.database:连接数据库: 172.16.10.196:5432/db_house
INFO:app.core.database:查询执行成功
INFO:app.core.database:执行查询: SELECT MAX(id) FROM oms_order_item, 参数: ()
INFO:app.core.database:连接数据库: 172.16.10.196:5432/db_house
INFO:app.core.database:查询执行成功
INFO:app.services.data_generator:计数器初始化完成: {'crawler_competitor_price_id': 361028, 'ext_market_trend_id': 361028, 'oms_order_item_id': 361119}
INFO:app.services.data_generator:开始处理日期: 2025-10-21
INFO:app.services.data_generator:当天计划生成记录数: 1
INFO:app.services.data_generator:已清空外键缓存
INFO:app.services.data_generator:=== 阶段1：生成独立表 ===
INFO:app.services.data_generator:开始为独立表 crawler_competitor_price 生成数据
INFO:app.core.database:批量执行SQL，查询: INSERT INTO crawler_competitor_price (id, crawl_time, platform, competitor_name, product_name, product_sku, price, promotion_info, is_in_stock) VALUES ($1, $2, $3, $4, $5, $6, $7, $8, $9), 值数量: 1
INFO:app.core.database:连接数据库: 172.16.10.196:5432/db_house
INFO:app.core.database:批量执行SQL完成
INFO:app.services.data_generator:表 crawler_competitor_price 已插入剩余 1 条记录并缓存主键值
INFO:app.services.data_generator:独立表 crawler_competitor_price 生成完成，记录数: 1
INFO:app.services.data_generator:开始为独立表 crm_customer 生成数据
INFO:app.core.database:批量执行SQL，查询: INSERT INTO crm_customer (customer_id, name, gender, phone, email, birthday, address, create_time, update_time, is_deleted) VALUES ($1, $2, $3, $4, $5, $6, $7, $8, $9, $10), 值数量: 1
INFO:app.core.database:连接数据库: 172.16.10.196:5432/db_house
INFO:app.core.database:批量执行SQL完成
INFO:app.services.data_generator:表 crm_customer 已插入剩余 1 条记录并缓存主键值
INFO:app.services.data_generator:独立表 crm_customer 生成完成，记录数: 1
INFO:app.services.data_generator:开始为独立表 ext_market_trend 生成数据
INFO:app.core.database:批量执行SQL，查询: INSERT INTO ext_market_trend (id, period, region, category, market_size, growth_rate, data_source) VALUES ($1, $2, $3, $4, $5, $6, $7), 值数量: 1
INFO:app.core.database:连接数据库: 172.16.10.196:5432/db_house
INFO:app.core.database:批量执行SQL完成
INFO:app.services.data_generator:表 ext_market_trend 已插入剩余 1 条记录并缓存主键值
INFO:app.services.data_generator:独立表 ext_market_trend 生成完成，记录数: 1
INFO:app.services.data_generator:=== 阶段2：生成依赖表 ===
INFO:app.services.data_generator:表依赖排序结果: ['oms_order', 'oms_order_item', 'fms_financial_transaction', 'lms_shipment']
INFO:app.services.data_generator:排序后的依赖表: ['oms_order', 'oms_order_item', 'fms_financial_transaction', 'lms_shipment']
INFO:app.services.data_generator:开始为依赖表 oms_order 生成数据
INFO:app.core.database:批量执行SQL，查询: INSERT INTO oms_order (order_id, order_channel, customer_code, order_amount, discount_amount, pay_amount, order_status, province, city, district, detail_address, order_time) VALUES ($1, $2, $3, $4, $5, $6, $7, $8, $9, $10, $11, $12), 值数量: 1
INFO:app.core.database:连接数据库: 172.16.10.196:5432/db_house
INFO:app.core.database:批量执行SQL完成
INFO:app.services.data_generator:表 oms_order 已插入剩余 1 条记录并缓存主键值
INFO:app.services.data_generator:依赖表 oms_order 生成完成，记录数: 1
INFO:app.services.data_generator:开始为依赖表 oms_order_item 生成数据
INFO:app.core.database:批量执行SQL，查询: INSERT INTO oms_order_item (id, order_id, product_sku, product_name, quantity, price) VALUES ($1, $2, $3, $4, $5, $6), 值数量: 1
INFO:app.core.database:连接数据库: 172.16.10.196:5432/db_house
INFO:app.core.database:批量执行SQL完成
INFO:app.services.data_generator:表 oms_order_item 已插入剩余 1 条记录并缓存主键值
INFO:app.services.data_generator:依赖表 oms_order_item 生成完成，记录数: 1
INFO:app.services.data_generator:开始为依赖表 fms_financial_transaction 生成数据
INFO:app.core.database:批量执行SQL，查询: INSERT INTO fms_financial_transaction (transaction_id, order_id, payment_method, transaction_type, transaction_amount, transaction_status, transaction_time) VALUES ($1, $2, $3, $4, $5, $6, $7), 值数量: 1
INFO:app.core.database:连接数据库: 172.16.10.196:5432/db_house
INFO:app.core.database:批量执行SQL完成
INFO:app.services.data_generator:表 fms_financial_transaction 已插入剩余 1 条记录并缓存主键值
INFO:app.services.data_generator:依赖表 fms_financial_transaction 生成完成，记录数: 1
INFO:app.services.data_generator:开始为依赖表 lms_shipment 生成数据
INFO:app.core.database:批量执行SQL，查询: INSERT INTO lms_shipment (shipment_id, order_id, carrier, sender_address, receiver_info, current_status, shipping_time, estimated_delivery, actual_delivery) VALUES ($1, $2, $3, $4, $5, $6, $7, $8, $9), 值数量: 1
INFO:app.core.database:连接数据库: 172.16.10.196:5432/db_house
INFO:app.core.database:批量执行SQL完成
INFO:app.services.data_generator:表 lms_shipment 已插入剩余 1 条记录并缓存主键值
INFO:app.services.data_generator:依赖表 lms_shipment 生成完成，记录数: 1
INFO:app.services.data_generator:数据生成完成，总记录数: 7
INFO:app.services.data_generator:退出 generate_data_for_tables 方法
INFO:app.services.data_generator:开始 generate_data_for_tables 方法
INFO:app.services.data_generator:独立表（阶段1）: ['crawler_competitor_price', 'crm_customer', 'ext_market_trend']
INFO:app.services.data_generator:依赖表（阶段2）: ['oms_order', 'lms_shipment', 'fms_financial_transaction', 'oms_order_item']
INFO:app.services.data_generator:初始化数据库计数器
INFO:app.core.database:执行查询: SELECT MAX(id) FROM crawler_competitor_price, 参数: ()
INFO:app.core.database:连接数据库: 172.16.10.196:5432/db_house
INFO:app.core.database:查询执行成功
INFO:app.core.database:执行查询: SELECT MAX(id) FROM ext_market_trend, 参数: ()
INFO:app.core.database:连接数据库: 172.16.10.196:5432/db_house
INFO:app.core.database:查询执行成功
INFO:app.core.database:执行查询: SELECT MAX(id) FROM oms_order_item, 参数: ()
INFO:app.core.database:连接数据库: 172.16.10.196:5432/db_house
INFO:app.core.database:查询执行成功
INFO:app.services.data_generator:计数器初始化完成: {'crawler_competitor_price_id': 361029, 'ext_market_trend_id': 361029, 'oms_order_item_id': 361120}
INFO:app.services.data_generator:开始处理日期: 2025-10-21
INFO:app.services.data_generator:当天计划生成记录数: 1
INFO:app.services.data_generator:已清空外键缓存
INFO:app.services.data_generator:=== 阶段1：生成独立表 ===
INFO:app.services.data_generator:开始为独立表 crawler_competitor_price 生成数据
INFO:app.core.database:批量执行SQL，查询: INSERT INTO crawler_competitor_price (id, crawl_time, platform, competitor_name, product_name, product_sku, price, promotion_info, is_in_stock) VALUES ($1, $2, $3, $4, $5, $6, $7, $8, $9), 值数量: 1
INFO:app.core.database:连接数据库: 172.16.10.196:5432/db_house
INFO:app.core.database:批量执行SQL完成
INFO:app.services.data_generator:表 crawler_competitor_price 已插入剩余 1 条记录并缓存主键值
INFO:app.services.data_generator:独立表 crawler_competitor_price 生成完成，记录数: 1
INFO:app.services.data_generator:开始为独立表 crm_customer 生成数据
INFO:app.core.database:批量执行SQL，查询: INSERT INTO crm_customer (customer_id, name, gender, phone, email, birthday, address, create_time, update_time, is_deleted) VALUES ($1, $2, $3, $4, $5, $6, $7, $8, $9, $10), 值数量: 1
INFO:app.core.database:连接数据库: 172.16.10.196:5432/db_house
INFO:app.core.database:批量执行SQL完成
INFO:app.services.data_generator:表 crm_customer 已插入剩余 1 条记录并缓存主键值
INFO:app.services.data_generator:独立表 crm_customer 生成完成，记录数: 1
INFO:app.services.data_generator:开始为独立表 ext_market_trend 生成数据
INFO:app.core.database:批量执行SQL，查询: INSERT INTO ext_market_trend (id, period, region, category, market_size, growth_rate, data_source) VALUES ($1, $2, $3, $4, $5, $6, $7), 值数量: 1
INFO:app.core.database:连接数据库: 172.16.10.196:5432/db_house
INFO:app.core.database:批量执行SQL完成
INFO:app.services.data_generator:表 ext_market_trend 已插入剩余 1 条记录并缓存主键值
INFO:app.services.data_generator:独立表 ext_market_trend 生成完成，记录数: 1
INFO:app.services.data_generator:=== 阶段2：生成依赖表 ===
INFO:app.services.data_generator:表依赖排序结果: ['oms_order', 'oms_order_item', 'fms_financial_transaction', 'lms_shipment']
INFO:app.services.data_generator:排序后的依赖表: ['oms_order', 'oms_order_item', 'fms_financial_transaction', 'lms_shipment']
INFO:app.services.data_generator:开始为依赖表 oms_order 生成数据
INFO:app.core.database:批量执行SQL，查询: INSERT INTO oms_order (order_id, order_channel, customer_code, order_amount, discount_amount, pay_amount, order_status, province, city, district, detail_address, order_time) VALUES ($1, $2, $3, $4, $5, $6, $7, $8, $9, $10, $11, $12), 值数量: 1
INFO:app.core.database:连接数据库: 172.16.10.196:5432/db_house
INFO:app.core.database:批量执行SQL完成
INFO:app.services.data_generator:表 oms_order 已插入剩余 1 条记录并缓存主键值
INFO:app.services.data_generator:依赖表 oms_order 生成完成，记录数: 1
INFO:app.services.data_generator:开始为依赖表 oms_order_item 生成数据
INFO:app.core.database:批量执行SQL，查询: INSERT INTO oms_order_item (id, order_id, product_sku, product_name, quantity, price) VALUES ($1, $2, $3, $4, $5, $6), 值数量: 1
INFO:app.core.database:连接数据库: 172.16.10.196:5432/db_house
INFO:app.core.database:批量执行SQL完成
INFO:app.services.data_generator:表 oms_order_item 已插入剩余 1 条记录并缓存主键值
INFO:app.services.data_generator:依赖表 oms_order_item 生成完成，记录数: 1
INFO:app.services.data_generator:开始为依赖表 fms_financial_transaction 生成数据
INFO:app.core.database:批量执行SQL，查询: INSERT INTO fms_financial_transaction (transaction_id, order_id, payment_method, transaction_type, transaction_amount, transaction_status, transaction_time) VALUES ($1, $2, $3, $4, $5, $6, $7), 值数量: 1
INFO:app.core.database:连接数据库: 172.16.10.196:5432/db_house
INFO:app.core.database:批量执行SQL完成
INFO:app.services.data_generator:表 fms_financial_transaction 已插入剩余 1 条记录并缓存主键值
INFO:app.services.data_generator:依赖表 fms_financial_transaction 生成完成，记录数: 1
INFO:app.services.data_generator:开始为依赖表 lms_shipment 生成数据
INFO:app.core.database:批量执行SQL，查询: INSERT INTO lms_shipment (shipment_id, order_id, carrier, sender_address, receiver_info, current_status, shipping_time, estimated_delivery, actual_delivery) VALUES ($1, $2, $3, $4, $5, $6, $7, $8, $9), 值数量: 1
INFO:app.core.database:连接数据库: 172.16.10.196:5432/db_house
INFO:app.core.database:批量执行SQL完成
INFO:app.services.data_generator:表 lms_shipment 已插入剩余 1 条记录并缓存主键值
INFO:app.services.data_generator:依赖表 lms_shipment 生成完成，记录数: 1
INFO:app.services.data_generator:数据生成完成，总记录数: 7
INFO:app.services.data_generator:退出 generate_data_for_tables 方法
INFO:app.services.data_generator:开始 generate_data_for_tables 方法
INFO:app.services.data_generator:独立表（阶段1）: ['crawler_competitor_price', 'crm_customer', 'ext_market_trend']
INFO:app.services.data_generator:依赖表（阶段2）: ['oms_order', 'lms_shipment', 'fms_financial_transaction', 'oms_order_item']
INFO:app.services.data_generator:初始化数据库计数器
INFO:app.core.database:执行查询: SELECT MAX(id) FROM crawler_competitor_price, 参数: ()
INFO:app.core.database:连接数据库: 172.16.10.196:5432/db_house
INFO:app.core.database:查询执行成功
INFO:app.core.database:执行查询: SELECT MAX(id) FROM ext_market_trend, 参数: ()
INFO:app.core.database:连接数据库: 172.16.10.196:5432/db_house
INFO:app.core.database:查询执行成功
INFO:app.core.database:执行查询: SELECT MAX(id) FROM oms_order_item, 参数: ()
INFO:app.core.database:连接数据库: 172.16.10.196:5432/db_house
INFO:app.core.database:查询执行成功
INFO:app.services.data_generator:计数器初始化完成: {'crawler_competitor_price_id': 361030, 'ext_market_trend_id': 361030, 'oms_order_item_id': 361121}
INFO:app.services.data_generator:开始处理日期: 2025-10-21
INFO:app.services.data_generator:当天计划生成记录数: 1
INFO:app.services.data_generator:已清空外键缓存
INFO:app.services.data_generator:=== 阶段1：生成独立表 ===
INFO:app.services.data_generator:开始为独立表 crawler_competitor_price 生成数据
INFO:app.core.database:批量执行SQL，查询: INSERT INTO crawler_competitor_price (id, crawl_time, platform, competitor_name, product_name, product_sku, price, promotion_info, is_in_stock) VALUES ($1, $2, $3, $4, $5, $6, $7, $8, $9), 值数量: 1
INFO:app.core.database:连接数据库: 172.16.10.196:5432/db_house
INFO:app.core.database:批量执行SQL完成
INFO:app.services.data_generator:表 crawler_competitor_price 已插入剩余 1 条记录并缓存主键值
INFO:app.services.data_generator:独立表 crawler_competitor_price 生成完成，记录数: 1
INFO:app.services.data_generator:开始为独立表 crm_customer 生成数据
INFO:app.core.database:批量执行SQL，查询: INSERT INTO crm_customer (customer_id, name, gender, phone, email, birthday, address, create_time, update_time, is_deleted) VALUES ($1, $2, $3, $4, $5, $6, $7, $8, $9, $10), 值数量: 1
INFO:app.core.database:连接数据库: 172.16.10.196:5432/db_house
INFO:app.core.database:批量执行SQL完成
INFO:app.services.data_generator:表 crm_customer 已插入剩余 1 条记录并缓存主键值
INFO:app.services.data_generator:独立表 crm_customer 生成完成，记录数: 1
INFO:app.services.data_generator:开始为独立表 ext_market_trend 生成数据
INFO:app.core.database:批量执行SQL，查询: INSERT INTO ext_market_trend (id, period, region, category, market_size, growth_rate, data_source) VALUES ($1, $2, $3, $4, $5, $6, $7), 值数量: 1
INFO:app.core.database:连接数据库: 172.16.10.196:5432/db_house
INFO:app.core.database:批量执行SQL完成
INFO:app.services.data_generator:表 ext_market_trend 已插入剩余 1 条记录并缓存主键值
INFO:app.services.data_generator:独立表 ext_market_trend 生成完成，记录数: 1
INFO:app.services.data_generator:=== 阶段2：生成依赖表 ===
INFO:app.services.data_generator:表依赖排序结果: ['oms_order', 'oms_order_item', 'fms_financial_transaction', 'lms_shipment']
INFO:app.services.data_generator:排序后的依赖表: ['oms_order', 'oms_order_item', 'fms_financial_transaction', 'lms_shipment']
INFO:app.services.data_generator:开始为依赖表 oms_order 生成数据
INFO:app.core.database:批量执行SQL，查询: INSERT INTO oms_order (order_id, order_channel, customer_code, order_amount, discount_amount, pay_amount, order_status, province, city, district, detail_address, order_time) VALUES ($1, $2, $3, $4, $5, $6, $7, $8, $9, $10, $11, $12), 值数量: 1
INFO:app.core.database:连接数据库: 172.16.10.196:5432/db_house
INFO:app.core.database:批量执行SQL完成
INFO:app.services.data_generator:表 oms_order 已插入剩余 1 条记录并缓存主键值
INFO:app.services.data_generator:依赖表 oms_order 生成完成，记录数: 1
INFO:app.services.data_generator:开始为依赖表 oms_order_item 生成数据
INFO:app.core.database:批量执行SQL，查询: INSERT INTO oms_order_item (id, order_id, product_sku, product_name, quantity, price) VALUES ($1, $2, $3, $4, $5, $6), 值数量: 1
INFO:app.core.database:连接数据库: 172.16.10.196:5432/db_house
INFO:app.core.database:批量执行SQL完成
INFO:app.services.data_generator:表 oms_order_item 已插入剩余 1 条记录并缓存主键值
INFO:app.services.data_generator:依赖表 oms_order_item 生成完成，记录数: 1
INFO:app.services.data_generator:开始为依赖表 fms_financial_transaction 生成数据
INFO:app.core.database:批量执行SQL，查询: INSERT INTO fms_financial_transaction (transaction_id, order_id, payment_method, transaction_type, transaction_amount, transaction_status, transaction_time) VALUES ($1, $2, $3, $4, $5, $6, $7), 值数量: 1
INFO:app.core.database:连接数据库: 172.16.10.196:5432/db_house
INFO:app.core.database:批量执行SQL完成
INFO:app.services.data_generator:表 fms_financial_transaction 已插入剩余 1 条记录并缓存主键值
INFO:app.services.data_generator:依赖表 fms_financial_transaction 生成完成，记录数: 1
INFO:app.services.data_generator:开始为依赖表 lms_shipment 生成数据
INFO:app.core.database:批量执行SQL，查询: INSERT INTO lms_shipment (shipment_id, order_id, carrier, sender_address, receiver_info, current_status, shipping_time, estimated_delivery, actual_delivery) VALUES ($1, $2, $3, $4, $5, $6, $7, $8, $9), 值数量: 1
INFO:app.core.database:连接数据库: 172.16.10.196:5432/db_house
INFO:app.core.database:批量执行SQL完成
INFO:app.services.data_generator:表 lms_shipment 已插入剩余 1 条记录并缓存主键值
INFO:app.services.data_generator:依赖表 lms_shipment 生成完成，记录数: 1
INFO:app.services.data_generator:数据生成完成，总记录数: 7
INFO:app.services.data_generator:退出 generate_data_for_tables 方法
INFO:app.services.data_generator:开始 generate_data_for_tables 方法
INFO:app.services.data_generator:独立表（阶段1）: ['crawler_competitor_price', 'crm_customer', 'ext_market_trend']
INFO:app.services.data_generator:依赖表（阶段2）: ['oms_order', 'lms_shipment', 'fms_financial_transaction', 'oms_order_item']
INFO:app.services.data_generator:初始化数据库计数器
INFO:app.core.database:执行查询: SELECT MAX(id) FROM crawler_competitor_price, 参数: ()
INFO:app.core.database:连接数据库: 172.16.10.196:5432/db_house
INFO:app.core.database:查询执行成功
INFO:app.core.database:执行查询: SELECT MAX(id) FROM ext_market_trend, 参数: ()
INFO:app.core.database:连接数据库: 172.16.10.196:5432/db_house
INFO:app.core.database:查询执行成功
INFO:app.core.database:执行查询: SELECT MAX(id) FROM oms_order_item, 参数: ()
INFO:app.core.database:连接数据库: 172.16.10.196:5432/db_house
INFO:app.core.database:查询执行成功
INFO:app.services.data_generator:计数器初始化完成: {'crawler_competitor_price_id': 361031, 'ext_market_trend_id': 361031, 'oms_order_item_id': 361122}
INFO:app.services.data_generator:开始处理日期: 2025-10-21
INFO:app.services.data_generator:当天计划生成记录数: 1
INFO:app.services.data_generator:已清空外键缓存
INFO:app.services.data_generator:=== 阶段1：生成独立表 ===
INFO:app.services.data_generator:开始为独立表 crawler_competitor_price 生成数据
INFO:app.core.database:批量执行SQL，查询: INSERT INTO crawler_competitor_price (id, crawl_time, platform, competitor_name, product_name, product_sku, price, promotion_info, is_in_stock) VALUES ($1, $2, $3, $4, $5, $6, $7, $8, $9), 值数量: 1
INFO:app.core.database:连接数据库: 172.16.10.196:5432/db_house
INFO:app.core.database:批量执行SQL完成
INFO:app.services.data_generator:表 crawler_competitor_price 已插入剩余 1 条记录并缓存主键值
INFO:app.services.data_generator:独立表 crawler_competitor_price 生成完成，记录数: 1
INFO:app.services.data_generator:开始为独立表 crm_customer 生成数据
INFO:app.core.database:批量执行SQL，查询: INSERT INTO crm_customer (customer_id, name, gender, phone, email, birthday, address, create_time, update_time, is_deleted) VALUES ($1, $2, $3, $4, $5, $6, $7, $8, $9, $10), 值数量: 1
INFO:app.core.database:连接数据库: 172.16.10.196:5432/db_house
INFO:app.core.database:批量执行SQL完成
INFO:app.services.data_generator:表 crm_customer 已插入剩余 1 条记录并缓存主键值
INFO:app.services.data_generator:独立表 crm_customer 生成完成，记录数: 1
INFO:app.services.data_generator:开始为独立表 ext_market_trend 生成数据
INFO:app.core.database:批量执行SQL，查询: INSERT INTO ext_market_trend (id, period, region, category, market_size, growth_rate, data_source) VALUES ($1, $2, $3, $4, $5, $6, $7), 值数量: 1
INFO:app.core.database:连接数据库: 172.16.10.196:5432/db_house
INFO:app.core.database:批量执行SQL完成
INFO:app.services.data_generator:表 ext_market_trend 已插入剩余 1 条记录并缓存主键值
INFO:app.services.data_generator:独立表 ext_market_trend 生成完成，记录数: 1
INFO:app.services.data_generator:=== 阶段2：生成依赖表 ===
INFO:app.services.data_generator:表依赖排序结果: ['oms_order', 'oms_order_item', 'fms_financial_transaction', 'lms_shipment']
INFO:app.services.data_generator:排序后的依赖表: ['oms_order', 'oms_order_item', 'fms_financial_transaction', 'lms_shipment']
INFO:app.services.data_generator:开始为依赖表 oms_order 生成数据
INFO:app.core.database:批量执行SQL，查询: INSERT INTO oms_order (order_id, order_channel, customer_code, order_amount, discount_amount, pay_amount, order_status, province, city, district, detail_address, order_time) VALUES ($1, $2, $3, $4, $5, $6, $7, $8, $9, $10, $11, $12), 值数量: 1
INFO:app.core.database:连接数据库: 172.16.10.196:5432/db_house
INFO:app.core.database:批量执行SQL完成
INFO:app.services.data_generator:表 oms_order 已插入剩余 1 条记录并缓存主键值
INFO:app.services.data_generator:依赖表 oms_order 生成完成，记录数: 1
INFO:app.services.data_generator:开始为依赖表 oms_order_item 生成数据
INFO:app.core.database:批量执行SQL，查询: INSERT INTO oms_order_item (id, order_id, product_sku, product_name, quantity, price) VALUES ($1, $2, $3, $4, $5, $6), 值数量: 1
INFO:app.core.database:连接数据库: 172.16.10.196:5432/db_house
INFO:app.core.database:批量执行SQL完成
INFO:app.services.data_generator:表 oms_order_item 已插入剩余 1 条记录并缓存主键值
INFO:app.services.data_generator:依赖表 oms_order_item 生成完成，记录数: 1
INFO:app.services.data_generator:开始为依赖表 fms_financial_transaction 生成数据
INFO:app.core.database:批量执行SQL，查询: INSERT INTO fms_financial_transaction (transaction_id, order_id, payment_method, transaction_type, transaction_amount, transaction_status, transaction_time) VALUES ($1, $2, $3, $4, $5, $6, $7), 值数量: 1
INFO:app.core.database:连接数据库: 172.16.10.196:5432/db_house
INFO:app.core.database:批量执行SQL完成
INFO:app.services.data_generator:表 fms_financial_transaction 已插入剩余 1 条记录并缓存主键值
INFO:app.services.data_generator:依赖表 fms_financial_transaction 生成完成，记录数: 1
INFO:app.services.data_generator:开始为依赖表 lms_shipment 生成数据
INFO:app.core.database:批量执行SQL，查询: INSERT INTO lms_shipment (shipment_id, order_id, carrier, sender_address, receiver_info, current_status, shipping_time, estimated_delivery, actual_delivery) VALUES ($1, $2, $3, $4, $5, $6, $7, $8, $9), 值数量: 1
INFO:app.core.database:连接数据库: 172.16.10.196:5432/db_house
INFO:app.core.database:批量执行SQL完成
INFO:app.services.data_generator:表 lms_shipment 已插入剩余 1 条记录并缓存主键值
INFO:app.services.data_generator:依赖表 lms_shipment 生成完成，记录数: 1
INFO:app.services.data_generator:数据生成完成，总记录数: 7
INFO:app.services.data_generator:退出 generate_data_for_tables 方法
INFO:app.services.data_generator:开始 generate_data_for_tables 方法
INFO:app.services.data_generator:独立表（阶段1）: ['crawler_competitor_price', 'crm_customer', 'ext_market_trend']
INFO:app.services.data_generator:依赖表（阶段2）: ['oms_order', 'lms_shipment', 'fms_financial_transaction', 'oms_order_item']
INFO:app.services.data_generator:初始化数据库计数器
INFO:app.core.database:执行查询: SELECT MAX(id) FROM crawler_competitor_price, 参数: ()
INFO:app.core.database:连接数据库: 172.16.10.196:5432/db_house
INFO:app.core.database:查询执行成功
INFO:app.core.database:执行查询: SELECT MAX(id) FROM ext_market_trend, 参数: ()
INFO:app.core.database:连接数据库: 172.16.10.196:5432/db_house
INFO:app.core.database:查询执行成功
INFO:app.core.database:执行查询: SELECT MAX(id) FROM oms_order_item, 参数: ()
INFO:app.core.database:连接数据库: 172.16.10.196:5432/db_house
INFO:app.core.database:查询执行成功
INFO:app.services.data_generator:计数器初始化完成: {'crawler_competitor_price_id': 361032, 'ext_market_trend_id': 361032, 'oms_order_item_id': 361123}
INFO:app.services.data_generator:开始处理日期: 2025-10-21
INFO:app.services.data_generator:当天计划生成记录数: 1
INFO:app.services.data_generator:已清空外键缓存
INFO:app.services.data_generator:=== 阶段1：生成独立表 ===
INFO:app.services.data_generator:开始为独立表 crawler_competitor_price 生成数据
INFO:app.core.database:批量执行SQL，查询: INSERT INTO crawler_competitor_price (id, crawl_time, platform, competitor_name, product_name, product_sku, price, promotion_info, is_in_stock) VALUES ($1, $2, $3, $4, $5, $6, $7, $8, $9), 值数量: 1
INFO:app.core.database:连接数据库: 172.16.10.196:5432/db_house
INFO:app.core.database:批量执行SQL完成
INFO:app.services.data_generator:表 crawler_competitor_price 已插入剩余 1 条记录并缓存主键值
INFO:app.services.data_generator:独立表 crawler_competitor_price 生成完成，记录数: 1
INFO:app.services.data_generator:开始为独立表 crm_customer 生成数据
INFO:app.core.database:批量执行SQL，查询: INSERT INTO crm_customer (customer_id, name, gender, phone, email, birthday, address, create_time, update_time, is_deleted) VALUES ($1, $2, $3, $4, $5, $6, $7, $8, $9, $10), 值数量: 1
INFO:app.core.database:连接数据库: 172.16.10.196:5432/db_house
INFO:app.core.database:批量执行SQL完成
INFO:app.services.data_generator:表 crm_customer 已插入剩余 1 条记录并缓存主键值
INFO:app.services.data_generator:独立表 crm_customer 生成完成，记录数: 1
INFO:app.services.data_generator:开始为独立表 ext_market_trend 生成数据
INFO:app.core.database:批量执行SQL，查询: INSERT INTO ext_market_trend (id, period, region, category, market_size, growth_rate, data_source) VALUES ($1, $2, $3, $4, $5, $6, $7), 值数量: 1
INFO:app.core.database:连接数据库: 172.16.10.196:5432/db_house
INFO:app.core.database:批量执行SQL完成
INFO:app.services.data_generator:表 ext_market_trend 已插入剩余 1 条记录并缓存主键值
INFO:app.services.data_generator:独立表 ext_market_trend 生成完成，记录数: 1
INFO:app.services.data_generator:=== 阶段2：生成依赖表 ===
INFO:app.services.data_generator:表依赖排序结果: ['oms_order', 'oms_order_item', 'fms_financial_transaction', 'lms_shipment']
INFO:app.services.data_generator:排序后的依赖表: ['oms_order', 'oms_order_item', 'fms_financial_transaction', 'lms_shipment']
INFO:app.services.data_generator:开始为依赖表 oms_order 生成数据
INFO:app.core.database:批量执行SQL，查询: INSERT INTO oms_order (order_id, order_channel, customer_code, order_amount, discount_amount, pay_amount, order_status, province, city, district, detail_address, order_time) VALUES ($1, $2, $3, $4, $5, $6, $7, $8, $9, $10, $11, $12), 值数量: 1
INFO:app.core.database:连接数据库: 172.16.10.196:5432/db_house
INFO:app.core.database:批量执行SQL完成
INFO:app.services.data_generator:表 oms_order 已插入剩余 1 条记录并缓存主键值
INFO:app.services.data_generator:依赖表 oms_order 生成完成，记录数: 1
INFO:app.services.data_generator:开始为依赖表 oms_order_item 生成数据
INFO:app.core.database:批量执行SQL，查询: INSERT INTO oms_order_item (id, order_id, product_sku, product_name, quantity, price) VALUES ($1, $2, $3, $4, $5, $6), 值数量: 1
INFO:app.core.database:连接数据库: 172.16.10.196:5432/db_house
INFO:app.core.database:批量执行SQL完成
INFO:app.services.data_generator:表 oms_order_item 已插入剩余 1 条记录并缓存主键值
INFO:app.services.data_generator:依赖表 oms_order_item 生成完成，记录数: 1
INFO:app.services.data_generator:开始为依赖表 fms_financial_transaction 生成数据
INFO:app.core.database:批量执行SQL，查询: INSERT INTO fms_financial_transaction (transaction_id, order_id, payment_method, transaction_type, transaction_amount, transaction_status, transaction_time) VALUES ($1, $2, $3, $4, $5, $6, $7), 值数量: 1
INFO:app.core.database:连接数据库: 172.16.10.196:5432/db_house
INFO:app.core.database:批量执行SQL完成
INFO:app.services.data_generator:表 fms_financial_transaction 已插入剩余 1 条记录并缓存主键值
INFO:app.services.data_generator:依赖表 fms_financial_transaction 生成完成，记录数: 1
INFO:app.services.data_generator:开始为依赖表 lms_shipment 生成数据
INFO:app.core.database:批量执行SQL，查询: INSERT INTO lms_shipment (shipment_id, order_id, carrier, sender_address, receiver_info, current_status, shipping_time, estimated_delivery, actual_delivery) VALUES ($1, $2, $3, $4, $5, $6, $7, $8, $9), 值数量: 1
INFO:app.core.database:连接数据库: 172.16.10.196:5432/db_house
INFO:app.core.database:批量执行SQL完成
INFO:app.services.data_generator:表 lms_shipment 已插入剩余 1 条记录并缓存主键值
INFO:app.services.data_generator:依赖表 lms_shipment 生成完成，记录数: 1
INFO:app.services.data_generator:数据生成完成，总记录数: 7
INFO:app.services.data_generator:退出 generate_data_for_tables 方法
INFO:app.services.data_generator:开始 generate_data_for_tables 方法
INFO:app.services.data_generator:独立表（阶段1）: ['crawler_competitor_price', 'crm_customer', 'ext_market_trend']
INFO:app.services.data_generator:依赖表（阶段2）: ['oms_order', 'lms_shipment', 'fms_financial_transaction', 'oms_order_item']
INFO:app.services.data_generator:初始化数据库计数器
INFO:app.core.database:执行查询: SELECT MAX(id) FROM crawler_competitor_price, 参数: ()
INFO:app.core.database:连接数据库: 172.16.10.196:5432/db_house
INFO:app.core.database:查询执行成功
INFO:app.core.database:执行查询: SELECT MAX(id) FROM ext_market_trend, 参数: ()
INFO:app.core.database:连接数据库: 172.16.10.196:5432/db_house
INFO:app.core.database:查询执行成功
INFO:app.core.database:执行查询: SELECT MAX(id) FROM oms_order_item, 参数: ()
INFO:app.core.database:连接数据库: 172.16.10.196:5432/db_house
INFO:app.core.database:查询执行成功
INFO:app.services.data_generator:计数器初始化完成: {'crawler_competitor_price_id': 361033, 'ext_market_trend_id': 361033, 'oms_order_item_id': 361124}
INFO:app.services.data_generator:开始处理日期: 2025-10-21
INFO:app.services.data_generator:当天计划生成记录数: 1
INFO:app.services.data_generator:已清空外键缓存
INFO:app.services.data_generator:=== 阶段1：生成独立表 ===
INFO:app.services.data_generator:开始为独立表 crawler_competitor_price 生成数据
INFO:app.core.database:批量执行SQL，查询: INSERT INTO crawler_competitor_price (id, crawl_time, platform, competitor_name, product_name, product_sku, price, promotion_info, is_in_stock) VALUES ($1, $2, $3, $4, $5, $6, $7, $8, $9), 值数量: 1
INFO:app.core.database:连接数据库: 172.16.10.196:5432/db_house
INFO:app.core.database:批量执行SQL完成
INFO:app.services.data_generator:表 crawler_competitor_price 已插入剩余 1 条记录并缓存主键值
INFO:app.services.data_generator:独立表 crawler_competitor_price 生成完成，记录数: 1
INFO:app.services.data_generator:开始为独立表 crm_customer 生成数据
INFO:app.core.database:批量执行SQL，查询: INSERT INTO crm_customer (customer_id, name, gender, phone, email, birthday, address, create_time, update_time, is_deleted) VALUES ($1, $2, $3, $4, $5, $6, $7, $8, $9, $10), 值数量: 1
INFO:app.core.database:连接数据库: 172.16.10.196:5432/db_house
INFO:app.core.database:批量执行SQL完成
INFO:app.services.data_generator:表 crm_customer 已插入剩余 1 条记录并缓存主键值
INFO:app.services.data_generator:独立表 crm_customer 生成完成，记录数: 1
INFO:app.services.data_generator:开始为独立表 ext_market_trend 生成数据
INFO:app.core.database:批量执行SQL，查询: INSERT INTO ext_market_trend (id, period, region, category, market_size, growth_rate, data_source) VALUES ($1, $2, $3, $4, $5, $6, $7), 值数量: 1
INFO:app.core.database:连接数据库: 172.16.10.196:5432/db_house
INFO:app.core.database:批量执行SQL完成
INFO:app.services.data_generator:表 ext_market_trend 已插入剩余 1 条记录并缓存主键值
INFO:app.services.data_generator:独立表 ext_market_trend 生成完成，记录数: 1
INFO:app.services.data_generator:=== 阶段2：生成依赖表 ===
INFO:app.services.data_generator:表依赖排序结果: ['oms_order', 'oms_order_item', 'fms_financial_transaction', 'lms_shipment']
INFO:app.services.data_generator:排序后的依赖表: ['oms_order', 'oms_order_item', 'fms_financial_transaction', 'lms_shipment']
INFO:app.services.data_generator:开始为依赖表 oms_order 生成数据
INFO:app.core.database:批量执行SQL，查询: INSERT INTO oms_order (order_id, order_channel, customer_code, order_amount, discount_amount, pay_amount, order_status, province, city, district, detail_address, order_time) VALUES ($1, $2, $3, $4, $5, $6, $7, $8, $9, $10, $11, $12), 值数量: 1
INFO:app.core.database:连接数据库: 172.16.10.196:5432/db_house
INFO:app.core.database:批量执行SQL完成
INFO:app.services.data_generator:表 oms_order 已插入剩余 1 条记录并缓存主键值
INFO:app.services.data_generator:依赖表 oms_order 生成完成，记录数: 1
INFO:app.services.data_generator:开始为依赖表 oms_order_item 生成数据
INFO:app.core.database:批量执行SQL，查询: INSERT INTO oms_order_item (id, order_id, product_sku, product_name, quantity, price) VALUES ($1, $2, $3, $4, $5, $6), 值数量: 1
INFO:app.core.database:连接数据库: 172.16.10.196:5432/db_house
INFO:app.core.database:批量执行SQL完成
INFO:app.services.data_generator:表 oms_order_item 已插入剩余 1 条记录并缓存主键值
INFO:app.services.data_generator:依赖表 oms_order_item 生成完成，记录数: 1
INFO:app.services.data_generator:开始为依赖表 fms_financial_transaction 生成数据
INFO:app.core.database:批量执行SQL，查询: INSERT INTO fms_financial_transaction (transaction_id, order_id, payment_method, transaction_type, transaction_amount, transaction_status, transaction_time) VALUES ($1, $2, $3, $4, $5, $6, $7), 值数量: 1
INFO:app.core.database:连接数据库: 172.16.10.196:5432/db_house
INFO:app.core.database:批量执行SQL完成
INFO:app.services.data_generator:表 fms_financial_transaction 已插入剩余 1 条记录并缓存主键值
INFO:app.services.data_generator:依赖表 fms_financial_transaction 生成完成，记录数: 1
INFO:app.services.data_generator:开始为依赖表 lms_shipment 生成数据
INFO:app.core.database:批量执行SQL，查询: INSERT INTO lms_shipment (shipment_id, order_id, carrier, sender_address, receiver_info, current_status, shipping_time, estimated_delivery, actual_delivery) VALUES ($1, $2, $3, $4, $5, $6, $7, $8, $9), 值数量: 1
INFO:app.core.database:连接数据库: 172.16.10.196:5432/db_house
INFO:app.core.database:批量执行SQL完成
INFO:app.services.data_generator:表 lms_shipment 已插入剩余 1 条记录并缓存主键值
INFO:app.services.data_generator:依赖表 lms_shipment 生成完成，记录数: 1
INFO:app.services.data_generator:数据生成完成，总记录数: 7
INFO:app.services.data_generator:退出 generate_data_for_tables 方法
INFO:app.services.data_generator:开始 generate_data_for_tables 方法
INFO:app.services.data_generator:独立表（阶段1）: ['crawler_competitor_price', 'crm_customer', 'ext_market_trend']
INFO:app.services.data_generator:依赖表（阶段2）: ['oms_order', 'lms_shipment', 'fms_financial_transaction', 'oms_order_item']
INFO:app.services.data_generator:初始化数据库计数器
INFO:app.core.database:执行查询: SELECT MAX(id) FROM crawler_competitor_price, 参数: ()
INFO:app.core.database:连接数据库: 172.16.10.196:5432/db_house
INFO:app.core.database:查询执行成功
INFO:app.core.database:执行查询: SELECT MAX(id) FROM ext_market_trend, 参数: ()
INFO:app.core.database:连接数据库: 172.16.10.196:5432/db_house
INFO:app.core.database:查询执行成功
INFO:app.core.database:执行查询: SELECT MAX(id) FROM oms_order_item, 参数: ()
INFO:app.core.database:连接数据库: 172.16.10.196:5432/db_house
INFO:app.core.database:查询执行成功
INFO:app.services.data_generator:计数器初始化完成: {'crawler_competitor_price_id': 361034, 'ext_market_trend_id': 361034, 'oms_order_item_id': 361125}
INFO:app.services.data_generator:开始处理日期: 2025-10-21
INFO:app.services.data_generator:当天计划生成记录数: 1
INFO:app.services.data_generator:已清空外键缓存
INFO:app.services.data_generator:=== 阶段1：生成独立表 ===
INFO:app.services.data_generator:开始为独立表 crawler_competitor_price 生成数据
INFO:app.core.database:批量执行SQL，查询: INSERT INTO crawler_competitor_price (id, crawl_time, platform, competitor_name, product_name, product_sku, price, promotion_info, is_in_stock) VALUES ($1, $2, $3, $4, $5, $6, $7, $8, $9), 值数量: 1
INFO:app.core.database:连接数据库: 172.16.10.196:5432/db_house
INFO:app.core.database:批量执行SQL完成
INFO:app.services.data_generator:表 crawler_competitor_price 已插入剩余 1 条记录并缓存主键值
INFO:app.services.data_generator:独立表 crawler_competitor_price 生成完成，记录数: 1
INFO:app.services.data_generator:开始为独立表 crm_customer 生成数据
INFO:app.core.database:批量执行SQL，查询: INSERT INTO crm_customer (customer_id, name, gender, phone, email, birthday, address, create_time, update_time, is_deleted) VALUES ($1, $2, $3, $4, $5, $6, $7, $8, $9, $10), 值数量: 1
INFO:app.core.database:连接数据库: 172.16.10.196:5432/db_house
INFO:app.core.database:批量执行SQL完成
INFO:app.services.data_generator:表 crm_customer 已插入剩余 1 条记录并缓存主键值
INFO:app.services.data_generator:独立表 crm_customer 生成完成，记录数: 1
INFO:app.services.data_generator:开始为独立表 ext_market_trend 生成数据
INFO:app.core.database:批量执行SQL，查询: INSERT INTO ext_market_trend (id, period, region, category, market_size, growth_rate, data_source) VALUES ($1, $2, $3, $4, $5, $6, $7), 值数量: 1
INFO:app.core.database:连接数据库: 172.16.10.196:5432/db_house
INFO:app.core.database:批量执行SQL完成
INFO:app.services.data_generator:表 ext_market_trend 已插入剩余 1 条记录并缓存主键值
INFO:app.services.data_generator:独立表 ext_market_trend 生成完成，记录数: 1
INFO:app.services.data_generator:=== 阶段2：生成依赖表 ===
INFO:app.services.data_generator:表依赖排序结果: ['oms_order', 'oms_order_item', 'fms_financial_transaction', 'lms_shipment']
INFO:app.services.data_generator:排序后的依赖表: ['oms_order', 'oms_order_item', 'fms_financial_transaction', 'lms_shipment']
INFO:app.services.data_generator:开始为依赖表 oms_order 生成数据
INFO:app.core.database:批量执行SQL，查询: INSERT INTO oms_order (order_id, order_channel, customer_code, order_amount, discount_amount, pay_amount, order_status, province, city, district, detail_address, order_time) VALUES ($1, $2, $3, $4, $5, $6, $7, $8, $9, $10, $11, $12), 值数量: 1
INFO:app.core.database:连接数据库: 172.16.10.196:5432/db_house
INFO:app.core.database:批量执行SQL完成
INFO:app.services.data_generator:表 oms_order 已插入剩余 1 条记录并缓存主键值
INFO:app.services.data_generator:依赖表 oms_order 生成完成，记录数: 1
INFO:app.services.data_generator:开始为依赖表 oms_order_item 生成数据
INFO:app.core.database:批量执行SQL，查询: INSERT INTO oms_order_item (id, order_id, product_sku, product_name, quantity, price) VALUES ($1, $2, $3, $4, $5, $6), 值数量: 1
INFO:app.core.database:连接数据库: 172.16.10.196:5432/db_house
INFO:app.core.database:批量执行SQL完成
INFO:app.services.data_generator:表 oms_order_item 已插入剩余 1 条记录并缓存主键值
INFO:app.services.data_generator:依赖表 oms_order_item 生成完成，记录数: 1
INFO:app.services.data_generator:开始为依赖表 fms_financial_transaction 生成数据
INFO:app.core.database:批量执行SQL，查询: INSERT INTO fms_financial_transaction (transaction_id, order_id, payment_method, transaction_type, transaction_amount, transaction_status, transaction_time) VALUES ($1, $2, $3, $4, $5, $6, $7), 值数量: 1
INFO:app.core.database:连接数据库: 172.16.10.196:5432/db_house
INFO:app.core.database:批量执行SQL完成
INFO:app.services.data_generator:表 fms_financial_transaction 已插入剩余 1 条记录并缓存主键值
INFO:app.services.data_generator:依赖表 fms_financial_transaction 生成完成，记录数: 1
INFO:app.services.data_generator:开始为依赖表 lms_shipment 生成数据
INFO:app.core.database:批量执行SQL，查询: INSERT INTO lms_shipment (shipment_id, order_id, carrier, sender_address, receiver_info, current_status, shipping_time, estimated_delivery, actual_delivery) VALUES ($1, $2, $3, $4, $5, $6, $7, $8, $9), 值数量: 1
INFO:app.core.database:连接数据库: 172.16.10.196:5432/db_house
INFO:app.core.database:批量执行SQL完成
INFO:app.services.data_generator:表 lms_shipment 已插入剩余 1 条记录并缓存主键值
INFO:app.services.data_generator:依赖表 lms_shipment 生成完成，记录数: 1
INFO:app.services.data_generator:数据生成完成，总记录数: 7
INFO:app.services.data_generator:退出 generate_data_for_tables 方法
INFO:app.services.data_generator:开始 generate_data_for_tables 方法
INFO:app.services.data_generator:独立表（阶段1）: ['crawler_competitor_price', 'crm_customer', 'ext_market_trend']
INFO:app.services.data_generator:依赖表（阶段2）: ['oms_order', 'lms_shipment', 'fms_financial_transaction', 'oms_order_item']
INFO:app.services.data_generator:初始化数据库计数器
INFO:app.core.database:执行查询: SELECT MAX(id) FROM crawler_competitor_price, 参数: ()
INFO:app.core.database:连接数据库: 172.16.10.196:5432/db_house
INFO:app.core.database:查询执行成功
INFO:app.core.database:执行查询: SELECT MAX(id) FROM ext_market_trend, 参数: ()
INFO:app.core.database:连接数据库: 172.16.10.196:5432/db_house
INFO:app.core.database:查询执行成功
INFO:app.core.database:执行查询: SELECT MAX(id) FROM oms_order_item, 参数: ()
INFO:app.core.database:连接数据库: 172.16.10.196:5432/db_house
INFO:app.core.database:查询执行成功
INFO:app.services.data_generator:计数器初始化完成: {'crawler_competitor_price_id': 361035, 'ext_market_trend_id': 361035, 'oms_order_item_id': 361126}
INFO:app.services.data_generator:开始处理日期: 2025-10-21
INFO:app.services.data_generator:当天计划生成记录数: 1
INFO:app.services.data_generator:已清空外键缓存
INFO:app.services.data_generator:=== 阶段1：生成独立表 ===
INFO:app.services.data_generator:开始为独立表 crawler_competitor_price 生成数据
INFO:app.core.database:批量执行SQL，查询: INSERT INTO crawler_competitor_price (id, crawl_time, platform, competitor_name, product_name, product_sku, price, promotion_info, is_in_stock) VALUES ($1, $2, $3, $4, $5, $6, $7, $8, $9), 值数量: 1
INFO:app.core.database:连接数据库: 172.16.10.196:5432/db_house
INFO:app.core.database:批量执行SQL完成
INFO:app.services.data_generator:表 crawler_competitor_price 已插入剩余 1 条记录并缓存主键值
INFO:app.services.data_generator:独立表 crawler_competitor_price 生成完成，记录数: 1
INFO:app.services.data_generator:开始为独立表 crm_customer 生成数据
INFO:app.core.database:批量执行SQL，查询: INSERT INTO crm_customer (customer_id, name, gender, phone, email, birthday, address, create_time, update_time, is_deleted) VALUES ($1, $2, $3, $4, $5, $6, $7, $8, $9, $10), 值数量: 1
INFO:app.core.database:连接数据库: 172.16.10.196:5432/db_house
INFO:app.core.database:批量执行SQL完成
INFO:app.services.data_generator:表 crm_customer 已插入剩余 1 条记录并缓存主键值
INFO:app.services.data_generator:独立表 crm_customer 生成完成，记录数: 1
INFO:app.services.data_generator:开始为独立表 ext_market_trend 生成数据
INFO:app.core.database:批量执行SQL，查询: INSERT INTO ext_market_trend (id, period, region, category, market_size, growth_rate, data_source) VALUES ($1, $2, $3, $4, $5, $6, $7), 值数量: 1
INFO:app.core.database:连接数据库: 172.16.10.196:5432/db_house
INFO:app.core.database:批量执行SQL完成
INFO:app.services.data_generator:表 ext_market_trend 已插入剩余 1 条记录并缓存主键值
INFO:app.services.data_generator:独立表 ext_market_trend 生成完成，记录数: 1
INFO:app.services.data_generator:=== 阶段2：生成依赖表 ===
INFO:app.services.data_generator:表依赖排序结果: ['oms_order', 'oms_order_item', 'fms_financial_transaction', 'lms_shipment']
INFO:app.services.data_generator:排序后的依赖表: ['oms_order', 'oms_order_item', 'fms_financial_transaction', 'lms_shipment']
INFO:app.services.data_generator:开始为依赖表 oms_order 生成数据
INFO:app.core.database:批量执行SQL，查询: INSERT INTO oms_order (order_id, order_channel, customer_code, order_amount, discount_amount, pay_amount, order_status, province, city, district, detail_address, order_time) VALUES ($1, $2, $3, $4, $5, $6, $7, $8, $9, $10, $11, $12), 值数量: 1
INFO:app.core.database:连接数据库: 172.16.10.196:5432/db_house
INFO:app.core.database:批量执行SQL完成
INFO:app.services.data_generator:表 oms_order 已插入剩余 1 条记录并缓存主键值
INFO:app.services.data_generator:依赖表 oms_order 生成完成，记录数: 1
INFO:app.services.data_generator:开始为依赖表 oms_order_item 生成数据
INFO:app.core.database:批量执行SQL，查询: INSERT INTO oms_order_item (id, order_id, product_sku, product_name, quantity, price) VALUES ($1, $2, $3, $4, $5, $6), 值数量: 1
INFO:app.core.database:连接数据库: 172.16.10.196:5432/db_house
INFO:app.core.database:批量执行SQL完成
INFO:app.services.data_generator:表 oms_order_item 已插入剩余 1 条记录并缓存主键值
INFO:app.services.data_generator:依赖表 oms_order_item 生成完成，记录数: 1
INFO:app.services.data_generator:开始为依赖表 fms_financial_transaction 生成数据
INFO:app.core.database:批量执行SQL，查询: INSERT INTO fms_financial_transaction (transaction_id, order_id, payment_method, transaction_type, transaction_amount, transaction_status, transaction_time) VALUES ($1, $2, $3, $4, $5, $6, $7), 值数量: 1
INFO:app.core.database:连接数据库: 172.16.10.196:5432/db_house
INFO:app.core.database:批量执行SQL完成
INFO:app.services.data_generator:表 fms_financial_transaction 已插入剩余 1 条记录并缓存主键值
INFO:app.services.data_generator:依赖表 fms_financial_transaction 生成完成，记录数: 1
INFO:app.services.data_generator:开始为依赖表 lms_shipment 生成数据
INFO:app.core.database:批量执行SQL，查询: INSERT INTO lms_shipment (shipment_id, order_id, carrier, sender_address, receiver_info, current_status, shipping_time, estimated_delivery, actual_delivery) VALUES ($1, $2, $3, $4, $5, $6, $7, $8, $9), 值数量: 1
INFO:app.core.database:连接数据库: 172.16.10.196:5432/db_house
INFO:app.core.database:批量执行SQL完成
INFO:app.services.data_generator:表 lms_shipment 已插入剩余 1 条记录并缓存主键值
INFO:app.services.data_generator:依赖表 lms_shipment 生成完成，记录数: 1
INFO:app.services.data_generator:数据生成完成，总记录数: 7
INFO:app.services.data_generator:退出 generate_data_for_tables 方法

[2025-10-21 14:20:54.790796] ✅ 第 32 批数据生成完成
[2025-10-21 14:20:54.790804] ⏱️ 等待 1 秒后继续...
[2025-10-21 14:20:55.791986] 📦 开始生成第 33 批数据...
[2025-10-21 14:20:56.005793] 📦 生成了 7 条记录
[2025-10-21 14:20:56.005815] ✅ 第 33 批数据生成完成
[2025-10-21 14:20:56.005821] ⏱️ 等待 1 秒后继续...
[2025-10-21 14:20:57.006982] 📦 开始生成第 34 批数据...
[2025-10-21 14:20:57.136752] 📦 生成了 7 条记录
[2025-10-21 14:20:57.136772] ✅ 第 34 批数据生成完成
[2025-10-21 14:20:57.136777] ⏱️ 等待 1 秒后继续...
[2025-10-21 14:20:58.137917] 📦 开始生成第 35 批数据...
[2025-10-21 14:20:58.266642] 📦 生成了 7 条记录
[2025-10-21 14:20:58.266663] ✅ 第 35 批数据生成完成
[2025-10-21 14:20:58.266668] ⏱️ 等待 1 秒后继续...
[2025-10-21 14:20:59.267893] 📦 开始生成第 36 批数据...
[2025-10-21 14:20:59.661410] 📦 生成了 7 条记录
[2025-10-21 14:20:59.661431] ✅ 第 36 批数据生成完成
[2025-10-21 14:20:59.661437] ⏱️ 等待 1 秒后继续...
[2025-10-21 14:21:00.662627] 📦 开始生成第 37 批数据...
[2025-10-21 14:21:00.792878] 📦 生成了 7 条记录
[2025-10-21 14:21:00.792903] ✅ 第 37 批数据生成完成
[2025-10-21 14:21:00.792912] ⏱️ 等待 1 秒后继续...
[2025-10-21 14:21:01.794080] 📦 开始生成第 38 批数据...
[2025-10-21 14:21:02.104720] 📦 生成了 7 条记录
[2025-10-21 14:21:02.104747] ✅ 第 38 批数据生成完成
[2025-10-21 14:21:02.104755] ⏱️ 等待 1 秒后继续...
[2025-10-21 14:21:03.105930] 📦 开始生成第 39 批数据...
[2025-10-21 14:21:03.316785] 📦 生成了 7 条记录
[2025-10-21 14:21:03.316806] ✅ 第 39 批数据生成完成
[2025-10-21 14:21:03.316811] ⏱️ 等待 1 秒后继续...
[2025-10-21 14:21:04.317946] 📦 开始生成第 40 批数据...
[2025-10-21 14:21:04.882984] 📦 生成了 7 条记录
[2025-10-21 14:21:04.883006] ✅ 第 40 批数据生成完成
[2025-10-21 14:21:04.883010] ⏱️ 等待 1 秒后继续...
[2025-10-21 14:21:05.884167] 📦 开始生成第 41 批数据...
[2025-10-21 14:21:06.014674] 📦 生成了 7 条记录
[2025-10-21 14:21:06.014697] ✅ 第 41 批数据生成完成
[2025-10-21 14:21:06.014704] ⏱️ 等待 1 秒后继续...
[2025-10-21 14:21:07.027302] 📦 开始生成第 42 批数据...
[2025-10-21 14:21:07.358776] 📦 生成了 7 条记录
[2025-10-21 14:21:07.358795] ✅ 第 42 批数据生成完成
[2025-10-21 14:21:07.358799] ⏱️ 等待 1 秒后继续...
[2025-10-21 14:21:08.359254] 📦 开始生成第 43 批数据...
[2025-10-21 14:21:08.768631] 📦 生成了 7 条记录
[2025-10-21 14:21:08.768659] ✅ 第 43 批数据生成完成
[2025-10-21 14:21:08.768667] ⏱️ 等待 1 秒后继续...
[2025-10-21 14:21:09.769846] 📦 开始生成第 44 批数据...
[2025-10-21 14:21:10.393120] 📦 生成了 7 条记录
[2025-10-21 14:21:10.393146] ✅ 第 44 批数据生成完成
[2025-10-21 14:21:10.393154] ⏱️ 等待 1 秒后继续...
[2025-10-21 14:21:11.393944] 📦 开始生成第 45 批数据...
[2025-10-21 14:21:11.714721] 📦 生成了 7 条记录
[2025-10-21 14:21:11.714741] ✅ 第 45 批数据生成完成
[2025-10-21 14:21:11.714745] ⏱️ 等待 1 秒后继续...
[2025-10-21 14:21:12.715917] 📦 开始生成第 46 批数据...
[2025-10-21 14:21:13.337353] 📦 生成了 7 条记录
[2025-10-21 14:21:13.337372] ✅ 第 46 批数据生成完成
[2025-10-21 14:21:13.337376] ⏱️ 等待 1 秒后继续...
[2025-10-21 14:21:14.338517] 📦 开始生成第 47 批数据...
[2025-10-21 14:21:14.661661] 📦 生成了 7 条记录
[2025-10-21 14:21:14.661680] ✅ 第 47 批数据生成完成
[2025-10-21 14:21:14.661684] ⏱️ 等待 1 秒后继续...
[2025-10-21 14:21:15.662676] 📦 开始生成第 48 批数据...
[2025-10-21 14:21:16.111942] 📦 生成了 7 条记录
[2025-10-21 14:21:16.111971] ✅ 第 48 批数据生成完成
[2025-10-21 14:21:16.111980] ⏱️ 等待 1 秒后继续...
[2025-10-21 14:21:17.113127] 📦 开始生成第 49 批数据...
[2025-10-21 14:21:17.516618] 📦 生成了 7 条记录
[2025-10-21 14:21:17.516644] ✅ 第 49 批数据生成完成
[2025-10-21 14:21:17.516652] ⏱️ 等待 1 秒后继续...
[2025-10-21 14:21:18.517772] 📦 开始生成第 50 批数据...
[2025-10-21 14:21:19.038338] 📦 生成了 7 条记录
[2025-10-21 14:21:19.038358] ✅ 第 50 批数据生成完成
[2025-10-21 14:21:19.038363] ⏱️ 等待 1 秒后继续...
[2025-10-21 14:21:20.038769] 📦 开始生成第 51 批数据...
[2025-10-21 14:21:22.724503] 📦 生成了 7 条记录
[2025-10-21 14:21:22.724588] ✅ 第 51 批数据生成完成
[2025-10-21 14:21:22.724598] ⏱️ 等待 1 秒后继续...
[2025-10-21 14:21:23.725861] 📦 开始生成第 52 批数据...
[2025-10-21 14:21:24.282789] 📦 生成了 7 条记录
[2025-10-21 14:21:24.282818] ✅ 第 52 批数据生成完成
[2025-10-21 14:21:24.282827] ⏱️ 等待 1 秒后继续...
[2025-10-21 14:21:25.283839] 📦 开始生成第 53 批数据...
[2025-10-21 14:21:25.442138] 📦 生成了 7 条记录
[2025-10-21 14:21:25.442164] ✅ 第 53 批数据生成完成
[2025-10-21 14:21:25.442173] ⏱️ 等待 1 秒后继续...
[2025-10-21 14:21:26.442628] 📦 开始生成第 54 批数据...
[2025-10-21 14:21:28.138028] 📦 生成了 7 条记录
[2025-10-21 14:21:28.138044] ✅ 第 54 批数据生成完成
[2025-10-21 14:21:28.138048] ⏱️ 等待 1 秒后继续...
[2025-10-21 14:21:29.139170] 📦 开始生成第 55 批数据...
[2025-10-21 14:21:29.583509] 📦 生成了 7 条记录
[2025-10-21 14:21:29.583528] ✅ 第 55 批数据生成完成
[2025-10-21 14:21:29.583533] ⏱️ 等待 1 秒后继续...
[2025-10-21 14:21:30.584703] 📦 开始生成第 56 批数据...
[2025-10-21 14:21:30.714829] 📦 生成了 7 条记录
[2025-10-21 14:21:30.714849] ✅ 第 56 批数据生成完成
[2025-10-21 14:21:30.714854] ⏱️ 等待 1 秒后继续...
[2025-10-21 14:21:31.715349] 📦 开始生成第 57 批数据...
[2025-10-21 14:21:31.846875] 📦 生成了 7 条记录
[2025-10-21 14:21:31.846905] ✅ 第 57 批数据生成完成
[2025-10-21 14:21:31.846913] ⏱️ 等待 1 秒后继续...
[2025-10-21 14:21:32.848059] 📦 开始生成第 58 批数据...
[2025-10-21 14:21:33.789314] 📦 生成了 7 条记录
[2025-10-21 14:21:33.789341] ✅ 第 58 批数据生成完成
[2025-10-21 14:21:33.789349] ⏱️ 等待 1 秒后继续...
[2025-10-21 14:21:34.790498] 📦 开始生成第 59 批数据...
[2025-10-21 14:21:34.915437] 📦 生成了 7 条记录
[2025-10-21 14:21:34.915457] ✅ 第 59 批数据生成完成
[2025-10-21 14:21:34.915462] ⏱️ 等待 1 秒后继续...
[2025-10-21 14:21:35.916677] 📦 开始生成第 60 批数据...
[2025-10-21 14:21:36.355290] 📦 生成了 7 条记录
[2025-10-21 14:21:36.355312] ✅ 第 60 批数据生成完成
[2025-10-21 14:21:36.355316] ⏱️ 等待 1 秒后继续...
[2025-10-21 14:21:37.355558] 📦 开始生成第 61 批数据...
[2025-10-21 14:21:37.704448] 📦 生成了 7 条记录
[2025-10-21 14:21:37.704476] ✅ 第 61 批数据生成完成
[2025-10-21 14:21:37.704484] ⏱️ 等待 1 秒后继续...
[2025-10-21 14:21:38.705474] 📦 开始生成第 62 批数据...
[2025-10-21 14:21:39.186541] 📦 生成了 7 条记录
[2025-10-21 14:21:39.186560] ✅ 第 62 批数据生成完成
[2025-10-21 14:21:39.186565] ⏱️ 等待 1 秒后继续...
[2025-10-21 14:21:40.187708] 📦 开始生成第 63 批数据...
[2025-10-21 14:21:40.576734] 📦 生成了 7 条记录
[2025-10-21 14:21:40.576751] ✅ 第 63 批数据生成完成
[2025-10-21 14:21:40.576756] ⏱️ 等待 1 秒后继续...
[2025-10-21 14:21:41.577922] 📦 开始生成第 64 批数据...
[2025-10-21 14:21:42.102867] 📦 生成了 7 条记录
[2025-10-21 14:21:42.102888] ✅ 第 64 批数据生成完成
[2025-10-21 14:21:42.102893] ⏱️ 等待 1 秒后继续...
[2025-10-21 14:21:43.103560] 📦 开始生成第 65 批数据...
[2025-10-21 14:21:43.255505] 📦 生成了 7 条记录
[2025-10-21 14:21:43.255530] ✅ 第 65 批数据生成完成
[2025-10-21 14:21:43.255538] ⏱️ 等待 1 秒后继续...INFO:app.services.data_generator:开始 generate_data_for_tables 方法
INFO:app.services.data_generator:独立表（阶段1）: ['crawler_competitor_price', 'crm_customer', 'ext_market_trend']
INFO:app.services.data_generator:依赖表（阶段2）: ['oms_order', 'lms_shipment', 'fms_financial_transaction', 'oms_order_item']
INFO:app.services.data_generator:初始化数据库计数器
INFO:app.core.database:执行查询: SELECT MAX(id) FROM crawler_competitor_price, 参数: ()
INFO:app.core.database:连接数据库: 172.16.10.196:5432/db_house
INFO:app.core.database:查询执行成功
INFO:app.core.database:执行查询: SELECT MAX(id) FROM ext_market_trend, 参数: ()
INFO:app.core.database:连接数据库: 172.16.10.196:5432/db_house
INFO:app.core.database:查询执行成功
INFO:app.core.database:执行查询: SELECT MAX(id) FROM oms_order_item, 参数: ()
INFO:app.core.database:连接数据库: 172.16.10.196:5432/db_house
INFO:app.core.database:查询执行成功
INFO:app.services.data_generator:计数器初始化完成: {'crawler_competitor_price_id': 361036, 'ext_market_trend_id': 361036, 'oms_order_item_id': 361127}
INFO:app.services.data_generator:开始处理日期: 2025-10-21
INFO:app.services.data_generator:当天计划生成记录数: 1
INFO:app.services.data_generator:已清空外键缓存
INFO:app.services.data_generator:=== 阶段1：生成独立表 ===
INFO:app.services.data_generator:开始为独立表 crawler_competitor_price 生成数据
INFO:app.core.database:批量执行SQL，查询: INSERT INTO crawler_competitor_price (id, crawl_time, platform, competitor_name, product_name, product_sku, price, promotion_info, is_in_stock) VALUES ($1, $2, $3, $4, $5, $6, $7, $8, $9), 值数量: 1
INFO:app.core.database:连接数据库: 172.16.10.196:5432/db_house
INFO:app.core.database:批量执行SQL完成
INFO:app.services.data_generator:表 crawler_competitor_price 已插入剩余 1 条记录并缓存主键值
INFO:app.services.data_generator:独立表 crawler_competitor_price 生成完成，记录数: 1
INFO:app.services.data_generator:开始为独立表 crm_customer 生成数据
INFO:app.core.database:批量执行SQL，查询: INSERT INTO crm_customer (customer_id, name, gender, phone, email, birthday, address, create_time, update_time, is_deleted) VALUES ($1, $2, $3, $4, $5, $6, $7, $8, $9, $10), 值数量: 1
INFO:app.core.database:连接数据库: 172.16.10.196:5432/db_house
INFO:app.core.database:批量执行SQL完成
INFO:app.services.data_generator:表 crm_customer 已插入剩余 1 条记录并缓存主键值
INFO:app.services.data_generator:独立表 crm_customer 生成完成，记录数: 1
INFO:app.services.data_generator:开始为独立表 ext_market_trend 生成数据
INFO:app.core.database:批量执行SQL，查询: INSERT INTO ext_market_trend (id, period, region, category, market_size, growth_rate, data_source) VALUES ($1, $2, $3, $4, $5, $6, $7), 值数量: 1
INFO:app.core.database:连接数据库: 172.16.10.196:5432/db_house
INFO:app.core.database:批量执行SQL完成
INFO:app.services.data_generator:表 ext_market_trend 已插入剩余 1 条记录并缓存主键值
INFO:app.services.data_generator:独立表 ext_market_trend 生成完成，记录数: 1
INFO:app.services.data_generator:=== 阶段2：生成依赖表 ===
INFO:app.services.data_generator:表依赖排序结果: ['oms_order', 'oms_order_item', 'fms_financial_transaction', 'lms_shipment']
INFO:app.services.data_generator:排序后的依赖表: ['oms_order', 'oms_order_item', 'fms_financial_transaction', 'lms_shipment']
INFO:app.services.data_generator:开始为依赖表 oms_order 生成数据
INFO:app.core.database:批量执行SQL，查询: INSERT INTO oms_order (order_id, order_channel, customer_code, order_amount, discount_amount, pay_amount, order_status, province, city, district, detail_address, order_time) VALUES ($1, $2, $3, $4, $5, $6, $7, $8, $9, $10, $11, $12), 值数量: 1
INFO:app.core.database:连接数据库: 172.16.10.196:5432/db_house
INFO:app.core.database:批量执行SQL完成
INFO:app.services.data_generator:表 oms_order 已插入剩余 1 条记录并缓存主键值
INFO:app.services.data_generator:依赖表 oms_order 生成完成，记录数: 1
INFO:app.services.data_generator:开始为依赖表 oms_order_item 生成数据
INFO:app.core.database:批量执行SQL，查询: INSERT INTO oms_order_item (id, order_id, product_sku, product_name, quantity, price) VALUES ($1, $2, $3, $4, $5, $6), 值数量: 1
INFO:app.core.database:连接数据库: 172.16.10.196:5432/db_house
INFO:app.core.database:批量执行SQL完成
INFO:app.services.data_generator:表 oms_order_item 已插入剩余 1 条记录并缓存主键值
INFO:app.services.data_generator:依赖表 oms_order_item 生成完成，记录数: 1
INFO:app.services.data_generator:开始为依赖表 fms_financial_transaction 生成数据
INFO:app.core.database:批量执行SQL，查询: INSERT INTO fms_financial_transaction (transaction_id, order_id, payment_method, transaction_type, transaction_amount, transaction_status, transaction_time) VALUES ($1, $2, $3, $4, $5, $6, $7), 值数量: 1
INFO:app.core.database:连接数据库: 172.16.10.196:5432/db_house
INFO:app.core.database:批量执行SQL完成
INFO:app.services.data_generator:表 fms_financial_transaction 已插入剩余 1 条记录并缓存主键值
INFO:app.services.data_generator:依赖表 fms_financial_transaction 生成完成，记录数: 1
INFO:app.services.data_generator:开始为依赖表 lms_shipment 生成数据
INFO:app.core.database:批量执行SQL，查询: INSERT INTO lms_shipment (shipment_id, order_id, carrier, sender_address, receiver_info, current_status, shipping_time, estimated_delivery, actual_delivery) VALUES ($1, $2, $3, $4, $5, $6, $7, $8, $9), 值数量: 1
INFO:app.core.database:连接数据库: 172.16.10.196:5432/db_house
INFO:app.core.database:批量执行SQL完成
INFO:app.services.data_generator:表 lms_shipment 已插入剩余 1 条记录并缓存主键值
INFO:app.services.data_generator:依赖表 lms_shipment 生成完成，记录数: 1
INFO:app.services.data_generator:数据生成完成，总记录数: 7
INFO:app.services.data_generator:退出 generate_data_for_tables 方法
INFO:app.services.data_generator:开始 generate_data_for_tables 方法
INFO:app.services.data_generator:独立表（阶段1）: ['crawler_competitor_price', 'crm_customer', 'ext_market_trend']
INFO:app.services.data_generator:依赖表（阶段2）: ['oms_order', 'lms_shipment', 'fms_financial_transaction', 'oms_order_item']
INFO:app.services.data_generator:初始化数据库计数器
INFO:app.core.database:执行查询: SELECT MAX(id) FROM crawler_competitor_price, 参数: ()
INFO:app.core.database:连接数据库: 172.16.10.196:5432/db_house
INFO:app.core.database:查询执行成功
INFO:app.core.database:执行查询: SELECT MAX(id) FROM ext_market_trend, 参数: ()
INFO:app.core.database:连接数据库: 172.16.10.196:5432/db_house
INFO:app.core.database:查询执行成功
INFO:app.core.database:执行查询: SELECT MAX(id) FROM oms_order_item, 参数: ()
INFO:app.core.database:连接数据库: 172.16.10.196:5432/db_house
INFO:app.core.database:查询执行成功
INFO:app.services.data_generator:计数器初始化完成: {'crawler_competitor_price_id': 361037, 'ext_market_trend_id': 361037, 'oms_order_item_id': 361128}
INFO:app.services.data_generator:开始处理日期: 2025-10-21
INFO:app.services.data_generator:当天计划生成记录数: 1
INFO:app.services.data_generator:已清空外键缓存
INFO:app.services.data_generator:=== 阶段1：生成独立表 ===
INFO:app.services.data_generator:开始为独立表 crawler_competitor_price 生成数据
INFO:app.core.database:批量执行SQL，查询: INSERT INTO crawler_competitor_price (id, crawl_time, platform, competitor_name, product_name, product_sku, price, promotion_info, is_in_stock) VALUES ($1, $2, $3, $4, $5, $6, $7, $8, $9), 值数量: 1
INFO:app.core.database:连接数据库: 172.16.10.196:5432/db_house
INFO:app.core.database:批量执行SQL完成
INFO:app.services.data_generator:表 crawler_competitor_price 已插入剩余 1 条记录并缓存主键值
INFO:app.services.data_generator:独立表 crawler_competitor_price 生成完成，记录数: 1
INFO:app.services.data_generator:开始为独立表 crm_customer 生成数据
INFO:app.core.database:批量执行SQL，查询: INSERT INTO crm_customer (customer_id, name, gender, phone, email, birthday, address, create_time, update_time, is_deleted) VALUES ($1, $2, $3, $4, $5, $6, $7, $8, $9, $10), 值数量: 1
INFO:app.core.database:连接数据库: 172.16.10.196:5432/db_house
INFO:app.core.database:批量执行SQL完成
INFO:app.services.data_generator:表 crm_customer 已插入剩余 1 条记录并缓存主键值
INFO:app.services.data_generator:独立表 crm_customer 生成完成，记录数: 1
INFO:app.services.data_generator:开始为独立表 ext_market_trend 生成数据
INFO:app.core.database:批量执行SQL，查询: INSERT INTO ext_market_trend (id, period, region, category, market_size, growth_rate, data_source) VALUES ($1, $2, $3, $4, $5, $6, $7), 值数量: 1
INFO:app.core.database:连接数据库: 172.16.10.196:5432/db_house
INFO:app.core.database:批量执行SQL完成
INFO:app.services.data_generator:表 ext_market_trend 已插入剩余 1 条记录并缓存主键值
INFO:app.services.data_generator:独立表 ext_market_trend 生成完成，记录数: 1
INFO:app.services.data_generator:=== 阶段2：生成依赖表 ===
INFO:app.services.data_generator:表依赖排序结果: ['oms_order', 'oms_order_item', 'fms_financial_transaction', 'lms_shipment']
INFO:app.services.data_generator:排序后的依赖表: ['oms_order', 'oms_order_item', 'fms_financial_transaction', 'lms_shipment']
INFO:app.services.data_generator:开始为依赖表 oms_order 生成数据
INFO:app.core.database:批量执行SQL，查询: INSERT INTO oms_order (order_id, order_channel, customer_code, order_amount, discount_amount, pay_amount, order_status, province, city, district, detail_address, order_time) VALUES ($1, $2, $3, $4, $5, $6, $7, $8, $9, $10, $11, $12), 值数量: 1
INFO:app.core.database:连接数据库: 172.16.10.196:5432/db_house
INFO:app.core.database:批量执行SQL完成
INFO:app.services.data_generator:表 oms_order 已插入剩余 1 条记录并缓存主键值
INFO:app.services.data_generator:依赖表 oms_order 生成完成，记录数: 1
INFO:app.services.data_generator:开始为依赖表 oms_order_item 生成数据
INFO:app.core.database:批量执行SQL，查询: INSERT INTO oms_order_item (id, order_id, product_sku, product_name, quantity, price) VALUES ($1, $2, $3, $4, $5, $6), 值数量: 1
INFO:app.core.database:连接数据库: 172.16.10.196:5432/db_house
INFO:app.core.database:批量执行SQL完成
INFO:app.services.data_generator:表 oms_order_item 已插入剩余 1 条记录并缓存主键值
INFO:app.services.data_generator:依赖表 oms_order_item 生成完成，记录数: 1
INFO:app.services.data_generator:开始为依赖表 fms_financial_transaction 生成数据
INFO:app.core.database:批量执行SQL，查询: INSERT INTO fms_financial_transaction (transaction_id, order_id, payment_method, transaction_type, transaction_amount, transaction_status, transaction_time) VALUES ($1, $2, $3, $4, $5, $6, $7), 值数量: 1
INFO:app.core.database:连接数据库: 172.16.10.196:5432/db_house
INFO:app.core.database:批量执行SQL完成
INFO:app.services.data_generator:表 fms_financial_transaction 已插入剩余 1 条记录并缓存主键值
INFO:app.services.data_generator:依赖表 fms_financial_transaction 生成完成，记录数: 1
INFO:app.services.data_generator:开始为依赖表 lms_shipment 生成数据
INFO:app.core.database:批量执行SQL，查询: INSERT INTO lms_shipment (shipment_id, order_id, carrier, sender_address, receiver_info, current_status, shipping_time, estimated_delivery, actual_delivery) VALUES ($1, $2, $3, $4, $5, $6, $7, $8, $9), 值数量: 1
INFO:app.core.database:连接数据库: 172.16.10.196:5432/db_house
INFO:app.core.database:批量执行SQL完成
INFO:app.services.data_generator:表 lms_shipment 已插入剩余 1 条记录并缓存主键值
INFO:app.services.data_generator:依赖表 lms_shipment 生成完成，记录数: 1
INFO:app.services.data_generator:数据生成完成，总记录数: 7
INFO:app.services.data_generator:退出 generate_data_for_tables 方法
INFO:app.services.data_generator:开始 generate_data_for_tables 方法
INFO:app.services.data_generator:独立表（阶段1）: ['crawler_competitor_price', 'crm_customer', 'ext_market_trend']
INFO:app.services.data_generator:依赖表（阶段2）: ['oms_order', 'lms_shipment', 'fms_financial_transaction', 'oms_order_item']
INFO:app.services.data_generator:初始化数据库计数器
INFO:app.core.database:执行查询: SELECT MAX(id) FROM crawler_competitor_price, 参数: ()
INFO:app.core.database:连接数据库: 172.16.10.196:5432/db_house
INFO:app.core.database:查询执行成功
INFO:app.core.database:执行查询: SELECT MAX(id) FROM ext_market_trend, 参数: ()
INFO:app.core.database:连接数据库: 172.16.10.196:5432/db_house
INFO:app.core.database:查询执行成功
INFO:app.core.database:执行查询: SELECT MAX(id) FROM oms_order_item, 参数: ()
INFO:app.core.database:连接数据库: 172.16.10.196:5432/db_house
INFO:app.core.database:查询执行成功
INFO:app.services.data_generator:计数器初始化完成: {'crawler_competitor_price_id': 361038, 'ext_market_trend_id': 361038, 'oms_order_item_id': 361129}
INFO:app.services.data_generator:开始处理日期: 2025-10-21
INFO:app.services.data_generator:当天计划生成记录数: 1
INFO:app.services.data_generator:已清空外键缓存
INFO:app.services.data_generator:=== 阶段1：生成独立表 ===
INFO:app.services.data_generator:开始为独立表 crawler_competitor_price 生成数据
INFO:app.core.database:批量执行SQL，查询: INSERT INTO crawler_competitor_price (id, crawl_time, platform, competitor_name, product_name, product_sku, price, promotion_info, is_in_stock) VALUES ($1, $2, $3, $4, $5, $6, $7, $8, $9), 值数量: 1
INFO:app.core.database:连接数据库: 172.16.10.196:5432/db_house
INFO:app.core.database:批量执行SQL完成
INFO:app.services.data_generator:表 crawler_competitor_price 已插入剩余 1 条记录并缓存主键值
INFO:app.services.data_generator:独立表 crawler_competitor_price 生成完成，记录数: 1
INFO:app.services.data_generator:开始为独立表 crm_customer 生成数据
INFO:app.core.database:批量执行SQL，查询: INSERT INTO crm_customer (customer_id, name, gender, phone, email, birthday, address, create_time, update_time, is_deleted) VALUES ($1, $2, $3, $4, $5, $6, $7, $8, $9, $10), 值数量: 1
INFO:app.core.database:连接数据库: 172.16.10.196:5432/db_house
INFO:app.core.database:批量执行SQL完成
INFO:app.services.data_generator:表 crm_customer 已插入剩余 1 条记录并缓存主键值
INFO:app.services.data_generator:独立表 crm_customer 生成完成，记录数: 1
INFO:app.services.data_generator:开始为独立表 ext_market_trend 生成数据
INFO:app.core.database:批量执行SQL，查询: INSERT INTO ext_market_trend (id, period, region, category, market_size, growth_rate, data_source) VALUES ($1, $2, $3, $4, $5, $6, $7), 值数量: 1
INFO:app.core.database:连接数据库: 172.16.10.196:5432/db_house
INFO:app.core.database:批量执行SQL完成
INFO:app.services.data_generator:表 ext_market_trend 已插入剩余 1 条记录并缓存主键值
INFO:app.services.data_generator:独立表 ext_market_trend 生成完成，记录数: 1
INFO:app.services.data_generator:=== 阶段2：生成依赖表 ===
INFO:app.services.data_generator:表依赖排序结果: ['oms_order', 'oms_order_item', 'fms_financial_transaction', 'lms_shipment']
INFO:app.services.data_generator:排序后的依赖表: ['oms_order', 'oms_order_item', 'fms_financial_transaction', 'lms_shipment']
INFO:app.services.data_generator:开始为依赖表 oms_order 生成数据
INFO:app.core.database:批量执行SQL，查询: INSERT INTO oms_order (order_id, order_channel, customer_code, order_amount, discount_amount, pay_amount, order_status, province, city, district, detail_address, order_time) VALUES ($1, $2, $3, $4, $5, $6, $7, $8, $9, $10, $11, $12), 值数量: 1
INFO:app.core.database:连接数据库: 172.16.10.196:5432/db_house
INFO:app.core.database:批量执行SQL完成
INFO:app.services.data_generator:表 oms_order 已插入剩余 1 条记录并缓存主键值
INFO:app.services.data_generator:依赖表 oms_order 生成完成，记录数: 1
INFO:app.services.data_generator:开始为依赖表 oms_order_item 生成数据
INFO:app.core.database:批量执行SQL，查询: INSERT INTO oms_order_item (id, order_id, product_sku, product_name, quantity, price) VALUES ($1, $2, $3, $4, $5, $6), 值数量: 1
INFO:app.core.database:连接数据库: 172.16.10.196:5432/db_house
INFO:app.core.database:批量执行SQL完成
INFO:app.services.data_generator:表 oms_order_item 已插入剩余 1 条记录并缓存主键值
INFO:app.services.data_generator:依赖表 oms_order_item 生成完成，记录数: 1
INFO:app.services.data_generator:开始为依赖表 fms_financial_transaction 生成数据
INFO:app.core.database:批量执行SQL，查询: INSERT INTO fms_financial_transaction (transaction_id, order_id, payment_method, transaction_type, transaction_amount, transaction_status, transaction_time) VALUES ($1, $2, $3, $4, $5, $6, $7), 值数量: 1
INFO:app.core.database:连接数据库: 172.16.10.196:5432/db_house
INFO:app.core.database:批量执行SQL完成
INFO:app.services.data_generator:表 fms_financial_transaction 已插入剩余 1 条记录并缓存主键值
INFO:app.services.data_generator:依赖表 fms_financial_transaction 生成完成，记录数: 1
INFO:app.services.data_generator:开始为依赖表 lms_shipment 生成数据
INFO:app.core.database:批量执行SQL，查询: INSERT INTO lms_shipment (shipment_id, order_id, carrier, sender_address, receiver_info, current_status, shipping_time, estimated_delivery, actual_delivery) VALUES ($1, $2, $3, $4, $5, $6, $7, $8, $9), 值数量: 1
INFO:app.core.database:连接数据库: 172.16.10.196:5432/db_house
INFO:app.core.database:批量执行SQL完成
INFO:app.services.data_generator:表 lms_shipment 已插入剩余 1 条记录并缓存主键值
INFO:app.services.data_generator:依赖表 lms_shipment 生成完成，记录数: 1
INFO:app.services.data_generator:数据生成完成，总记录数: 7
INFO:app.services.data_generator:退出 generate_data_for_tables 方法
INFO:app.services.data_generator:开始 generate_data_for_tables 方法
INFO:app.services.data_generator:独立表（阶段1）: ['crawler_competitor_price', 'crm_customer', 'ext_market_trend']
INFO:app.services.data_generator:依赖表（阶段2）: ['oms_order', 'lms_shipment', 'fms_financial_transaction', 'oms_order_item']
INFO:app.services.data_generator:初始化数据库计数器
INFO:app.core.database:执行查询: SELECT MAX(id) FROM crawler_competitor_price, 参数: ()
INFO:app.core.database:连接数据库: 172.16.10.196:5432/db_house
INFO:app.core.database:查询执行成功
INFO:app.core.database:执行查询: SELECT MAX(id) FROM ext_market_trend, 参数: ()
INFO:app.core.database:连接数据库: 172.16.10.196:5432/db_house
INFO:app.core.database:查询执行成功
INFO:app.core.database:执行查询: SELECT MAX(id) FROM oms_order_item, 参数: ()
INFO:app.core.database:连接数据库: 172.16.10.196:5432/db_house
INFO:app.core.database:查询执行成功
INFO:app.services.data_generator:计数器初始化完成: {'crawler_competitor_price_id': 361039, 'ext_market_trend_id': 361039, 'oms_order_item_id': 361130}
INFO:app.services.data_generator:开始处理日期: 2025-10-21
INFO:app.services.data_generator:当天计划生成记录数: 1
INFO:app.services.data_generator:已清空外键缓存
INFO:app.services.data_generator:=== 阶段1：生成独立表 ===
INFO:app.services.data_generator:开始为独立表 crawler_competitor_price 生成数据
INFO:app.core.database:批量执行SQL，查询: INSERT INTO crawler_competitor_price (id, crawl_time, platform, competitor_name, product_name, product_sku, price, promotion_info, is_in_stock) VALUES ($1, $2, $3, $4, $5, $6, $7, $8, $9), 值数量: 1
INFO:app.core.database:连接数据库: 172.16.10.196:5432/db_house
INFO:app.core.database:批量执行SQL完成
INFO:app.services.data_generator:表 crawler_competitor_price 已插入剩余 1 条记录并缓存主键值
INFO:app.services.data_generator:独立表 crawler_competitor_price 生成完成，记录数: 1
INFO:app.services.data_generator:开始为独立表 crm_customer 生成数据
INFO:app.core.database:批量执行SQL，查询: INSERT INTO crm_customer (customer_id, name, gender, phone, email, birthday, address, create_time, update_time, is_deleted) VALUES ($1, $2, $3, $4, $5, $6, $7, $8, $9, $10), 值数量: 1
INFO:app.core.database:连接数据库: 172.16.10.196:5432/db_house
INFO:app.core.database:批量执行SQL完成
INFO:app.services.data_generator:表 crm_customer 已插入剩余 1 条记录并缓存主键值
INFO:app.services.data_generator:独立表 crm_customer 生成完成，记录数: 1
INFO:app.services.data_generator:开始为独立表 ext_market_trend 生成数据
INFO:app.core.database:批量执行SQL，查询: INSERT INTO ext_market_trend (id, period, region, category, market_size, growth_rate, data_source) VALUES ($1, $2, $3, $4, $5, $6, $7), 值数量: 1
INFO:app.core.database:连接数据库: 172.16.10.196:5432/db_house
INFO:app.core.database:批量执行SQL完成
INFO:app.services.data_generator:表 ext_market_trend 已插入剩余 1 条记录并缓存主键值
INFO:app.services.data_generator:独立表 ext_market_trend 生成完成，记录数: 1
INFO:app.services.data_generator:=== 阶段2：生成依赖表 ===
INFO:app.services.data_generator:表依赖排序结果: ['oms_order', 'oms_order_item', 'fms_financial_transaction', 'lms_shipment']
INFO:app.services.data_generator:排序后的依赖表: ['oms_order', 'oms_order_item', 'fms_financial_transaction', 'lms_shipment']
INFO:app.services.data_generator:开始为依赖表 oms_order 生成数据
INFO:app.core.database:批量执行SQL，查询: INSERT INTO oms_order (order_id, order_channel, customer_code, order_amount, discount_amount, pay_amount, order_status, province, city, district, detail_address, order_time) VALUES ($1, $2, $3, $4, $5, $6, $7, $8, $9, $10, $11, $12), 值数量: 1
INFO:app.core.database:连接数据库: 172.16.10.196:5432/db_house
INFO:app.core.database:批量执行SQL完成
INFO:app.services.data_generator:表 oms_order 已插入剩余 1 条记录并缓存主键值
INFO:app.services.data_generator:依赖表 oms_order 生成完成，记录数: 1
INFO:app.services.data_generator:开始为依赖表 oms_order_item 生成数据
INFO:app.core.database:批量执行SQL，查询: INSERT INTO oms_order_item (id, order_id, product_sku, product_name, quantity, price) VALUES ($1, $2, $3, $4, $5, $6), 值数量: 1
INFO:app.core.database:连接数据库: 172.16.10.196:5432/db_house
INFO:app.core.database:批量执行SQL完成
INFO:app.services.data_generator:表 oms_order_item 已插入剩余 1 条记录并缓存主键值
INFO:app.services.data_generator:依赖表 oms_order_item 生成完成，记录数: 1
INFO:app.services.data_generator:开始为依赖表 fms_financial_transaction 生成数据
INFO:app.core.database:批量执行SQL，查询: INSERT INTO fms_financial_transaction (transaction_id, order_id, payment_method, transaction_type, transaction_amount, transaction_status, transaction_time) VALUES ($1, $2, $3, $4, $5, $6, $7), 值数量: 1
INFO:app.core.database:连接数据库: 172.16.10.196:5432/db_house
INFO:app.core.database:批量执行SQL完成
INFO:app.services.data_generator:表 fms_financial_transaction 已插入剩余 1 条记录并缓存主键值
INFO:app.services.data_generator:依赖表 fms_financial_transaction 生成完成，记录数: 1
INFO:app.services.data_generator:开始为依赖表 lms_shipment 生成数据
INFO:app.core.database:批量执行SQL，查询: INSERT INTO lms_shipment (shipment_id, order_id, carrier, sender_address, receiver_info, current_status, shipping_time, estimated_delivery, actual_delivery) VALUES ($1, $2, $3, $4, $5, $6, $7, $8, $9), 值数量: 1
INFO:app.core.database:连接数据库: 172.16.10.196:5432/db_house
INFO:app.core.database:批量执行SQL完成
INFO:app.services.data_generator:表 lms_shipment 已插入剩余 1 条记录并缓存主键值
INFO:app.services.data_generator:依赖表 lms_shipment 生成完成，记录数: 1
INFO:app.services.data_generator:数据生成完成，总记录数: 7
INFO:app.services.data_generator:退出 generate_data_for_tables 方法
INFO:app.services.data_generator:开始 generate_data_for_tables 方法
INFO:app.services.data_generator:独立表（阶段1）: ['crawler_competitor_price', 'crm_customer', 'ext_market_trend']
INFO:app.services.data_generator:依赖表（阶段2）: ['oms_order', 'lms_shipment', 'fms_financial_transaction', 'oms_order_item']
INFO:app.services.data_generator:初始化数据库计数器
INFO:app.core.database:执行查询: SELECT MAX(id) FROM crawler_competitor_price, 参数: ()
INFO:app.core.database:连接数据库: 172.16.10.196:5432/db_house
INFO:app.core.database:查询执行成功
INFO:app.core.database:执行查询: SELECT MAX(id) FROM ext_market_trend, 参数: ()
INFO:app.core.database:连接数据库: 172.16.10.196:5432/db_house
INFO:app.core.database:查询执行成功
INFO:app.core.database:执行查询: SELECT MAX(id) FROM oms_order_item, 参数: ()
INFO:app.core.database:连接数据库: 172.16.10.196:5432/db_house
INFO:app.core.database:查询执行成功
INFO:app.services.data_generator:计数器初始化完成: {'crawler_competitor_price_id': 361040, 'ext_market_trend_id': 361040, 'oms_order_item_id': 361131}
INFO:app.services.data_generator:开始处理日期: 2025-10-21
INFO:app.services.data_generator:当天计划生成记录数: 1
INFO:app.services.data_generator:已清空外键缓存
INFO:app.services.data_generator:=== 阶段1：生成独立表 ===
INFO:app.services.data_generator:开始为独立表 crawler_competitor_price 生成数据
INFO:app.core.database:批量执行SQL，查询: INSERT INTO crawler_competitor_price (id, crawl_time, platform, competitor_name, product_name, product_sku, price, promotion_info, is_in_stock) VALUES ($1, $2, $3, $4, $5, $6, $7, $8, $9), 值数量: 1
INFO:app.core.database:连接数据库: 172.16.10.196:5432/db_house
INFO:app.core.database:批量执行SQL完成
INFO:app.services.data_generator:表 crawler_competitor_price 已插入剩余 1 条记录并缓存主键值
INFO:app.services.data_generator:独立表 crawler_competitor_price 生成完成，记录数: 1
INFO:app.services.data_generator:开始为独立表 crm_customer 生成数据
INFO:app.core.database:批量执行SQL，查询: INSERT INTO crm_customer (customer_id, name, gender, phone, email, birthday, address, create_time, update_time, is_deleted) VALUES ($1, $2, $3, $4, $5, $6, $7, $8, $9, $10), 值数量: 1
INFO:app.core.database:连接数据库: 172.16.10.196:5432/db_house
INFO:app.core.database:批量执行SQL完成
INFO:app.services.data_generator:表 crm_customer 已插入剩余 1 条记录并缓存主键值
INFO:app.services.data_generator:独立表 crm_customer 生成完成，记录数: 1
INFO:app.services.data_generator:开始为独立表 ext_market_trend 生成数据
INFO:app.core.database:批量执行SQL，查询: INSERT INTO ext_market_trend (id, period, region, category, market_size, growth_rate, data_source) VALUES ($1, $2, $3, $4, $5, $6, $7), 值数量: 1
INFO:app.core.database:连接数据库: 172.16.10.196:5432/db_house
INFO:app.core.database:批量执行SQL完成
INFO:app.services.data_generator:表 ext_market_trend 已插入剩余 1 条记录并缓存主键值
INFO:app.services.data_generator:独立表 ext_market_trend 生成完成，记录数: 1
INFO:app.services.data_generator:=== 阶段2：生成依赖表 ===
INFO:app.services.data_generator:表依赖排序结果: ['oms_order', 'oms_order_item', 'fms_financial_transaction', 'lms_shipment']
INFO:app.services.data_generator:排序后的依赖表: ['oms_order', 'oms_order_item', 'fms_financial_transaction', 'lms_shipment']
INFO:app.services.data_generator:开始为依赖表 oms_order 生成数据
INFO:app.core.database:批量执行SQL，查询: INSERT INTO oms_order (order_id, order_channel, customer_code, order_amount, discount_amount, pay_amount, order_status, province, city, district, detail_address, order_time) VALUES ($1, $2, $3, $4, $5, $6, $7, $8, $9, $10, $11, $12), 值数量: 1
INFO:app.core.database:连接数据库: 172.16.10.196:5432/db_house
INFO:app.core.database:批量执行SQL完成
INFO:app.services.data_generator:表 oms_order 已插入剩余 1 条记录并缓存主键值
INFO:app.services.data_generator:依赖表 oms_order 生成完成，记录数: 1
INFO:app.services.data_generator:开始为依赖表 oms_order_item 生成数据
INFO:app.core.database:批量执行SQL，查询: INSERT INTO oms_order_item (id, order_id, product_sku, product_name, quantity, price) VALUES ($1, $2, $3, $4, $5, $6), 值数量: 1
INFO:app.core.database:连接数据库: 172.16.10.196:5432/db_house
INFO:app.core.database:批量执行SQL完成
INFO:app.services.data_generator:表 oms_order_item 已插入剩余 1 条记录并缓存主键值
INFO:app.services.data_generator:依赖表 oms_order_item 生成完成，记录数: 1
INFO:app.services.data_generator:开始为依赖表 fms_financial_transaction 生成数据
INFO:app.core.database:批量执行SQL，查询: INSERT INTO fms_financial_transaction (transaction_id, order_id, payment_method, transaction_type, transaction_amount, transaction_status, transaction_time) VALUES ($1, $2, $3, $4, $5, $6, $7), 值数量: 1
INFO:app.core.database:连接数据库: 172.16.10.196:5432/db_house
INFO:app.core.database:批量执行SQL完成
INFO:app.services.data_generator:表 fms_financial_transaction 已插入剩余 1 条记录并缓存主键值
INFO:app.services.data_generator:依赖表 fms_financial_transaction 生成完成，记录数: 1
INFO:app.services.data_generator:开始为依赖表 lms_shipment 生成数据
INFO:app.core.database:批量执行SQL，查询: INSERT INTO lms_shipment (shipment_id, order_id, carrier, sender_address, receiver_info, current_status, shipping_time, estimated_delivery, actual_delivery) VALUES ($1, $2, $3, $4, $5, $6, $7, $8, $9), 值数量: 1
INFO:app.core.database:连接数据库: 172.16.10.196:5432/db_house
INFO:app.core.database:批量执行SQL完成
INFO:app.services.data_generator:表 lms_shipment 已插入剩余 1 条记录并缓存主键值
INFO:app.services.data_generator:依赖表 lms_shipment 生成完成，记录数: 1
INFO:app.services.data_generator:数据生成完成，总记录数: 7
INFO:app.services.data_generator:退出 generate_data_for_tables 方法
INFO:app.services.data_generator:开始 generate_data_for_tables 方法
INFO:app.services.data_generator:独立表（阶段1）: ['crawler_competitor_price', 'crm_customer', 'ext_market_trend']
INFO:app.services.data_generator:依赖表（阶段2）: ['oms_order', 'lms_shipment', 'fms_financial_transaction', 'oms_order_item']
INFO:app.services.data_generator:初始化数据库计数器
INFO:app.core.database:执行查询: SELECT MAX(id) FROM crawler_competitor_price, 参数: ()
INFO:app.core.database:连接数据库: 172.16.10.196:5432/db_house
INFO:app.core.database:查询执行成功
INFO:app.core.database:执行查询: SELECT MAX(id) FROM ext_market_trend, 参数: ()
INFO:app.core.database:连接数据库: 172.16.10.196:5432/db_house
INFO:app.core.database:查询执行成功
INFO:app.core.database:执行查询: SELECT MAX(id) FROM oms_order_item, 参数: ()
INFO:app.core.database:连接数据库: 172.16.10.196:5432/db_house
INFO:app.core.database:查询执行成功
INFO:app.services.data_generator:计数器初始化完成: {'crawler_competitor_price_id': 361041, 'ext_market_trend_id': 361041, 'oms_order_item_id': 361132}
INFO:app.services.data_generator:开始处理日期: 2025-10-21
INFO:app.services.data_generator:当天计划生成记录数: 1
INFO:app.services.data_generator:已清空外键缓存
INFO:app.services.data_generator:=== 阶段1：生成独立表 ===
INFO:app.services.data_generator:开始为独立表 crawler_competitor_price 生成数据
INFO:app.core.database:批量执行SQL，查询: INSERT INTO crawler_competitor_price (id, crawl_time, platform, competitor_name, product_name, product_sku, price, promotion_info, is_in_stock) VALUES ($1, $2, $3, $4, $5, $6, $7, $8, $9), 值数量: 1
INFO:app.core.database:连接数据库: 172.16.10.196:5432/db_house
INFO:app.core.database:批量执行SQL完成
INFO:app.services.data_generator:表 crawler_competitor_price 已插入剩余 1 条记录并缓存主键值
INFO:app.services.data_generator:独立表 crawler_competitor_price 生成完成，记录数: 1
INFO:app.services.data_generator:开始为独立表 crm_customer 生成数据
INFO:app.core.database:批量执行SQL，查询: INSERT INTO crm_customer (customer_id, name, gender, phone, email, birthday, address, create_time, update_time, is_deleted) VALUES ($1, $2, $3, $4, $5, $6, $7, $8, $9, $10), 值数量: 1
INFO:app.core.database:连接数据库: 172.16.10.196:5432/db_house
INFO:app.core.database:批量执行SQL完成
INFO:app.services.data_generator:表 crm_customer 已插入剩余 1 条记录并缓存主键值
INFO:app.services.data_generator:独立表 crm_customer 生成完成，记录数: 1
INFO:app.services.data_generator:开始为独立表 ext_market_trend 生成数据
INFO:app.core.database:批量执行SQL，查询: INSERT INTO ext_market_trend (id, period, region, category, market_size, growth_rate, data_source) VALUES ($1, $2, $3, $4, $5, $6, $7), 值数量: 1
INFO:app.core.database:连接数据库: 172.16.10.196:5432/db_house
INFO:app.core.database:批量执行SQL完成
INFO:app.services.data_generator:表 ext_market_trend 已插入剩余 1 条记录并缓存主键值
INFO:app.services.data_generator:独立表 ext_market_trend 生成完成，记录数: 1
INFO:app.services.data_generator:=== 阶段2：生成依赖表 ===
INFO:app.services.data_generator:表依赖排序结果: ['oms_order', 'oms_order_item', 'fms_financial_transaction', 'lms_shipment']
INFO:app.services.data_generator:排序后的依赖表: ['oms_order', 'oms_order_item', 'fms_financial_transaction', 'lms_shipment']
INFO:app.services.data_generator:开始为依赖表 oms_order 生成数据
INFO:app.core.database:批量执行SQL，查询: INSERT INTO oms_order (order_id, order_channel, customer_code, order_amount, discount_amount, pay_amount, order_status, province, city, district, detail_address, order_time) VALUES ($1, $2, $3, $4, $5, $6, $7, $8, $9, $10, $11, $12), 值数量: 1
INFO:app.core.database:连接数据库: 172.16.10.196:5432/db_house
INFO:app.core.database:批量执行SQL完成
INFO:app.services.data_generator:表 oms_order 已插入剩余 1 条记录并缓存主键值
INFO:app.services.data_generator:依赖表 oms_order 生成完成，记录数: 1
INFO:app.services.data_generator:开始为依赖表 oms_order_item 生成数据
INFO:app.core.database:批量执行SQL，查询: INSERT INTO oms_order_item (id, order_id, product_sku, product_name, quantity, price) VALUES ($1, $2, $3, $4, $5, $6), 值数量: 1
INFO:app.core.database:连接数据库: 172.16.10.196:5432/db_house
INFO:app.core.database:批量执行SQL完成
INFO:app.services.data_generator:表 oms_order_item 已插入剩余 1 条记录并缓存主键值
INFO:app.services.data_generator:依赖表 oms_order_item 生成完成，记录数: 1
INFO:app.services.data_generator:开始为依赖表 fms_financial_transaction 生成数据
INFO:app.core.database:批量执行SQL，查询: INSERT INTO fms_financial_transaction (transaction_id, order_id, payment_method, transaction_type, transaction_amount, transaction_status, transaction_time) VALUES ($1, $2, $3, $4, $5, $6, $7), 值数量: 1
INFO:app.core.database:连接数据库: 172.16.10.196:5432/db_house
INFO:app.core.database:批量执行SQL完成
INFO:app.services.data_generator:表 fms_financial_transaction 已插入剩余 1 条记录并缓存主键值
INFO:app.services.data_generator:依赖表 fms_financial_transaction 生成完成，记录数: 1
INFO:app.services.data_generator:开始为依赖表 lms_shipment 生成数据
INFO:app.core.database:批量执行SQL，查询: INSERT INTO lms_shipment (shipment_id, order_id, carrier, sender_address, receiver_info, current_status, shipping_time, estimated_delivery, actual_delivery) VALUES ($1, $2, $3, $4, $5, $6, $7, $8, $9), 值数量: 1
INFO:app.core.database:连接数据库: 172.16.10.196:5432/db_house
INFO:app.core.database:批量执行SQL完成
INFO:app.services.data_generator:表 lms_shipment 已插入剩余 1 条记录并缓存主键值
INFO:app.services.data_generator:依赖表 lms_shipment 生成完成，记录数: 1
INFO:app.services.data_generator:数据生成完成，总记录数: 7
INFO:app.services.data_generator:退出 generate_data_for_tables 方法
INFO:app.services.data_generator:开始 generate_data_for_tables 方法
INFO:app.services.data_generator:独立表（阶段1）: ['crawler_competitor_price', 'crm_customer', 'ext_market_trend']
INFO:app.services.data_generator:依赖表（阶段2）: ['oms_order', 'lms_shipment', 'fms_financial_transaction', 'oms_order_item']
INFO:app.services.data_generator:初始化数据库计数器
INFO:app.core.database:执行查询: SELECT MAX(id) FROM crawler_competitor_price, 参数: ()
INFO:app.core.database:连接数据库: 172.16.10.196:5432/db_house
INFO:app.core.database:查询执行成功
INFO:app.core.database:执行查询: SELECT MAX(id) FROM ext_market_trend, 参数: ()
INFO:app.core.database:连接数据库: 172.16.10.196:5432/db_house
INFO:app.core.database:查询执行成功
INFO:app.core.database:执行查询: SELECT MAX(id) FROM oms_order_item, 参数: ()
INFO:app.core.database:连接数据库: 172.16.10.196:5432/db_house
INFO:app.core.database:查询执行成功
INFO:app.services.data_generator:计数器初始化完成: {'crawler_competitor_price_id': 361042, 'ext_market_trend_id': 361042, 'oms_order_item_id': 361133}
INFO:app.services.data_generator:开始处理日期: 2025-10-21
INFO:app.services.data_generator:当天计划生成记录数: 1
INFO:app.services.data_generator:已清空外键缓存
INFO:app.services.data_generator:=== 阶段1：生成独立表 ===
INFO:app.services.data_generator:开始为独立表 crawler_competitor_price 生成数据
INFO:app.core.database:批量执行SQL，查询: INSERT INTO crawler_competitor_price (id, crawl_time, platform, competitor_name, product_name, product_sku, price, promotion_info, is_in_stock) VALUES ($1, $2, $3, $4, $5, $6, $7, $8, $9), 值数量: 1
INFO:app.core.database:连接数据库: 172.16.10.196:5432/db_house
INFO:app.core.database:批量执行SQL完成
INFO:app.services.data_generator:表 crawler_competitor_price 已插入剩余 1 条记录并缓存主键值
INFO:app.services.data_generator:独立表 crawler_competitor_price 生成完成，记录数: 1
INFO:app.services.data_generator:开始为独立表 crm_customer 生成数据
INFO:app.core.database:批量执行SQL，查询: INSERT INTO crm_customer (customer_id, name, gender, phone, email, birthday, address, create_time, update_time, is_deleted) VALUES ($1, $2, $3, $4, $5, $6, $7, $8, $9, $10), 值数量: 1
INFO:app.core.database:连接数据库: 172.16.10.196:5432/db_house
INFO:app.core.database:批量执行SQL完成
INFO:app.services.data_generator:表 crm_customer 已插入剩余 1 条记录并缓存主键值
INFO:app.services.data_generator:独立表 crm_customer 生成完成，记录数: 1
INFO:app.services.data_generator:开始为独立表 ext_market_trend 生成数据
INFO:app.core.database:批量执行SQL，查询: INSERT INTO ext_market_trend (id, period, region, category, market_size, growth_rate, data_source) VALUES ($1, $2, $3, $4, $5, $6, $7), 值数量: 1
INFO:app.core.database:连接数据库: 172.16.10.196:5432/db_house
INFO:app.core.database:批量执行SQL完成
INFO:app.services.data_generator:表 ext_market_trend 已插入剩余 1 条记录并缓存主键值
INFO:app.services.data_generator:独立表 ext_market_trend 生成完成，记录数: 1
INFO:app.services.data_generator:=== 阶段2：生成依赖表 ===
INFO:app.services.data_generator:表依赖排序结果: ['oms_order', 'oms_order_item', 'fms_financial_transaction', 'lms_shipment']
INFO:app.services.data_generator:排序后的依赖表: ['oms_order', 'oms_order_item', 'fms_financial_transaction', 'lms_shipment']
INFO:app.services.data_generator:开始为依赖表 oms_order 生成数据
INFO:app.core.database:批量执行SQL，查询: INSERT INTO oms_order (order_id, order_channel, customer_code, order_amount, discount_amount, pay_amount, order_status, province, city, district, detail_address, order_time) VALUES ($1, $2, $3, $4, $5, $6, $7, $8, $9, $10, $11, $12), 值数量: 1
INFO:app.core.database:连接数据库: 172.16.10.196:5432/db_house
INFO:app.core.database:批量执行SQL完成
INFO:app.services.data_generator:表 oms_order 已插入剩余 1 条记录并缓存主键值
INFO:app.services.data_generator:依赖表 oms_order 生成完成，记录数: 1
INFO:app.services.data_generator:开始为依赖表 oms_order_item 生成数据
INFO:app.core.database:批量执行SQL，查询: INSERT INTO oms_order_item (id, order_id, product_sku, product_name, quantity, price) VALUES ($1, $2, $3, $4, $5, $6), 值数量: 1
INFO:app.core.database:连接数据库: 172.16.10.196:5432/db_house
INFO:app.core.database:批量执行SQL完成
INFO:app.services.data_generator:表 oms_order_item 已插入剩余 1 条记录并缓存主键值
INFO:app.services.data_generator:依赖表 oms_order_item 生成完成，记录数: 1
INFO:app.services.data_generator:开始为依赖表 fms_financial_transaction 生成数据
INFO:app.core.database:批量执行SQL，查询: INSERT INTO fms_financial_transaction (transaction_id, order_id, payment_method, transaction_type, transaction_amount, transaction_status, transaction_time) VALUES ($1, $2, $3, $4, $5, $6, $7), 值数量: 1
INFO:app.core.database:连接数据库: 172.16.10.196:5432/db_house
INFO:app.core.database:批量执行SQL完成
INFO:app.services.data_generator:表 fms_financial_transaction 已插入剩余 1 条记录并缓存主键值
INFO:app.services.data_generator:依赖表 fms_financial_transaction 生成完成，记录数: 1
INFO:app.services.data_generator:开始为依赖表 lms_shipment 生成数据
INFO:app.core.database:批量执行SQL，查询: INSERT INTO lms_shipment (shipment_id, order_id, carrier, sender_address, receiver_info, current_status, shipping_time, estimated_delivery, actual_delivery) VALUES ($1, $2, $3, $4, $5, $6, $7, $8, $9), 值数量: 1
INFO:app.core.database:连接数据库: 172.16.10.196:5432/db_house
INFO:app.core.database:批量执行SQL完成
INFO:app.services.data_generator:表 lms_shipment 已插入剩余 1 条记录并缓存主键值
INFO:app.services.data_generator:依赖表 lms_shipment 生成完成，记录数: 1
INFO:app.services.data_generator:数据生成完成，总记录数: 7
INFO:app.services.data_generator:退出 generate_data_for_tables 方法
INFO:app.services.data_generator:开始 generate_data_for_tables 方法
INFO:app.services.data_generator:独立表（阶段1）: ['crawler_competitor_price', 'crm_customer', 'ext_market_trend']
INFO:app.services.data_generator:依赖表（阶段2）: ['oms_order', 'lms_shipment', 'fms_financial_transaction', 'oms_order_item']
INFO:app.services.data_generator:初始化数据库计数器
INFO:app.core.database:执行查询: SELECT MAX(id) FROM crawler_competitor_price, 参数: ()
INFO:app.core.database:连接数据库: 172.16.10.196:5432/db_house
INFO:app.core.database:查询执行成功
INFO:app.core.database:执行查询: SELECT MAX(id) FROM ext_market_trend, 参数: ()
INFO:app.core.database:连接数据库: 172.16.10.196:5432/db_house
INFO:app.core.database:查询执行成功
INFO:app.core.database:执行查询: SELECT MAX(id) FROM oms_order_item, 参数: ()
INFO:app.core.database:连接数据库: 172.16.10.196:5432/db_house
INFO:app.core.database:查询执行成功
INFO:app.services.data_generator:计数器初始化完成: {'crawler_competitor_price_id': 361043, 'ext_market_trend_id': 361043, 'oms_order_item_id': 361134}
INFO:app.services.data_generator:开始处理日期: 2025-10-21
INFO:app.services.data_generator:当天计划生成记录数: 1
INFO:app.services.data_generator:已清空外键缓存
INFO:app.services.data_generator:=== 阶段1：生成独立表 ===
INFO:app.services.data_generator:开始为独立表 crawler_competitor_price 生成数据
INFO:app.core.database:批量执行SQL，查询: INSERT INTO crawler_competitor_price (id, crawl_time, platform, competitor_name, product_name, product_sku, price, promotion_info, is_in_stock) VALUES ($1, $2, $3, $4, $5, $6, $7, $8, $9), 值数量: 1
INFO:app.core.database:连接数据库: 172.16.10.196:5432/db_house
INFO:app.core.database:批量执行SQL完成
INFO:app.services.data_generator:表 crawler_competitor_price 已插入剩余 1 条记录并缓存主键值
INFO:app.services.data_generator:独立表 crawler_competitor_price 生成完成，记录数: 1
INFO:app.services.data_generator:开始为独立表 crm_customer 生成数据
INFO:app.core.database:批量执行SQL，查询: INSERT INTO crm_customer (customer_id, name, gender, phone, email, birthday, address, create_time, update_time, is_deleted) VALUES ($1, $2, $3, $4, $5, $6, $7, $8, $9, $10), 值数量: 1
INFO:app.core.database:连接数据库: 172.16.10.196:5432/db_house
INFO:app.core.database:批量执行SQL完成
INFO:app.services.data_generator:表 crm_customer 已插入剩余 1 条记录并缓存主键值
INFO:app.services.data_generator:独立表 crm_customer 生成完成，记录数: 1
INFO:app.services.data_generator:开始为独立表 ext_market_trend 生成数据
INFO:app.core.database:批量执行SQL，查询: INSERT INTO ext_market_trend (id, period, region, category, market_size, growth_rate, data_source) VALUES ($1, $2, $3, $4, $5, $6, $7), 值数量: 1
INFO:app.core.database:连接数据库: 172.16.10.196:5432/db_house
INFO:app.core.database:批量执行SQL完成
INFO:app.services.data_generator:表 ext_market_trend 已插入剩余 1 条记录并缓存主键值
INFO:app.services.data_generator:独立表 ext_market_trend 生成完成，记录数: 1
INFO:app.services.data_generator:=== 阶段2：生成依赖表 ===
INFO:app.services.data_generator:表依赖排序结果: ['oms_order', 'oms_order_item', 'fms_financial_transaction', 'lms_shipment']
INFO:app.services.data_generator:排序后的依赖表: ['oms_order', 'oms_order_item', 'fms_financial_transaction', 'lms_shipment']
INFO:app.services.data_generator:开始为依赖表 oms_order 生成数据
INFO:app.core.database:批量执行SQL，查询: INSERT INTO oms_order (order_id, order_channel, customer_code, order_amount, discount_amount, pay_amount, order_status, province, city, district, detail_address, order_time) VALUES ($1, $2, $3, $4, $5, $6, $7, $8, $9, $10, $11, $12), 值数量: 1
INFO:app.core.database:连接数据库: 172.16.10.196:5432/db_house
INFO:app.core.database:批量执行SQL完成
INFO:app.services.data_generator:表 oms_order 已插入剩余 1 条记录并缓存主键值
INFO:app.services.data_generator:依赖表 oms_order 生成完成，记录数: 1
INFO:app.services.data_generator:开始为依赖表 oms_order_item 生成数据
INFO:app.core.database:批量执行SQL，查询: INSERT INTO oms_order_item (id, order_id, product_sku, product_name, quantity, price) VALUES ($1, $2, $3, $4, $5, $6), 值数量: 1
INFO:app.core.database:连接数据库: 172.16.10.196:5432/db_house
INFO:app.core.database:批量执行SQL完成
INFO:app.services.data_generator:表 oms_order_item 已插入剩余 1 条记录并缓存主键值
INFO:app.services.data_generator:依赖表 oms_order_item 生成完成，记录数: 1
INFO:app.services.data_generator:开始为依赖表 fms_financial_transaction 生成数据
INFO:app.core.database:批量执行SQL，查询: INSERT INTO fms_financial_transaction (transaction_id, order_id, payment_method, transaction_type, transaction_amount, transaction_status, transaction_time) VALUES ($1, $2, $3, $4, $5, $6, $7), 值数量: 1
INFO:app.core.database:连接数据库: 172.16.10.196:5432/db_house
INFO:app.core.database:批量执行SQL完成
INFO:app.services.data_generator:表 fms_financial_transaction 已插入剩余 1 条记录并缓存主键值
INFO:app.services.data_generator:依赖表 fms_financial_transaction 生成完成，记录数: 1
INFO:app.services.data_generator:开始为依赖表 lms_shipment 生成数据
INFO:app.core.database:批量执行SQL，查询: INSERT INTO lms_shipment (shipment_id, order_id, carrier, sender_address, receiver_info, current_status, shipping_time, estimated_delivery, actual_delivery) VALUES ($1, $2, $3, $4, $5, $6, $7, $8, $9), 值数量: 1
INFO:app.core.database:连接数据库: 172.16.10.196:5432/db_house
INFO:app.core.database:批量执行SQL完成
INFO:app.services.data_generator:表 lms_shipment 已插入剩余 1 条记录并缓存主键值
INFO:app.services.data_generator:依赖表 lms_shipment 生成完成，记录数: 1
INFO:app.services.data_generator:数据生成完成，总记录数: 7
INFO:app.services.data_generator:退出 generate_data_for_tables 方法
INFO:app.services.data_generator:开始 generate_data_for_tables 方法
INFO:app.services.data_generator:独立表（阶段1）: ['crawler_competitor_price', 'crm_customer', 'ext_market_trend']
INFO:app.services.data_generator:依赖表（阶段2）: ['oms_order', 'lms_shipment', 'fms_financial_transaction', 'oms_order_item']
INFO:app.services.data_generator:初始化数据库计数器
INFO:app.core.database:执行查询: SELECT MAX(id) FROM crawler_competitor_price, 参数: ()
INFO:app.core.database:连接数据库: 172.16.10.196:5432/db_house
INFO:app.core.database:查询执行成功
INFO:app.core.database:执行查询: SELECT MAX(id) FROM ext_market_trend, 参数: ()
INFO:app.core.database:连接数据库: 172.16.10.196:5432/db_house
INFO:app.core.database:查询执行成功
INFO:app.core.database:执行查询: SELECT MAX(id) FROM oms_order_item, 参数: ()
INFO:app.core.database:连接数据库: 172.16.10.196:5432/db_house
INFO:app.core.database:查询执行成功
INFO:app.services.data_generator:计数器初始化完成: {'crawler_competitor_price_id': 361044, 'ext_market_trend_id': 361044, 'oms_order_item_id': 361135}
INFO:app.services.data_generator:开始处理日期: 2025-10-21
INFO:app.services.data_generator:当天计划生成记录数: 1
INFO:app.services.data_generator:已清空外键缓存
INFO:app.services.data_generator:=== 阶段1：生成独立表 ===
INFO:app.services.data_generator:开始为独立表 crawler_competitor_price 生成数据
INFO:app.core.database:批量执行SQL，查询: INSERT INTO crawler_competitor_price (id, crawl_time, platform, competitor_name, product_name, product_sku, price, promotion_info, is_in_stock) VALUES ($1, $2, $3, $4, $5, $6, $7, $8, $9), 值数量: 1
INFO:app.core.database:连接数据库: 172.16.10.196:5432/db_house
INFO:app.core.database:批量执行SQL完成
INFO:app.services.data_generator:表 crawler_competitor_price 已插入剩余 1 条记录并缓存主键值
INFO:app.services.data_generator:独立表 crawler_competitor_price 生成完成，记录数: 1
INFO:app.services.data_generator:开始为独立表 crm_customer 生成数据
INFO:app.core.database:批量执行SQL，查询: INSERT INTO crm_customer (customer_id, name, gender, phone, email, birthday, address, create_time, update_time, is_deleted) VALUES ($1, $2, $3, $4, $5, $6, $7, $8, $9, $10), 值数量: 1
INFO:app.core.database:连接数据库: 172.16.10.196:5432/db_house
INFO:app.core.database:批量执行SQL完成
INFO:app.services.data_generator:表 crm_customer 已插入剩余 1 条记录并缓存主键值
INFO:app.services.data_generator:独立表 crm_customer 生成完成，记录数: 1
INFO:app.services.data_generator:开始为独立表 ext_market_trend 生成数据
INFO:app.core.database:批量执行SQL，查询: INSERT INTO ext_market_trend (id, period, region, category, market_size, growth_rate, data_source) VALUES ($1, $2, $3, $4, $5, $6, $7), 值数量: 1
INFO:app.core.database:连接数据库: 172.16.10.196:5432/db_house
INFO:app.core.database:批量执行SQL完成
INFO:app.services.data_generator:表 ext_market_trend 已插入剩余 1 条记录并缓存主键值
INFO:app.services.data_generator:独立表 ext_market_trend 生成完成，记录数: 1
INFO:app.services.data_generator:=== 阶段2：生成依赖表 ===
INFO:app.services.data_generator:表依赖排序结果: ['oms_order', 'oms_order_item', 'fms_financial_transaction', 'lms_shipment']
INFO:app.services.data_generator:排序后的依赖表: ['oms_order', 'oms_order_item', 'fms_financial_transaction', 'lms_shipment']
INFO:app.services.data_generator:开始为依赖表 oms_order 生成数据
INFO:app.core.database:批量执行SQL，查询: INSERT INTO oms_order (order_id, order_channel, customer_code, order_amount, discount_amount, pay_amount, order_status, province, city, district, detail_address, order_time) VALUES ($1, $2, $3, $4, $5, $6, $7, $8, $9, $10, $11, $12), 值数量: 1
INFO:app.core.database:连接数据库: 172.16.10.196:5432/db_house
INFO:app.core.database:批量执行SQL完成
INFO:app.services.data_generator:表 oms_order 已插入剩余 1 条记录并缓存主键值
INFO:app.services.data_generator:依赖表 oms_order 生成完成，记录数: 1
INFO:app.services.data_generator:开始为依赖表 oms_order_item 生成数据
INFO:app.core.database:批量执行SQL，查询: INSERT INTO oms_order_item (id, order_id, product_sku, product_name, quantity, price) VALUES ($1, $2, $3, $4, $5, $6), 值数量: 1
INFO:app.core.database:连接数据库: 172.16.10.196:5432/db_house
INFO:app.core.database:批量执行SQL完成
INFO:app.services.data_generator:表 oms_order_item 已插入剩余 1 条记录并缓存主键值
INFO:app.services.data_generator:依赖表 oms_order_item 生成完成，记录数: 1
INFO:app.services.data_generator:开始为依赖表 fms_financial_transaction 生成数据
INFO:app.core.database:批量执行SQL，查询: INSERT INTO fms_financial_transaction (transaction_id, order_id, payment_method, transaction_type, transaction_amount, transaction_status, transaction_time) VALUES ($1, $2, $3, $4, $5, $6, $7), 值数量: 1
INFO:app.core.database:连接数据库: 172.16.10.196:5432/db_house
INFO:app.core.database:批量执行SQL完成
INFO:app.services.data_generator:表 fms_financial_transaction 已插入剩余 1 条记录并缓存主键值
INFO:app.services.data_generator:依赖表 fms_financial_transaction 生成完成，记录数: 1
INFO:app.services.data_generator:开始为依赖表 lms_shipment 生成数据
INFO:app.core.database:批量执行SQL，查询: INSERT INTO lms_shipment (shipment_id, order_id, carrier, sender_address, receiver_info, current_status, shipping_time, estimated_delivery, actual_delivery) VALUES ($1, $2, $3, $4, $5, $6, $7, $8, $9), 值数量: 1
INFO:app.core.database:连接数据库: 172.16.10.196:5432/db_house
INFO:app.core.database:批量执行SQL完成
INFO:app.services.data_generator:表 lms_shipment 已插入剩余 1 条记录并缓存主键值
INFO:app.services.data_generator:依赖表 lms_shipment 生成完成，记录数: 1
INFO:app.services.data_generator:数据生成完成，总记录数: 7
INFO:app.services.data_generator:退出 generate_data_for_tables 方法
INFO:app.services.data_generator:开始 generate_data_for_tables 方法
INFO:app.services.data_generator:独立表（阶段1）: ['crawler_competitor_price', 'crm_customer', 'ext_market_trend']
INFO:app.services.data_generator:依赖表（阶段2）: ['oms_order', 'lms_shipment', 'fms_financial_transaction', 'oms_order_item']
INFO:app.services.data_generator:初始化数据库计数器
INFO:app.core.database:执行查询: SELECT MAX(id) FROM crawler_competitor_price, 参数: ()
INFO:app.core.database:连接数据库: 172.16.10.196:5432/db_house
INFO:app.core.database:查询执行成功
INFO:app.core.database:执行查询: SELECT MAX(id) FROM ext_market_trend, 参数: ()
INFO:app.core.database:连接数据库: 172.16.10.196:5432/db_house
INFO:app.core.database:查询执行成功
INFO:app.core.database:执行查询: SELECT MAX(id) FROM oms_order_item, 参数: ()
INFO:app.core.database:连接数据库: 172.16.10.196:5432/db_house
INFO:app.core.database:查询执行成功
INFO:app.services.data_generator:计数器初始化完成: {'crawler_competitor_price_id': 361045, 'ext_market_trend_id': 361045, 'oms_order_item_id': 361136}
INFO:app.services.data_generator:开始处理日期: 2025-10-21
INFO:app.services.data_generator:当天计划生成记录数: 1
INFO:app.services.data_generator:已清空外键缓存
INFO:app.services.data_generator:=== 阶段1：生成独立表 ===
INFO:app.services.data_generator:开始为独立表 crawler_competitor_price 生成数据
INFO:app.core.database:批量执行SQL，查询: INSERT INTO crawler_competitor_price (id, crawl_time, platform, competitor_name, product_name, product_sku, price, promotion_info, is_in_stock) VALUES ($1, $2, $3, $4, $5, $6, $7, $8, $9), 值数量: 1
INFO:app.core.database:连接数据库: 172.16.10.196:5432/db_house
INFO:app.core.database:批量执行SQL完成
INFO:app.services.data_generator:表 crawler_competitor_price 已插入剩余 1 条记录并缓存主键值
INFO:app.services.data_generator:独立表 crawler_competitor_price 生成完成，记录数: 1
INFO:app.services.data_generator:开始为独立表 crm_customer 生成数据
INFO:app.core.database:批量执行SQL，查询: INSERT INTO crm_customer (customer_id, name, gender, phone, email, birthday, address, create_time, update_time, is_deleted) VALUES ($1, $2, $3, $4, $5, $6, $7, $8, $9, $10), 值数量: 1
INFO:app.core.database:连接数据库: 172.16.10.196:5432/db_house
INFO:app.core.database:批量执行SQL完成
INFO:app.services.data_generator:表 crm_customer 已插入剩余 1 条记录并缓存主键值
INFO:app.services.data_generator:独立表 crm_customer 生成完成，记录数: 1
INFO:app.services.data_generator:开始为独立表 ext_market_trend 生成数据
INFO:app.core.database:批量执行SQL，查询: INSERT INTO ext_market_trend (id, period, region, category, market_size, growth_rate, data_source) VALUES ($1, $2, $3, $4, $5, $6, $7), 值数量: 1
INFO:app.core.database:连接数据库: 172.16.10.196:5432/db_house
INFO:app.core.database:批量执行SQL完成
INFO:app.services.data_generator:表 ext_market_trend 已插入剩余 1 条记录并缓存主键值
INFO:app.services.data_generator:独立表 ext_market_trend 生成完成，记录数: 1
INFO:app.services.data_generator:=== 阶段2：生成依赖表 ===
INFO:app.services.data_generator:表依赖排序结果: ['oms_order', 'oms_order_item', 'fms_financial_transaction', 'lms_shipment']
INFO:app.services.data_generator:排序后的依赖表: ['oms_order', 'oms_order_item', 'fms_financial_transaction', 'lms_shipment']
INFO:app.services.data_generator:开始为依赖表 oms_order 生成数据
INFO:app.core.database:批量执行SQL，查询: INSERT INTO oms_order (order_id, order_channel, customer_code, order_amount, discount_amount, pay_amount, order_status, province, city, district, detail_address, order_time) VALUES ($1, $2, $3, $4, $5, $6, $7, $8, $9, $10, $11, $12), 值数量: 1
INFO:app.core.database:连接数据库: 172.16.10.196:5432/db_house
INFO:app.core.database:批量执行SQL完成
INFO:app.services.data_generator:表 oms_order 已插入剩余 1 条记录并缓存主键值
INFO:app.services.data_generator:依赖表 oms_order 生成完成，记录数: 1
INFO:app.services.data_generator:开始为依赖表 oms_order_item 生成数据
INFO:app.core.database:批量执行SQL，查询: INSERT INTO oms_order_item (id, order_id, product_sku, product_name, quantity, price) VALUES ($1, $2, $3, $4, $5, $6), 值数量: 1
INFO:app.core.database:连接数据库: 172.16.10.196:5432/db_house
INFO:app.core.database:批量执行SQL完成
INFO:app.services.data_generator:表 oms_order_item 已插入剩余 1 条记录并缓存主键值
INFO:app.services.data_generator:依赖表 oms_order_item 生成完成，记录数: 1
INFO:app.services.data_generator:开始为依赖表 fms_financial_transaction 生成数据
INFO:app.core.database:批量执行SQL，查询: INSERT INTO fms_financial_transaction (transaction_id, order_id, payment_method, transaction_type, transaction_amount, transaction_status, transaction_time) VALUES ($1, $2, $3, $4, $5, $6, $7), 值数量: 1
INFO:app.core.database:连接数据库: 172.16.10.196:5432/db_house
INFO:app.core.database:批量执行SQL完成
INFO:app.services.data_generator:表 fms_financial_transaction 已插入剩余 1 条记录并缓存主键值
INFO:app.services.data_generator:依赖表 fms_financial_transaction 生成完成，记录数: 1
INFO:app.services.data_generator:开始为依赖表 lms_shipment 生成数据
INFO:app.core.database:批量执行SQL，查询: INSERT INTO lms_shipment (shipment_id, order_id, carrier, sender_address, receiver_info, current_status, shipping_time, estimated_delivery, actual_delivery) VALUES ($1, $2, $3, $4, $5, $6, $7, $8, $9), 值数量: 1
INFO:app.core.database:连接数据库: 172.16.10.196:5432/db_house
INFO:app.core.database:批量执行SQL完成
INFO:app.services.data_generator:表 lms_shipment 已插入剩余 1 条记录并缓存主键值
INFO:app.services.data_generator:依赖表 lms_shipment 生成完成，记录数: 1
INFO:app.services.data_generator:数据生成完成，总记录数: 7
INFO:app.services.data_generator:退出 generate_data_for_tables 方法
INFO:app.services.data_generator:开始 generate_data_for_tables 方法
INFO:app.services.data_generator:独立表（阶段1）: ['crawler_competitor_price', 'crm_customer', 'ext_market_trend']
INFO:app.services.data_generator:依赖表（阶段2）: ['oms_order', 'lms_shipment', 'fms_financial_transaction', 'oms_order_item']
INFO:app.services.data_generator:初始化数据库计数器
INFO:app.core.database:执行查询: SELECT MAX(id) FROM crawler_competitor_price, 参数: ()
INFO:app.core.database:连接数据库: 172.16.10.196:5432/db_house
INFO:app.core.database:查询执行成功
INFO:app.core.database:执行查询: SELECT MAX(id) FROM ext_market_trend, 参数: ()
INFO:app.core.database:连接数据库: 172.16.10.196:5432/db_house
INFO:app.core.database:查询执行成功
INFO:app.core.database:执行查询: SELECT MAX(id) FROM oms_order_item, 参数: ()
INFO:app.core.database:连接数据库: 172.16.10.196:5432/db_house
INFO:app.core.database:查询执行成功
INFO:app.services.data_generator:计数器初始化完成: {'crawler_competitor_price_id': 361046, 'ext_market_trend_id': 361046, 'oms_order_item_id': 361137}
INFO:app.services.data_generator:开始处理日期: 2025-10-21
INFO:app.services.data_generator:当天计划生成记录数: 1
INFO:app.services.data_generator:已清空外键缓存
INFO:app.services.data_generator:=== 阶段1：生成独立表 ===
INFO:app.services.data_generator:开始为独立表 crawler_competitor_price 生成数据
INFO:app.core.database:批量执行SQL，查询: INSERT INTO crawler_competitor_price (id, crawl_time, platform, competitor_name, product_name, product_sku, price, promotion_info, is_in_stock) VALUES ($1, $2, $3, $4, $5, $6, $7, $8, $9), 值数量: 1
INFO:app.core.database:连接数据库: 172.16.10.196:5432/db_house
INFO:app.core.database:批量执行SQL完成
INFO:app.services.data_generator:表 crawler_competitor_price 已插入剩余 1 条记录并缓存主键值
INFO:app.services.data_generator:独立表 crawler_competitor_price 生成完成，记录数: 1
INFO:app.services.data_generator:开始为独立表 crm_customer 生成数据
INFO:app.core.database:批量执行SQL，查询: INSERT INTO crm_customer (customer_id, name, gender, phone, email, birthday, address, create_time, update_time, is_deleted) VALUES ($1, $2, $3, $4, $5, $6, $7, $8, $9, $10), 值数量: 1
INFO:app.core.database:连接数据库: 172.16.10.196:5432/db_house
INFO:app.core.database:批量执行SQL完成
INFO:app.services.data_generator:表 crm_customer 已插入剩余 1 条记录并缓存主键值
INFO:app.services.data_generator:独立表 crm_customer 生成完成，记录数: 1
INFO:app.services.data_generator:开始为独立表 ext_market_trend 生成数据
INFO:app.core.database:批量执行SQL，查询: INSERT INTO ext_market_trend (id, period, region, category, market_size, growth_rate, data_source) VALUES ($1, $2, $3, $4, $5, $6, $7), 值数量: 1
INFO:app.core.database:连接数据库: 172.16.10.196:5432/db_house
INFO:app.core.database:批量执行SQL完成
INFO:app.services.data_generator:表 ext_market_trend 已插入剩余 1 条记录并缓存主键值
INFO:app.services.data_generator:独立表 ext_market_trend 生成完成，记录数: 1
INFO:app.services.data_generator:=== 阶段2：生成依赖表 ===
INFO:app.services.data_generator:表依赖排序结果: ['oms_order', 'oms_order_item', 'fms_financial_transaction', 'lms_shipment']
INFO:app.services.data_generator:排序后的依赖表: ['oms_order', 'oms_order_item', 'fms_financial_transaction', 'lms_shipment']
INFO:app.services.data_generator:开始为依赖表 oms_order 生成数据
INFO:app.core.database:批量执行SQL，查询: INSERT INTO oms_order (order_id, order_channel, customer_code, order_amount, discount_amount, pay_amount, order_status, province, city, district, detail_address, order_time) VALUES ($1, $2, $3, $4, $5, $6, $7, $8, $9, $10, $11, $12), 值数量: 1
INFO:app.core.database:连接数据库: 172.16.10.196:5432/db_house
INFO:app.core.database:批量执行SQL完成
INFO:app.services.data_generator:表 oms_order 已插入剩余 1 条记录并缓存主键值
INFO:app.services.data_generator:依赖表 oms_order 生成完成，记录数: 1
INFO:app.services.data_generator:开始为依赖表 oms_order_item 生成数据
INFO:app.core.database:批量执行SQL，查询: INSERT INTO oms_order_item (id, order_id, product_sku, product_name, quantity, price) VALUES ($1, $2, $3, $4, $5, $6), 值数量: 1
INFO:app.core.database:连接数据库: 172.16.10.196:5432/db_house
INFO:app.core.database:批量执行SQL完成
INFO:app.services.data_generator:表 oms_order_item 已插入剩余 1 条记录并缓存主键值
INFO:app.services.data_generator:依赖表 oms_order_item 生成完成，记录数: 1
INFO:app.services.data_generator:开始为依赖表 fms_financial_transaction 生成数据
INFO:app.core.database:批量执行SQL，查询: INSERT INTO fms_financial_transaction (transaction_id, order_id, payment_method, transaction_type, transaction_amount, transaction_status, transaction_time) VALUES ($1, $2, $3, $4, $5, $6, $7), 值数量: 1
INFO:app.core.database:连接数据库: 172.16.10.196:5432/db_house
INFO:app.core.database:批量执行SQL完成
INFO:app.services.data_generator:表 fms_financial_transaction 已插入剩余 1 条记录并缓存主键值
INFO:app.services.data_generator:依赖表 fms_financial_transaction 生成完成，记录数: 1
INFO:app.services.data_generator:开始为依赖表 lms_shipment 生成数据
INFO:app.core.database:批量执行SQL，查询: INSERT INTO lms_shipment (shipment_id, order_id, carrier, sender_address, receiver_info, current_status, shipping_time, estimated_delivery, actual_delivery) VALUES ($1, $2, $3, $4, $5, $6, $7, $8, $9), 值数量: 1
INFO:app.core.database:连接数据库: 172.16.10.196:5432/db_house
INFO:app.core.database:批量执行SQL完成
INFO:app.services.data_generator:表 lms_shipment 已插入剩余 1 条记录并缓存主键值
INFO:app.services.data_generator:依赖表 lms_shipment 生成完成，记录数: 1
INFO:app.services.data_generator:数据生成完成，总记录数: 7
INFO:app.services.data_generator:退出 generate_data_for_tables 方法
INFO:app.services.data_generator:开始 generate_data_for_tables 方法
INFO:app.services.data_generator:独立表（阶段1）: ['crawler_competitor_price', 'crm_customer', 'ext_market_trend']
INFO:app.services.data_generator:依赖表（阶段2）: ['oms_order', 'lms_shipment', 'fms_financial_transaction', 'oms_order_item']
INFO:app.services.data_generator:初始化数据库计数器
INFO:app.core.database:执行查询: SELECT MAX(id) FROM crawler_competitor_price, 参数: ()
INFO:app.core.database:连接数据库: 172.16.10.196:5432/db_house
INFO:app.core.database:查询执行成功
INFO:app.core.database:执行查询: SELECT MAX(id) FROM ext_market_trend, 参数: ()
INFO:app.core.database:连接数据库: 172.16.10.196:5432/db_house
INFO:app.core.database:查询执行成功
INFO:app.core.database:执行查询: SELECT MAX(id) FROM oms_order_item, 参数: ()
INFO:app.core.database:连接数据库: 172.16.10.196:5432/db_house
INFO:app.core.database:查询执行成功
INFO:app.services.data_generator:计数器初始化完成: {'crawler_competitor_price_id': 361047, 'ext_market_trend_id': 361047, 'oms_order_item_id': 361138}
INFO:app.services.data_generator:开始处理日期: 2025-10-21
INFO:app.services.data_generator:当天计划生成记录数: 1
INFO:app.services.data_generator:已清空外键缓存
INFO:app.services.data_generator:=== 阶段1：生成独立表 ===
INFO:app.services.data_generator:开始为独立表 crawler_competitor_price 生成数据
INFO:app.core.database:批量执行SQL，查询: INSERT INTO crawler_competitor_price (id, crawl_time, platform, competitor_name, product_name, product_sku, price, promotion_info, is_in_stock) VALUES ($1, $2, $3, $4, $5, $6, $7, $8, $9), 值数量: 1
INFO:app.core.database:连接数据库: 172.16.10.196:5432/db_house
INFO:app.core.database:批量执行SQL完成
INFO:app.services.data_generator:表 crawler_competitor_price 已插入剩余 1 条记录并缓存主键值
INFO:app.services.data_generator:独立表 crawler_competitor_price 生成完成，记录数: 1
INFO:app.services.data_generator:开始为独立表 crm_customer 生成数据
INFO:app.core.database:批量执行SQL，查询: INSERT INTO crm_customer (customer_id, name, gender, phone, email, birthday, address, create_time, update_time, is_deleted) VALUES ($1, $2, $3, $4, $5, $6, $7, $8, $9, $10), 值数量: 1
INFO:app.core.database:连接数据库: 172.16.10.196:5432/db_house
INFO:app.core.database:批量执行SQL完成
INFO:app.services.data_generator:表 crm_customer 已插入剩余 1 条记录并缓存主键值
INFO:app.services.data_generator:独立表 crm_customer 生成完成，记录数: 1
INFO:app.services.data_generator:开始为独立表 ext_market_trend 生成数据
INFO:app.core.database:批量执行SQL，查询: INSERT INTO ext_market_trend (id, period, region, category, market_size, growth_rate, data_source) VALUES ($1, $2, $3, $4, $5, $6, $7), 值数量: 1
INFO:app.core.database:连接数据库: 172.16.10.196:5432/db_house
INFO:app.core.database:批量执行SQL完成
INFO:app.services.data_generator:表 ext_market_trend 已插入剩余 1 条记录并缓存主键值
INFO:app.services.data_generator:独立表 ext_market_trend 生成完成，记录数: 1
INFO:app.services.data_generator:=== 阶段2：生成依赖表 ===
INFO:app.services.data_generator:表依赖排序结果: ['oms_order', 'oms_order_item', 'fms_financial_transaction', 'lms_shipment']
INFO:app.services.data_generator:排序后的依赖表: ['oms_order', 'oms_order_item', 'fms_financial_transaction', 'lms_shipment']
INFO:app.services.data_generator:开始为依赖表 oms_order 生成数据
INFO:app.core.database:批量执行SQL，查询: INSERT INTO oms_order (order_id, order_channel, customer_code, order_amount, discount_amount, pay_amount, order_status, province, city, district, detail_address, order_time) VALUES ($1, $2, $3, $4, $5, $6, $7, $8, $9, $10, $11, $12), 值数量: 1
INFO:app.core.database:连接数据库: 172.16.10.196:5432/db_house
INFO:app.core.database:批量执行SQL完成
INFO:app.services.data_generator:表 oms_order 已插入剩余 1 条记录并缓存主键值
INFO:app.services.data_generator:依赖表 oms_order 生成完成，记录数: 1
INFO:app.services.data_generator:开始为依赖表 oms_order_item 生成数据
INFO:app.core.database:批量执行SQL，查询: INSERT INTO oms_order_item (id, order_id, product_sku, product_name, quantity, price) VALUES ($1, $2, $3, $4, $5, $6), 值数量: 1
INFO:app.core.database:连接数据库: 172.16.10.196:5432/db_house
INFO:app.core.database:批量执行SQL完成
INFO:app.services.data_generator:表 oms_order_item 已插入剩余 1 条记录并缓存主键值
INFO:app.services.data_generator:依赖表 oms_order_item 生成完成，记录数: 1
INFO:app.services.data_generator:开始为依赖表 fms_financial_transaction 生成数据
INFO:app.core.database:批量执行SQL，查询: INSERT INTO fms_financial_transaction (transaction_id, order_id, payment_method, transaction_type, transaction_amount, transaction_status, transaction_time) VALUES ($1, $2, $3, $4, $5, $6, $7), 值数量: 1
INFO:app.core.database:连接数据库: 172.16.10.196:5432/db_house
INFO:app.core.database:批量执行SQL完成
INFO:app.services.data_generator:表 fms_financial_transaction 已插入剩余 1 条记录并缓存主键值
INFO:app.services.data_generator:依赖表 fms_financial_transaction 生成完成，记录数: 1
INFO:app.services.data_generator:开始为依赖表 lms_shipment 生成数据
INFO:app.core.database:批量执行SQL，查询: INSERT INTO lms_shipment (shipment_id, order_id, carrier, sender_address, receiver_info, current_status, shipping_time, estimated_delivery, actual_delivery) VALUES ($1, $2, $3, $4, $5, $6, $7, $8, $9), 值数量: 1
INFO:app.core.database:连接数据库: 172.16.10.196:5432/db_house
INFO:app.core.database:批量执行SQL完成
INFO:app.services.data_generator:表 lms_shipment 已插入剩余 1 条记录并缓存主键值
INFO:app.services.data_generator:依赖表 lms_shipment 生成完成，记录数: 1
INFO:app.services.data_generator:数据生成完成，总记录数: 7
INFO:app.services.data_generator:退出 generate_data_for_tables 方法
INFO:app.services.data_generator:开始 generate_data_for_tables 方法
INFO:app.services.data_generator:独立表（阶段1）: ['crawler_competitor_price', 'crm_customer', 'ext_market_trend']
INFO:app.services.data_generator:依赖表（阶段2）: ['oms_order', 'lms_shipment', 'fms_financial_transaction', 'oms_order_item']
INFO:app.services.data_generator:初始化数据库计数器
INFO:app.core.database:执行查询: SELECT MAX(id) FROM crawler_competitor_price, 参数: ()
INFO:app.core.database:连接数据库: 172.16.10.196:5432/db_house
INFO:app.core.database:查询执行成功
INFO:app.core.database:执行查询: SELECT MAX(id) FROM ext_market_trend, 参数: ()
INFO:app.core.database:连接数据库: 172.16.10.196:5432/db_house
INFO:app.core.database:查询执行成功
INFO:app.core.database:执行查询: SELECT MAX(id) FROM oms_order_item, 参数: ()
INFO:app.core.database:连接数据库: 172.16.10.196:5432/db_house
INFO:app.core.database:查询执行成功
INFO:app.services.data_generator:计数器初始化完成: {'crawler_competitor_price_id': 361048, 'ext_market_trend_id': 361048, 'oms_order_item_id': 361139}
INFO:app.services.data_generator:开始处理日期: 2025-10-21
INFO:app.services.data_generator:当天计划生成记录数: 1
INFO:app.services.data_generator:已清空外键缓存
INFO:app.services.data_generator:=== 阶段1：生成独立表 ===
INFO:app.services.data_generator:开始为独立表 crawler_competitor_price 生成数据
INFO:app.core.database:批量执行SQL，查询: INSERT INTO crawler_competitor_price (id, crawl_time, platform, competitor_name, product_name, product_sku, price, promotion_info, is_in_stock) VALUES ($1, $2, $3, $4, $5, $6, $7, $8, $9), 值数量: 1
INFO:app.core.database:连接数据库: 172.16.10.196:5432/db_house
INFO:app.core.database:批量执行SQL完成
INFO:app.services.data_generator:表 crawler_competitor_price 已插入剩余 1 条记录并缓存主键值
INFO:app.services.data_generator:独立表 crawler_competitor_price 生成完成，记录数: 1
INFO:app.services.data_generator:开始为独立表 crm_customer 生成数据
INFO:app.core.database:批量执行SQL，查询: INSERT INTO crm_customer (customer_id, name, gender, phone, email, birthday, address, create_time, update_time, is_deleted) VALUES ($1, $2, $3, $4, $5, $6, $7, $8, $9, $10), 值数量: 1
INFO:app.core.database:连接数据库: 172.16.10.196:5432/db_house
INFO:app.core.database:批量执行SQL完成
INFO:app.services.data_generator:表 crm_customer 已插入剩余 1 条记录并缓存主键值
INFO:app.services.data_generator:独立表 crm_customer 生成完成，记录数: 1
INFO:app.services.data_generator:开始为独立表 ext_market_trend 生成数据
INFO:app.core.database:批量执行SQL，查询: INSERT INTO ext_market_trend (id, period, region, category, market_size, growth_rate, data_source) VALUES ($1, $2, $3, $4, $5, $6, $7), 值数量: 1
INFO:app.core.database:连接数据库: 172.16.10.196:5432/db_house
INFO:app.core.database:批量执行SQL完成
INFO:app.services.data_generator:表 ext_market_trend 已插入剩余 1 条记录并缓存主键值
INFO:app.services.data_generator:独立表 ext_market_trend 生成完成，记录数: 1
INFO:app.services.data_generator:=== 阶段2：生成依赖表 ===
INFO:app.services.data_generator:表依赖排序结果: ['oms_order', 'oms_order_item', 'fms_financial_transaction', 'lms_shipment']
INFO:app.services.data_generator:排序后的依赖表: ['oms_order', 'oms_order_item', 'fms_financial_transaction', 'lms_shipment']
INFO:app.services.data_generator:开始为依赖表 oms_order 生成数据
INFO:app.core.database:批量执行SQL，查询: INSERT INTO oms_order (order_id, order_channel, customer_code, order_amount, discount_amount, pay_amount, order_status, province, city, district, detail_address, order_time) VALUES ($1, $2, $3, $4, $5, $6, $7, $8, $9, $10, $11, $12), 值数量: 1
INFO:app.core.database:连接数据库: 172.16.10.196:5432/db_house
INFO:app.core.database:批量执行SQL完成
INFO:app.services.data_generator:表 oms_order 已插入剩余 1 条记录并缓存主键值
INFO:app.services.data_generator:依赖表 oms_order 生成完成，记录数: 1
INFO:app.services.data_generator:开始为依赖表 oms_order_item 生成数据
INFO:app.core.database:批量执行SQL，查询: INSERT INTO oms_order_item (id, order_id, product_sku, product_name, quantity, price) VALUES ($1, $2, $3, $4, $5, $6), 值数量: 1
INFO:app.core.database:连接数据库: 172.16.10.196:5432/db_house
INFO:app.core.database:批量执行SQL完成
INFO:app.services.data_generator:表 oms_order_item 已插入剩余 1 条记录并缓存主键值
INFO:app.services.data_generator:依赖表 oms_order_item 生成完成，记录数: 1
INFO:app.services.data_generator:开始为依赖表 fms_financial_transaction 生成数据
INFO:app.core.database:批量执行SQL，查询: INSERT INTO fms_financial_transaction (transaction_id, order_id, payment_method, transaction_type, transaction_amount, transaction_status, transaction_time) VALUES ($1, $2, $3, $4, $5, $6, $7), 值数量: 1
INFO:app.core.database:连接数据库: 172.16.10.196:5432/db_house
INFO:app.core.database:批量执行SQL完成
INFO:app.services.data_generator:表 fms_financial_transaction 已插入剩余 1 条记录并缓存主键值
INFO:app.services.data_generator:依赖表 fms_financial_transaction 生成完成，记录数: 1
INFO:app.services.data_generator:开始为依赖表 lms_shipment 生成数据
INFO:app.core.database:批量执行SQL，查询: INSERT INTO lms_shipment (shipment_id, order_id, carrier, sender_address, receiver_info, current_status, shipping_time, estimated_delivery, actual_delivery) VALUES ($1, $2, $3, $4, $5, $6, $7, $8, $9), 值数量: 1
INFO:app.core.database:连接数据库: 172.16.10.196:5432/db_house
INFO:app.core.database:批量执行SQL完成
INFO:app.services.data_generator:表 lms_shipment 已插入剩余 1 条记录并缓存主键值
INFO:app.services.data_generator:依赖表 lms_shipment 生成完成，记录数: 1
INFO:app.services.data_generator:数据生成完成，总记录数: 7
INFO:app.services.data_generator:退出 generate_data_for_tables 方法
INFO:app.services.data_generator:开始 generate_data_for_tables 方法
INFO:app.services.data_generator:独立表（阶段1）: ['crawler_competitor_price', 'crm_customer', 'ext_market_trend']
INFO:app.services.data_generator:依赖表（阶段2）: ['oms_order', 'lms_shipment', 'fms_financial_transaction', 'oms_order_item']
INFO:app.services.data_generator:初始化数据库计数器
INFO:app.core.database:执行查询: SELECT MAX(id) FROM crawler_competitor_price, 参数: ()
INFO:app.core.database:连接数据库: 172.16.10.196:5432/db_house
INFO:app.core.database:查询执行成功
INFO:app.core.database:执行查询: SELECT MAX(id) FROM ext_market_trend, 参数: ()
INFO:app.core.database:连接数据库: 172.16.10.196:5432/db_house
INFO:app.core.database:查询执行成功
INFO:app.core.database:执行查询: SELECT MAX(id) FROM oms_order_item, 参数: ()
INFO:app.core.database:连接数据库: 172.16.10.196:5432/db_house
INFO:app.core.database:查询执行成功
INFO:app.services.data_generator:计数器初始化完成: {'crawler_competitor_price_id': 361049, 'ext_market_trend_id': 361049, 'oms_order_item_id': 361140}
INFO:app.services.data_generator:开始处理日期: 2025-10-21
INFO:app.services.data_generator:当天计划生成记录数: 1
INFO:app.services.data_generator:已清空外键缓存
INFO:app.services.data_generator:=== 阶段1：生成独立表 ===
INFO:app.services.data_generator:开始为独立表 crawler_competitor_price 生成数据
INFO:app.core.database:批量执行SQL，查询: INSERT INTO crawler_competitor_price (id, crawl_time, platform, competitor_name, product_name, product_sku, price, promotion_info, is_in_stock) VALUES ($1, $2, $3, $4, $5, $6, $7, $8, $9), 值数量: 1
INFO:app.core.database:连接数据库: 172.16.10.196:5432/db_house
INFO:app.core.database:批量执行SQL完成
INFO:app.services.data_generator:表 crawler_competitor_price 已插入剩余 1 条记录并缓存主键值
INFO:app.services.data_generator:独立表 crawler_competitor_price 生成完成，记录数: 1
INFO:app.services.data_generator:开始为独立表 crm_customer 生成数据
INFO:app.core.database:批量执行SQL，查询: INSERT INTO crm_customer (customer_id, name, gender, phone, email, birthday, address, create_time, update_time, is_deleted) VALUES ($1, $2, $3, $4, $5, $6, $7, $8, $9, $10), 值数量: 1
INFO:app.core.database:连接数据库: 172.16.10.196:5432/db_house
INFO:app.core.database:批量执行SQL完成
INFO:app.services.data_generator:表 crm_customer 已插入剩余 1 条记录并缓存主键值
INFO:app.services.data_generator:独立表 crm_customer 生成完成，记录数: 1
INFO:app.services.data_generator:开始为独立表 ext_market_trend 生成数据
INFO:app.core.database:批量执行SQL，查询: INSERT INTO ext_market_trend (id, period, region, category, market_size, growth_rate, data_source) VALUES ($1, $2, $3, $4, $5, $6, $7), 值数量: 1
INFO:app.core.database:连接数据库: 172.16.10.196:5432/db_house
INFO:app.core.database:批量执行SQL完成
INFO:app.services.data_generator:表 ext_market_trend 已插入剩余 1 条记录并缓存主键值
INFO:app.services.data_generator:独立表 ext_market_trend 生成完成，记录数: 1
INFO:app.services.data_generator:=== 阶段2：生成依赖表 ===
INFO:app.services.data_generator:表依赖排序结果: ['oms_order', 'oms_order_item', 'fms_financial_transaction', 'lms_shipment']
INFO:app.services.data_generator:排序后的依赖表: ['oms_order', 'oms_order_item', 'fms_financial_transaction', 'lms_shipment']
INFO:app.services.data_generator:开始为依赖表 oms_order 生成数据
INFO:app.core.database:批量执行SQL，查询: INSERT INTO oms_order (order_id, order_channel, customer_code, order_amount, discount_amount, pay_amount, order_status, province, city, district, detail_address, order_time) VALUES ($1, $2, $3, $4, $5, $6, $7, $8, $9, $10, $11, $12), 值数量: 1
INFO:app.core.database:连接数据库: 172.16.10.196:5432/db_house
INFO:app.core.database:批量执行SQL完成
INFO:app.services.data_generator:表 oms_order 已插入剩余 1 条记录并缓存主键值
INFO:app.services.data_generator:依赖表 oms_order 生成完成，记录数: 1
INFO:app.services.data_generator:开始为依赖表 oms_order_item 生成数据
INFO:app.core.database:批量执行SQL，查询: INSERT INTO oms_order_item (id, order_id, product_sku, product_name, quantity, price) VALUES ($1, $2, $3, $4, $5, $6), 值数量: 1
INFO:app.core.database:连接数据库: 172.16.10.196:5432/db_house
INFO:app.core.database:批量执行SQL完成
INFO:app.services.data_generator:表 oms_order_item 已插入剩余 1 条记录并缓存主键值
INFO:app.services.data_generator:依赖表 oms_order_item 生成完成，记录数: 1
INFO:app.services.data_generator:开始为依赖表 fms_financial_transaction 生成数据
INFO:app.core.database:批量执行SQL，查询: INSERT INTO fms_financial_transaction (transaction_id, order_id, payment_method, transaction_type, transaction_amount, transaction_status, transaction_time) VALUES ($1, $2, $3, $4, $5, $6, $7), 值数量: 1
INFO:app.core.database:连接数据库: 172.16.10.196:5432/db_house
INFO:app.core.database:批量执行SQL完成
INFO:app.services.data_generator:表 fms_financial_transaction 已插入剩余 1 条记录并缓存主键值
INFO:app.services.data_generator:依赖表 fms_financial_transaction 生成完成，记录数: 1
INFO:app.services.data_generator:开始为依赖表 lms_shipment 生成数据
INFO:app.core.database:批量执行SQL，查询: INSERT INTO lms_shipment (shipment_id, order_id, carrier, sender_address, receiver_info, current_status, shipping_time, estimated_delivery, actual_delivery) VALUES ($1, $2, $3, $4, $5, $6, $7, $8, $9), 值数量: 1
INFO:app.core.database:连接数据库: 172.16.10.196:5432/db_house
INFO:app.core.database:批量执行SQL完成
INFO:app.services.data_generator:表 lms_shipment 已插入剩余 1 条记录并缓存主键值
INFO:app.services.data_generator:依赖表 lms_shipment 生成完成，记录数: 1
INFO:app.services.data_generator:数据生成完成，总记录数: 7
INFO:app.services.data_generator:退出 generate_data_for_tables 方法
INFO:app.services.data_generator:开始 generate_data_for_tables 方法
INFO:app.services.data_generator:独立表（阶段1）: ['crawler_competitor_price', 'crm_customer', 'ext_market_trend']
INFO:app.services.data_generator:依赖表（阶段2）: ['oms_order', 'lms_shipment', 'fms_financial_transaction', 'oms_order_item']
INFO:app.services.data_generator:初始化数据库计数器
INFO:app.core.database:执行查询: SELECT MAX(id) FROM crawler_competitor_price, 参数: ()
INFO:app.core.database:连接数据库: 172.16.10.196:5432/db_house
INFO:app.core.database:查询执行成功
INFO:app.core.database:执行查询: SELECT MAX(id) FROM ext_market_trend, 参数: ()
INFO:app.core.database:连接数据库: 172.16.10.196:5432/db_house
INFO:app.core.database:查询执行成功
INFO:app.core.database:执行查询: SELECT MAX(id) FROM oms_order_item, 参数: ()
INFO:app.core.database:连接数据库: 172.16.10.196:5432/db_house
INFO:app.core.database:查询执行成功
INFO:app.services.data_generator:计数器初始化完成: {'crawler_competitor_price_id': 361050, 'ext_market_trend_id': 361050, 'oms_order_item_id': 361141}
INFO:app.services.data_generator:开始处理日期: 2025-10-21
INFO:app.services.data_generator:当天计划生成记录数: 1
INFO:app.services.data_generator:已清空外键缓存
INFO:app.services.data_generator:=== 阶段1：生成独立表 ===
INFO:app.services.data_generator:开始为独立表 crawler_competitor_price 生成数据
INFO:app.core.database:批量执行SQL，查询: INSERT INTO crawler_competitor_price (id, crawl_time, platform, competitor_name, product_name, product_sku, price, promotion_info, is_in_stock) VALUES ($1, $2, $3, $4, $5, $6, $7, $8, $9), 值数量: 1
INFO:app.core.database:连接数据库: 172.16.10.196:5432/db_house
INFO:app.core.database:批量执行SQL完成
INFO:app.services.data_generator:表 crawler_competitor_price 已插入剩余 1 条记录并缓存主键值
INFO:app.services.data_generator:独立表 crawler_competitor_price 生成完成，记录数: 1
INFO:app.services.data_generator:开始为独立表 crm_customer 生成数据
INFO:app.core.database:批量执行SQL，查询: INSERT INTO crm_customer (customer_id, name, gender, phone, email, birthday, address, create_time, update_time, is_deleted) VALUES ($1, $2, $3, $4, $5, $6, $7, $8, $9, $10), 值数量: 1
INFO:app.core.database:连接数据库: 172.16.10.196:5432/db_house
INFO:app.core.database:批量执行SQL完成
INFO:app.services.data_generator:表 crm_customer 已插入剩余 1 条记录并缓存主键值
INFO:app.services.data_generator:独立表 crm_customer 生成完成，记录数: 1
INFO:app.services.data_generator:开始为独立表 ext_market_trend 生成数据
INFO:app.core.database:批量执行SQL，查询: INSERT INTO ext_market_trend (id, period, region, category, market_size, growth_rate, data_source) VALUES ($1, $2, $3, $4, $5, $6, $7), 值数量: 1
INFO:app.core.database:连接数据库: 172.16.10.196:5432/db_house
INFO:app.core.database:批量执行SQL完成
INFO:app.services.data_generator:表 ext_market_trend 已插入剩余 1 条记录并缓存主键值
INFO:app.services.data_generator:独立表 ext_market_trend 生成完成，记录数: 1
INFO:app.services.data_generator:=== 阶段2：生成依赖表 ===
INFO:app.services.data_generator:表依赖排序结果: ['oms_order', 'oms_order_item', 'fms_financial_transaction', 'lms_shipment']
INFO:app.services.data_generator:排序后的依赖表: ['oms_order', 'oms_order_item', 'fms_financial_transaction', 'lms_shipment']
INFO:app.services.data_generator:开始为依赖表 oms_order 生成数据
INFO:app.core.database:批量执行SQL，查询: INSERT INTO oms_order (order_id, order_channel, customer_code, order_amount, discount_amount, pay_amount, order_status, province, city, district, detail_address, order_time) VALUES ($1, $2, $3, $4, $5, $6, $7, $8, $9, $10, $11, $12), 值数量: 1
INFO:app.core.database:连接数据库: 172.16.10.196:5432/db_house
INFO:app.core.database:批量执行SQL完成
INFO:app.services.data_generator:表 oms_order 已插入剩余 1 条记录并缓存主键值
INFO:app.services.data_generator:依赖表 oms_order 生成完成，记录数: 1
INFO:app.services.data_generator:开始为依赖表 oms_order_item 生成数据
INFO:app.core.database:批量执行SQL，查询: INSERT INTO oms_order_item (id, order_id, product_sku, product_name, quantity, price) VALUES ($1, $2, $3, $4, $5, $6), 值数量: 1
INFO:app.core.database:连接数据库: 172.16.10.196:5432/db_house
INFO:app.core.database:批量执行SQL完成
INFO:app.services.data_generator:表 oms_order_item 已插入剩余 1 条记录并缓存主键值
INFO:app.services.data_generator:依赖表 oms_order_item 生成完成，记录数: 1
INFO:app.services.data_generator:开始为依赖表 fms_financial_transaction 生成数据
INFO:app.core.database:批量执行SQL，查询: INSERT INTO fms_financial_transaction (transaction_id, order_id, payment_method, transaction_type, transaction_amount, transaction_status, transaction_time) VALUES ($1, $2, $3, $4, $5, $6, $7), 值数量: 1
INFO:app.core.database:连接数据库: 172.16.10.196:5432/db_house
INFO:app.core.database:批量执行SQL完成
INFO:app.services.data_generator:表 fms_financial_transaction 已插入剩余 1 条记录并缓存主键值
INFO:app.services.data_generator:依赖表 fms_financial_transaction 生成完成，记录数: 1
INFO:app.services.data_generator:开始为依赖表 lms_shipment 生成数据
INFO:app.core.database:批量执行SQL，查询: INSERT INTO lms_shipment (shipment_id, order_id, carrier, sender_address, receiver_info, current_status, shipping_time, estimated_delivery, actual_delivery) VALUES ($1, $2, $3, $4, $5, $6, $7, $8, $9), 值数量: 1
INFO:app.core.database:连接数据库: 172.16.10.196:5432/db_house
INFO:app.core.database:批量执行SQL完成
INFO:app.services.data_generator:表 lms_shipment 已插入剩余 1 条记录并缓存主键值
INFO:app.services.data_generator:依赖表 lms_shipment 生成完成，记录数: 1
INFO:app.services.data_generator:数据生成完成，总记录数: 7
INFO:app.services.data_generator:退出 generate_data_for_tables 方法
INFO:app.services.data_generator:开始 generate_data_for_tables 方法
INFO:app.services.data_generator:独立表（阶段1）: ['crawler_competitor_price', 'crm_customer', 'ext_market_trend']
INFO:app.services.data_generator:依赖表（阶段2）: ['oms_order', 'lms_shipment', 'fms_financial_transaction', 'oms_order_item']
INFO:app.services.data_generator:初始化数据库计数器
INFO:app.core.database:执行查询: SELECT MAX(id) FROM crawler_competitor_price, 参数: ()
INFO:app.core.database:连接数据库: 172.16.10.196:5432/db_house
INFO:app.core.database:查询执行成功
INFO:app.core.database:执行查询: SELECT MAX(id) FROM ext_market_trend, 参数: ()
INFO:app.core.database:连接数据库: 172.16.10.196:5432/db_house
INFO:app.core.database:查询执行成功
INFO:app.core.database:执行查询: SELECT MAX(id) FROM oms_order_item, 参数: ()
INFO:app.core.database:连接数据库: 172.16.10.196:5432/db_house
INFO:app.core.database:查询执行成功
INFO:app.services.data_generator:计数器初始化完成: {'crawler_competitor_price_id': 361051, 'ext_market_trend_id': 361051, 'oms_order_item_id': 361142}
INFO:app.services.data_generator:开始处理日期: 2025-10-21
INFO:app.services.data_generator:当天计划生成记录数: 1
INFO:app.services.data_generator:已清空外键缓存
INFO:app.services.data_generator:=== 阶段1：生成独立表 ===
INFO:app.services.data_generator:开始为独立表 crawler_competitor_price 生成数据
INFO:app.core.database:批量执行SQL，查询: INSERT INTO crawler_competitor_price (id, crawl_time, platform, competitor_name, product_name, product_sku, price, promotion_info, is_in_stock) VALUES ($1, $2, $3, $4, $5, $6, $7, $8, $9), 值数量: 1
INFO:app.core.database:连接数据库: 172.16.10.196:5432/db_house
INFO:app.core.database:批量执行SQL完成
INFO:app.services.data_generator:表 crawler_competitor_price 已插入剩余 1 条记录并缓存主键值
INFO:app.services.data_generator:独立表 crawler_competitor_price 生成完成，记录数: 1
INFO:app.services.data_generator:开始为独立表 crm_customer 生成数据
INFO:app.core.database:批量执行SQL，查询: INSERT INTO crm_customer (customer_id, name, gender, phone, email, birthday, address, create_time, update_time, is_deleted) VALUES ($1, $2, $3, $4, $5, $6, $7, $8, $9, $10), 值数量: 1
INFO:app.core.database:连接数据库: 172.16.10.196:5432/db_house
INFO:app.core.database:批量执行SQL完成
INFO:app.services.data_generator:表 crm_customer 已插入剩余 1 条记录并缓存主键值
INFO:app.services.data_generator:独立表 crm_customer 生成完成，记录数: 1
INFO:app.services.data_generator:开始为独立表 ext_market_trend 生成数据
INFO:app.core.database:批量执行SQL，查询: INSERT INTO ext_market_trend (id, period, region, category, market_size, growth_rate, data_source) VALUES ($1, $2, $3, $4, $5, $6, $7), 值数量: 1
INFO:app.core.database:连接数据库: 172.16.10.196:5432/db_house
INFO:app.core.database:批量执行SQL完成
INFO:app.services.data_generator:表 ext_market_trend 已插入剩余 1 条记录并缓存主键值
INFO:app.services.data_generator:独立表 ext_market_trend 生成完成，记录数: 1
INFO:app.services.data_generator:=== 阶段2：生成依赖表 ===
INFO:app.services.data_generator:表依赖排序结果: ['oms_order', 'oms_order_item', 'fms_financial_transaction', 'lms_shipment']
INFO:app.services.data_generator:排序后的依赖表: ['oms_order', 'oms_order_item', 'fms_financial_transaction', 'lms_shipment']
INFO:app.services.data_generator:开始为依赖表 oms_order 生成数据
INFO:app.core.database:批量执行SQL，查询: INSERT INTO oms_order (order_id, order_channel, customer_code, order_amount, discount_amount, pay_amount, order_status, province, city, district, detail_address, order_time) VALUES ($1, $2, $3, $4, $5, $6, $7, $8, $9, $10, $11, $12), 值数量: 1
INFO:app.core.database:连接数据库: 172.16.10.196:5432/db_house
INFO:app.core.database:批量执行SQL完成
INFO:app.services.data_generator:表 oms_order 已插入剩余 1 条记录并缓存主键值
INFO:app.services.data_generator:依赖表 oms_order 生成完成，记录数: 1
INFO:app.services.data_generator:开始为依赖表 oms_order_item 生成数据
INFO:app.core.database:批量执行SQL，查询: INSERT INTO oms_order_item (id, order_id, product_sku, product_name, quantity, price) VALUES ($1, $2, $3, $4, $5, $6), 值数量: 1
INFO:app.core.database:连接数据库: 172.16.10.196:5432/db_house
INFO:app.core.database:批量执行SQL完成
INFO:app.services.data_generator:表 oms_order_item 已插入剩余 1 条记录并缓存主键值
INFO:app.services.data_generator:依赖表 oms_order_item 生成完成，记录数: 1
INFO:app.services.data_generator:开始为依赖表 fms_financial_transaction 生成数据
INFO:app.core.database:批量执行SQL，查询: INSERT INTO fms_financial_transaction (transaction_id, order_id, payment_method, transaction_type, transaction_amount, transaction_status, transaction_time) VALUES ($1, $2, $3, $4, $5, $6, $7), 值数量: 1
INFO:app.core.database:连接数据库: 172.16.10.196:5432/db_house
INFO:app.core.database:批量执行SQL完成
INFO:app.services.data_generator:表 fms_financial_transaction 已插入剩余 1 条记录并缓存主键值
INFO:app.services.data_generator:依赖表 fms_financial_transaction 生成完成，记录数: 1
INFO:app.services.data_generator:开始为依赖表 lms_shipment 生成数据
INFO:app.core.database:批量执行SQL，查询: INSERT INTO lms_shipment (shipment_id, order_id, carrier, sender_address, receiver_info, current_status, shipping_time, estimated_delivery, actual_delivery) VALUES ($1, $2, $3, $4, $5, $6, $7, $8, $9), 值数量: 1
INFO:app.core.database:连接数据库: 172.16.10.196:5432/db_house
INFO:app.core.database:批量执行SQL完成
INFO:app.services.data_generator:表 lms_shipment 已插入剩余 1 条记录并缓存主键值
INFO:app.services.data_generator:依赖表 lms_shipment 生成完成，记录数: 1
INFO:app.services.data_generator:数据生成完成，总记录数: 7
INFO:app.services.data_generator:退出 generate_data_for_tables 方法
INFO:app.services.data_generator:开始 generate_data_for_tables 方法
INFO:app.services.data_generator:独立表（阶段1）: ['crawler_competitor_price', 'crm_customer', 'ext_market_trend']
INFO:app.services.data_generator:依赖表（阶段2）: ['oms_order', 'lms_shipment', 'fms_financial_transaction', 'oms_order_item']
INFO:app.services.data_generator:初始化数据库计数器
INFO:app.core.database:执行查询: SELECT MAX(id) FROM crawler_competitor_price, 参数: ()
INFO:app.core.database:连接数据库: 172.16.10.196:5432/db_house
INFO:app.core.database:查询执行成功
INFO:app.core.database:执行查询: SELECT MAX(id) FROM ext_market_trend, 参数: ()
INFO:app.core.database:连接数据库: 172.16.10.196:5432/db_house
INFO:app.core.database:查询执行成功
INFO:app.core.database:执行查询: SELECT MAX(id) FROM oms_order_item, 参数: ()
INFO:app.core.database:连接数据库: 172.16.10.196:5432/db_house
INFO:app.core.database:查询执行成功
INFO:app.services.data_generator:计数器初始化完成: {'crawler_competitor_price_id': 361052, 'ext_market_trend_id': 361052, 'oms_order_item_id': 361143}
INFO:app.services.data_generator:开始处理日期: 2025-10-21
INFO:app.services.data_generator:当天计划生成记录数: 1
INFO:app.services.data_generator:已清空外键缓存
INFO:app.services.data_generator:=== 阶段1：生成独立表 ===
INFO:app.services.data_generator:开始为独立表 crawler_competitor_price 生成数据
INFO:app.core.database:批量执行SQL，查询: INSERT INTO crawler_competitor_price (id, crawl_time, platform, competitor_name, product_name, product_sku, price, promotion_info, is_in_stock) VALUES ($1, $2, $3, $4, $5, $6, $7, $8, $9), 值数量: 1
INFO:app.core.database:连接数据库: 172.16.10.196:5432/db_house
INFO:app.core.database:批量执行SQL完成
INFO:app.services.data_generator:表 crawler_competitor_price 已插入剩余 1 条记录并缓存主键值
INFO:app.services.data_generator:独立表 crawler_competitor_price 生成完成，记录数: 1
INFO:app.services.data_generator:开始为独立表 crm_customer 生成数据
INFO:app.core.database:批量执行SQL，查询: INSERT INTO crm_customer (customer_id, name, gender, phone, email, birthday, address, create_time, update_time, is_deleted) VALUES ($1, $2, $3, $4, $5, $6, $7, $8, $9, $10), 值数量: 1
INFO:app.core.database:连接数据库: 172.16.10.196:5432/db_house
INFO:app.core.database:批量执行SQL完成
INFO:app.services.data_generator:表 crm_customer 已插入剩余 1 条记录并缓存主键值
INFO:app.services.data_generator:独立表 crm_customer 生成完成，记录数: 1
INFO:app.services.data_generator:开始为独立表 ext_market_trend 生成数据
INFO:app.core.database:批量执行SQL，查询: INSERT INTO ext_market_trend (id, period, region, category, market_size, growth_rate, data_source) VALUES ($1, $2, $3, $4, $5, $6, $7), 值数量: 1
INFO:app.core.database:连接数据库: 172.16.10.196:5432/db_house
INFO:app.core.database:批量执行SQL完成
INFO:app.services.data_generator:表 ext_market_trend 已插入剩余 1 条记录并缓存主键值
INFO:app.services.data_generator:独立表 ext_market_trend 生成完成，记录数: 1
INFO:app.services.data_generator:=== 阶段2：生成依赖表 ===
INFO:app.services.data_generator:表依赖排序结果: ['oms_order', 'oms_order_item', 'fms_financial_transaction', 'lms_shipment']
INFO:app.services.data_generator:排序后的依赖表: ['oms_order', 'oms_order_item', 'fms_financial_transaction', 'lms_shipment']
INFO:app.services.data_generator:开始为依赖表 oms_order 生成数据
INFO:app.core.database:批量执行SQL，查询: INSERT INTO oms_order (order_id, order_channel, customer_code, order_amount, discount_amount, pay_amount, order_status, province, city, district, detail_address, order_time) VALUES ($1, $2, $3, $4, $5, $6, $7, $8, $9, $10, $11, $12), 值数量: 1
INFO:app.core.database:连接数据库: 172.16.10.196:5432/db_house
INFO:app.core.database:批量执行SQL完成
INFO:app.services.data_generator:表 oms_order 已插入剩余 1 条记录并缓存主键值
INFO:app.services.data_generator:依赖表 oms_order 生成完成，记录数: 1
INFO:app.services.data_generator:开始为依赖表 oms_order_item 生成数据
INFO:app.core.database:批量执行SQL，查询: INSERT INTO oms_order_item (id, order_id, product_sku, product_name, quantity, price) VALUES ($1, $2, $3, $4, $5, $6), 值数量: 1
INFO:app.core.database:连接数据库: 172.16.10.196:5432/db_house
INFO:app.core.database:批量执行SQL完成
INFO:app.services.data_generator:表 oms_order_item 已插入剩余 1 条记录并缓存主键值
INFO:app.services.data_generator:依赖表 oms_order_item 生成完成，记录数: 1
INFO:app.services.data_generator:开始为依赖表 fms_financial_transaction 生成数据
INFO:app.core.database:批量执行SQL，查询: INSERT INTO fms_financial_transaction (transaction_id, order_id, payment_method, transaction_type, transaction_amount, transaction_status, transaction_time) VALUES ($1, $2, $3, $4, $5, $6, $7), 值数量: 1
INFO:app.core.database:连接数据库: 172.16.10.196:5432/db_house
INFO:app.core.database:批量执行SQL完成
INFO:app.services.data_generator:表 fms_financial_transaction 已插入剩余 1 条记录并缓存主键值
INFO:app.services.data_generator:依赖表 fms_financial_transaction 生成完成，记录数: 1
INFO:app.services.data_generator:开始为依赖表 lms_shipment 生成数据
INFO:app.core.database:批量执行SQL，查询: INSERT INTO lms_shipment (shipment_id, order_id, carrier, sender_address, receiver_info, current_status, shipping_time, estimated_delivery, actual_delivery) VALUES ($1, $2, $3, $4, $5, $6, $7, $8, $9), 值数量: 1
INFO:app.core.database:连接数据库: 172.16.10.196:5432/db_house
INFO:app.core.database:批量执行SQL完成
INFO:app.services.data_generator:表 lms_shipment 已插入剩余 1 条记录并缓存主键值
INFO:app.services.data_generator:依赖表 lms_shipment 生成完成，记录数: 1
INFO:app.services.data_generator:数据生成完成，总记录数: 7
INFO:app.services.data_generator:退出 generate_data_for_tables 方法
INFO:app.services.data_generator:开始 generate_data_for_tables 方法
INFO:app.services.data_generator:独立表（阶段1）: ['crawler_competitor_price', 'crm_customer', 'ext_market_trend']
INFO:app.services.data_generator:依赖表（阶段2）: ['oms_order', 'lms_shipment', 'fms_financial_transaction', 'oms_order_item']
INFO:app.services.data_generator:初始化数据库计数器
INFO:app.core.database:执行查询: SELECT MAX(id) FROM crawler_competitor_price, 参数: ()
INFO:app.core.database:连接数据库: 172.16.10.196:5432/db_house
INFO:app.core.database:查询执行成功
INFO:app.core.database:执行查询: SELECT MAX(id) FROM ext_market_trend, 参数: ()
INFO:app.core.database:连接数据库: 172.16.10.196:5432/db_house
INFO:app.core.database:查询执行成功
INFO:app.core.database:执行查询: SELECT MAX(id) FROM oms_order_item, 参数: ()
INFO:app.core.database:连接数据库: 172.16.10.196:5432/db_house
INFO:app.core.database:查询执行成功
INFO:app.services.data_generator:计数器初始化完成: {'crawler_competitor_price_id': 361053, 'ext_market_trend_id': 361053, 'oms_order_item_id': 361144}
INFO:app.services.data_generator:开始处理日期: 2025-10-21
INFO:app.services.data_generator:当天计划生成记录数: 1
INFO:app.services.data_generator:已清空外键缓存
INFO:app.services.data_generator:=== 阶段1：生成独立表 ===
INFO:app.services.data_generator:开始为独立表 crawler_competitor_price 生成数据
INFO:app.core.database:批量执行SQL，查询: INSERT INTO crawler_competitor_price (id, crawl_time, platform, competitor_name, product_name, product_sku, price, promotion_info, is_in_stock) VALUES ($1, $2, $3, $4, $5, $6, $7, $8, $9), 值数量: 1
INFO:app.core.database:连接数据库: 172.16.10.196:5432/db_house
INFO:app.core.database:批量执行SQL完成
INFO:app.services.data_generator:表 crawler_competitor_price 已插入剩余 1 条记录并缓存主键值
INFO:app.services.data_generator:独立表 crawler_competitor_price 生成完成，记录数: 1
INFO:app.services.data_generator:开始为独立表 crm_customer 生成数据
INFO:app.core.database:批量执行SQL，查询: INSERT INTO crm_customer (customer_id, name, gender, phone, email, birthday, address, create_time, update_time, is_deleted) VALUES ($1, $2, $3, $4, $5, $6, $7, $8, $9, $10), 值数量: 1
INFO:app.core.database:连接数据库: 172.16.10.196:5432/db_house
INFO:app.core.database:批量执行SQL完成
INFO:app.services.data_generator:表 crm_customer 已插入剩余 1 条记录并缓存主键值
INFO:app.services.data_generator:独立表 crm_customer 生成完成，记录数: 1
INFO:app.services.data_generator:开始为独立表 ext_market_trend 生成数据
INFO:app.core.database:批量执行SQL，查询: INSERT INTO ext_market_trend (id, period, region, category, market_size, growth_rate, data_source) VALUES ($1, $2, $3, $4, $5, $6, $7), 值数量: 1
INFO:app.core.database:连接数据库: 172.16.10.196:5432/db_house
INFO:app.core.database:批量执行SQL完成
INFO:app.services.data_generator:表 ext_market_trend 已插入剩余 1 条记录并缓存主键值
INFO:app.services.data_generator:独立表 ext_market_trend 生成完成，记录数: 1
INFO:app.services.data_generator:=== 阶段2：生成依赖表 ===
INFO:app.services.data_generator:表依赖排序结果: ['oms_order', 'oms_order_item', 'fms_financial_transaction', 'lms_shipment']
INFO:app.services.data_generator:排序后的依赖表: ['oms_order', 'oms_order_item', 'fms_financial_transaction', 'lms_shipment']
INFO:app.services.data_generator:开始为依赖表 oms_order 生成数据
INFO:app.core.database:批量执行SQL，查询: INSERT INTO oms_order (order_id, order_channel, customer_code, order_amount, discount_amount, pay_amount, order_status, province, city, district, detail_address, order_time) VALUES ($1, $2, $3, $4, $5, $6, $7, $8, $9, $10, $11, $12), 值数量: 1
INFO:app.core.database:连接数据库: 172.16.10.196:5432/db_house
INFO:app.core.database:批量执行SQL完成
INFO:app.services.data_generator:表 oms_order 已插入剩余 1 条记录并缓存主键值
INFO:app.services.data_generator:依赖表 oms_order 生成完成，记录数: 1
INFO:app.services.data_generator:开始为依赖表 oms_order_item 生成数据
INFO:app.core.database:批量执行SQL，查询: INSERT INTO oms_order_item (id, order_id, product_sku, product_name, quantity, price) VALUES ($1, $2, $3, $4, $5, $6), 值数量: 1
INFO:app.core.database:连接数据库: 172.16.10.196:5432/db_house
INFO:app.core.database:批量执行SQL完成
INFO:app.services.data_generator:表 oms_order_item 已插入剩余 1 条记录并缓存主键值
INFO:app.services.data_generator:依赖表 oms_order_item 生成完成，记录数: 1
INFO:app.services.data_generator:开始为依赖表 fms_financial_transaction 生成数据
INFO:app.core.database:批量执行SQL，查询: INSERT INTO fms_financial_transaction (transaction_id, order_id, payment_method, transaction_type, transaction_amount, transaction_status, transaction_time) VALUES ($1, $2, $3, $4, $5, $6, $7), 值数量: 1
INFO:app.core.database:连接数据库: 172.16.10.196:5432/db_house
INFO:app.core.database:批量执行SQL完成
INFO:app.services.data_generator:表 fms_financial_transaction 已插入剩余 1 条记录并缓存主键值
INFO:app.services.data_generator:依赖表 fms_financial_transaction 生成完成，记录数: 1
INFO:app.services.data_generator:开始为依赖表 lms_shipment 生成数据
INFO:app.core.database:批量执行SQL，查询: INSERT INTO lms_shipment (shipment_id, order_id, carrier, sender_address, receiver_info, current_status, shipping_time, estimated_delivery, actual_delivery) VALUES ($1, $2, $3, $4, $5, $6, $7, $8, $9), 值数量: 1
INFO:app.core.database:连接数据库: 172.16.10.196:5432/db_house
INFO:app.core.database:批量执行SQL完成
INFO:app.services.data_generator:表 lms_shipment 已插入剩余 1 条记录并缓存主键值
INFO:app.services.data_generator:依赖表 lms_shipment 生成完成，记录数: 1
INFO:app.services.data_generator:数据生成完成，总记录数: 7
INFO:app.services.data_generator:退出 generate_data_for_tables 方法
INFO:app.services.data_generator:开始 generate_data_for_tables 方法
INFO:app.services.data_generator:独立表（阶段1）: ['crawler_competitor_price', 'crm_customer', 'ext_market_trend']
INFO:app.services.data_generator:依赖表（阶段2）: ['oms_order', 'lms_shipment', 'fms_financial_transaction', 'oms_order_item']
INFO:app.services.data_generator:初始化数据库计数器
INFO:app.core.database:执行查询: SELECT MAX(id) FROM crawler_competitor_price, 参数: ()
INFO:app.core.database:连接数据库: 172.16.10.196:5432/db_house
INFO:app.core.database:查询执行成功
INFO:app.core.database:执行查询: SELECT MAX(id) FROM ext_market_trend, 参数: ()
INFO:app.core.database:连接数据库: 172.16.10.196:5432/db_house
INFO:app.core.database:查询执行成功
INFO:app.core.database:执行查询: SELECT MAX(id) FROM oms_order_item, 参数: ()
INFO:app.core.database:连接数据库: 172.16.10.196:5432/db_house
INFO:app.core.database:查询执行成功
INFO:app.services.data_generator:计数器初始化完成: {'crawler_competitor_price_id': 361054, 'ext_market_trend_id': 361054, 'oms_order_item_id': 361145}
INFO:app.services.data_generator:开始处理日期: 2025-10-21
INFO:app.services.data_generator:当天计划生成记录数: 1
INFO:app.services.data_generator:已清空外键缓存
INFO:app.services.data_generator:=== 阶段1：生成独立表 ===
INFO:app.services.data_generator:开始为独立表 crawler_competitor_price 生成数据
INFO:app.core.database:批量执行SQL，查询: INSERT INTO crawler_competitor_price (id, crawl_time, platform, competitor_name, product_name, product_sku, price, promotion_info, is_in_stock) VALUES ($1, $2, $3, $4, $5, $6, $7, $8, $9), 值数量: 1
INFO:app.core.database:连接数据库: 172.16.10.196:5432/db_house
INFO:app.core.database:批量执行SQL完成
INFO:app.services.data_generator:表 crawler_competitor_price 已插入剩余 1 条记录并缓存主键值
INFO:app.services.data_generator:独立表 crawler_competitor_price 生成完成，记录数: 1
INFO:app.services.data_generator:开始为独立表 crm_customer 生成数据
INFO:app.core.database:批量执行SQL，查询: INSERT INTO crm_customer (customer_id, name, gender, phone, email, birthday, address, create_time, update_time, is_deleted) VALUES ($1, $2, $3, $4, $5, $6, $7, $8, $9, $10), 值数量: 1
INFO:app.core.database:连接数据库: 172.16.10.196:5432/db_house
INFO:app.core.database:批量执行SQL完成
INFO:app.services.data_generator:表 crm_customer 已插入剩余 1 条记录并缓存主键值
INFO:app.services.data_generator:独立表 crm_customer 生成完成，记录数: 1
INFO:app.services.data_generator:开始为独立表 ext_market_trend 生成数据
INFO:app.core.database:批量执行SQL，查询: INSERT INTO ext_market_trend (id, period, region, category, market_size, growth_rate, data_source) VALUES ($1, $2, $3, $4, $5, $6, $7), 值数量: 1
INFO:app.core.database:连接数据库: 172.16.10.196:5432/db_house
INFO:app.core.database:批量执行SQL完成
INFO:app.services.data_generator:表 ext_market_trend 已插入剩余 1 条记录并缓存主键值
INFO:app.services.data_generator:独立表 ext_market_trend 生成完成，记录数: 1
INFO:app.services.data_generator:=== 阶段2：生成依赖表 ===
INFO:app.services.data_generator:表依赖排序结果: ['oms_order', 'oms_order_item', 'fms_financial_transaction', 'lms_shipment']
INFO:app.services.data_generator:排序后的依赖表: ['oms_order', 'oms_order_item', 'fms_financial_transaction', 'lms_shipment']
INFO:app.services.data_generator:开始为依赖表 oms_order 生成数据
INFO:app.core.database:批量执行SQL，查询: INSERT INTO oms_order (order_id, order_channel, customer_code, order_amount, discount_amount, pay_amount, order_status, province, city, district, detail_address, order_time) VALUES ($1, $2, $3, $4, $5, $6, $7, $8, $9, $10, $11, $12), 值数量: 1
INFO:app.core.database:连接数据库: 172.16.10.196:5432/db_house
INFO:app.core.database:批量执行SQL完成
INFO:app.services.data_generator:表 oms_order 已插入剩余 1 条记录并缓存主键值
INFO:app.services.data_generator:依赖表 oms_order 生成完成，记录数: 1
INFO:app.services.data_generator:开始为依赖表 oms_order_item 生成数据
INFO:app.core.database:批量执行SQL，查询: INSERT INTO oms_order_item (id, order_id, product_sku, product_name, quantity, price) VALUES ($1, $2, $3, $4, $5, $6), 值数量: 1
INFO:app.core.database:连接数据库: 172.16.10.196:5432/db_house
INFO:app.core.database:批量执行SQL完成
INFO:app.services.data_generator:表 oms_order_item 已插入剩余 1 条记录并缓存主键值
INFO:app.services.data_generator:依赖表 oms_order_item 生成完成，记录数: 1
INFO:app.services.data_generator:开始为依赖表 fms_financial_transaction 生成数据
INFO:app.core.database:批量执行SQL，查询: INSERT INTO fms_financial_transaction (transaction_id, order_id, payment_method, transaction_type, transaction_amount, transaction_status, transaction_time) VALUES ($1, $2, $3, $4, $5, $6, $7), 值数量: 1
INFO:app.core.database:连接数据库: 172.16.10.196:5432/db_house
INFO:app.core.database:批量执行SQL完成
INFO:app.services.data_generator:表 fms_financial_transaction 已插入剩余 1 条记录并缓存主键值
INFO:app.services.data_generator:依赖表 fms_financial_transaction 生成完成，记录数: 1
INFO:app.services.data_generator:开始为依赖表 lms_shipment 生成数据
INFO:app.core.database:批量执行SQL，查询: INSERT INTO lms_shipment (shipment_id, order_id, carrier, sender_address, receiver_info, current_status, shipping_time, estimated_delivery, actual_delivery) VALUES ($1, $2, $3, $4, $5, $6, $7, $8, $9), 值数量: 1
INFO:app.core.database:连接数据库: 172.16.10.196:5432/db_house
INFO:app.core.database:批量执行SQL完成
INFO:app.services.data_generator:表 lms_shipment 已插入剩余 1 条记录并缓存主键值
INFO:app.services.data_generator:依赖表 lms_shipment 生成完成，记录数: 1
INFO:app.services.data_generator:数据生成完成，总记录数: 7
INFO:app.services.data_generator:退出 generate_data_for_tables 方法
INFO:app.services.data_generator:开始 generate_data_for_tables 方法
INFO:app.services.data_generator:独立表（阶段1）: ['crawler_competitor_price', 'crm_customer', 'ext_market_trend']
INFO:app.services.data_generator:依赖表（阶段2）: ['oms_order', 'lms_shipment', 'fms_financial_transaction', 'oms_order_item']
INFO:app.services.data_generator:初始化数据库计数器
INFO:app.core.database:执行查询: SELECT MAX(id) FROM crawler_competitor_price, 参数: ()
INFO:app.core.database:连接数据库: 172.16.10.196:5432/db_house
INFO:app.core.database:查询执行成功
INFO:app.core.database:执行查询: SELECT MAX(id) FROM ext_market_trend, 参数: ()
INFO:app.core.database:连接数据库: 172.16.10.196:5432/db_house
INFO:app.core.database:查询执行成功
INFO:app.core.database:执行查询: SELECT MAX(id) FROM oms_order_item, 参数: ()
INFO:app.core.database:连接数据库: 172.16.10.196:5432/db_house
INFO:app.core.database:查询执行成功
INFO:app.services.data_generator:计数器初始化完成: {'crawler_competitor_price_id': 361055, 'ext_market_trend_id': 361055, 'oms_order_item_id': 361146}
INFO:app.services.data_generator:开始处理日期: 2025-10-21
INFO:app.services.data_generator:当天计划生成记录数: 1
INFO:app.services.data_generator:已清空外键缓存
INFO:app.services.data_generator:=== 阶段1：生成独立表 ===
INFO:app.services.data_generator:开始为独立表 crawler_competitor_price 生成数据
INFO:app.core.database:批量执行SQL，查询: INSERT INTO crawler_competitor_price (id, crawl_time, platform, competitor_name, product_name, product_sku, price, promotion_info, is_in_stock) VALUES ($1, $2, $3, $4, $5, $6, $7, $8, $9), 值数量: 1
INFO:app.core.database:连接数据库: 172.16.10.196:5432/db_house
INFO:app.core.database:批量执行SQL完成
INFO:app.services.data_generator:表 crawler_competitor_price 已插入剩余 1 条记录并缓存主键值
INFO:app.services.data_generator:独立表 crawler_competitor_price 生成完成，记录数: 1
INFO:app.services.data_generator:开始为独立表 crm_customer 生成数据
INFO:app.core.database:批量执行SQL，查询: INSERT INTO crm_customer (customer_id, name, gender, phone, email, birthday, address, create_time, update_time, is_deleted) VALUES ($1, $2, $3, $4, $5, $6, $7, $8, $9, $10), 值数量: 1
INFO:app.core.database:连接数据库: 172.16.10.196:5432/db_house
INFO:app.core.database:批量执行SQL完成
INFO:app.services.data_generator:表 crm_customer 已插入剩余 1 条记录并缓存主键值
INFO:app.services.data_generator:独立表 crm_customer 生成完成，记录数: 1
INFO:app.services.data_generator:开始为独立表 ext_market_trend 生成数据
INFO:app.core.database:批量执行SQL，查询: INSERT INTO ext_market_trend (id, period, region, category, market_size, growth_rate, data_source) VALUES ($1, $2, $3, $4, $5, $6, $7), 值数量: 1
INFO:app.core.database:连接数据库: 172.16.10.196:5432/db_house
INFO:app.core.database:批量执行SQL完成
INFO:app.services.data_generator:表 ext_market_trend 已插入剩余 1 条记录并缓存主键值
INFO:app.services.data_generator:独立表 ext_market_trend 生成完成，记录数: 1
INFO:app.services.data_generator:=== 阶段2：生成依赖表 ===
INFO:app.services.data_generator:表依赖排序结果: ['oms_order', 'oms_order_item', 'fms_financial_transaction', 'lms_shipment']
INFO:app.services.data_generator:排序后的依赖表: ['oms_order', 'oms_order_item', 'fms_financial_transaction', 'lms_shipment']
INFO:app.services.data_generator:开始为依赖表 oms_order 生成数据
INFO:app.core.database:批量执行SQL，查询: INSERT INTO oms_order (order_id, order_channel, customer_code, order_amount, discount_amount, pay_amount, order_status, province, city, district, detail_address, order_time) VALUES ($1, $2, $3, $4, $5, $6, $7, $8, $9, $10, $11, $12), 值数量: 1
INFO:app.core.database:连接数据库: 172.16.10.196:5432/db_house
INFO:app.core.database:批量执行SQL完成
INFO:app.services.data_generator:表 oms_order 已插入剩余 1 条记录并缓存主键值
INFO:app.services.data_generator:依赖表 oms_order 生成完成，记录数: 1
INFO:app.services.data_generator:开始为依赖表 oms_order_item 生成数据
INFO:app.core.database:批量执行SQL，查询: INSERT INTO oms_order_item (id, order_id, product_sku, product_name, quantity, price) VALUES ($1, $2, $3, $4, $5, $6), 值数量: 1
INFO:app.core.database:连接数据库: 172.16.10.196:5432/db_house
INFO:app.core.database:批量执行SQL完成
INFO:app.services.data_generator:表 oms_order_item 已插入剩余 1 条记录并缓存主键值
INFO:app.services.data_generator:依赖表 oms_order_item 生成完成，记录数: 1
INFO:app.services.data_generator:开始为依赖表 fms_financial_transaction 生成数据
INFO:app.core.database:批量执行SQL，查询: INSERT INTO fms_financial_transaction (transaction_id, order_id, payment_method, transaction_type, transaction_amount, transaction_status, transaction_time) VALUES ($1, $2, $3, $4, $5, $6, $7), 值数量: 1
INFO:app.core.database:连接数据库: 172.16.10.196:5432/db_house
INFO:app.core.database:批量执行SQL完成
INFO:app.services.data_generator:表 fms_financial_transaction 已插入剩余 1 条记录并缓存主键值
INFO:app.services.data_generator:依赖表 fms_financial_transaction 生成完成，记录数: 1
INFO:app.services.data_generator:开始为依赖表 lms_shipment 生成数据
INFO:app.core.database:批量执行SQL，查询: INSERT INTO lms_shipment (shipment_id, order_id, carrier, sender_address, receiver_info, current_status, shipping_time, estimated_delivery, actual_delivery) VALUES ($1, $2, $3, $4, $5, $6, $7, $8, $9), 值数量: 1
INFO:app.core.database:连接数据库: 172.16.10.196:5432/db_house
INFO:app.core.database:批量执行SQL完成
INFO:app.services.data_generator:表 lms_shipment 已插入剩余 1 条记录并缓存主键值
INFO:app.services.data_generator:依赖表 lms_shipment 生成完成，记录数: 1
INFO:app.services.data_generator:数据生成完成，总记录数: 7
INFO:app.services.data_generator:退出 generate_data_for_tables 方法
INFO:app.services.data_generator:开始 generate_data_for_tables 方法
INFO:app.services.data_generator:独立表（阶段1）: ['crawler_competitor_price', 'crm_customer', 'ext_market_trend']
INFO:app.services.data_generator:依赖表（阶段2）: ['oms_order', 'lms_shipment', 'fms_financial_transaction', 'oms_order_item']
INFO:app.services.data_generator:初始化数据库计数器
INFO:app.core.database:执行查询: SELECT MAX(id) FROM crawler_competitor_price, 参数: ()
INFO:app.core.database:连接数据库: 172.16.10.196:5432/db_house
INFO:app.core.database:查询执行成功
INFO:app.core.database:执行查询: SELECT MAX(id) FROM ext_market_trend, 参数: ()
INFO:app.core.database:连接数据库: 172.16.10.196:5432/db_house
INFO:app.core.database:查询执行成功
INFO:app.core.database:执行查询: SELECT MAX(id) FROM oms_order_item, 参数: ()
INFO:app.core.database:连接数据库: 172.16.10.196:5432/db_house
INFO:app.core.database:查询执行成功
INFO:app.services.data_generator:计数器初始化完成: {'crawler_competitor_price_id': 361056, 'ext_market_trend_id': 361056, 'oms_order_item_id': 361147}
INFO:app.services.data_generator:开始处理日期: 2025-10-21
INFO:app.services.data_generator:当天计划生成记录数: 1
INFO:app.services.data_generator:已清空外键缓存
INFO:app.services.data_generator:=== 阶段1：生成独立表 ===
INFO:app.services.data_generator:开始为独立表 crawler_competitor_price 生成数据
INFO:app.core.database:批量执行SQL，查询: INSERT INTO crawler_competitor_price (id, crawl_time, platform, competitor_name, product_name, product_sku, price, promotion_info, is_in_stock) VALUES ($1, $2, $3, $4, $5, $6, $7, $8, $9), 值数量: 1
INFO:app.core.database:连接数据库: 172.16.10.196:5432/db_house
INFO:app.core.database:批量执行SQL完成
INFO:app.services.data_generator:表 crawler_competitor_price 已插入剩余 1 条记录并缓存主键值
INFO:app.services.data_generator:独立表 crawler_competitor_price 生成完成，记录数: 1
INFO:app.services.data_generator:开始为独立表 crm_customer 生成数据
INFO:app.core.database:批量执行SQL，查询: INSERT INTO crm_customer (customer_id, name, gender, phone, email, birthday, address, create_time, update_time, is_deleted) VALUES ($1, $2, $3, $4, $5, $6, $7, $8, $9, $10), 值数量: 1
INFO:app.core.database:连接数据库: 172.16.10.196:5432/db_house
INFO:app.core.database:批量执行SQL完成
INFO:app.services.data_generator:表 crm_customer 已插入剩余 1 条记录并缓存主键值
INFO:app.services.data_generator:独立表 crm_customer 生成完成，记录数: 1
INFO:app.services.data_generator:开始为独立表 ext_market_trend 生成数据
INFO:app.core.database:批量执行SQL，查询: INSERT INTO ext_market_trend (id, period, region, category, market_size, growth_rate, data_source) VALUES ($1, $2, $3, $4, $5, $6, $7), 值数量: 1
INFO:app.core.database:连接数据库: 172.16.10.196:5432/db_house
INFO:app.core.database:批量执行SQL完成
INFO:app.services.data_generator:表 ext_market_trend 已插入剩余 1 条记录并缓存主键值
INFO:app.services.data_generator:独立表 ext_market_trend 生成完成，记录数: 1
INFO:app.services.data_generator:=== 阶段2：生成依赖表 ===
INFO:app.services.data_generator:表依赖排序结果: ['oms_order', 'oms_order_item', 'fms_financial_transaction', 'lms_shipment']
INFO:app.services.data_generator:排序后的依赖表: ['oms_order', 'oms_order_item', 'fms_financial_transaction', 'lms_shipment']
INFO:app.services.data_generator:开始为依赖表 oms_order 生成数据
INFO:app.core.database:批量执行SQL，查询: INSERT INTO oms_order (order_id, order_channel, customer_code, order_amount, discount_amount, pay_amount, order_status, province, city, district, detail_address, order_time) VALUES ($1, $2, $3, $4, $5, $6, $7, $8, $9, $10, $11, $12), 值数量: 1
INFO:app.core.database:连接数据库: 172.16.10.196:5432/db_house
INFO:app.core.database:批量执行SQL完成
INFO:app.services.data_generator:表 oms_order 已插入剩余 1 条记录并缓存主键值
INFO:app.services.data_generator:依赖表 oms_order 生成完成，记录数: 1
INFO:app.services.data_generator:开始为依赖表 oms_order_item 生成数据
INFO:app.core.database:批量执行SQL，查询: INSERT INTO oms_order_item (id, order_id, product_sku, product_name, quantity, price) VALUES ($1, $2, $3, $4, $5, $6), 值数量: 1
INFO:app.core.database:连接数据库: 172.16.10.196:5432/db_house
INFO:app.core.database:批量执行SQL完成
INFO:app.services.data_generator:表 oms_order_item 已插入剩余 1 条记录并缓存主键值
INFO:app.services.data_generator:依赖表 oms_order_item 生成完成，记录数: 1
INFO:app.services.data_generator:开始为依赖表 fms_financial_transaction 生成数据
INFO:app.core.database:批量执行SQL，查询: INSERT INTO fms_financial_transaction (transaction_id, order_id, payment_method, transaction_type, transaction_amount, transaction_status, transaction_time) VALUES ($1, $2, $3, $4, $5, $6, $7), 值数量: 1
INFO:app.core.database:连接数据库: 172.16.10.196:5432/db_house
INFO:app.core.database:批量执行SQL完成
INFO:app.services.data_generator:表 fms_financial_transaction 已插入剩余 1 条记录并缓存主键值
INFO:app.services.data_generator:依赖表 fms_financial_transaction 生成完成，记录数: 1
INFO:app.services.data_generator:开始为依赖表 lms_shipment 生成数据
INFO:app.core.database:批量执行SQL，查询: INSERT INTO lms_shipment (shipment_id, order_id, carrier, sender_address, receiver_info, current_status, shipping_time, estimated_delivery, actual_delivery) VALUES ($1, $2, $3, $4, $5, $6, $7, $8, $9), 值数量: 1
INFO:app.core.database:连接数据库: 172.16.10.196:5432/db_house
INFO:app.core.database:批量执行SQL完成
INFO:app.services.data_generator:表 lms_shipment 已插入剩余 1 条记录并缓存主键值
INFO:app.services.data_generator:依赖表 lms_shipment 生成完成，记录数: 1
INFO:app.services.data_generator:数据生成完成，总记录数: 7
INFO:app.services.data_generator:退出 generate_data_for_tables 方法
INFO:app.services.data_generator:开始 generate_data_for_tables 方法
INFO:app.services.data_generator:独立表（阶段1）: ['crawler_competitor_price', 'crm_customer', 'ext_market_trend']
INFO:app.services.data_generator:依赖表（阶段2）: ['oms_order', 'lms_shipment', 'fms_financial_transaction', 'oms_order_item']
INFO:app.services.data_generator:初始化数据库计数器
INFO:app.core.database:执行查询: SELECT MAX(id) FROM crawler_competitor_price, 参数: ()
INFO:app.core.database:连接数据库: 172.16.10.196:5432/db_house
INFO:app.core.database:查询执行成功
INFO:app.core.database:执行查询: SELECT MAX(id) FROM ext_market_trend, 参数: ()
INFO:app.core.database:连接数据库: 172.16.10.196:5432/db_house
INFO:app.core.database:查询执行成功
INFO:app.core.database:执行查询: SELECT MAX(id) FROM oms_order_item, 参数: ()
INFO:app.core.database:连接数据库: 172.16.10.196:5432/db_house
INFO:app.core.database:查询执行成功
INFO:app.services.data_generator:计数器初始化完成: {'crawler_competitor_price_id': 361057, 'ext_market_trend_id': 361057, 'oms_order_item_id': 361148}
INFO:app.services.data_generator:开始处理日期: 2025-10-21
INFO:app.services.data_generator:当天计划生成记录数: 1
INFO:app.services.data_generator:已清空外键缓存
INFO:app.services.data_generator:=== 阶段1：生成独立表 ===
INFO:app.services.data_generator:开始为独立表 crawler_competitor_price 生成数据
INFO:app.core.database:批量执行SQL，查询: INSERT INTO crawler_competitor_price (id, crawl_time, platform, competitor_name, product_name, product_sku, price, promotion_info, is_in_stock) VALUES ($1, $2, $3, $4, $5, $6, $7, $8, $9), 值数量: 1
INFO:app.core.database:连接数据库: 172.16.10.196:5432/db_house
INFO:app.core.database:批量执行SQL完成
INFO:app.services.data_generator:表 crawler_competitor_price 已插入剩余 1 条记录并缓存主键值
INFO:app.services.data_generator:独立表 crawler_competitor_price 生成完成，记录数: 1
INFO:app.services.data_generator:开始为独立表 crm_customer 生成数据
INFO:app.core.database:批量执行SQL，查询: INSERT INTO crm_customer (customer_id, name, gender, phone, email, birthday, address, create_time, update_time, is_deleted) VALUES ($1, $2, $3, $4, $5, $6, $7, $8, $9, $10), 值数量: 1
INFO:app.core.database:连接数据库: 172.16.10.196:5432/db_house
INFO:app.core.database:批量执行SQL完成
INFO:app.services.data_generator:表 crm_customer 已插入剩余 1 条记录并缓存主键值
INFO:app.services.data_generator:独立表 crm_customer 生成完成，记录数: 1
INFO:app.services.data_generator:开始为独立表 ext_market_trend 生成数据
INFO:app.core.database:批量执行SQL，查询: INSERT INTO ext_market_trend (id, period, region, category, market_size, growth_rate, data_source) VALUES ($1, $2, $3, $4, $5, $6, $7), 值数量: 1
INFO:app.core.database:连接数据库: 172.16.10.196:5432/db_house
INFO:app.core.database:批量执行SQL完成
INFO:app.services.data_generator:表 ext_market_trend 已插入剩余 1 条记录并缓存主键值
INFO:app.services.data_generator:独立表 ext_market_trend 生成完成，记录数: 1
INFO:app.services.data_generator:=== 阶段2：生成依赖表 ===
INFO:app.services.data_generator:表依赖排序结果: ['oms_order', 'oms_order_item', 'fms_financial_transaction', 'lms_shipment']
INFO:app.services.data_generator:排序后的依赖表: ['oms_order', 'oms_order_item', 'fms_financial_transaction', 'lms_shipment']
INFO:app.services.data_generator:开始为依赖表 oms_order 生成数据
INFO:app.core.database:批量执行SQL，查询: INSERT INTO oms_order (order_id, order_channel, customer_code, order_amount, discount_amount, pay_amount, order_status, province, city, district, detail_address, order_time) VALUES ($1, $2, $3, $4, $5, $6, $7, $8, $9, $10, $11, $12), 值数量: 1
INFO:app.core.database:连接数据库: 172.16.10.196:5432/db_house
INFO:app.core.database:批量执行SQL完成
INFO:app.services.data_generator:表 oms_order 已插入剩余 1 条记录并缓存主键值
INFO:app.services.data_generator:依赖表 oms_order 生成完成，记录数: 1
INFO:app.services.data_generator:开始为依赖表 oms_order_item 生成数据
INFO:app.core.database:批量执行SQL，查询: INSERT INTO oms_order_item (id, order_id, product_sku, product_name, quantity, price) VALUES ($1, $2, $3, $4, $5, $6), 值数量: 1
INFO:app.core.database:连接数据库: 172.16.10.196:5432/db_house
INFO:app.core.database:批量执行SQL完成
INFO:app.services.data_generator:表 oms_order_item 已插入剩余 1 条记录并缓存主键值
INFO:app.services.data_generator:依赖表 oms_order_item 生成完成，记录数: 1
INFO:app.services.data_generator:开始为依赖表 fms_financial_transaction 生成数据
INFO:app.core.database:批量执行SQL，查询: INSERT INTO fms_financial_transaction (transaction_id, order_id, payment_method, transaction_type, transaction_amount, transaction_status, transaction_time) VALUES ($1, $2, $3, $4, $5, $6, $7), 值数量: 1
INFO:app.core.database:连接数据库: 172.16.10.196:5432/db_house
INFO:app.core.database:批量执行SQL完成
INFO:app.services.data_generator:表 fms_financial_transaction 已插入剩余 1 条记录并缓存主键值
INFO:app.services.data_generator:依赖表 fms_financial_transaction 生成完成，记录数: 1
INFO:app.services.data_generator:开始为依赖表 lms_shipment 生成数据
INFO:app.core.database:批量执行SQL，查询: INSERT INTO lms_shipment (shipment_id, order_id, carrier, sender_address, receiver_info, current_status, shipping_time, estimated_delivery, actual_delivery) VALUES ($1, $2, $3, $4, $5, $6, $7, $8, $9), 值数量: 1
INFO:app.core.database:连接数据库: 172.16.10.196:5432/db_house
INFO:app.core.database:批量执行SQL完成
INFO:app.services.data_generator:表 lms_shipment 已插入剩余 1 条记录并缓存主键值
INFO:app.services.data_generator:依赖表 lms_shipment 生成完成，记录数: 1
INFO:app.services.data_generator:数据生成完成，总记录数: 7
INFO:app.services.data_generator:退出 generate_data_for_tables 方法
INFO:app.services.data_generator:开始 generate_data_for_tables 方法
INFO:app.services.data_generator:独立表（阶段1）: ['crawler_competitor_price', 'crm_customer', 'ext_market_trend']
INFO:app.services.data_generator:依赖表（阶段2）: ['oms_order', 'lms_shipment', 'fms_financial_transaction', 'oms_order_item']
INFO:app.services.data_generator:初始化数据库计数器
INFO:app.core.database:执行查询: SELECT MAX(id) FROM crawler_competitor_price, 参数: ()
INFO:app.core.database:连接数据库: 172.16.10.196:5432/db_house
INFO:app.core.database:查询执行成功
INFO:app.core.database:执行查询: SELECT MAX(id) FROM ext_market_trend, 参数: ()
INFO:app.core.database:连接数据库: 172.16.10.196:5432/db_house
INFO:app.core.database:查询执行成功
INFO:app.core.database:执行查询: SELECT MAX(id) FROM oms_order_item, 参数: ()
INFO:app.core.database:连接数据库: 172.16.10.196:5432/db_house
INFO:app.core.database:查询执行成功
INFO:app.services.data_generator:计数器初始化完成: {'crawler_competitor_price_id': 361058, 'ext_market_trend_id': 361058, 'oms_order_item_id': 361149}
INFO:app.services.data_generator:开始处理日期: 2025-10-21
INFO:app.services.data_generator:当天计划生成记录数: 1
INFO:app.services.data_generator:已清空外键缓存
INFO:app.services.data_generator:=== 阶段1：生成独立表 ===
INFO:app.services.data_generator:开始为独立表 crawler_competitor_price 生成数据
INFO:app.core.database:批量执行SQL，查询: INSERT INTO crawler_competitor_price (id, crawl_time, platform, competitor_name, product_name, product_sku, price, promotion_info, is_in_stock) VALUES ($1, $2, $3, $4, $5, $6, $7, $8, $9), 值数量: 1
INFO:app.core.database:连接数据库: 172.16.10.196:5432/db_house
INFO:app.core.database:批量执行SQL完成
INFO:app.services.data_generator:表 crawler_competitor_price 已插入剩余 1 条记录并缓存主键值
INFO:app.services.data_generator:独立表 crawler_competitor_price 生成完成，记录数: 1
INFO:app.services.data_generator:开始为独立表 crm_customer 生成数据
INFO:app.core.database:批量执行SQL，查询: INSERT INTO crm_customer (customer_id, name, gender, phone, email, birthday, address, create_time, update_time, is_deleted) VALUES ($1, $2, $3, $4, $5, $6, $7, $8, $9, $10), 值数量: 1
INFO:app.core.database:连接数据库: 172.16.10.196:5432/db_house
INFO:app.core.database:批量执行SQL完成
INFO:app.services.data_generator:表 crm_customer 已插入剩余 1 条记录并缓存主键值
INFO:app.services.data_generator:独立表 crm_customer 生成完成，记录数: 1
INFO:app.services.data_generator:开始为独立表 ext_market_trend 生成数据
INFO:app.core.database:批量执行SQL，查询: INSERT INTO ext_market_trend (id, period, region, category, market_size, growth_rate, data_source) VALUES ($1, $2, $3, $4, $5, $6, $7), 值数量: 1
INFO:app.core.database:连接数据库: 172.16.10.196:5432/db_house
INFO:app.core.database:批量执行SQL完成
INFO:app.services.data_generator:表 ext_market_trend 已插入剩余 1 条记录并缓存主键值
INFO:app.services.data_generator:独立表 ext_market_trend 生成完成，记录数: 1
INFO:app.services.data_generator:=== 阶段2：生成依赖表 ===
INFO:app.services.data_generator:表依赖排序结果: ['oms_order', 'oms_order_item', 'fms_financial_transaction', 'lms_shipment']
INFO:app.services.data_generator:排序后的依赖表: ['oms_order', 'oms_order_item', 'fms_financial_transaction', 'lms_shipment']
INFO:app.services.data_generator:开始为依赖表 oms_order 生成数据
INFO:app.core.database:批量执行SQL，查询: INSERT INTO oms_order (order_id, order_channel, customer_code, order_amount, discount_amount, pay_amount, order_status, province, city, district, detail_address, order_time) VALUES ($1, $2, $3, $4, $5, $6, $7, $8, $9, $10, $11, $12), 值数量: 1
INFO:app.core.database:连接数据库: 172.16.10.196:5432/db_house
INFO:app.core.database:批量执行SQL完成
INFO:app.services.data_generator:表 oms_order 已插入剩余 1 条记录并缓存主键值
INFO:app.services.data_generator:依赖表 oms_order 生成完成，记录数: 1
INFO:app.services.data_generator:开始为依赖表 oms_order_item 生成数据
INFO:app.core.database:批量执行SQL，查询: INSERT INTO oms_order_item (id, order_id, product_sku, product_name, quantity, price) VALUES ($1, $2, $3, $4, $5, $6), 值数量: 1
INFO:app.core.database:连接数据库: 172.16.10.196:5432/db_house
INFO:app.core.database:批量执行SQL完成
INFO:app.services.data_generator:表 oms_order_item 已插入剩余 1 条记录并缓存主键值
INFO:app.services.data_generator:依赖表 oms_order_item 生成完成，记录数: 1
INFO:app.services.data_generator:开始为依赖表 fms_financial_transaction 生成数据
INFO:app.core.database:批量执行SQL，查询: INSERT INTO fms_financial_transaction (transaction_id, order_id, payment_method, transaction_type, transaction_amount, transaction_status, transaction_time) VALUES ($1, $2, $3, $4, $5, $6, $7), 值数量: 1
INFO:app.core.database:连接数据库: 172.16.10.196:5432/db_house
INFO:app.core.database:批量执行SQL完成
INFO:app.services.data_generator:表 fms_financial_transaction 已插入剩余 1 条记录并缓存主键值
INFO:app.services.data_generator:依赖表 fms_financial_transaction 生成完成，记录数: 1
INFO:app.services.data_generator:开始为依赖表 lms_shipment 生成数据
INFO:app.core.database:批量执行SQL，查询: INSERT INTO lms_shipment (shipment_id, order_id, carrier, sender_address, receiver_info, current_status, shipping_time, estimated_delivery, actual_delivery) VALUES ($1, $2, $3, $4, $5, $6, $7, $8, $9), 值数量: 1
INFO:app.core.database:连接数据库: 172.16.10.196:5432/db_house
INFO:app.core.database:批量执行SQL完成
INFO:app.services.data_generator:表 lms_shipment 已插入剩余 1 条记录并缓存主键值
INFO:app.services.data_generator:依赖表 lms_shipment 生成完成，记录数: 1
INFO:app.services.data_generator:数据生成完成，总记录数: 7
INFO:app.services.data_generator:退出 generate_data_for_tables 方法
INFO:app.services.data_generator:开始 generate_data_for_tables 方法
INFO:app.services.data_generator:独立表（阶段1）: ['crawler_competitor_price', 'crm_customer', 'ext_market_trend']
INFO:app.services.data_generator:依赖表（阶段2）: ['oms_order', 'lms_shipment', 'fms_financial_transaction', 'oms_order_item']
INFO:app.services.data_generator:初始化数据库计数器
INFO:app.core.database:执行查询: SELECT MAX(id) FROM crawler_competitor_price, 参数: ()
INFO:app.core.database:连接数据库: 172.16.10.196:5432/db_house
INFO:app.core.database:查询执行成功
INFO:app.core.database:执行查询: SELECT MAX(id) FROM ext_market_trend, 参数: ()
INFO:app.core.database:连接数据库: 172.16.10.196:5432/db_house
INFO:app.core.database:查询执行成功
INFO:app.core.database:执行查询: SELECT MAX(id) FROM oms_order_item, 参数: ()
INFO:app.core.database:连接数据库: 172.16.10.196:5432/db_house
INFO:app.core.database:查询执行成功
INFO:app.services.data_generator:计数器初始化完成: {'crawler_competitor_price_id': 361059, 'ext_market_trend_id': 361059, 'oms_order_item_id': 361150}
INFO:app.services.data_generator:开始处理日期: 2025-10-21
INFO:app.services.data_generator:当天计划生成记录数: 1
INFO:app.services.data_generator:已清空外键缓存
INFO:app.services.data_generator:=== 阶段1：生成独立表 ===
INFO:app.services.data_generator:开始为独立表 crawler_competitor_price 生成数据
INFO:app.core.database:批量执行SQL，查询: INSERT INTO crawler_competitor_price (id, crawl_time, platform, competitor_name, product_name, product_sku, price, promotion_info, is_in_stock) VALUES ($1, $2, $3, $4, $5, $6, $7, $8, $9), 值数量: 1
INFO:app.core.database:连接数据库: 172.16.10.196:5432/db_house
INFO:app.core.database:批量执行SQL完成
INFO:app.services.data_generator:表 crawler_competitor_price 已插入剩余 1 条记录并缓存主键值
INFO:app.services.data_generator:独立表 crawler_competitor_price 生成完成，记录数: 1
INFO:app.services.data_generator:开始为独立表 crm_customer 生成数据
INFO:app.core.database:批量执行SQL，查询: INSERT INTO crm_customer (customer_id, name, gender, phone, email, birthday, address, create_time, update_time, is_deleted) VALUES ($1, $2, $3, $4, $5, $6, $7, $8, $9, $10), 值数量: 1
INFO:app.core.database:连接数据库: 172.16.10.196:5432/db_house
INFO:app.core.database:批量执行SQL完成
INFO:app.services.data_generator:表 crm_customer 已插入剩余 1 条记录并缓存主键值
INFO:app.services.data_generator:独立表 crm_customer 生成完成，记录数: 1
INFO:app.services.data_generator:开始为独立表 ext_market_trend 生成数据
INFO:app.core.database:批量执行SQL，查询: INSERT INTO ext_market_trend (id, period, region, category, market_size, growth_rate, data_source) VALUES ($1, $2, $3, $4, $5, $6, $7), 值数量: 1
INFO:app.core.database:连接数据库: 172.16.10.196:5432/db_house
INFO:app.core.database:批量执行SQL完成
INFO:app.services.data_generator:表 ext_market_trend 已插入剩余 1 条记录并缓存主键值
INFO:app.services.data_generator:独立表 ext_market_trend 生成完成，记录数: 1
INFO:app.services.data_generator:=== 阶段2：生成依赖表 ===
INFO:app.services.data_generator:表依赖排序结果: ['oms_order', 'oms_order_item', 'fms_financial_transaction', 'lms_shipment']
INFO:app.services.data_generator:排序后的依赖表: ['oms_order', 'oms_order_item', 'fms_financial_transaction', 'lms_shipment']
INFO:app.services.data_generator:开始为依赖表 oms_order 生成数据
INFO:app.core.database:批量执行SQL，查询: INSERT INTO oms_order (order_id, order_channel, customer_code, order_amount, discount_amount, pay_amount, order_status, province, city, district, detail_address, order_time) VALUES ($1, $2, $3, $4, $5, $6, $7, $8, $9, $10, $11, $12), 值数量: 1
INFO:app.core.database:连接数据库: 172.16.10.196:5432/db_house
INFO:app.core.database:批量执行SQL完成
INFO:app.services.data_generator:表 oms_order 已插入剩余 1 条记录并缓存主键值
INFO:app.services.data_generator:依赖表 oms_order 生成完成，记录数: 1
INFO:app.services.data_generator:开始为依赖表 oms_order_item 生成数据
INFO:app.core.database:批量执行SQL，查询: INSERT INTO oms_order_item (id, order_id, product_sku, product_name, quantity, price) VALUES ($1, $2, $3, $4, $5, $6), 值数量: 1
INFO:app.core.database:连接数据库: 172.16.10.196:5432/db_house
INFO:app.core.database:批量执行SQL完成
INFO:app.services.data_generator:表 oms_order_item 已插入剩余 1 条记录并缓存主键值
INFO:app.services.data_generator:依赖表 oms_order_item 生成完成，记录数: 1
INFO:app.services.data_generator:开始为依赖表 fms_financial_transaction 生成数据
INFO:app.core.database:批量执行SQL，查询: INSERT INTO fms_financial_transaction (transaction_id, order_id, payment_method, transaction_type, transaction_amount, transaction_status, transaction_time) VALUES ($1, $2, $3, $4, $5, $6, $7), 值数量: 1
INFO:app.core.database:连接数据库: 172.16.10.196:5432/db_house
INFO:app.core.database:批量执行SQL完成
INFO:app.services.data_generator:表 fms_financial_transaction 已插入剩余 1 条记录并缓存主键值
INFO:app.services.data_generator:依赖表 fms_financial_transaction 生成完成，记录数: 1
INFO:app.services.data_generator:开始为依赖表 lms_shipment 生成数据
INFO:app.core.database:批量执行SQL，查询: INSERT INTO lms_shipment (shipment_id, order_id, carrier, sender_address, receiver_info, current_status, shipping_time, estimated_delivery, actual_delivery) VALUES ($1, $2, $3, $4, $5, $6, $7, $8, $9), 值数量: 1
INFO:app.core.database:连接数据库: 172.16.10.196:5432/db_house
INFO:app.core.database:批量执行SQL完成
INFO:app.services.data_generator:表 lms_shipment 已插入剩余 1 条记录并缓存主键值
INFO:app.services.data_generator:依赖表 lms_shipment 生成完成，记录数: 1
INFO:app.services.data_generator:数据生成完成，总记录数: 7
INFO:app.services.data_generator:退出 generate_data_for_tables 方法
INFO:app.services.data_generator:开始 generate_data_for_tables 方法
INFO:app.services.data_generator:独立表（阶段1）: ['crawler_competitor_price', 'crm_customer', 'ext_market_trend']
INFO:app.services.data_generator:依赖表（阶段2）: ['oms_order', 'lms_shipment', 'fms_financial_transaction', 'oms_order_item']
INFO:app.services.data_generator:初始化数据库计数器
INFO:app.core.database:执行查询: SELECT MAX(id) FROM crawler_competitor_price, 参数: ()
INFO:app.core.database:连接数据库: 172.16.10.196:5432/db_house
INFO:app.core.database:查询执行成功
INFO:app.core.database:执行查询: SELECT MAX(id) FROM ext_market_trend, 参数: ()
INFO:app.core.database:连接数据库: 172.16.10.196:5432/db_house
INFO:app.core.database:查询执行成功
INFO:app.core.database:执行查询: SELECT MAX(id) FROM oms_order_item, 参数: ()
INFO:app.core.database:连接数据库: 172.16.10.196:5432/db_house
INFO:app.core.database:查询执行成功
INFO:app.services.data_generator:计数器初始化完成: {'crawler_competitor_price_id': 361060, 'ext_market_trend_id': 361060, 'oms_order_item_id': 361151}
INFO:app.services.data_generator:开始处理日期: 2025-10-21
INFO:app.services.data_generator:当天计划生成记录数: 1
INFO:app.services.data_generator:已清空外键缓存
INFO:app.services.data_generator:=== 阶段1：生成独立表 ===
INFO:app.services.data_generator:开始为独立表 crawler_competitor_price 生成数据
INFO:app.core.database:批量执行SQL，查询: INSERT INTO crawler_competitor_price (id, crawl_time, platform, competitor_name, product_name, product_sku, price, promotion_info, is_in_stock) VALUES ($1, $2, $3, $4, $5, $6, $7, $8, $9), 值数量: 1
INFO:app.core.database:连接数据库: 172.16.10.196:5432/db_house
INFO:app.core.database:批量执行SQL完成
INFO:app.services.data_generator:表 crawler_competitor_price 已插入剩余 1 条记录并缓存主键值
INFO:app.services.data_generator:独立表 crawler_competitor_price 生成完成，记录数: 1
INFO:app.services.data_generator:开始为独立表 crm_customer 生成数据
INFO:app.core.database:批量执行SQL，查询: INSERT INTO crm_customer (customer_id, name, gender, phone, email, birthday, address, create_time, update_time, is_deleted) VALUES ($1, $2, $3, $4, $5, $6, $7, $8, $9, $10), 值数量: 1
INFO:app.core.database:连接数据库: 172.16.10.196:5432/db_house
INFO:app.core.database:批量执行SQL完成
INFO:app.services.data_generator:表 crm_customer 已插入剩余 1 条记录并缓存主键值
INFO:app.services.data_generator:独立表 crm_customer 生成完成，记录数: 1
INFO:app.services.data_generator:开始为独立表 ext_market_trend 生成数据
INFO:app.core.database:批量执行SQL，查询: INSERT INTO ext_market_trend (id, period, region, category, market_size, growth_rate, data_source) VALUES ($1, $2, $3, $4, $5, $6, $7), 值数量: 1
INFO:app.core.database:连接数据库: 172.16.10.196:5432/db_house
INFO:app.core.database:批量执行SQL完成
INFO:app.services.data_generator:表 ext_market_trend 已插入剩余 1 条记录并缓存主键值
INFO:app.services.data_generator:独立表 ext_market_trend 生成完成，记录数: 1
INFO:app.services.data_generator:=== 阶段2：生成依赖表 ===
INFO:app.services.data_generator:表依赖排序结果: ['oms_order', 'oms_order_item', 'fms_financial_transaction', 'lms_shipment']
INFO:app.services.data_generator:排序后的依赖表: ['oms_order', 'oms_order_item', 'fms_financial_transaction', 'lms_shipment']
INFO:app.services.data_generator:开始为依赖表 oms_order 生成数据
INFO:app.core.database:批量执行SQL，查询: INSERT INTO oms_order (order_id, order_channel, customer_code, order_amount, discount_amount, pay_amount, order_status, province, city, district, detail_address, order_time) VALUES ($1, $2, $3, $4, $5, $6, $7, $8, $9, $10, $11, $12), 值数量: 1
INFO:app.core.database:连接数据库: 172.16.10.196:5432/db_house
INFO:app.core.database:批量执行SQL完成
INFO:app.services.data_generator:表 oms_order 已插入剩余 1 条记录并缓存主键值
INFO:app.services.data_generator:依赖表 oms_order 生成完成，记录数: 1
INFO:app.services.data_generator:开始为依赖表 oms_order_item 生成数据
INFO:app.core.database:批量执行SQL，查询: INSERT INTO oms_order_item (id, order_id, product_sku, product_name, quantity, price) VALUES ($1, $2, $3, $4, $5, $6), 值数量: 1
INFO:app.core.database:连接数据库: 172.16.10.196:5432/db_house
INFO:app.core.database:批量执行SQL完成
INFO:app.services.data_generator:表 oms_order_item 已插入剩余 1 条记录并缓存主键值
INFO:app.services.data_generator:依赖表 oms_order_item 生成完成，记录数: 1
INFO:app.services.data_generator:开始为依赖表 fms_financial_transaction 生成数据
INFO:app.core.database:批量执行SQL，查询: INSERT INTO fms_financial_transaction (transaction_id, order_id, payment_method, transaction_type, transaction_amount, transaction_status, transaction_time) VALUES ($1, $2, $3, $4, $5, $6, $7), 值数量: 1
INFO:app.core.database:连接数据库: 172.16.10.196:5432/db_house
INFO:app.core.database:批量执行SQL完成
INFO:app.services.data_generator:表 fms_financial_transaction 已插入剩余 1 条记录并缓存主键值
INFO:app.services.data_generator:依赖表 fms_financial_transaction 生成完成，记录数: 1
INFO:app.services.data_generator:开始为依赖表 lms_shipment 生成数据
INFO:app.core.database:批量执行SQL，查询: INSERT INTO lms_shipment (shipment_id, order_id, carrier, sender_address, receiver_info, current_status, shipping_time, estimated_delivery, actual_delivery) VALUES ($1, $2, $3, $4, $5, $6, $7, $8, $9), 值数量: 1
INFO:app.core.database:连接数据库: 172.16.10.196:5432/db_house
INFO:app.core.database:批量执行SQL完成
INFO:app.services.data_generator:表 lms_shipment 已插入剩余 1 条记录并缓存主键值
INFO:app.services.data_generator:依赖表 lms_shipment 生成完成，记录数: 1
INFO:app.services.data_generator:数据生成完成，总记录数: 7
INFO:app.services.data_generator:退出 generate_data_for_tables 方法
INFO:app.services.data_generator:开始 generate_data_for_tables 方法
INFO:app.services.data_generator:独立表（阶段1）: ['crawler_competitor_price', 'crm_customer', 'ext_market_trend']
INFO:app.services.data_generator:依赖表（阶段2）: ['oms_order', 'lms_shipment', 'fms_financial_transaction', 'oms_order_item']
INFO:app.services.data_generator:初始化数据库计数器
INFO:app.core.database:执行查询: SELECT MAX(id) FROM crawler_competitor_price, 参数: ()
INFO:app.core.database:连接数据库: 172.16.10.196:5432/db_house
INFO:app.core.database:查询执行成功
INFO:app.core.database:执行查询: SELECT MAX(id) FROM ext_market_trend, 参数: ()
INFO:app.core.database:连接数据库: 172.16.10.196:5432/db_house
INFO:app.core.database:查询执行成功
INFO:app.core.database:执行查询: SELECT MAX(id) FROM oms_order_item, 参数: ()
INFO:app.core.database:连接数据库: 172.16.10.196:5432/db_house
INFO:app.core.database:查询执行成功
INFO:app.services.data_generator:计数器初始化完成: {'crawler_competitor_price_id': 361061, 'ext_market_trend_id': 361061, 'oms_order_item_id': 361152}
INFO:app.services.data_generator:开始处理日期: 2025-10-21
INFO:app.services.data_generator:当天计划生成记录数: 1
INFO:app.services.data_generator:已清空外键缓存
INFO:app.services.data_generator:=== 阶段1：生成独立表 ===
INFO:app.services.data_generator:开始为独立表 crawler_competitor_price 生成数据
INFO:app.core.database:批量执行SQL，查询: INSERT INTO crawler_competitor_price (id, crawl_time, platform, competitor_name, product_name, product_sku, price, promotion_info, is_in_stock) VALUES ($1, $2, $3, $4, $5, $6, $7, $8, $9), 值数量: 1
INFO:app.core.database:连接数据库: 172.16.10.196:5432/db_house
INFO:app.core.database:批量执行SQL完成
INFO:app.services.data_generator:表 crawler_competitor_price 已插入剩余 1 条记录并缓存主键值
INFO:app.services.data_generator:独立表 crawler_competitor_price 生成完成，记录数: 1
INFO:app.services.data_generator:开始为独立表 crm_customer 生成数据
INFO:app.core.database:批量执行SQL，查询: INSERT INTO crm_customer (customer_id, name, gender, phone, email, birthday, address, create_time, update_time, is_deleted) VALUES ($1, $2, $3, $4, $5, $6, $7, $8, $9, $10), 值数量: 1
INFO:app.core.database:连接数据库: 172.16.10.196:5432/db_house
INFO:app.core.database:批量执行SQL完成
INFO:app.services.data_generator:表 crm_customer 已插入剩余 1 条记录并缓存主键值
INFO:app.services.data_generator:独立表 crm_customer 生成完成，记录数: 1
INFO:app.services.data_generator:开始为独立表 ext_market_trend 生成数据
INFO:app.core.database:批量执行SQL，查询: INSERT INTO ext_market_trend (id, period, region, category, market_size, growth_rate, data_source) VALUES ($1, $2, $3, $4, $5, $6, $7), 值数量: 1
INFO:app.core.database:连接数据库: 172.16.10.196:5432/db_house
INFO:app.core.database:批量执行SQL完成
INFO:app.services.data_generator:表 ext_market_trend 已插入剩余 1 条记录并缓存主键值
INFO:app.services.data_generator:独立表 ext_market_trend 生成完成，记录数: 1
INFO:app.services.data_generator:=== 阶段2：生成依赖表 ===
INFO:app.services.data_generator:表依赖排序结果: ['oms_order', 'oms_order_item', 'fms_financial_transaction', 'lms_shipment']
INFO:app.services.data_generator:排序后的依赖表: ['oms_order', 'oms_order_item', 'fms_financial_transaction', 'lms_shipment']
INFO:app.services.data_generator:开始为依赖表 oms_order 生成数据
INFO:app.core.database:批量执行SQL，查询: INSERT INTO oms_order (order_id, order_channel, customer_code, order_amount, discount_amount, pay_amount, order_status, province, city, district, detail_address, order_time) VALUES ($1, $2, $3, $4, $5, $6, $7, $8, $9, $10, $11, $12), 值数量: 1
INFO:app.core.database:连接数据库: 172.16.10.196:5432/db_house
INFO:app.core.database:批量执行SQL完成
INFO:app.services.data_generator:表 oms_order 已插入剩余 1 条记录并缓存主键值
INFO:app.services.data_generator:依赖表 oms_order 生成完成，记录数: 1
INFO:app.services.data_generator:开始为依赖表 oms_order_item 生成数据
INFO:app.core.database:批量执行SQL，查询: INSERT INTO oms_order_item (id, order_id, product_sku, product_name, quantity, price) VALUES ($1, $2, $3, $4, $5, $6), 值数量: 1
INFO:app.core.database:连接数据库: 172.16.10.196:5432/db_house
INFO:app.core.database:批量执行SQL完成
INFO:app.services.data_generator:表 oms_order_item 已插入剩余 1 条记录并缓存主键值
INFO:app.services.data_generator:依赖表 oms_order_item 生成完成，记录数: 1
INFO:app.services.data_generator:开始为依赖表 fms_financial_transaction 生成数据
INFO:app.core.database:批量执行SQL，查询: INSERT INTO fms_financial_transaction (transaction_id, order_id, payment_method, transaction_type, transaction_amount, transaction_status, transaction_time) VALUES ($1, $2, $3, $4, $5, $6, $7), 值数量: 1
INFO:app.core.database:连接数据库: 172.16.10.196:5432/db_house
INFO:app.core.database:批量执行SQL完成
INFO:app.services.data_generator:表 fms_financial_transaction 已插入剩余 1 条记录并缓存主键值
INFO:app.services.data_generator:依赖表 fms_financial_transaction 生成完成，记录数: 1
INFO:app.services.data_generator:开始为依赖表 lms_shipment 生成数据
INFO:app.core.database:批量执行SQL，查询: INSERT INTO lms_shipment (shipment_id, order_id, carrier, sender_address, receiver_info, current_status, shipping_time, estimated_delivery, actual_delivery) VALUES ($1, $2, $3, $4, $5, $6, $7, $8, $9), 值数量: 1
INFO:app.core.database:连接数据库: 172.16.10.196:5432/db_house
INFO:app.core.database:批量执行SQL完成
INFO:app.services.data_generator:表 lms_shipment 已插入剩余 1 条记录并缓存主键值
INFO:app.services.data_generator:依赖表 lms_shipment 生成完成，记录数: 1
INFO:app.services.data_generator:数据生成完成，总记录数: 7
INFO:app.services.data_generator:退出 generate_data_for_tables 方法
INFO:app.services.data_generator:开始 generate_data_for_tables 方法
INFO:app.services.data_generator:独立表（阶段1）: ['crawler_competitor_price', 'crm_customer', 'ext_market_trend']
INFO:app.services.data_generator:依赖表（阶段2）: ['oms_order', 'lms_shipment', 'fms_financial_transaction', 'oms_order_item']
INFO:app.services.data_generator:初始化数据库计数器
INFO:app.core.database:执行查询: SELECT MAX(id) FROM crawler_competitor_price, 参数: ()
INFO:app.core.database:连接数据库: 172.16.10.196:5432/db_house
INFO:app.core.database:查询执行成功
INFO:app.core.database:执行查询: SELECT MAX(id) FROM ext_market_trend, 参数: ()
INFO:app.core.database:连接数据库: 172.16.10.196:5432/db_house
INFO:app.core.database:查询执行成功
INFO:app.core.database:执行查询: SELECT MAX(id) FROM oms_order_item, 参数: ()
INFO:app.core.database:连接数据库: 172.16.10.196:5432/db_house
INFO:app.core.database:查询执行成功
INFO:app.services.data_generator:计数器初始化完成: {'crawler_competitor_price_id': 361062, 'ext_market_trend_id': 361062, 'oms_order_item_id': 361153}
INFO:app.services.data_generator:开始处理日期: 2025-10-21
INFO:app.services.data_generator:当天计划生成记录数: 1
INFO:app.services.data_generator:已清空外键缓存
INFO:app.services.data_generator:=== 阶段1：生成独立表 ===
INFO:app.services.data_generator:开始为独立表 crawler_competitor_price 生成数据
INFO:app.core.database:批量执行SQL，查询: INSERT INTO crawler_competitor_price (id, crawl_time, platform, competitor_name, product_name, product_sku, price, promotion_info, is_in_stock) VALUES ($1, $2, $3, $4, $5, $6, $7, $8, $9), 值数量: 1
INFO:app.core.database:连接数据库: 172.16.10.196:5432/db_house
INFO:app.core.database:批量执行SQL完成
INFO:app.services.data_generator:表 crawler_competitor_price 已插入剩余 1 条记录并缓存主键值
INFO:app.services.data_generator:独立表 crawler_competitor_price 生成完成，记录数: 1
INFO:app.services.data_generator:开始为独立表 crm_customer 生成数据
INFO:app.core.database:批量执行SQL，查询: INSERT INTO crm_customer (customer_id, name, gender, phone, email, birthday, address, create_time, update_time, is_deleted) VALUES ($1, $2, $3, $4, $5, $6, $7, $8, $9, $10), 值数量: 1
INFO:app.core.database:连接数据库: 172.16.10.196:5432/db_house
INFO:app.core.database:批量执行SQL完成
INFO:app.services.data_generator:表 crm_customer 已插入剩余 1 条记录并缓存主键值
INFO:app.services.data_generator:独立表 crm_customer 生成完成，记录数: 1
INFO:app.services.data_generator:开始为独立表 ext_market_trend 生成数据
INFO:app.core.database:批量执行SQL，查询: INSERT INTO ext_market_trend (id, period, region, category, market_size, growth_rate, data_source) VALUES ($1, $2, $3, $4, $5, $6, $7), 值数量: 1
INFO:app.core.database:连接数据库: 172.16.10.196:5432/db_house
INFO:app.core.database:批量执行SQL完成
INFO:app.services.data_generator:表 ext_market_trend 已插入剩余 1 条记录并缓存主键值
INFO:app.services.data_generator:独立表 ext_market_trend 生成完成，记录数: 1
INFO:app.services.data_generator:=== 阶段2：生成依赖表 ===
INFO:app.services.data_generator:表依赖排序结果: ['oms_order', 'oms_order_item', 'fms_financial_transaction', 'lms_shipment']
INFO:app.services.data_generator:排序后的依赖表: ['oms_order', 'oms_order_item', 'fms_financial_transaction', 'lms_shipment']
INFO:app.services.data_generator:开始为依赖表 oms_order 生成数据
INFO:app.core.database:批量执行SQL，查询: INSERT INTO oms_order (order_id, order_channel, customer_code, order_amount, discount_amount, pay_amount, order_status, province, city, district, detail_address, order_time) VALUES ($1, $2, $3, $4, $5, $6, $7, $8, $9, $10, $11, $12), 值数量: 1
INFO:app.core.database:连接数据库: 172.16.10.196:5432/db_house
INFO:app.core.database:批量执行SQL完成
INFO:app.services.data_generator:表 oms_order 已插入剩余 1 条记录并缓存主键值
INFO:app.services.data_generator:依赖表 oms_order 生成完成，记录数: 1
INFO:app.services.data_generator:开始为依赖表 oms_order_item 生成数据
INFO:app.core.database:批量执行SQL，查询: INSERT INTO oms_order_item (id, order_id, product_sku, product_name, quantity, price) VALUES ($1, $2, $3, $4, $5, $6), 值数量: 1
INFO:app.core.database:连接数据库: 172.16.10.196:5432/db_house
INFO:app.core.database:批量执行SQL完成
INFO:app.services.data_generator:表 oms_order_item 已插入剩余 1 条记录并缓存主键值
INFO:app.services.data_generator:依赖表 oms_order_item 生成完成，记录数: 1
INFO:app.services.data_generator:开始为依赖表 fms_financial_transaction 生成数据
INFO:app.core.database:批量执行SQL，查询: INSERT INTO fms_financial_transaction (transaction_id, order_id, payment_method, transaction_type, transaction_amount, transaction_status, transaction_time) VALUES ($1, $2, $3, $4, $5, $6, $7), 值数量: 1
INFO:app.core.database:连接数据库: 172.16.10.196:5432/db_house
INFO:app.core.database:批量执行SQL完成
INFO:app.services.data_generator:表 fms_financial_transaction 已插入剩余 1 条记录并缓存主键值
INFO:app.services.data_generator:依赖表 fms_financial_transaction 生成完成，记录数: 1
INFO:app.services.data_generator:开始为依赖表 lms_shipment 生成数据
INFO:app.core.database:批量执行SQL，查询: INSERT INTO lms_shipment (shipment_id, order_id, carrier, sender_address, receiver_info, current_status, shipping_time, estimated_delivery, actual_delivery) VALUES ($1, $2, $3, $4, $5, $6, $7, $8, $9), 值数量: 1
INFO:app.core.database:连接数据库: 172.16.10.196:5432/db_house
INFO:app.core.database:批量执行SQL完成
INFO:app.services.data_generator:表 lms_shipment 已插入剩余 1 条记录并缓存主键值
INFO:app.services.data_generator:依赖表 lms_shipment 生成完成，记录数: 1
INFO:app.services.data_generator:数据生成完成，总记录数: 7
INFO:app.services.data_generator:退出 generate_data_for_tables 方法
INFO:app.services.data_generator:开始 generate_data_for_tables 方法
INFO:app.services.data_generator:独立表（阶段1）: ['crawler_competitor_price', 'crm_customer', 'ext_market_trend']
INFO:app.services.data_generator:依赖表（阶段2）: ['oms_order', 'lms_shipment', 'fms_financial_transaction', 'oms_order_item']
INFO:app.services.data_generator:初始化数据库计数器
INFO:app.core.database:执行查询: SELECT MAX(id) FROM crawler_competitor_price, 参数: ()
INFO:app.core.database:连接数据库: 172.16.10.196:5432/db_house
INFO:app.core.database:查询执行成功
INFO:app.core.database:执行查询: SELECT MAX(id) FROM ext_market_trend, 参数: ()
INFO:app.core.database:连接数据库: 172.16.10.196:5432/db_house
INFO:app.core.database:查询执行成功
INFO:app.core.database:执行查询: SELECT MAX(id) FROM oms_order_item, 参数: ()
INFO:app.core.database:连接数据库: 172.16.10.196:5432/db_house
INFO:app.core.database:查询执行成功
INFO:app.services.data_generator:计数器初始化完成: {'crawler_competitor_price_id': 361063, 'ext_market_trend_id': 361063, 'oms_order_item_id': 361154}
INFO:app.services.data_generator:开始处理日期: 2025-10-21
INFO:app.services.data_generator:当天计划生成记录数: 1
INFO:app.services.data_generator:已清空外键缓存
INFO:app.services.data_generator:=== 阶段1：生成独立表 ===
INFO:app.services.data_generator:开始为独立表 crawler_competitor_price 生成数据
INFO:app.core.database:批量执行SQL，查询: INSERT INTO crawler_competitor_price (id, crawl_time, platform, competitor_name, product_name, product_sku, price, promotion_info, is_in_stock) VALUES ($1, $2, $3, $4, $5, $6, $7, $8, $9), 值数量: 1
INFO:app.core.database:连接数据库: 172.16.10.196:5432/db_house
INFO:app.core.database:批量执行SQL完成
INFO:app.services.data_generator:表 crawler_competitor_price 已插入剩余 1 条记录并缓存主键值
INFO:app.services.data_generator:独立表 crawler_competitor_price 生成完成，记录数: 1
INFO:app.services.data_generator:开始为独立表 crm_customer 生成数据
INFO:app.core.database:批量执行SQL，查询: INSERT INTO crm_customer (customer_id, name, gender, phone, email, birthday, address, create_time, update_time, is_deleted) VALUES ($1, $2, $3, $4, $5, $6, $7, $8, $9, $10), 值数量: 1
INFO:app.core.database:连接数据库: 172.16.10.196:5432/db_house
INFO:app.core.database:批量执行SQL完成
INFO:app.services.data_generator:表 crm_customer 已插入剩余 1 条记录并缓存主键值
INFO:app.services.data_generator:独立表 crm_customer 生成完成，记录数: 1
INFO:app.services.data_generator:开始为独立表 ext_market_trend 生成数据
INFO:app.core.database:批量执行SQL，查询: INSERT INTO ext_market_trend (id, period, region, category, market_size, growth_rate, data_source) VALUES ($1, $2, $3, $4, $5, $6, $7), 值数量: 1
INFO:app.core.database:连接数据库: 172.16.10.196:5432/db_house
INFO:app.core.database:批量执行SQL完成
INFO:app.services.data_generator:表 ext_market_trend 已插入剩余 1 条记录并缓存主键值
INFO:app.services.data_generator:独立表 ext_market_trend 生成完成，记录数: 1
INFO:app.services.data_generator:=== 阶段2：生成依赖表 ===
INFO:app.services.data_generator:表依赖排序结果: ['oms_order', 'oms_order_item', 'fms_financial_transaction', 'lms_shipment']
INFO:app.services.data_generator:排序后的依赖表: ['oms_order', 'oms_order_item', 'fms_financial_transaction', 'lms_shipment']
INFO:app.services.data_generator:开始为依赖表 oms_order 生成数据
INFO:app.core.database:批量执行SQL，查询: INSERT INTO oms_order (order_id, order_channel, customer_code, order_amount, discount_amount, pay_amount, order_status, province, city, district, detail_address, order_time) VALUES ($1, $2, $3, $4, $5, $6, $7, $8, $9, $10, $11, $12), 值数量: 1
INFO:app.core.database:连接数据库: 172.16.10.196:5432/db_house
INFO:app.core.database:批量执行SQL完成
INFO:app.services.data_generator:表 oms_order 已插入剩余 1 条记录并缓存主键值
INFO:app.services.data_generator:依赖表 oms_order 生成完成，记录数: 1
INFO:app.services.data_generator:开始为依赖表 oms_order_item 生成数据
INFO:app.core.database:批量执行SQL，查询: INSERT INTO oms_order_item (id, order_id, product_sku, product_name, quantity, price) VALUES ($1, $2, $3, $4, $5, $6), 值数量: 1
INFO:app.core.database:连接数据库: 172.16.10.196:5432/db_house
INFO:app.core.database:批量执行SQL完成
INFO:app.services.data_generator:表 oms_order_item 已插入剩余 1 条记录并缓存主键值
INFO:app.services.data_generator:依赖表 oms_order_item 生成完成，记录数: 1
INFO:app.services.data_generator:开始为依赖表 fms_financial_transaction 生成数据
INFO:app.core.database:批量执行SQL，查询: INSERT INTO fms_financial_transaction (transaction_id, order_id, payment_method, transaction_type, transaction_amount, transaction_status, transaction_time) VALUES ($1, $2, $3, $4, $5, $6, $7), 值数量: 1
INFO:app.core.database:连接数据库: 172.16.10.196:5432/db_house
INFO:app.core.database:批量执行SQL完成
INFO:app.services.data_generator:表 fms_financial_transaction 已插入剩余 1 条记录并缓存主键值
INFO:app.services.data_generator:依赖表 fms_financial_transaction 生成完成，记录数: 1
INFO:app.services.data_generator:开始为依赖表 lms_shipment 生成数据
INFO:app.core.database:批量执行SQL，查询: INSERT INTO lms_shipment (shipment_id, order_id, carrier, sender_address, receiver_info, current_status, shipping_time, estimated_delivery, actual_delivery) VALUES ($1, $2, $3, $4, $5, $6, $7, $8, $9), 值数量: 1
INFO:app.core.database:连接数据库: 172.16.10.196:5432/db_house
INFO:app.core.database:批量执行SQL完成
INFO:app.services.data_generator:表 lms_shipment 已插入剩余 1 条记录并缓存主键值
INFO:app.services.data_generator:依赖表 lms_shipment 生成完成，记录数: 1
INFO:app.services.data_generator:数据生成完成，总记录数: 7
INFO:app.services.data_generator:退出 generate_data_for_tables 方法
INFO:app.services.data_generator:开始 generate_data_for_tables 方法
INFO:app.services.data_generator:独立表（阶段1）: ['crawler_competitor_price', 'crm_customer', 'ext_market_trend']
INFO:app.services.data_generator:依赖表（阶段2）: ['oms_order', 'lms_shipment', 'fms_financial_transaction', 'oms_order_item']
INFO:app.services.data_generator:初始化数据库计数器
INFO:app.core.database:执行查询: SELECT MAX(id) FROM crawler_competitor_price, 参数: ()
INFO:app.core.database:连接数据库: 172.16.10.196:5432/db_house
INFO:app.core.database:查询执行成功
INFO:app.core.database:执行查询: SELECT MAX(id) FROM ext_market_trend, 参数: ()
INFO:app.core.database:连接数据库: 172.16.10.196:5432/db_house
INFO:app.core.database:查询执行成功
INFO:app.core.database:执行查询: SELECT MAX(id) FROM oms_order_item, 参数: ()
INFO:app.core.database:连接数据库: 172.16.10.196:5432/db_house
INFO:app.core.database:查询执行成功
INFO:app.services.data_generator:计数器初始化完成: {'crawler_competitor_price_id': 361064, 'ext_market_trend_id': 361064, 'oms_order_item_id': 361155}
INFO:app.services.data_generator:开始处理日期: 2025-10-21
INFO:app.services.data_generator:当天计划生成记录数: 1
INFO:app.services.data_generator:已清空外键缓存
INFO:app.services.data_generator:=== 阶段1：生成独立表 ===
INFO:app.services.data_generator:开始为独立表 crawler_competitor_price 生成数据
INFO:app.core.database:批量执行SQL，查询: INSERT INTO crawler_competitor_price (id, crawl_time, platform, competitor_name, product_name, product_sku, price, promotion_info, is_in_stock) VALUES ($1, $2, $3, $4, $5, $6, $7, $8, $9), 值数量: 1
INFO:app.core.database:连接数据库: 172.16.10.196:5432/db_house
INFO:app.core.database:批量执行SQL完成
INFO:app.services.data_generator:表 crawler_competitor_price 已插入剩余 1 条记录并缓存主键值
INFO:app.services.data_generator:独立表 crawler_competitor_price 生成完成，记录数: 1
INFO:app.services.data_generator:开始为独立表 crm_customer 生成数据
INFO:app.core.database:批量执行SQL，查询: INSERT INTO crm_customer (customer_id, name, gender, phone, email, birthday, address, create_time, update_time, is_deleted) VALUES ($1, $2, $3, $4, $5, $6, $7, $8, $9, $10), 值数量: 1
INFO:app.core.database:连接数据库: 172.16.10.196:5432/db_house
INFO:app.core.database:批量执行SQL完成
INFO:app.services.data_generator:表 crm_customer 已插入剩余 1 条记录并缓存主键值
INFO:app.services.data_generator:独立表 crm_customer 生成完成，记录数: 1
INFO:app.services.data_generator:开始为独立表 ext_market_trend 生成数据
INFO:app.core.database:批量执行SQL，查询: INSERT INTO ext_market_trend (id, period, region, category, market_size, growth_rate, data_source) VALUES ($1, $2, $3, $4, $5, $6, $7), 值数量: 1
INFO:app.core.database:连接数据库: 172.16.10.196:5432/db_house
INFO:app.core.database:批量执行SQL完成
INFO:app.services.data_generator:表 ext_market_trend 已插入剩余 1 条记录并缓存主键值
INFO:app.services.data_generator:独立表 ext_market_trend 生成完成，记录数: 1
INFO:app.services.data_generator:=== 阶段2：生成依赖表 ===
INFO:app.services.data_generator:表依赖排序结果: ['oms_order', 'oms_order_item', 'fms_financial_transaction', 'lms_shipment']
INFO:app.services.data_generator:排序后的依赖表: ['oms_order', 'oms_order_item', 'fms_financial_transaction', 'lms_shipment']
INFO:app.services.data_generator:开始为依赖表 oms_order 生成数据
INFO:app.core.database:批量执行SQL，查询: INSERT INTO oms_order (order_id, order_channel, customer_code, order_amount, discount_amount, pay_amount, order_status, province, city, district, detail_address, order_time) VALUES ($1, $2, $3, $4, $5, $6, $7, $8, $9, $10, $11, $12), 值数量: 1
INFO:app.core.database:连接数据库: 172.16.10.196:5432/db_house
INFO:app.core.database:批量执行SQL完成
INFO:app.services.data_generator:表 oms_order 已插入剩余 1 条记录并缓存主键值
INFO:app.services.data_generator:依赖表 oms_order 生成完成，记录数: 1
INFO:app.services.data_generator:开始为依赖表 oms_order_item 生成数据
INFO:app.core.database:批量执行SQL，查询: INSERT INTO oms_order_item (id, order_id, product_sku, product_name, quantity, price) VALUES ($1, $2, $3, $4, $5, $6), 值数量: 1
INFO:app.core.database:连接数据库: 172.16.10.196:5432/db_house
INFO:app.core.database:批量执行SQL完成
INFO:app.services.data_generator:表 oms_order_item 已插入剩余 1 条记录并缓存主键值
INFO:app.services.data_generator:依赖表 oms_order_item 生成完成，记录数: 1
INFO:app.services.data_generator:开始为依赖表 fms_financial_transaction 生成数据
INFO:app.core.database:批量执行SQL，查询: INSERT INTO fms_financial_transaction (transaction_id, order_id, payment_method, transaction_type, transaction_amount, transaction_status, transaction_time) VALUES ($1, $2, $3, $4, $5, $6, $7), 值数量: 1
INFO:app.core.database:连接数据库: 172.16.10.196:5432/db_house
INFO:app.core.database:批量执行SQL完成
INFO:app.services.data_generator:表 fms_financial_transaction 已插入剩余 1 条记录并缓存主键值
INFO:app.services.data_generator:依赖表 fms_financial_transaction 生成完成，记录数: 1
INFO:app.services.data_generator:开始为依赖表 lms_shipment 生成数据
INFO:app.core.database:批量执行SQL，查询: INSERT INTO lms_shipment (shipment_id, order_id, carrier, sender_address, receiver_info, current_status, shipping_time, estimated_delivery, actual_delivery) VALUES ($1, $2, $3, $4, $5, $6, $7, $8, $9), 值数量: 1
INFO:app.core.database:连接数据库: 172.16.10.196:5432/db_house
INFO:app.core.database:批量执行SQL完成
INFO:app.services.data_generator:表 lms_shipment 已插入剩余 1 条记录并缓存主键值
INFO:app.services.data_generator:依赖表 lms_shipment 生成完成，记录数: 1
INFO:app.services.data_generator:数据生成完成，总记录数: 7
INFO:app.services.data_generator:退出 generate_data_for_tables 方法
INFO:app.services.data_generator:开始 generate_data_for_tables 方法
INFO:app.services.data_generator:独立表（阶段1）: ['crawler_competitor_price', 'crm_customer', 'ext_market_trend']
INFO:app.services.data_generator:依赖表（阶段2）: ['oms_order', 'lms_shipment', 'fms_financial_transaction', 'oms_order_item']
INFO:app.services.data_generator:初始化数据库计数器
INFO:app.core.database:执行查询: SELECT MAX(id) FROM crawler_competitor_price, 参数: ()
INFO:app.core.database:连接数据库: 172.16.10.196:5432/db_house
INFO:app.core.database:查询执行成功
INFO:app.core.database:执行查询: SELECT MAX(id) FROM ext_market_trend, 参数: ()
INFO:app.core.database:连接数据库: 172.16.10.196:5432/db_house
INFO:app.core.database:查询执行成功
INFO:app.core.database:执行查询: SELECT MAX(id) FROM oms_order_item, 参数: ()
INFO:app.core.database:连接数据库: 172.16.10.196:5432/db_house
INFO:app.core.database:查询执行成功
INFO:app.services.data_generator:计数器初始化完成: {'crawler_competitor_price_id': 361065, 'ext_market_trend_id': 361065, 'oms_order_item_id': 361156}
INFO:app.services.data_generator:开始处理日期: 2025-10-21
INFO:app.services.data_generator:当天计划生成记录数: 1
INFO:app.services.data_generator:已清空外键缓存
INFO:app.services.data_generator:=== 阶段1：生成独立表 ===
INFO:app.services.data_generator:开始为独立表 crawler_competitor_price 生成数据
INFO:app.core.database:批量执行SQL，查询: INSERT INTO crawler_competitor_price (id, crawl_time, platform, competitor_name, product_name, product_sku, price, promotion_info, is_in_stock) VALUES ($1, $2, $3, $4, $5, $6, $7, $8, $9), 值数量: 1
INFO:app.core.database:连接数据库: 172.16.10.196:5432/db_house
INFO:app.core.database:批量执行SQL完成
INFO:app.services.data_generator:表 crawler_competitor_price 已插入剩余 1 条记录并缓存主键值
INFO:app.services.data_generator:独立表 crawler_competitor_price 生成完成，记录数: 1
INFO:app.services.data_generator:开始为独立表 crm_customer 生成数据
INFO:app.core.database:批量执行SQL，查询: INSERT INTO crm_customer (customer_id, name, gender, phone, email, birthday, address, create_time, update_time, is_deleted) VALUES ($1, $2, $3, $4, $5, $6, $7, $8, $9, $10), 值数量: 1
INFO:app.core.database:连接数据库: 172.16.10.196:5432/db_house
INFO:app.core.database:批量执行SQL完成
INFO:app.services.data_generator:表 crm_customer 已插入剩余 1 条记录并缓存主键值
INFO:app.services.data_generator:独立表 crm_customer 生成完成，记录数: 1
INFO:app.services.data_generator:开始为独立表 ext_market_trend 生成数据
INFO:app.core.database:批量执行SQL，查询: INSERT INTO ext_market_trend (id, period, region, category, market_size, growth_rate, data_source) VALUES ($1, $2, $3, $4, $5, $6, $7), 值数量: 1
INFO:app.core.database:连接数据库: 172.16.10.196:5432/db_house
INFO:app.core.database:批量执行SQL完成
INFO:app.services.data_generator:表 ext_market_trend 已插入剩余 1 条记录并缓存主键值
INFO:app.services.data_generator:独立表 ext_market_trend 生成完成，记录数: 1
INFO:app.services.data_generator:=== 阶段2：生成依赖表 ===
INFO:app.services.data_generator:表依赖排序结果: ['oms_order', 'oms_order_item', 'fms_financial_transaction', 'lms_shipment']
INFO:app.services.data_generator:排序后的依赖表: ['oms_order', 'oms_order_item', 'fms_financial_transaction', 'lms_shipment']
INFO:app.services.data_generator:开始为依赖表 oms_order 生成数据
INFO:app.core.database:批量执行SQL，查询: INSERT INTO oms_order (order_id, order_channel, customer_code, order_amount, discount_amount, pay_amount, order_status, province, city, district, detail_address, order_time) VALUES ($1, $2, $3, $4, $5, $6, $7, $8, $9, $10, $11, $12), 值数量: 1
INFO:app.core.database:连接数据库: 172.16.10.196:5432/db_house
INFO:app.core.database:批量执行SQL完成
INFO:app.services.data_generator:表 oms_order 已插入剩余 1 条记录并缓存主键值
INFO:app.services.data_generator:依赖表 oms_order 生成完成，记录数: 1
INFO:app.services.data_generator:开始为依赖表 oms_order_item 生成数据
INFO:app.core.database:批量执行SQL，查询: INSERT INTO oms_order_item (id, order_id, product_sku, product_name, quantity, price) VALUES ($1, $2, $3, $4, $5, $6), 值数量: 1
INFO:app.core.database:连接数据库: 172.16.10.196:5432/db_house
INFO:app.core.database:批量执行SQL完成
INFO:app.services.data_generator:表 oms_order_item 已插入剩余 1 条记录并缓存主键值
INFO:app.services.data_generator:依赖表 oms_order_item 生成完成，记录数: 1
INFO:app.services.data_generator:开始为依赖表 fms_financial_transaction 生成数据
INFO:app.core.database:批量执行SQL，查询: INSERT INTO fms_financial_transaction (transaction_id, order_id, payment_method, transaction_type, transaction_amount, transaction_status, transaction_time) VALUES ($1, $2, $3, $4, $5, $6, $7), 值数量: 1
INFO:app.core.database:连接数据库: 172.16.10.196:5432/db_house
INFO:app.core.database:批量执行SQL完成
INFO:app.services.data_generator:表 fms_financial_transaction 已插入剩余 1 条记录并缓存主键值
INFO:app.services.data_generator:依赖表 fms_financial_transaction 生成完成，记录数: 1
INFO:app.services.data_generator:开始为依赖表 lms_shipment 生成数据
INFO:app.core.database:批量执行SQL，查询: INSERT INTO lms_shipment (shipment_id, order_id, carrier, sender_address, receiver_info, current_status, shipping_time, estimated_delivery, actual_delivery) VALUES ($1, $2, $3, $4, $5, $6, $7, $8, $9), 值数量: 1
INFO:app.core.database:连接数据库: 172.16.10.196:5432/db_house
INFO:app.core.database:批量执行SQL完成
INFO:app.services.data_generator:表 lms_shipment 已插入剩余 1 条记录并缓存主键值
INFO:app.services.data_generator:依赖表 lms_shipment 生成完成，记录数: 1
INFO:app.services.data_generator:数据生成完成，总记录数: 7
INFO:app.services.data_generator:退出 generate_data_for_tables 方法
INFO:app.services.data_generator:开始 generate_data_for_tables 方法
INFO:app.services.data_generator:独立表（阶段1）: ['crawler_competitor_price', 'crm_customer', 'ext_market_trend']
INFO:app.services.data_generator:依赖表（阶段2）: ['oms_order', 'lms_shipment', 'fms_financial_transaction', 'oms_order_item']
INFO:app.services.data_generator:初始化数据库计数器
INFO:app.core.database:执行查询: SELECT MAX(id) FROM crawler_competitor_price, 参数: ()
INFO:app.core.database:连接数据库: 172.16.10.196:5432/db_house
INFO:app.core.database:查询执行成功
INFO:app.core.database:执行查询: SELECT MAX(id) FROM ext_market_trend, 参数: ()
INFO:app.core.database:连接数据库: 172.16.10.196:5432/db_house
INFO:app.core.database:查询执行成功
INFO:app.core.database:执行查询: SELECT MAX(id) FROM oms_order_item, 参数: ()
INFO:app.core.database:连接数据库: 172.16.10.196:5432/db_house
INFO:app.core.database:查询执行成功
INFO:app.services.data_generator:计数器初始化完成: {'crawler_competitor_price_id': 361066, 'ext_market_trend_id': 361066, 'oms_order_item_id': 361157}
INFO:app.services.data_generator:开始处理日期: 2025-10-21
INFO:app.services.data_generator:当天计划生成记录数: 1
INFO:app.services.data_generator:已清空外键缓存
INFO:app.services.data_generator:=== 阶段1：生成独立表 ===
INFO:app.services.data_generator:开始为独立表 crawler_competitor_price 生成数据
INFO:app.core.database:批量执行SQL，查询: INSERT INTO crawler_competitor_price (id, crawl_time, platform, competitor_name, product_name, product_sku, price, promotion_info, is_in_stock) VALUES ($1, $2, $3, $4, $5, $6, $7, $8, $9), 值数量: 1
INFO:app.core.database:连接数据库: 172.16.10.196:5432/db_house
INFO:app.core.database:批量执行SQL完成
INFO:app.services.data_generator:表 crawler_competitor_price 已插入剩余 1 条记录并缓存主键值
INFO:app.services.data_generator:独立表 crawler_competitor_price 生成完成，记录数: 1
INFO:app.services.data_generator:开始为独立表 crm_customer 生成数据
INFO:app.core.database:批量执行SQL，查询: INSERT INTO crm_customer (customer_id, name, gender, phone, email, birthday, address, create_time, update_time, is_deleted) VALUES ($1, $2, $3, $4, $5, $6, $7, $8, $9, $10), 值数量: 1
INFO:app.core.database:连接数据库: 172.16.10.196:5432/db_house
INFO:app.core.database:批量执行SQL完成
INFO:app.services.data_generator:表 crm_customer 已插入剩余 1 条记录并缓存主键值
INFO:app.services.data_generator:独立表 crm_customer 生成完成，记录数: 1
INFO:app.services.data_generator:开始为独立表 ext_market_trend 生成数据
INFO:app.core.database:批量执行SQL，查询: INSERT INTO ext_market_trend (id, period, region, category, market_size, growth_rate, data_source) VALUES ($1, $2, $3, $4, $5, $6, $7), 值数量: 1
INFO:app.core.database:连接数据库: 172.16.10.196:5432/db_house
INFO:app.core.database:批量执行SQL完成
INFO:app.services.data_generator:表 ext_market_trend 已插入剩余 1 条记录并缓存主键值
INFO:app.services.data_generator:独立表 ext_market_trend 生成完成，记录数: 1
INFO:app.services.data_generator:=== 阶段2：生成依赖表 ===
INFO:app.services.data_generator:表依赖排序结果: ['oms_order', 'oms_order_item', 'fms_financial_transaction', 'lms_shipment']
INFO:app.services.data_generator:排序后的依赖表: ['oms_order', 'oms_order_item', 'fms_financial_transaction', 'lms_shipment']
INFO:app.services.data_generator:开始为依赖表 oms_order 生成数据
INFO:app.core.database:批量执行SQL，查询: INSERT INTO oms_order (order_id, order_channel, customer_code, order_amount, discount_amount, pay_amount, order_status, province, city, district, detail_address, order_time) VALUES ($1, $2, $3, $4, $5, $6, $7, $8, $9, $10, $11, $12), 值数量: 1
INFO:app.core.database:连接数据库: 172.16.10.196:5432/db_house
INFO:app.core.database:批量执行SQL完成
INFO:app.services.data_generator:表 oms_order 已插入剩余 1 条记录并缓存主键值
INFO:app.services.data_generator:依赖表 oms_order 生成完成，记录数: 1
INFO:app.services.data_generator:开始为依赖表 oms_order_item 生成数据
INFO:app.core.database:批量执行SQL，查询: INSERT INTO oms_order_item (id, order_id, product_sku, product_name, quantity, price) VALUES ($1, $2, $3, $4, $5, $6), 值数量: 1
INFO:app.core.database:连接数据库: 172.16.10.196:5432/db_house
INFO:app.core.database:批量执行SQL完成
INFO:app.services.data_generator:表 oms_order_item 已插入剩余 1 条记录并缓存主键值
INFO:app.services.data_generator:依赖表 oms_order_item 生成完成，记录数: 1
INFO:app.services.data_generator:开始为依赖表 fms_financial_transaction 生成数据
INFO:app.core.database:批量执行SQL，查询: INSERT INTO fms_financial_transaction (transaction_id, order_id, payment_method, transaction_type, transaction_amount, transaction_status, transaction_time) VALUES ($1, $2, $3, $4, $5, $6, $7), 值数量: 1
INFO:app.core.database:连接数据库: 172.16.10.196:5432/db_house
INFO:app.core.database:批量执行SQL完成
INFO:app.services.data_generator:表 fms_financial_transaction 已插入剩余 1 条记录并缓存主键值
INFO:app.services.data_generator:依赖表 fms_financial_transaction 生成完成，记录数: 1
INFO:app.services.data_generator:开始为依赖表 lms_shipment 生成数据
INFO:app.core.database:批量执行SQL，查询: INSERT INTO lms_shipment (shipment_id, order_id, carrier, sender_address, receiver_info, current_status, shipping_time, estimated_delivery, actual_delivery) VALUES ($1, $2, $3, $4, $5, $6, $7, $8, $9), 值数量: 1
INFO:app.core.database:连接数据库: 172.16.10.196:5432/db_house
INFO:app.core.database:批量执行SQL完成
INFO:app.services.data_generator:表 lms_shipment 已插入剩余 1 条记录并缓存主键值
INFO:app.services.data_generator:依赖表 lms_shipment 生成完成，记录数: 1
INFO:app.services.data_generator:数据生成完成，总记录数: 7
INFO:app.services.data_generator:退出 generate_data_for_tables 方法
INFO:app.services.data_generator:开始 generate_data_for_tables 方法
INFO:app.services.data_generator:独立表（阶段1）: ['crawler_competitor_price', 'crm_customer', 'ext_market_trend']
INFO:app.services.data_generator:依赖表（阶段2）: ['oms_order', 'lms_shipment', 'fms_financial_transaction', 'oms_order_item']
INFO:app.services.data_generator:初始化数据库计数器
INFO:app.core.database:执行查询: SELECT MAX(id) FROM crawler_competitor_price, 参数: ()
INFO:app.core.database:连接数据库: 172.16.10.196:5432/db_house
INFO:app.core.database:查询执行成功
INFO:app.core.database:执行查询: SELECT MAX(id) FROM ext_market_trend, 参数: ()
INFO:app.core.database:连接数据库: 172.16.10.196:5432/db_house
INFO:app.core.database:查询执行成功
INFO:app.core.database:执行查询: SELECT MAX(id) FROM oms_order_item, 参数: ()
INFO:app.core.database:连接数据库: 172.16.10.196:5432/db_house
INFO:app.core.database:查询执行成功
INFO:app.services.data_generator:计数器初始化完成: {'crawler_competitor_price_id': 361067, 'ext_market_trend_id': 361067, 'oms_order_item_id': 361158}
INFO:app.services.data_generator:开始处理日期: 2025-10-21
INFO:app.services.data_generator:当天计划生成记录数: 1
INFO:app.services.data_generator:已清空外键缓存
INFO:app.services.data_generator:=== 阶段1：生成独立表 ===
INFO:app.services.data_generator:开始为独立表 crawler_competitor_price 生成数据
INFO:app.core.database:批量执行SQL，查询: INSERT INTO crawler_competitor_price (id, crawl_time, platform, competitor_name, product_name, product_sku, price, promotion_info, is_in_stock) VALUES ($1, $2, $3, $4, $5, $6, $7, $8, $9), 值数量: 1
INFO:app.core.database:连接数据库: 172.16.10.196:5432/db_house
INFO:app.core.database:批量执行SQL完成
INFO:app.services.data_generator:表 crawler_competitor_price 已插入剩余 1 条记录并缓存主键值
INFO:app.services.data_generator:独立表 crawler_competitor_price 生成完成，记录数: 1
INFO:app.services.data_generator:开始为独立表 crm_customer 生成数据
INFO:app.core.database:批量执行SQL，查询: INSERT INTO crm_customer (customer_id, name, gender, phone, email, birthday, address, create_time, update_time, is_deleted) VALUES ($1, $2, $3, $4, $5, $6, $7, $8, $9, $10), 值数量: 1
INFO:app.core.database:连接数据库: 172.16.10.196:5432/db_house
INFO:app.core.database:批量执行SQL完成
INFO:app.services.data_generator:表 crm_customer 已插入剩余 1 条记录并缓存主键值
INFO:app.services.data_generator:独立表 crm_customer 生成完成，记录数: 1
INFO:app.services.data_generator:开始为独立表 ext_market_trend 生成数据
INFO:app.core.database:批量执行SQL，查询: INSERT INTO ext_market_trend (id, period, region, category, market_size, growth_rate, data_source) VALUES ($1, $2, $3, $4, $5, $6, $7), 值数量: 1
INFO:app.core.database:连接数据库: 172.16.10.196:5432/db_house
INFO:app.core.database:批量执行SQL完成
INFO:app.services.data_generator:表 ext_market_trend 已插入剩余 1 条记录并缓存主键值
INFO:app.services.data_generator:独立表 ext_market_trend 生成完成，记录数: 1
INFO:app.services.data_generator:=== 阶段2：生成依赖表 ===
INFO:app.services.data_generator:表依赖排序结果: ['oms_order', 'oms_order_item', 'fms_financial_transaction', 'lms_shipment']
INFO:app.services.data_generator:排序后的依赖表: ['oms_order', 'oms_order_item', 'fms_financial_transaction', 'lms_shipment']
INFO:app.services.data_generator:开始为依赖表 oms_order 生成数据
INFO:app.core.database:批量执行SQL，查询: INSERT INTO oms_order (order_id, order_channel, customer_code, order_amount, discount_amount, pay_amount, order_status, province, city, district, detail_address, order_time) VALUES ($1, $2, $3, $4, $5, $6, $7, $8, $9, $10, $11, $12), 值数量: 1
INFO:app.core.database:连接数据库: 172.16.10.196:5432/db_house
INFO:app.core.database:批量执行SQL完成
INFO:app.services.data_generator:表 oms_order 已插入剩余 1 条记录并缓存主键值
INFO:app.services.data_generator:依赖表 oms_order 生成完成，记录数: 1
INFO:app.services.data_generator:开始为依赖表 oms_order_item 生成数据
INFO:app.core.database:批量执行SQL，查询: INSERT INTO oms_order_item (id, order_id, product_sku, product_name, quantity, price) VALUES ($1, $2, $3, $4, $5, $6), 值数量: 1
INFO:app.core.database:连接数据库: 172.16.10.196:5432/db_house
INFO:app.core.database:批量执行SQL完成
INFO:app.services.data_generator:表 oms_order_item 已插入剩余 1 条记录并缓存主键值
INFO:app.services.data_generator:依赖表 oms_order_item 生成完成，记录数: 1
INFO:app.services.data_generator:开始为依赖表 fms_financial_transaction 生成数据
INFO:app.core.database:批量执行SQL，查询: INSERT INTO fms_financial_transaction (transaction_id, order_id, payment_method, transaction_type, transaction_amount, transaction_status, transaction_time) VALUES ($1, $2, $3, $4, $5, $6, $7), 值数量: 1
INFO:app.core.database:连接数据库: 172.16.10.196:5432/db_house
INFO:app.core.database:批量执行SQL完成
INFO:app.services.data_generator:表 fms_financial_transaction 已插入剩余 1 条记录并缓存主键值
INFO:app.services.data_generator:依赖表 fms_financial_transaction 生成完成，记录数: 1
INFO:app.services.data_generator:开始为依赖表 lms_shipment 生成数据
INFO:app.core.database:批量执行SQL，查询: INSERT INTO lms_shipment (shipment_id, order_id, carrier, sender_address, receiver_info, current_status, shipping_time, estimated_delivery, actual_delivery) VALUES ($1, $2, $3, $4, $5, $6, $7, $8, $9), 值数量: 1
INFO:app.core.database:连接数据库: 172.16.10.196:5432/db_house
INFO:app.core.database:批量执行SQL完成
INFO:app.services.data_generator:表 lms_shipment 已插入剩余 1 条记录并缓存主键值
INFO:app.services.data_generator:依赖表 lms_shipment 生成完成，记录数: 1
INFO:app.services.data_generator:数据生成完成，总记录数: 7
INFO:app.services.data_generator:退出 generate_data_for_tables 方法
INFO:app.services.data_generator:开始 generate_data_for_tables 方法
INFO:app.services.data_generator:独立表（阶段1）: ['crawler_competitor_price', 'crm_customer', 'ext_market_trend']
INFO:app.services.data_generator:依赖表（阶段2）: ['oms_order', 'lms_shipment', 'fms_financial_transaction', 'oms_order_item']
INFO:app.services.data_generator:初始化数据库计数器
INFO:app.core.database:执行查询: SELECT MAX(id) FROM crawler_competitor_price, 参数: ()
INFO:app.core.database:连接数据库: 172.16.10.196:5432/db_house
INFO:app.core.database:查询执行成功
INFO:app.core.database:执行查询: SELECT MAX(id) FROM ext_market_trend, 参数: ()
INFO:app.core.database:连接数据库: 172.16.10.196:5432/db_house
INFO:app.core.database:查询执行成功
INFO:app.core.database:执行查询: SELECT MAX(id) FROM oms_order_item, 参数: ()
INFO:app.core.database:连接数据库: 172.16.10.196:5432/db_house
INFO:app.core.database:查询执行成功
INFO:app.services.data_generator:计数器初始化完成: {'crawler_competitor_price_id': 361068, 'ext_market_trend_id': 361068, 'oms_order_item_id': 361159}
INFO:app.services.data_generator:开始处理日期: 2025-10-21
INFO:app.services.data_generator:当天计划生成记录数: 1
INFO:app.services.data_generator:已清空外键缓存
INFO:app.services.data_generator:=== 阶段1：生成独立表 ===
INFO:app.services.data_generator:开始为独立表 crawler_competitor_price 生成数据
INFO:app.core.database:批量执行SQL，查询: INSERT INTO crawler_competitor_price (id, crawl_time, platform, competitor_name, product_name, product_sku, price, promotion_info, is_in_stock) VALUES ($1, $2, $3, $4, $5, $6, $7, $8, $9), 值数量: 1
INFO:app.core.database:连接数据库: 172.16.10.196:5432/db_house
INFO:app.core.database:批量执行SQL完成
INFO:app.services.data_generator:表 crawler_competitor_price 已插入剩余 1 条记录并缓存主键值
INFO:app.services.data_generator:独立表 crawler_competitor_price 生成完成，记录数: 1
INFO:app.services.data_generator:开始为独立表 crm_customer 生成数据
INFO:app.core.database:批量执行SQL，查询: INSERT INTO crm_customer (customer_id, name, gender, phone, email, birthday, address, create_time, update_time, is_deleted) VALUES ($1, $2, $3, $4, $5, $6, $7, $8, $9, $10), 值数量: 1
INFO:app.core.database:连接数据库: 172.16.10.196:5432/db_house
INFO:app.core.database:批量执行SQL完成
INFO:app.services.data_generator:表 crm_customer 已插入剩余 1 条记录并缓存主键值
INFO:app.services.data_generator:独立表 crm_customer 生成完成，记录数: 1
INFO:app.services.data_generator:开始为独立表 ext_market_trend 生成数据
INFO:app.core.database:批量执行SQL，查询: INSERT INTO ext_market_trend (id, period, region, category, market_size, growth_rate, data_source) VALUES ($1, $2, $3, $4, $5, $6, $7), 值数量: 1
INFO:app.core.database:连接数据库: 172.16.10.196:5432/db_house
INFO:app.core.database:批量执行SQL完成
INFO:app.services.data_generator:表 ext_market_trend 已插入剩余 1 条记录并缓存主键值
INFO:app.services.data_generator:独立表 ext_market_trend 生成完成，记录数: 1
INFO:app.services.data_generator:=== 阶段2：生成依赖表 ===
INFO:app.services.data_generator:表依赖排序结果: ['oms_order', 'oms_order_item', 'fms_financial_transaction', 'lms_shipment']
INFO:app.services.data_generator:排序后的依赖表: ['oms_order', 'oms_order_item', 'fms_financial_transaction', 'lms_shipment']
INFO:app.services.data_generator:开始为依赖表 oms_order 生成数据
INFO:app.core.database:批量执行SQL，查询: INSERT INTO oms_order (order_id, order_channel, customer_code, order_amount, discount_amount, pay_amount, order_status, province, city, district, detail_address, order_time) VALUES ($1, $2, $3, $4, $5, $6, $7, $8, $9, $10, $11, $12), 值数量: 1
INFO:app.core.database:连接数据库: 172.16.10.196:5432/db_house
INFO:app.core.database:批量执行SQL完成
INFO:app.services.data_generator:表 oms_order 已插入剩余 1 条记录并缓存主键值
INFO:app.services.data_generator:依赖表 oms_order 生成完成，记录数: 1
INFO:app.services.data_generator:开始为依赖表 oms_order_item 生成数据
INFO:app.core.database:批量执行SQL，查询: INSERT INTO oms_order_item (id, order_id, product_sku, product_name, quantity, price) VALUES ($1, $2, $3, $4, $5, $6), 值数量: 1
INFO:app.core.database:连接数据库: 172.16.10.196:5432/db_house
INFO:app.core.database:批量执行SQL完成
INFO:app.services.data_generator:表 oms_order_item 已插入剩余 1 条记录并缓存主键值
INFO:app.services.data_generator:依赖表 oms_order_item 生成完成，记录数: 1
INFO:app.services.data_generator:开始为依赖表 fms_financial_transaction 生成数据
INFO:app.core.database:批量执行SQL，查询: INSERT INTO fms_financial_transaction (transaction_id, order_id, payment_method, transaction_type, transaction_amount, transaction_status, transaction_time) VALUES ($1, $2, $3, $4, $5, $6, $7), 值数量: 1
INFO:app.core.database:连接数据库: 172.16.10.196:5432/db_house
INFO:app.core.database:批量执行SQL完成
INFO:app.services.data_generator:表 fms_financial_transaction 已插入剩余 1 条记录并缓存主键值
INFO:app.services.data_generator:依赖表 fms_financial_transaction 生成完成，记录数: 1
INFO:app.services.data_generator:开始为依赖表 lms_shipment 生成数据
INFO:app.core.database:批量执行SQL，查询: INSERT INTO lms_shipment (shipment_id, order_id, carrier, sender_address, receiver_info, current_status, shipping_time, estimated_delivery, actual_delivery) VALUES ($1, $2, $3, $4, $5, $6, $7, $8, $9), 值数量: 1
INFO:app.core.database:连接数据库: 172.16.10.196:5432/db_house
INFO:app.core.database:批量执行SQL完成
INFO:app.services.data_generator:表 lms_shipment 已插入剩余 1 条记录并缓存主键值
INFO:app.services.data_generator:依赖表 lms_shipment 生成完成，记录数: 1
INFO:app.services.data_generator:数据生成完成，总记录数: 7
INFO:app.services.data_generator:退出 generate_data_for_tables 方法
INFO:app.services.data_generator:开始 generate_data_for_tables 方法
INFO:app.services.data_generator:独立表（阶段1）: ['crawler_competitor_price', 'crm_customer', 'ext_market_trend']
INFO:app.services.data_generator:依赖表（阶段2）: ['oms_order', 'lms_shipment', 'fms_financial_transaction', 'oms_order_item']
INFO:app.services.data_generator:初始化数据库计数器
INFO:app.core.database:执行查询: SELECT MAX(id) FROM crawler_competitor_price, 参数: ()
INFO:app.core.database:连接数据库: 172.16.10.196:5432/db_house
INFO:app.core.database:查询执行成功
INFO:app.core.database:执行查询: SELECT MAX(id) FROM ext_market_trend, 参数: ()
INFO:app.core.database:连接数据库: 172.16.10.196:5432/db_house
INFO:app.core.database:查询执行成功
INFO:app.core.database:执行查询: SELECT MAX(id) FROM oms_order_item, 参数: ()
INFO:app.core.database:连接数据库: 172.16.10.196:5432/db_house
INFO:app.core.database:查询执行成功
INFO:app.services.data_generator:计数器初始化完成: {'crawler_competitor_price_id': 361069, 'ext_market_trend_id': 361069, 'oms_order_item_id': 361160}
INFO:app.services.data_generator:开始处理日期: 2025-10-21
INFO:app.services.data_generator:当天计划生成记录数: 1
INFO:app.services.data_generator:已清空外键缓存
INFO:app.services.data_generator:=== 阶段1：生成独立表 ===
INFO:app.services.data_generator:开始为独立表 crawler_competitor_price 生成数据
INFO:app.core.database:批量执行SQL，查询: INSERT INTO crawler_competitor_price (id, crawl_time, platform, competitor_name, product_name, product_sku, price, promotion_info, is_in_stock) VALUES ($1, $2, $3, $4, $5, $6, $7, $8, $9), 值数量: 1
INFO:app.core.database:连接数据库: 172.16.10.196:5432/db_house
INFO:app.core.database:批量执行SQL完成
INFO:app.services.data_generator:表 crawler_competitor_price 已插入剩余 1 条记录并缓存主键值
INFO:app.services.data_generator:独立表 crawler_competitor_price 生成完成，记录数: 1
INFO:app.services.data_generator:开始为独立表 crm_customer 生成数据
INFO:app.core.database:批量执行SQL，查询: INSERT INTO crm_customer (customer_id, name, gender, phone, email, birthday, address, create_time, update_time, is_deleted) VALUES ($1, $2, $3, $4, $5, $6, $7, $8, $9, $10), 值数量: 1
INFO:app.core.database:连接数据库: 172.16.10.196:5432/db_house
INFO:app.core.database:批量执行SQL完成
INFO:app.services.data_generator:表 crm_customer 已插入剩余 1 条记录并缓存主键值
INFO:app.services.data_generator:独立表 crm_customer 生成完成，记录数: 1
INFO:app.services.data_generator:开始为独立表 ext_market_trend 生成数据
INFO:app.core.database:批量执行SQL，查询: INSERT INTO ext_market_trend (id, period, region, category, market_size, growth_rate, data_source) VALUES ($1, $2, $3, $4, $5, $6, $7), 值数量: 1
INFO:app.core.database:连接数据库: 172.16.10.196:5432/db_house
INFO:app.core.database:批量执行SQL完成
INFO:app.services.data_generator:表 ext_market_trend 已插入剩余 1 条记录并缓存主键值
INFO:app.services.data_generator:独立表 ext_market_trend 生成完成，记录数: 1
INFO:app.services.data_generator:=== 阶段2：生成依赖表 ===
INFO:app.services.data_generator:表依赖排序结果: ['oms_order', 'oms_order_item', 'fms_financial_transaction', 'lms_shipment']
INFO:app.services.data_generator:排序后的依赖表: ['oms_order', 'oms_order_item', 'fms_financial_transaction', 'lms_shipment']
INFO:app.services.data_generator:开始为依赖表 oms_order 生成数据
INFO:app.core.database:批量执行SQL，查询: INSERT INTO oms_order (order_id, order_channel, customer_code, order_amount, discount_amount, pay_amount, order_status, province, city, district, detail_address, order_time) VALUES ($1, $2, $3, $4, $5, $6, $7, $8, $9, $10, $11, $12), 值数量: 1
INFO:app.core.database:连接数据库: 172.16.10.196:5432/db_house
INFO:app.core.database:批量执行SQL完成
INFO:app.services.data_generator:表 oms_order 已插入剩余 1 条记录并缓存主键值
INFO:app.services.data_generator:依赖表 oms_order 生成完成，记录数: 1
INFO:app.services.data_generator:开始为依赖表 oms_order_item 生成数据
INFO:app.core.database:批量执行SQL，查询: INSERT INTO oms_order_item (id, order_id, product_sku, product_name, quantity, price) VALUES ($1, $2, $3, $4, $5, $6), 值数量: 1
INFO:app.core.database:连接数据库: 172.16.10.196:5432/db_house
INFO:app.core.database:批量执行SQL完成
INFO:app.services.data_generator:表 oms_order_item 已插入剩余 1 条记录并缓存主键值
INFO:app.services.data_generator:依赖表 oms_order_item 生成完成，记录数: 1
INFO:app.services.data_generator:开始为依赖表 fms_financial_transaction 生成数据
INFO:app.core.database:批量执行SQL，查询: INSERT INTO fms_financial_transaction (transaction_id, order_id, payment_method, transaction_type, transaction_amount, transaction_status, transaction_time) VALUES ($1, $2, $3, $4, $5, $6, $7), 值数量: 1
INFO:app.core.database:连接数据库: 172.16.10.196:5432/db_house
INFO:app.core.database:批量执行SQL完成
INFO:app.services.data_generator:表 fms_financial_transaction 已插入剩余 1 条记录并缓存主键值
INFO:app.services.data_generator:依赖表 fms_financial_transaction 生成完成，记录数: 1
INFO:app.services.data_generator:开始为依赖表 lms_shipment 生成数据
INFO:app.core.database:批量执行SQL，查询: INSERT INTO lms_shipment (shipment_id, order_id, carrier, sender_address, receiver_info, current_status, shipping_time, estimated_delivery, actual_delivery) VALUES ($1, $2, $3, $4, $5, $6, $7, $8, $9), 值数量: 1
INFO:app.core.database:连接数据库: 172.16.10.196:5432/db_house
INFO:app.core.database:批量执行SQL完成
INFO:app.services.data_generator:表 lms_shipment 已插入剩余 1 条记录并缓存主键值
INFO:app.services.data_generator:依赖表 lms_shipment 生成完成，记录数: 1
INFO:app.services.data_generator:数据生成完成，总记录数: 7
INFO:app.services.data_generator:退出 generate_data_for_tables 方法

[2025-10-21 14:21:44.256810] 📦 开始生成第 66 批数据...
[2025-10-21 14:21:44.530959] 📦 生成了 7 条记录
[2025-10-21 14:21:44.530985] ✅ 第 66 批数据生成完成
[2025-10-21 14:21:44.530993] ⏱️ 等待 1 秒后继续...
[2025-10-21 14:21:45.532163] 📦 开始生成第 67 批数据...
[2025-10-21 14:21:46.113607] 📦 生成了 7 条记录
[2025-10-21 14:21:46.113635] ✅ 第 67 批数据生成完成
[2025-10-21 14:21:46.113643] ⏱️ 等待 1 秒后继续...
[2025-10-21 14:21:47.114801] 📦 开始生成第 68 批数据...
[2025-10-21 14:21:47.510623] 📦 生成了 7 条记录
[2025-10-21 14:21:47.510651] ✅ 第 68 批数据生成完成
[2025-10-21 14:21:47.510660] ⏱️ 等待 1 秒后继续...
[2025-10-21 14:21:48.511807] 📦 开始生成第 69 批数据...
[2025-10-21 14:21:48.869853] 📦 生成了 7 条记录
[2025-10-21 14:21:48.869878] ✅ 第 69 批数据生成完成
[2025-10-21 14:21:48.869884] ⏱️ 等待 1 秒后继续...
[2025-10-21 14:21:49.871015] 📦 开始生成第 70 批数据...
[2025-10-21 14:21:50.260465] 📦 生成了 7 条记录
[2025-10-21 14:21:50.260490] ✅ 第 70 批数据生成完成
[2025-10-21 14:21:50.260499] ⏱️ 等待 1 秒后继续...
[2025-10-21 14:21:51.261690] 📦 开始生成第 71 批数据...
[2025-10-21 14:21:51.771142] 📦 生成了 7 条记录
[2025-10-21 14:21:51.771168] ✅ 第 71 批数据生成完成
[2025-10-21 14:21:51.771177] ⏱️ 等待 1 秒后继续...
[2025-10-21 14:21:52.772391] 📦 开始生成第 72 批数据...
[2025-10-21 14:21:54.399127] 📦 生成了 7 条记录
[2025-10-21 14:21:54.399154] ✅ 第 72 批数据生成完成
[2025-10-21 14:21:54.399163] ⏱️ 等待 1 秒后继续...
[2025-10-21 14:21:55.400346] 📦 开始生成第 73 批数据...
[2025-10-21 14:21:55.791458] 📦 生成了 7 条记录
[2025-10-21 14:21:55.791477] ✅ 第 73 批数据生成完成
[2025-10-21 14:21:55.791481] ⏱️ 等待 1 秒后继续...
[2025-10-21 14:21:56.792643] 📦 开始生成第 74 批数据...
[2025-10-21 14:21:57.334462] 📦 生成了 7 条记录
[2025-10-21 14:21:57.334489] ✅ 第 74 批数据生成完成
[2025-10-21 14:21:57.334496] ⏱️ 等待 1 秒后继续...
[2025-10-21 14:21:58.335019] 📦 开始生成第 75 批数据...
[2025-10-21 14:21:58.688393] 📦 生成了 7 条记录
[2025-10-21 14:21:58.688421] ✅ 第 75 批数据生成完成
[2025-10-21 14:21:58.688430] ⏱️ 等待 1 秒后继续...
[2025-10-21 14:21:59.689555] 📦 开始生成第 76 批数据...
[2025-10-21 14:22:00.565472] 📦 生成了 7 条记录
[2025-10-21 14:22:00.565497] ✅ 第 76 批数据生成完成
[2025-10-21 14:22:00.565506] ⏱️ 等待 1 秒后继续...
[2025-10-21 14:22:01.566680] 📦 开始生成第 77 批数据...
[2025-10-21 14:22:01.710920] 📦 生成了 7 条记录
[2025-10-21 14:22:01.710949] ✅ 第 77 批数据生成完成
[2025-10-21 14:22:01.710957] ⏱️ 等待 1 秒后继续...
[2025-10-21 14:22:02.712099] 📦 开始生成第 78 批数据...
[2025-10-21 14:22:02.909354] 📦 生成了 7 条记录
[2025-10-21 14:22:02.909378] ✅ 第 78 批数据生成完成
[2025-10-21 14:22:02.909381] ⏱️ 等待 1 秒后继续...
[2025-10-21 14:22:03.909662] 📦 开始生成第 79 批数据...
[2025-10-21 14:22:04.390613] 📦 生成了 7 条记录
[2025-10-21 14:22:04.390644] ✅ 第 79 批数据生成完成
[2025-10-21 14:22:04.390653] ⏱️ 等待 1 秒后继续...
[2025-10-21 14:22:05.391269] 📦 开始生成第 80 批数据...
[2025-10-21 14:22:05.512294] 📦 生成了 7 条记录
[2025-10-21 14:22:05.512313] ✅ 第 80 批数据生成完成
[2025-10-21 14:22:05.512323] ⏱️ 等待 1 秒后继续...
[2025-10-21 14:22:06.513471] 📦 开始生成第 81 批数据...
[2025-10-21 14:22:06.718476] 📦 生成了 7 条记录
[2025-10-21 14:22:06.718493] ✅ 第 81 批数据生成完成
[2025-10-21 14:22:06.718498] ⏱️ 等待 1 秒后继续...
[2025-10-21 14:22:07.719637] 📦 开始生成第 82 批数据...
[2025-10-21 14:22:08.028910] 📦 生成了 7 条记录
[2025-10-21 14:22:08.028925] ✅ 第 82 批数据生成完成
[2025-10-21 14:22:08.028929] ⏱️ 等待 1 秒后继续...
[2025-10-21 14:22:09.030054] 📦 开始生成第 83 批数据...
[2025-10-21 14:22:09.478221] 📦 生成了 7 条记录
[2025-10-21 14:22:09.478241] ✅ 第 83 批数据生成完成
[2025-10-21 14:22:09.478247] ⏱️ 等待 1 秒后继续...
[2025-10-21 14:22:10.479385] 📦 开始生成第 84 批数据...
[2025-10-21 14:22:10.608935] 📦 生成了 7 条记录
[2025-10-21 14:22:10.608961] ✅ 第 84 批数据生成完成
[2025-10-21 14:22:10.608970] ⏱️ 等待 1 秒后继续...
[2025-10-21 14:22:11.610118] 📦 开始生成第 85 批数据...
[2025-10-21 14:22:11.740389] 📦 生成了 7 条记录
[2025-10-21 14:22:11.740399] ✅ 第 85 批数据生成完成
[2025-10-21 14:22:11.740402] ⏱️ 等待 1 秒后继续...
[2025-10-21 14:22:12.741493] 📦 开始生成第 86 批数据...
[2025-10-21 14:22:13.260742] 📦 生成了 7 条记录
[2025-10-21 14:22:13.260759] ✅ 第 86 批数据生成完成
[2025-10-21 14:22:13.260763] ⏱️ 等待 1 秒后继续...
[2025-10-21 14:22:14.261092] 📦 开始生成第 87 批数据...
[2025-10-21 14:22:14.844231] 📦 生成了 7 条记录
[2025-10-21 14:22:14.844252] ✅ 第 87 批数据生成完成
[2025-10-21 14:22:14.844258] ⏱️ 等待 1 秒后继续...
[2025-10-21 14:22:15.845016] 📦 开始生成第 88 批数据...
[2025-10-21 14:22:16.024507] 📦 生成了 7 条记录
[2025-10-21 14:22:16.024533] ✅ 第 88 批数据生成完成
[2025-10-21 14:22:16.024542] ⏱️ 等待 1 秒后继续...
[2025-10-21 14:22:17.025707] 📦 开始生成第 89 批数据...
[2025-10-21 14:22:17.300715] 📦 生成了 7 条记录
[2025-10-21 14:22:17.300741] ✅ 第 89 批数据生成完成
[2025-10-21 14:22:17.300750] ⏱️ 等待 1 秒后继续...
[2025-10-21 14:22:18.301917] 📦 开始生成第 90 批数据...
[2025-10-21 14:22:19.112698] 📦 生成了 7 条记录
[2025-10-21 14:22:19.112724] ✅ 第 90 批数据生成完成
[2025-10-21 14:22:19.112732] ⏱️ 等待 1 秒后继续...
[2025-10-21 14:22:20.113910] 📦 开始生成第 91 批数据...
[2025-10-21 14:22:20.592118] 📦 生成了 7 条记录
[2025-10-21 14:22:20.592144] ✅ 第 91 批数据生成完成
[2025-10-21 14:22:20.592152] ⏱️ 等待 1 秒后继续...
[2025-10-21 14:22:21.593336] 📦 开始生成第 92 批数据...
[2025-10-21 14:22:21.940871] 📦 生成了 7 条记录
[2025-10-21 14:22:21.940890] ✅ 第 92 批数据生成完成
[2025-10-21 14:22:21.940894] ⏱️ 等待 1 秒后继续...
[2025-10-21 14:22:22.942055] 📦 开始生成第 93 批数据...
[2025-10-21 14:22:23.135622] 📦 生成了 7 条记录
[2025-10-21 14:22:23.135648] ✅ 第 93 批数据生成完成
[2025-10-21 14:22:23.135656] ⏱️ 等待 1 秒后继续...
[2025-10-21 14:22:24.136807] 📦 开始生成第 94 批数据...
[2025-10-21 14:22:24.646177] 📦 生成了 7 条记录
[2025-10-21 14:22:24.646198] ✅ 第 94 批数据生成完成
[2025-10-21 14:22:24.646204] ⏱️ 等待 1 秒后继续...
[2025-10-21 14:22:25.646831] 📦 开始生成第 95 批数据...
[2025-10-21 14:22:25.782613] 📦 生成了 7 条记录
[2025-10-21 14:22:25.782640] ✅ 第 95 批数据生成完成
[2025-10-21 14:22:25.782648] ⏱️ 等待 1 秒后继续...
[2025-10-21 14:22:26.783822] 📦 开始生成第 96 批数据...
[2025-10-21 14:22:27.184813] 📦 生成了 7 条记录
[2025-10-21 14:22:27.184830] ✅ 第 96 批数据生成完成
[2025-10-21 14:22:27.184836] ⏱️ 等待 1 秒后继续...
[2025-10-21 14:22:28.186035] 📦 开始生成第 97 批数据...
[2025-10-21 14:22:28.523362] 📦 生成了 7 条记录
[2025-10-21 14:22:28.523385] ✅ 第 97 批数据生成完成
[2025-10-21 14:22:28.523393] ⏱️ 等待 1 秒后继续...
[2025-10-21 14:22:29.523617] 📦 开始生成第 98 批数据...
[2025-10-21 14:22:31.881334] 📦 生成了 7 条记录
[2025-10-21 14:22:31.881379] ✅ 第 98 批数据生成完成
[2025-10-21 14:22:31.881395] ⏱️ 等待 1 秒后继续...
[2025-10-21 14:22:32.882554] 📦 开始生成第 99 批数据...
[2025-10-21 14:22:33.233493] 📦 生成了 7 条记录INFO:app.services.data_generator:开始 generate_data_for_tables 方法
INFO:app.services.data_generator:独立表（阶段1）: ['crawler_competitor_price', 'crm_customer', 'ext_market_trend']
INFO:app.services.data_generator:依赖表（阶段2）: ['oms_order', 'lms_shipment', 'fms_financial_transaction', 'oms_order_item']
INFO:app.services.data_generator:初始化数据库计数器
INFO:app.core.database:执行查询: SELECT MAX(id) FROM crawler_competitor_price, 参数: ()
INFO:app.core.database:连接数据库: 172.16.10.196:5432/db_house
INFO:app.core.database:查询执行成功
INFO:app.core.database:执行查询: SELECT MAX(id) FROM ext_market_trend, 参数: ()
INFO:app.core.database:连接数据库: 172.16.10.196:5432/db_house
INFO:app.core.database:查询执行成功
INFO:app.core.database:执行查询: SELECT MAX(id) FROM oms_order_item, 参数: ()
INFO:app.core.database:连接数据库: 172.16.10.196:5432/db_house
INFO:app.core.database:查询执行成功
INFO:app.services.data_generator:计数器初始化完成: {'crawler_competitor_price_id': 361070, 'ext_market_trend_id': 361070, 'oms_order_item_id': 361161}
INFO:app.services.data_generator:开始处理日期: 2025-10-21
INFO:app.services.data_generator:当天计划生成记录数: 1
INFO:app.services.data_generator:已清空外键缓存
INFO:app.services.data_generator:=== 阶段1：生成独立表 ===
INFO:app.services.data_generator:开始为独立表 crawler_competitor_price 生成数据
INFO:app.core.database:批量执行SQL，查询: INSERT INTO crawler_competitor_price (id, crawl_time, platform, competitor_name, product_name, product_sku, price, promotion_info, is_in_stock) VALUES ($1, $2, $3, $4, $5, $6, $7, $8, $9), 值数量: 1
INFO:app.core.database:连接数据库: 172.16.10.196:5432/db_house
INFO:app.core.database:批量执行SQL完成
INFO:app.services.data_generator:表 crawler_competitor_price 已插入剩余 1 条记录并缓存主键值
INFO:app.services.data_generator:独立表 crawler_competitor_price 生成完成，记录数: 1
INFO:app.services.data_generator:开始为独立表 crm_customer 生成数据
INFO:app.core.database:批量执行SQL，查询: INSERT INTO crm_customer (customer_id, name, gender, phone, email, birthday, address, create_time, update_time, is_deleted) VALUES ($1, $2, $3, $4, $5, $6, $7, $8, $9, $10), 值数量: 1
INFO:app.core.database:连接数据库: 172.16.10.196:5432/db_house
INFO:app.core.database:批量执行SQL完成
INFO:app.services.data_generator:表 crm_customer 已插入剩余 1 条记录并缓存主键值
INFO:app.services.data_generator:独立表 crm_customer 生成完成，记录数: 1
INFO:app.services.data_generator:开始为独立表 ext_market_trend 生成数据
INFO:app.core.database:批量执行SQL，查询: INSERT INTO ext_market_trend (id, period, region, category, market_size, growth_rate, data_source) VALUES ($1, $2, $3, $4, $5, $6, $7), 值数量: 1
INFO:app.core.database:连接数据库: 172.16.10.196:5432/db_house
INFO:app.core.database:批量执行SQL完成
INFO:app.services.data_generator:表 ext_market_trend 已插入剩余 1 条记录并缓存主键值
INFO:app.services.data_generator:独立表 ext_market_trend 生成完成，记录数: 1
INFO:app.services.data_generator:=== 阶段2：生成依赖表 ===
INFO:app.services.data_generator:表依赖排序结果: ['oms_order', 'oms_order_item', 'fms_financial_transaction', 'lms_shipment']
INFO:app.services.data_generator:排序后的依赖表: ['oms_order', 'oms_order_item', 'fms_financial_transaction', 'lms_shipment']
INFO:app.services.data_generator:开始为依赖表 oms_order 生成数据
INFO:app.core.database:批量执行SQL，查询: INSERT INTO oms_order (order_id, order_channel, customer_code, order_amount, discount_amount, pay_amount, order_status, province, city, district, detail_address, order_time) VALUES ($1, $2, $3, $4, $5, $6, $7, $8, $9, $10, $11, $12), 值数量: 1
INFO:app.core.database:连接数据库: 172.16.10.196:5432/db_house
INFO:app.core.database:批量执行SQL完成
INFO:app.services.data_generator:表 oms_order 已插入剩余 1 条记录并缓存主键值
INFO:app.services.data_generator:依赖表 oms_order 生成完成，记录数: 1
INFO:app.services.data_generator:开始为依赖表 oms_order_item 生成数据
INFO:app.core.database:批量执行SQL，查询: INSERT INTO oms_order_item (id, order_id, product_sku, product_name, quantity, price) VALUES ($1, $2, $3, $4, $5, $6), 值数量: 1
INFO:app.core.database:连接数据库: 172.16.10.196:5432/db_house
INFO:app.core.database:批量执行SQL完成
INFO:app.services.data_generator:表 oms_order_item 已插入剩余 1 条记录并缓存主键值
INFO:app.services.data_generator:依赖表 oms_order_item 生成完成，记录数: 1
INFO:app.services.data_generator:开始为依赖表 fms_financial_transaction 生成数据
INFO:app.core.database:批量执行SQL，查询: INSERT INTO fms_financial_transaction (transaction_id, order_id, payment_method, transaction_type, transaction_amount, transaction_status, transaction_time) VALUES ($1, $2, $3, $4, $5, $6, $7), 值数量: 1
INFO:app.core.database:连接数据库: 172.16.10.196:5432/db_house
INFO:app.core.database:批量执行SQL完成
INFO:app.services.data_generator:表 fms_financial_transaction 已插入剩余 1 条记录并缓存主键值
INFO:app.services.data_generator:依赖表 fms_financial_transaction 生成完成，记录数: 1
INFO:app.services.data_generator:开始为依赖表 lms_shipment 生成数据
INFO:app.core.database:批量执行SQL，查询: INSERT INTO lms_shipment (shipment_id, order_id, carrier, sender_address, receiver_info, current_status, shipping_time, estimated_delivery, actual_delivery) VALUES ($1, $2, $3, $4, $5, $6, $7, $8, $9), 值数量: 1
INFO:app.core.database:连接数据库: 172.16.10.196:5432/db_house
INFO:app.core.database:批量执行SQL完成
INFO:app.services.data_generator:表 lms_shipment 已插入剩余 1 条记录并缓存主键值
INFO:app.services.data_generator:依赖表 lms_shipment 生成完成，记录数: 1
INFO:app.services.data_generator:数据生成完成，总记录数: 7
INFO:app.services.data_generator:退出 generate_data_for_tables 方法
INFO:app.services.data_generator:开始 generate_data_for_tables 方法
INFO:app.services.data_generator:独立表（阶段1）: ['crawler_competitor_price', 'crm_customer', 'ext_market_trend']
INFO:app.services.data_generator:依赖表（阶段2）: ['oms_order', 'lms_shipment', 'fms_financial_transaction', 'oms_order_item']
INFO:app.services.data_generator:初始化数据库计数器
INFO:app.core.database:执行查询: SELECT MAX(id) FROM crawler_competitor_price, 参数: ()
INFO:app.core.database:连接数据库: 172.16.10.196:5432/db_house
INFO:app.core.database:查询执行成功
INFO:app.core.database:执行查询: SELECT MAX(id) FROM ext_market_trend, 参数: ()
INFO:app.core.database:连接数据库: 172.16.10.196:5432/db_house
INFO:app.core.database:查询执行成功
INFO:app.core.database:执行查询: SELECT MAX(id) FROM oms_order_item, 参数: ()
INFO:app.core.database:连接数据库: 172.16.10.196:5432/db_house
INFO:app.core.database:查询执行成功
INFO:app.services.data_generator:计数器初始化完成: {'crawler_competitor_price_id': 361071, 'ext_market_trend_id': 361071, 'oms_order_item_id': 361162}
INFO:app.services.data_generator:开始处理日期: 2025-10-21
INFO:app.services.data_generator:当天计划生成记录数: 1
INFO:app.services.data_generator:已清空外键缓存
INFO:app.services.data_generator:=== 阶段1：生成独立表 ===
INFO:app.services.data_generator:开始为独立表 crawler_competitor_price 生成数据
INFO:app.core.database:批量执行SQL，查询: INSERT INTO crawler_competitor_price (id, crawl_time, platform, competitor_name, product_name, product_sku, price, promotion_info, is_in_stock) VALUES ($1, $2, $3, $4, $5, $6, $7, $8, $9), 值数量: 1
INFO:app.core.database:连接数据库: 172.16.10.196:5432/db_house
INFO:app.core.database:批量执行SQL完成
INFO:app.services.data_generator:表 crawler_competitor_price 已插入剩余 1 条记录并缓存主键值
INFO:app.services.data_generator:独立表 crawler_competitor_price 生成完成，记录数: 1
INFO:app.services.data_generator:开始为独立表 crm_customer 生成数据
INFO:app.core.database:批量执行SQL，查询: INSERT INTO crm_customer (customer_id, name, gender, phone, email, birthday, address, create_time, update_time, is_deleted) VALUES ($1, $2, $3, $4, $5, $6, $7, $8, $9, $10), 值数量: 1
INFO:app.core.database:连接数据库: 172.16.10.196:5432/db_house
INFO:app.core.database:批量执行SQL完成
INFO:app.services.data_generator:表 crm_customer 已插入剩余 1 条记录并缓存主键值
INFO:app.services.data_generator:独立表 crm_customer 生成完成，记录数: 1
INFO:app.services.data_generator:开始为独立表 ext_market_trend 生成数据
INFO:app.core.database:批量执行SQL，查询: INSERT INTO ext_market_trend (id, period, region, category, market_size, growth_rate, data_source) VALUES ($1, $2, $3, $4, $5, $6, $7), 值数量: 1
INFO:app.core.database:连接数据库: 172.16.10.196:5432/db_house
INFO:app.core.database:批量执行SQL完成
INFO:app.services.data_generator:表 ext_market_trend 已插入剩余 1 条记录并缓存主键值
INFO:app.services.data_generator:独立表 ext_market_trend 生成完成，记录数: 1
INFO:app.services.data_generator:=== 阶段2：生成依赖表 ===
INFO:app.services.data_generator:表依赖排序结果: ['oms_order', 'oms_order_item', 'fms_financial_transaction', 'lms_shipment']
INFO:app.services.data_generator:排序后的依赖表: ['oms_order', 'oms_order_item', 'fms_financial_transaction', 'lms_shipment']
INFO:app.services.data_generator:开始为依赖表 oms_order 生成数据
INFO:app.core.database:批量执行SQL，查询: INSERT INTO oms_order (order_id, order_channel, customer_code, order_amount, discount_amount, pay_amount, order_status, province, city, district, detail_address, order_time) VALUES ($1, $2, $3, $4, $5, $6, $7, $8, $9, $10, $11, $12), 值数量: 1
INFO:app.core.database:连接数据库: 172.16.10.196:5432/db_house
INFO:app.core.database:批量执行SQL完成
INFO:app.services.data_generator:表 oms_order 已插入剩余 1 条记录并缓存主键值
INFO:app.services.data_generator:依赖表 oms_order 生成完成，记录数: 1
INFO:app.services.data_generator:开始为依赖表 oms_order_item 生成数据
INFO:app.core.database:批量执行SQL，查询: INSERT INTO oms_order_item (id, order_id, product_sku, product_name, quantity, price) VALUES ($1, $2, $3, $4, $5, $6), 值数量: 1
INFO:app.core.database:连接数据库: 172.16.10.196:5432/db_house
INFO:app.core.database:批量执行SQL完成
INFO:app.services.data_generator:表 oms_order_item 已插入剩余 1 条记录并缓存主键值
INFO:app.services.data_generator:依赖表 oms_order_item 生成完成，记录数: 1
INFO:app.services.data_generator:开始为依赖表 fms_financial_transaction 生成数据
INFO:app.core.database:批量执行SQL，查询: INSERT INTO fms_financial_transaction (transaction_id, order_id, payment_method, transaction_type, transaction_amount, transaction_status, transaction_time) VALUES ($1, $2, $3, $4, $5, $6, $7), 值数量: 1
INFO:app.core.database:连接数据库: 172.16.10.196:5432/db_house
INFO:app.core.database:批量执行SQL完成
INFO:app.services.data_generator:表 fms_financial_transaction 已插入剩余 1 条记录并缓存主键值
INFO:app.services.data_generator:依赖表 fms_financial_transaction 生成完成，记录数: 1
INFO:app.services.data_generator:开始为依赖表 lms_shipment 生成数据
INFO:app.core.database:批量执行SQL，查询: INSERT INTO lms_shipment (shipment_id, order_id, carrier, sender_address, receiver_info, current_status, shipping_time, estimated_delivery, actual_delivery) VALUES ($1, $2, $3, $4, $5, $6, $7, $8, $9), 值数量: 1
INFO:app.core.database:连接数据库: 172.16.10.196:5432/db_house
INFO:app.core.database:批量执行SQL完成
INFO:app.services.data_generator:表 lms_shipment 已插入剩余 1 条记录并缓存主键值
INFO:app.services.data_generator:依赖表 lms_shipment 生成完成，记录数: 1
INFO:app.services.data_generator:数据生成完成，总记录数: 7
INFO:app.services.data_generator:退出 generate_data_for_tables 方法
INFO:app.services.data_generator:开始 generate_data_for_tables 方法
INFO:app.services.data_generator:独立表（阶段1）: ['crawler_competitor_price', 'crm_customer', 'ext_market_trend']
INFO:app.services.data_generator:依赖表（阶段2）: ['oms_order', 'lms_shipment', 'fms_financial_transaction', 'oms_order_item']
INFO:app.services.data_generator:初始化数据库计数器
INFO:app.core.database:执行查询: SELECT MAX(id) FROM crawler_competitor_price, 参数: ()
INFO:app.core.database:连接数据库: 172.16.10.196:5432/db_house
INFO:app.core.database:查询执行成功
INFO:app.core.database:执行查询: SELECT MAX(id) FROM ext_market_trend, 参数: ()
INFO:app.core.database:连接数据库: 172.16.10.196:5432/db_house
INFO:app.core.database:查询执行成功
INFO:app.core.database:执行查询: SELECT MAX(id) FROM oms_order_item, 参数: ()
INFO:app.core.database:连接数据库: 172.16.10.196:5432/db_house
INFO:app.core.database:查询执行成功
INFO:app.services.data_generator:计数器初始化完成: {'crawler_competitor_price_id': 361072, 'ext_market_trend_id': 361072, 'oms_order_item_id': 361163}
INFO:app.services.data_generator:开始处理日期: 2025-10-21
INFO:app.services.data_generator:当天计划生成记录数: 1
INFO:app.services.data_generator:已清空外键缓存
INFO:app.services.data_generator:=== 阶段1：生成独立表 ===
INFO:app.services.data_generator:开始为独立表 crawler_competitor_price 生成数据
INFO:app.core.database:批量执行SQL，查询: INSERT INTO crawler_competitor_price (id, crawl_time, platform, competitor_name, product_name, product_sku, price, promotion_info, is_in_stock) VALUES ($1, $2, $3, $4, $5, $6, $7, $8, $9), 值数量: 1
INFO:app.core.database:连接数据库: 172.16.10.196:5432/db_house
INFO:app.core.database:批量执行SQL完成
INFO:app.services.data_generator:表 crawler_competitor_price 已插入剩余 1 条记录并缓存主键值
INFO:app.services.data_generator:独立表 crawler_competitor_price 生成完成，记录数: 1
INFO:app.services.data_generator:开始为独立表 crm_customer 生成数据
INFO:app.core.database:批量执行SQL，查询: INSERT INTO crm_customer (customer_id, name, gender, phone, email, birthday, address, create_time, update_time, is_deleted) VALUES ($1, $2, $3, $4, $5, $6, $7, $8, $9, $10), 值数量: 1
INFO:app.core.database:连接数据库: 172.16.10.196:5432/db_house
INFO:app.core.database:批量执行SQL完成
INFO:app.services.data_generator:表 crm_customer 已插入剩余 1 条记录并缓存主键值
INFO:app.services.data_generator:独立表 crm_customer 生成完成，记录数: 1
INFO:app.services.data_generator:开始为独立表 ext_market_trend 生成数据
INFO:app.core.database:批量执行SQL，查询: INSERT INTO ext_market_trend (id, period, region, category, market_size, growth_rate, data_source) VALUES ($1, $2, $3, $4, $5, $6, $7), 值数量: 1
INFO:app.core.database:连接数据库: 172.16.10.196:5432/db_house
INFO:app.core.database:批量执行SQL完成
INFO:app.services.data_generator:表 ext_market_trend 已插入剩余 1 条记录并缓存主键值
INFO:app.services.data_generator:独立表 ext_market_trend 生成完成，记录数: 1
INFO:app.services.data_generator:=== 阶段2：生成依赖表 ===
INFO:app.services.data_generator:表依赖排序结果: ['oms_order', 'oms_order_item', 'fms_financial_transaction', 'lms_shipment']
INFO:app.services.data_generator:排序后的依赖表: ['oms_order', 'oms_order_item', 'fms_financial_transaction', 'lms_shipment']
INFO:app.services.data_generator:开始为依赖表 oms_order 生成数据
INFO:app.core.database:批量执行SQL，查询: INSERT INTO oms_order (order_id, order_channel, customer_code, order_amount, discount_amount, pay_amount, order_status, province, city, district, detail_address, order_time) VALUES ($1, $2, $3, $4, $5, $6, $7, $8, $9, $10, $11, $12), 值数量: 1
INFO:app.core.database:连接数据库: 172.16.10.196:5432/db_house
INFO:app.core.database:批量执行SQL完成
INFO:app.services.data_generator:表 oms_order 已插入剩余 1 条记录并缓存主键值
INFO:app.services.data_generator:依赖表 oms_order 生成完成，记录数: 1
INFO:app.services.data_generator:开始为依赖表 oms_order_item 生成数据
INFO:app.core.database:批量执行SQL，查询: INSERT INTO oms_order_item (id, order_id, product_sku, product_name, quantity, price) VALUES ($1, $2, $3, $4, $5, $6), 值数量: 1
INFO:app.core.database:连接数据库: 172.16.10.196:5432/db_house
INFO:app.core.database:批量执行SQL完成
INFO:app.services.data_generator:表 oms_order_item 已插入剩余 1 条记录并缓存主键值
INFO:app.services.data_generator:依赖表 oms_order_item 生成完成，记录数: 1
INFO:app.services.data_generator:开始为依赖表 fms_financial_transaction 生成数据
INFO:app.core.database:批量执行SQL，查询: INSERT INTO fms_financial_transaction (transaction_id, order_id, payment_method, transaction_type, transaction_amount, transaction_status, transaction_time) VALUES ($1, $2, $3, $4, $5, $6, $7), 值数量: 1
INFO:app.core.database:连接数据库: 172.16.10.196:5432/db_house
INFO:app.core.database:批量执行SQL完成
INFO:app.services.data_generator:表 fms_financial_transaction 已插入剩余 1 条记录并缓存主键值
INFO:app.services.data_generator:依赖表 fms_financial_transaction 生成完成，记录数: 1
INFO:app.services.data_generator:开始为依赖表 lms_shipment 生成数据
INFO:app.core.database:批量执行SQL，查询: INSERT INTO lms_shipment (shipment_id, order_id, carrier, sender_address, receiver_info, current_status, shipping_time, estimated_delivery, actual_delivery) VALUES ($1, $2, $3, $4, $5, $6, $7, $8, $9), 值数量: 1
INFO:app.core.database:连接数据库: 172.16.10.196:5432/db_house
INFO:app.core.database:批量执行SQL完成
INFO:app.services.data_generator:表 lms_shipment 已插入剩余 1 条记录并缓存主键值
INFO:app.services.data_generator:依赖表 lms_shipment 生成完成，记录数: 1
INFO:app.services.data_generator:数据生成完成，总记录数: 7
INFO:app.services.data_generator:退出 generate_data_for_tables 方法
INFO:app.services.data_generator:开始 generate_data_for_tables 方法
INFO:app.services.data_generator:独立表（阶段1）: ['crawler_competitor_price', 'crm_customer', 'ext_market_trend']
INFO:app.services.data_generator:依赖表（阶段2）: ['oms_order', 'lms_shipment', 'fms_financial_transaction', 'oms_order_item']
INFO:app.services.data_generator:初始化数据库计数器
INFO:app.core.database:执行查询: SELECT MAX(id) FROM crawler_competitor_price, 参数: ()
INFO:app.core.database:连接数据库: 172.16.10.196:5432/db_house
INFO:app.core.database:查询执行成功
INFO:app.core.database:执行查询: SELECT MAX(id) FROM ext_market_trend, 参数: ()
INFO:app.core.database:连接数据库: 172.16.10.196:5432/db_house
INFO:app.core.database:查询执行成功
INFO:app.core.database:执行查询: SELECT MAX(id) FROM oms_order_item, 参数: ()
INFO:app.core.database:连接数据库: 172.16.10.196:5432/db_house
INFO:app.core.database:查询执行成功
INFO:app.services.data_generator:计数器初始化完成: {'crawler_competitor_price_id': 361073, 'ext_market_trend_id': 361073, 'oms_order_item_id': 361164}
INFO:app.services.data_generator:开始处理日期: 2025-10-21
INFO:app.services.data_generator:当天计划生成记录数: 1
INFO:app.services.data_generator:已清空外键缓存
INFO:app.services.data_generator:=== 阶段1：生成独立表 ===
INFO:app.services.data_generator:开始为独立表 crawler_competitor_price 生成数据
INFO:app.core.database:批量执行SQL，查询: INSERT INTO crawler_competitor_price (id, crawl_time, platform, competitor_name, product_name, product_sku, price, promotion_info, is_in_stock) VALUES ($1, $2, $3, $4, $5, $6, $7, $8, $9), 值数量: 1
INFO:app.core.database:连接数据库: 172.16.10.196:5432/db_house
INFO:app.core.database:批量执行SQL完成
INFO:app.services.data_generator:表 crawler_competitor_price 已插入剩余 1 条记录并缓存主键值
INFO:app.services.data_generator:独立表 crawler_competitor_price 生成完成，记录数: 1
INFO:app.services.data_generator:开始为独立表 crm_customer 生成数据
INFO:app.core.database:批量执行SQL，查询: INSERT INTO crm_customer (customer_id, name, gender, phone, email, birthday, address, create_time, update_time, is_deleted) VALUES ($1, $2, $3, $4, $5, $6, $7, $8, $9, $10), 值数量: 1
INFO:app.core.database:连接数据库: 172.16.10.196:5432/db_house
INFO:app.core.database:批量执行SQL完成
INFO:app.services.data_generator:表 crm_customer 已插入剩余 1 条记录并缓存主键值
INFO:app.services.data_generator:独立表 crm_customer 生成完成，记录数: 1
INFO:app.services.data_generator:开始为独立表 ext_market_trend 生成数据
INFO:app.core.database:批量执行SQL，查询: INSERT INTO ext_market_trend (id, period, region, category, market_size, growth_rate, data_source) VALUES ($1, $2, $3, $4, $5, $6, $7), 值数量: 1
INFO:app.core.database:连接数据库: 172.16.10.196:5432/db_house
INFO:app.core.database:批量执行SQL完成
INFO:app.services.data_generator:表 ext_market_trend 已插入剩余 1 条记录并缓存主键值
INFO:app.services.data_generator:独立表 ext_market_trend 生成完成，记录数: 1
INFO:app.services.data_generator:=== 阶段2：生成依赖表 ===
INFO:app.services.data_generator:表依赖排序结果: ['oms_order', 'oms_order_item', 'fms_financial_transaction', 'lms_shipment']
INFO:app.services.data_generator:排序后的依赖表: ['oms_order', 'oms_order_item', 'fms_financial_transaction', 'lms_shipment']
INFO:app.services.data_generator:开始为依赖表 oms_order 生成数据
INFO:app.core.database:批量执行SQL，查询: INSERT INTO oms_order (order_id, order_channel, customer_code, order_amount, discount_amount, pay_amount, order_status, province, city, district, detail_address, order_time) VALUES ($1, $2, $3, $4, $5, $6, $7, $8, $9, $10, $11, $12), 值数量: 1
INFO:app.core.database:连接数据库: 172.16.10.196:5432/db_house
INFO:app.core.database:批量执行SQL完成
INFO:app.services.data_generator:表 oms_order 已插入剩余 1 条记录并缓存主键值
INFO:app.services.data_generator:依赖表 oms_order 生成完成，记录数: 1
INFO:app.services.data_generator:开始为依赖表 oms_order_item 生成数据
INFO:app.core.database:批量执行SQL，查询: INSERT INTO oms_order_item (id, order_id, product_sku, product_name, quantity, price) VALUES ($1, $2, $3, $4, $5, $6), 值数量: 1
INFO:app.core.database:连接数据库: 172.16.10.196:5432/db_house
INFO:app.core.database:批量执行SQL完成
INFO:app.services.data_generator:表 oms_order_item 已插入剩余 1 条记录并缓存主键值
INFO:app.services.data_generator:依赖表 oms_order_item 生成完成，记录数: 1
INFO:app.services.data_generator:开始为依赖表 fms_financial_transaction 生成数据
INFO:app.core.database:批量执行SQL，查询: INSERT INTO fms_financial_transaction (transaction_id, order_id, payment_method, transaction_type, transaction_amount, transaction_status, transaction_time) VALUES ($1, $2, $3, $4, $5, $6, $7), 值数量: 1
INFO:app.core.database:连接数据库: 172.16.10.196:5432/db_house
INFO:app.core.database:批量执行SQL完成
INFO:app.services.data_generator:表 fms_financial_transaction 已插入剩余 1 条记录并缓存主键值
INFO:app.services.data_generator:依赖表 fms_financial_transaction 生成完成，记录数: 1
INFO:app.services.data_generator:开始为依赖表 lms_shipment 生成数据
INFO:app.core.database:批量执行SQL，查询: INSERT INTO lms_shipment (shipment_id, order_id, carrier, sender_address, receiver_info, current_status, shipping_time, estimated_delivery, actual_delivery) VALUES ($1, $2, $3, $4, $5, $6, $7, $8, $9), 值数量: 1
INFO:app.core.database:连接数据库: 172.16.10.196:5432/db_house
INFO:app.core.database:批量执行SQL完成
INFO:app.services.data_generator:表 lms_shipment 已插入剩余 1 条记录并缓存主键值
INFO:app.services.data_generator:依赖表 lms_shipment 生成完成，记录数: 1
INFO:app.services.data_generator:数据生成完成，总记录数: 7
INFO:app.services.data_generator:退出 generate_data_for_tables 方法
INFO:app.services.data_generator:开始 generate_data_for_tables 方法
INFO:app.services.data_generator:独立表（阶段1）: ['crawler_competitor_price', 'crm_customer', 'ext_market_trend']
INFO:app.services.data_generator:依赖表（阶段2）: ['oms_order', 'lms_shipment', 'fms_financial_transaction', 'oms_order_item']
INFO:app.services.data_generator:初始化数据库计数器
INFO:app.core.database:执行查询: SELECT MAX(id) FROM crawler_competitor_price, 参数: ()
INFO:app.core.database:连接数据库: 172.16.10.196:5432/db_house
INFO:app.core.database:查询执行成功
INFO:app.core.database:执行查询: SELECT MAX(id) FROM ext_market_trend, 参数: ()
INFO:app.core.database:连接数据库: 172.16.10.196:5432/db_house
INFO:app.core.database:查询执行成功
INFO:app.core.database:执行查询: SELECT MAX(id) FROM oms_order_item, 参数: ()
INFO:app.core.database:连接数据库: 172.16.10.196:5432/db_house
INFO:app.core.database:查询执行成功
INFO:app.services.data_generator:计数器初始化完成: {'crawler_competitor_price_id': 361074, 'ext_market_trend_id': 361074, 'oms_order_item_id': 361165}
INFO:app.services.data_generator:开始处理日期: 2025-10-21
INFO:app.services.data_generator:当天计划生成记录数: 1
INFO:app.services.data_generator:已清空外键缓存
INFO:app.services.data_generator:=== 阶段1：生成独立表 ===
INFO:app.services.data_generator:开始为独立表 crawler_competitor_price 生成数据
INFO:app.core.database:批量执行SQL，查询: INSERT INTO crawler_competitor_price (id, crawl_time, platform, competitor_name, product_name, product_sku, price, promotion_info, is_in_stock) VALUES ($1, $2, $3, $4, $5, $6, $7, $8, $9), 值数量: 1
INFO:app.core.database:连接数据库: 172.16.10.196:5432/db_house
INFO:app.core.database:批量执行SQL完成
INFO:app.services.data_generator:表 crawler_competitor_price 已插入剩余 1 条记录并缓存主键值
INFO:app.services.data_generator:独立表 crawler_competitor_price 生成完成，记录数: 1
INFO:app.services.data_generator:开始为独立表 crm_customer 生成数据
INFO:app.core.database:批量执行SQL，查询: INSERT INTO crm_customer (customer_id, name, gender, phone, email, birthday, address, create_time, update_time, is_deleted) VALUES ($1, $2, $3, $4, $5, $6, $7, $8, $9, $10), 值数量: 1
INFO:app.core.database:连接数据库: 172.16.10.196:5432/db_house
INFO:app.core.database:批量执行SQL完成
INFO:app.services.data_generator:表 crm_customer 已插入剩余 1 条记录并缓存主键值
INFO:app.services.data_generator:独立表 crm_customer 生成完成，记录数: 1
INFO:app.services.data_generator:开始为独立表 ext_market_trend 生成数据
INFO:app.core.database:批量执行SQL，查询: INSERT INTO ext_market_trend (id, period, region, category, market_size, growth_rate, data_source) VALUES ($1, $2, $3, $4, $5, $6, $7), 值数量: 1
INFO:app.core.database:连接数据库: 172.16.10.196:5432/db_house
INFO:app.core.database:批量执行SQL完成
INFO:app.services.data_generator:表 ext_market_trend 已插入剩余 1 条记录并缓存主键值
INFO:app.services.data_generator:独立表 ext_market_trend 生成完成，记录数: 1
INFO:app.services.data_generator:=== 阶段2：生成依赖表 ===
INFO:app.services.data_generator:表依赖排序结果: ['oms_order', 'oms_order_item', 'fms_financial_transaction', 'lms_shipment']
INFO:app.services.data_generator:排序后的依赖表: ['oms_order', 'oms_order_item', 'fms_financial_transaction', 'lms_shipment']
INFO:app.services.data_generator:开始为依赖表 oms_order 生成数据
INFO:app.core.database:批量执行SQL，查询: INSERT INTO oms_order (order_id, order_channel, customer_code, order_amount, discount_amount, pay_amount, order_status, province, city, district, detail_address, order_time) VALUES ($1, $2, $3, $4, $5, $6, $7, $8, $9, $10, $11, $12), 值数量: 1
INFO:app.core.database:连接数据库: 172.16.10.196:5432/db_house
INFO:app.core.database:批量执行SQL完成
INFO:app.services.data_generator:表 oms_order 已插入剩余 1 条记录并缓存主键值
INFO:app.services.data_generator:依赖表 oms_order 生成完成，记录数: 1
INFO:app.services.data_generator:开始为依赖表 oms_order_item 生成数据
INFO:app.core.database:批量执行SQL，查询: INSERT INTO oms_order_item (id, order_id, product_sku, product_name, quantity, price) VALUES ($1, $2, $3, $4, $5, $6), 值数量: 1
INFO:app.core.database:连接数据库: 172.16.10.196:5432/db_house
INFO:app.core.database:批量执行SQL完成
INFO:app.services.data_generator:表 oms_order_item 已插入剩余 1 条记录并缓存主键值
INFO:app.services.data_generator:依赖表 oms_order_item 生成完成，记录数: 1
INFO:app.services.data_generator:开始为依赖表 fms_financial_transaction 生成数据
INFO:app.core.database:批量执行SQL，查询: INSERT INTO fms_financial_transaction (transaction_id, order_id, payment_method, transaction_type, transaction_amount, transaction_status, transaction_time) VALUES ($1, $2, $3, $4, $5, $6, $7), 值数量: 1
INFO:app.core.database:连接数据库: 172.16.10.196:5432/db_house
INFO:app.core.database:批量执行SQL完成
INFO:app.services.data_generator:表 fms_financial_transaction 已插入剩余 1 条记录并缓存主键值
INFO:app.services.data_generator:依赖表 fms_financial_transaction 生成完成，记录数: 1
INFO:app.services.data_generator:开始为依赖表 lms_shipment 生成数据
INFO:app.core.database:批量执行SQL，查询: INSERT INTO lms_shipment (shipment_id, order_id, carrier, sender_address, receiver_info, current_status, shipping_time, estimated_delivery, actual_delivery) VALUES ($1, $2, $3, $4, $5, $6, $7, $8, $9), 值数量: 1
INFO:app.core.database:连接数据库: 172.16.10.196:5432/db_house
INFO:app.core.database:批量执行SQL完成
INFO:app.services.data_generator:表 lms_shipment 已插入剩余 1 条记录并缓存主键值
INFO:app.services.data_generator:依赖表 lms_shipment 生成完成，记录数: 1
INFO:app.services.data_generator:数据生成完成，总记录数: 7
INFO:app.services.data_generator:退出 generate_data_for_tables 方法
INFO:app.services.data_generator:开始 generate_data_for_tables 方法
INFO:app.services.data_generator:独立表（阶段1）: ['crawler_competitor_price', 'crm_customer', 'ext_market_trend']
INFO:app.services.data_generator:依赖表（阶段2）: ['oms_order', 'lms_shipment', 'fms_financial_transaction', 'oms_order_item']
INFO:app.services.data_generator:初始化数据库计数器
INFO:app.core.database:执行查询: SELECT MAX(id) FROM crawler_competitor_price, 参数: ()
INFO:app.core.database:连接数据库: 172.16.10.196:5432/db_house
INFO:app.core.database:查询执行成功
INFO:app.core.database:执行查询: SELECT MAX(id) FROM ext_market_trend, 参数: ()
INFO:app.core.database:连接数据库: 172.16.10.196:5432/db_house
INFO:app.core.database:查询执行成功
INFO:app.core.database:执行查询: SELECT MAX(id) FROM oms_order_item, 参数: ()
INFO:app.core.database:连接数据库: 172.16.10.196:5432/db_house
INFO:app.core.database:查询执行成功
INFO:app.services.data_generator:计数器初始化完成: {'crawler_competitor_price_id': 361075, 'ext_market_trend_id': 361075, 'oms_order_item_id': 361166}
INFO:app.services.data_generator:开始处理日期: 2025-10-21
INFO:app.services.data_generator:当天计划生成记录数: 1
INFO:app.services.data_generator:已清空外键缓存
INFO:app.services.data_generator:=== 阶段1：生成独立表 ===
INFO:app.services.data_generator:开始为独立表 crawler_competitor_price 生成数据
INFO:app.core.database:批量执行SQL，查询: INSERT INTO crawler_competitor_price (id, crawl_time, platform, competitor_name, product_name, product_sku, price, promotion_info, is_in_stock) VALUES ($1, $2, $3, $4, $5, $6, $7, $8, $9), 值数量: 1
INFO:app.core.database:连接数据库: 172.16.10.196:5432/db_house
INFO:app.core.database:批量执行SQL完成
INFO:app.services.data_generator:表 crawler_competitor_price 已插入剩余 1 条记录并缓存主键值
INFO:app.services.data_generator:独立表 crawler_competitor_price 生成完成，记录数: 1
INFO:app.services.data_generator:开始为独立表 crm_customer 生成数据
INFO:app.core.database:批量执行SQL，查询: INSERT INTO crm_customer (customer_id, name, gender, phone, email, birthday, address, create_time, update_time, is_deleted) VALUES ($1, $2, $3, $4, $5, $6, $7, $8, $9, $10), 值数量: 1
INFO:app.core.database:连接数据库: 172.16.10.196:5432/db_house
INFO:app.core.database:批量执行SQL完成
INFO:app.services.data_generator:表 crm_customer 已插入剩余 1 条记录并缓存主键值
INFO:app.services.data_generator:独立表 crm_customer 生成完成，记录数: 1
INFO:app.services.data_generator:开始为独立表 ext_market_trend 生成数据
INFO:app.core.database:批量执行SQL，查询: INSERT INTO ext_market_trend (id, period, region, category, market_size, growth_rate, data_source) VALUES ($1, $2, $3, $4, $5, $6, $7), 值数量: 1
INFO:app.core.database:连接数据库: 172.16.10.196:5432/db_house
INFO:app.core.database:批量执行SQL完成
INFO:app.services.data_generator:表 ext_market_trend 已插入剩余 1 条记录并缓存主键值
INFO:app.services.data_generator:独立表 ext_market_trend 生成完成，记录数: 1
INFO:app.services.data_generator:=== 阶段2：生成依赖表 ===
INFO:app.services.data_generator:表依赖排序结果: ['oms_order', 'oms_order_item', 'fms_financial_transaction', 'lms_shipment']
INFO:app.services.data_generator:排序后的依赖表: ['oms_order', 'oms_order_item', 'fms_financial_transaction', 'lms_shipment']
INFO:app.services.data_generator:开始为依赖表 oms_order 生成数据
INFO:app.core.database:批量执行SQL，查询: INSERT INTO oms_order (order_id, order_channel, customer_code, order_amount, discount_amount, pay_amount, order_status, province, city, district, detail_address, order_time) VALUES ($1, $2, $3, $4, $5, $6, $7, $8, $9, $10, $11, $12), 值数量: 1
INFO:app.core.database:连接数据库: 172.16.10.196:5432/db_house
INFO:app.core.database:批量执行SQL完成
INFO:app.services.data_generator:表 oms_order 已插入剩余 1 条记录并缓存主键值
INFO:app.services.data_generator:依赖表 oms_order 生成完成，记录数: 1
INFO:app.services.data_generator:开始为依赖表 oms_order_item 生成数据
INFO:app.core.database:批量执行SQL，查询: INSERT INTO oms_order_item (id, order_id, product_sku, product_name, quantity, price) VALUES ($1, $2, $3, $4, $5, $6), 值数量: 1
INFO:app.core.database:连接数据库: 172.16.10.196:5432/db_house
INFO:app.core.database:批量执行SQL完成
INFO:app.services.data_generator:表 oms_order_item 已插入剩余 1 条记录并缓存主键值
INFO:app.services.data_generator:依赖表 oms_order_item 生成完成，记录数: 1
INFO:app.services.data_generator:开始为依赖表 fms_financial_transaction 生成数据
INFO:app.core.database:批量执行SQL，查询: INSERT INTO fms_financial_transaction (transaction_id, order_id, payment_method, transaction_type, transaction_amount, transaction_status, transaction_time) VALUES ($1, $2, $3, $4, $5, $6, $7), 值数量: 1
INFO:app.core.database:连接数据库: 172.16.10.196:5432/db_house
INFO:app.core.database:批量执行SQL完成
INFO:app.services.data_generator:表 fms_financial_transaction 已插入剩余 1 条记录并缓存主键值
INFO:app.services.data_generator:依赖表 fms_financial_transaction 生成完成，记录数: 1
INFO:app.services.data_generator:开始为依赖表 lms_shipment 生成数据
INFO:app.core.database:批量执行SQL，查询: INSERT INTO lms_shipment (shipment_id, order_id, carrier, sender_address, receiver_info, current_status, shipping_time, estimated_delivery, actual_delivery) VALUES ($1, $2, $3, $4, $5, $6, $7, $8, $9), 值数量: 1
INFO:app.core.database:连接数据库: 172.16.10.196:5432/db_house
INFO:app.core.database:批量执行SQL完成
INFO:app.services.data_generator:表 lms_shipment 已插入剩余 1 条记录并缓存主键值
INFO:app.services.data_generator:依赖表 lms_shipment 生成完成，记录数: 1
INFO:app.services.data_generator:数据生成完成，总记录数: 7
INFO:app.services.data_generator:退出 generate_data_for_tables 方法
INFO:app.services.data_generator:开始 generate_data_for_tables 方法
INFO:app.services.data_generator:独立表（阶段1）: ['crawler_competitor_price', 'crm_customer', 'ext_market_trend']
INFO:app.services.data_generator:依赖表（阶段2）: ['oms_order', 'lms_shipment', 'fms_financial_transaction', 'oms_order_item']
INFO:app.services.data_generator:初始化数据库计数器
INFO:app.core.database:执行查询: SELECT MAX(id) FROM crawler_competitor_price, 参数: ()
INFO:app.core.database:连接数据库: 172.16.10.196:5432/db_house
INFO:app.core.database:查询执行成功
INFO:app.core.database:执行查询: SELECT MAX(id) FROM ext_market_trend, 参数: ()
INFO:app.core.database:连接数据库: 172.16.10.196:5432/db_house
INFO:app.core.database:查询执行成功
INFO:app.core.database:执行查询: SELECT MAX(id) FROM oms_order_item, 参数: ()
INFO:app.core.database:连接数据库: 172.16.10.196:5432/db_house
INFO:app.core.database:查询执行成功
INFO:app.services.data_generator:计数器初始化完成: {'crawler_competitor_price_id': 361076, 'ext_market_trend_id': 361076, 'oms_order_item_id': 361167}
INFO:app.services.data_generator:开始处理日期: 2025-10-21
INFO:app.services.data_generator:当天计划生成记录数: 1
INFO:app.services.data_generator:已清空外键缓存
INFO:app.services.data_generator:=== 阶段1：生成独立表 ===
INFO:app.services.data_generator:开始为独立表 crawler_competitor_price 生成数据
INFO:app.core.database:批量执行SQL，查询: INSERT INTO crawler_competitor_price (id, crawl_time, platform, competitor_name, product_name, product_sku, price, promotion_info, is_in_stock) VALUES ($1, $2, $3, $4, $5, $6, $7, $8, $9), 值数量: 1
INFO:app.core.database:连接数据库: 172.16.10.196:5432/db_house
INFO:app.core.database:批量执行SQL完成
INFO:app.services.data_generator:表 crawler_competitor_price 已插入剩余 1 条记录并缓存主键值
INFO:app.services.data_generator:独立表 crawler_competitor_price 生成完成，记录数: 1
INFO:app.services.data_generator:开始为独立表 crm_customer 生成数据
INFO:app.core.database:批量执行SQL，查询: INSERT INTO crm_customer (customer_id, name, gender, phone, email, birthday, address, create_time, update_time, is_deleted) VALUES ($1, $2, $3, $4, $5, $6, $7, $8, $9, $10), 值数量: 1
INFO:app.core.database:连接数据库: 172.16.10.196:5432/db_house
INFO:app.core.database:批量执行SQL完成
INFO:app.services.data_generator:表 crm_customer 已插入剩余 1 条记录并缓存主键值
INFO:app.services.data_generator:独立表 crm_customer 生成完成，记录数: 1
INFO:app.services.data_generator:开始为独立表 ext_market_trend 生成数据
INFO:app.core.database:批量执行SQL，查询: INSERT INTO ext_market_trend (id, period, region, category, market_size, growth_rate, data_source) VALUES ($1, $2, $3, $4, $5, $6, $7), 值数量: 1
INFO:app.core.database:连接数据库: 172.16.10.196:5432/db_house
INFO:app.core.database:批量执行SQL完成
INFO:app.services.data_generator:表 ext_market_trend 已插入剩余 1 条记录并缓存主键值
INFO:app.services.data_generator:独立表 ext_market_trend 生成完成，记录数: 1
INFO:app.services.data_generator:=== 阶段2：生成依赖表 ===
INFO:app.services.data_generator:表依赖排序结果: ['oms_order', 'oms_order_item', 'fms_financial_transaction', 'lms_shipment']
INFO:app.services.data_generator:排序后的依赖表: ['oms_order', 'oms_order_item', 'fms_financial_transaction', 'lms_shipment']
INFO:app.services.data_generator:开始为依赖表 oms_order 生成数据
INFO:app.core.database:批量执行SQL，查询: INSERT INTO oms_order (order_id, order_channel, customer_code, order_amount, discount_amount, pay_amount, order_status, province, city, district, detail_address, order_time) VALUES ($1, $2, $3, $4, $5, $6, $7, $8, $9, $10, $11, $12), 值数量: 1
INFO:app.core.database:连接数据库: 172.16.10.196:5432/db_house
INFO:app.core.database:批量执行SQL完成
INFO:app.services.data_generator:表 oms_order 已插入剩余 1 条记录并缓存主键值
INFO:app.services.data_generator:依赖表 oms_order 生成完成，记录数: 1
INFO:app.services.data_generator:开始为依赖表 oms_order_item 生成数据
INFO:app.core.database:批量执行SQL，查询: INSERT INTO oms_order_item (id, order_id, product_sku, product_name, quantity, price) VALUES ($1, $2, $3, $4, $5, $6), 值数量: 1
INFO:app.core.database:连接数据库: 172.16.10.196:5432/db_house
INFO:app.core.database:批量执行SQL完成
INFO:app.services.data_generator:表 oms_order_item 已插入剩余 1 条记录并缓存主键值
INFO:app.services.data_generator:依赖表 oms_order_item 生成完成，记录数: 1
INFO:app.services.data_generator:开始为依赖表 fms_financial_transaction 生成数据
INFO:app.core.database:批量执行SQL，查询: INSERT INTO fms_financial_transaction (transaction_id, order_id, payment_method, transaction_type, transaction_amount, transaction_status, transaction_time) VALUES ($1, $2, $3, $4, $5, $6, $7), 值数量: 1
INFO:app.core.database:连接数据库: 172.16.10.196:5432/db_house
INFO:app.core.database:批量执行SQL完成
INFO:app.services.data_generator:表 fms_financial_transaction 已插入剩余 1 条记录并缓存主键值
INFO:app.services.data_generator:依赖表 fms_financial_transaction 生成完成，记录数: 1
INFO:app.services.data_generator:开始为依赖表 lms_shipment 生成数据
INFO:app.core.database:批量执行SQL，查询: INSERT INTO lms_shipment (shipment_id, order_id, carrier, sender_address, receiver_info, current_status, shipping_time, estimated_delivery, actual_delivery) VALUES ($1, $2, $3, $4, $5, $6, $7, $8, $9), 值数量: 1
INFO:app.core.database:连接数据库: 172.16.10.196:5432/db_house
INFO:app.core.database:批量执行SQL完成
INFO:app.services.data_generator:表 lms_shipment 已插入剩余 1 条记录并缓存主键值
INFO:app.services.data_generator:依赖表 lms_shipment 生成完成，记录数: 1
INFO:app.services.data_generator:数据生成完成，总记录数: 7
INFO:app.services.data_generator:退出 generate_data_for_tables 方法
INFO:app.services.data_generator:开始 generate_data_for_tables 方法
INFO:app.services.data_generator:独立表（阶段1）: ['crawler_competitor_price', 'crm_customer', 'ext_market_trend']
INFO:app.services.data_generator:依赖表（阶段2）: ['oms_order', 'lms_shipment', 'fms_financial_transaction', 'oms_order_item']
INFO:app.services.data_generator:初始化数据库计数器
INFO:app.core.database:执行查询: SELECT MAX(id) FROM crawler_competitor_price, 参数: ()
INFO:app.core.database:连接数据库: 172.16.10.196:5432/db_house
INFO:app.core.database:查询执行成功
INFO:app.core.database:执行查询: SELECT MAX(id) FROM ext_market_trend, 参数: ()
INFO:app.core.database:连接数据库: 172.16.10.196:5432/db_house
INFO:app.core.database:查询执行成功
INFO:app.core.database:执行查询: SELECT MAX(id) FROM oms_order_item, 参数: ()
INFO:app.core.database:连接数据库: 172.16.10.196:5432/db_house
INFO:app.core.database:查询执行成功
INFO:app.services.data_generator:计数器初始化完成: {'crawler_competitor_price_id': 361077, 'ext_market_trend_id': 361077, 'oms_order_item_id': 361168}
INFO:app.services.data_generator:开始处理日期: 2025-10-21
INFO:app.services.data_generator:当天计划生成记录数: 1
INFO:app.services.data_generator:已清空外键缓存
INFO:app.services.data_generator:=== 阶段1：生成独立表 ===
INFO:app.services.data_generator:开始为独立表 crawler_competitor_price 生成数据
INFO:app.core.database:批量执行SQL，查询: INSERT INTO crawler_competitor_price (id, crawl_time, platform, competitor_name, product_name, product_sku, price, promotion_info, is_in_stock) VALUES ($1, $2, $3, $4, $5, $6, $7, $8, $9), 值数量: 1
INFO:app.core.database:连接数据库: 172.16.10.196:5432/db_house
INFO:app.core.database:批量执行SQL完成
INFO:app.services.data_generator:表 crawler_competitor_price 已插入剩余 1 条记录并缓存主键值
INFO:app.services.data_generator:独立表 crawler_competitor_price 生成完成，记录数: 1
INFO:app.services.data_generator:开始为独立表 crm_customer 生成数据
INFO:app.core.database:批量执行SQL，查询: INSERT INTO crm_customer (customer_id, name, gender, phone, email, birthday, address, create_time, update_time, is_deleted) VALUES ($1, $2, $3, $4, $5, $6, $7, $8, $9, $10), 值数量: 1
INFO:app.core.database:连接数据库: 172.16.10.196:5432/db_house
INFO:app.core.database:批量执行SQL完成
INFO:app.services.data_generator:表 crm_customer 已插入剩余 1 条记录并缓存主键值
INFO:app.services.data_generator:独立表 crm_customer 生成完成，记录数: 1
INFO:app.services.data_generator:开始为独立表 ext_market_trend 生成数据
INFO:app.core.database:批量执行SQL，查询: INSERT INTO ext_market_trend (id, period, region, category, market_size, growth_rate, data_source) VALUES ($1, $2, $3, $4, $5, $6, $7), 值数量: 1
INFO:app.core.database:连接数据库: 172.16.10.196:5432/db_house
INFO:app.core.database:批量执行SQL完成
INFO:app.services.data_generator:表 ext_market_trend 已插入剩余 1 条记录并缓存主键值
INFO:app.services.data_generator:独立表 ext_market_trend 生成完成，记录数: 1
INFO:app.services.data_generator:=== 阶段2：生成依赖表 ===
INFO:app.services.data_generator:表依赖排序结果: ['oms_order', 'oms_order_item', 'fms_financial_transaction', 'lms_shipment']
INFO:app.services.data_generator:排序后的依赖表: ['oms_order', 'oms_order_item', 'fms_financial_transaction', 'lms_shipment']
INFO:app.services.data_generator:开始为依赖表 oms_order 生成数据
INFO:app.core.database:批量执行SQL，查询: INSERT INTO oms_order (order_id, order_channel, customer_code, order_amount, discount_amount, pay_amount, order_status, province, city, district, detail_address, order_time) VALUES ($1, $2, $3, $4, $5, $6, $7, $8, $9, $10, $11, $12), 值数量: 1
INFO:app.core.database:连接数据库: 172.16.10.196:5432/db_house
INFO:app.core.database:批量执行SQL完成
INFO:app.services.data_generator:表 oms_order 已插入剩余 1 条记录并缓存主键值
INFO:app.services.data_generator:依赖表 oms_order 生成完成，记录数: 1
INFO:app.services.data_generator:开始为依赖表 oms_order_item 生成数据
INFO:app.core.database:批量执行SQL，查询: INSERT INTO oms_order_item (id, order_id, product_sku, product_name, quantity, price) VALUES ($1, $2, $3, $4, $5, $6), 值数量: 1
INFO:app.core.database:连接数据库: 172.16.10.196:5432/db_house
INFO:app.core.database:批量执行SQL完成
INFO:app.services.data_generator:表 oms_order_item 已插入剩余 1 条记录并缓存主键值
INFO:app.services.data_generator:依赖表 oms_order_item 生成完成，记录数: 1
INFO:app.services.data_generator:开始为依赖表 fms_financial_transaction 生成数据
INFO:app.core.database:批量执行SQL，查询: INSERT INTO fms_financial_transaction (transaction_id, order_id, payment_method, transaction_type, transaction_amount, transaction_status, transaction_time) VALUES ($1, $2, $3, $4, $5, $6, $7), 值数量: 1
INFO:app.core.database:连接数据库: 172.16.10.196:5432/db_house
INFO:app.core.database:批量执行SQL完成
INFO:app.services.data_generator:表 fms_financial_transaction 已插入剩余 1 条记录并缓存主键值
INFO:app.services.data_generator:依赖表 fms_financial_transaction 生成完成，记录数: 1
INFO:app.services.data_generator:开始为依赖表 lms_shipment 生成数据
INFO:app.core.database:批量执行SQL，查询: INSERT INTO lms_shipment (shipment_id, order_id, carrier, sender_address, receiver_info, current_status, shipping_time, estimated_delivery, actual_delivery) VALUES ($1, $2, $3, $4, $5, $6, $7, $8, $9), 值数量: 1
INFO:app.core.database:连接数据库: 172.16.10.196:5432/db_house
INFO:app.core.database:批量执行SQL完成
INFO:app.services.data_generator:表 lms_shipment 已插入剩余 1 条记录并缓存主键值
INFO:app.services.data_generator:依赖表 lms_shipment 生成完成，记录数: 1
INFO:app.services.data_generator:数据生成完成，总记录数: 7
INFO:app.services.data_generator:退出 generate_data_for_tables 方法
INFO:app.services.data_generator:开始 generate_data_for_tables 方法
INFO:app.services.data_generator:独立表（阶段1）: ['crawler_competitor_price', 'crm_customer', 'ext_market_trend']
INFO:app.services.data_generator:依赖表（阶段2）: ['oms_order', 'lms_shipment', 'fms_financial_transaction', 'oms_order_item']
INFO:app.services.data_generator:初始化数据库计数器
INFO:app.core.database:执行查询: SELECT MAX(id) FROM crawler_competitor_price, 参数: ()
INFO:app.core.database:连接数据库: 172.16.10.196:5432/db_house
INFO:app.core.database:查询执行成功
INFO:app.core.database:执行查询: SELECT MAX(id) FROM ext_market_trend, 参数: ()
INFO:app.core.database:连接数据库: 172.16.10.196:5432/db_house
INFO:app.core.database:查询执行成功
INFO:app.core.database:执行查询: SELECT MAX(id) FROM oms_order_item, 参数: ()
INFO:app.core.database:连接数据库: 172.16.10.196:5432/db_house
INFO:app.core.database:查询执行成功
INFO:app.services.data_generator:计数器初始化完成: {'crawler_competitor_price_id': 361078, 'ext_market_trend_id': 361078, 'oms_order_item_id': 361169}
INFO:app.services.data_generator:开始处理日期: 2025-10-21
INFO:app.services.data_generator:当天计划生成记录数: 1
INFO:app.services.data_generator:已清空外键缓存
INFO:app.services.data_generator:=== 阶段1：生成独立表 ===
INFO:app.services.data_generator:开始为独立表 crawler_competitor_price 生成数据
INFO:app.core.database:批量执行SQL，查询: INSERT INTO crawler_competitor_price (id, crawl_time, platform, competitor_name, product_name, product_sku, price, promotion_info, is_in_stock) VALUES ($1, $2, $3, $4, $5, $6, $7, $8, $9), 值数量: 1
INFO:app.core.database:连接数据库: 172.16.10.196:5432/db_house
INFO:app.core.database:批量执行SQL完成
INFO:app.services.data_generator:表 crawler_competitor_price 已插入剩余 1 条记录并缓存主键值
INFO:app.services.data_generator:独立表 crawler_competitor_price 生成完成，记录数: 1
INFO:app.services.data_generator:开始为独立表 crm_customer 生成数据
INFO:app.core.database:批量执行SQL，查询: INSERT INTO crm_customer (customer_id, name, gender, phone, email, birthday, address, create_time, update_time, is_deleted) VALUES ($1, $2, $3, $4, $5, $6, $7, $8, $9, $10), 值数量: 1
INFO:app.core.database:连接数据库: 172.16.10.196:5432/db_house
INFO:app.core.database:批量执行SQL完成
INFO:app.services.data_generator:表 crm_customer 已插入剩余 1 条记录并缓存主键值
INFO:app.services.data_generator:独立表 crm_customer 生成完成，记录数: 1
INFO:app.services.data_generator:开始为独立表 ext_market_trend 生成数据
INFO:app.core.database:批量执行SQL，查询: INSERT INTO ext_market_trend (id, period, region, category, market_size, growth_rate, data_source) VALUES ($1, $2, $3, $4, $5, $6, $7), 值数量: 1
INFO:app.core.database:连接数据库: 172.16.10.196:5432/db_house
INFO:app.core.database:批量执行SQL完成
INFO:app.services.data_generator:表 ext_market_trend 已插入剩余 1 条记录并缓存主键值
INFO:app.services.data_generator:独立表 ext_market_trend 生成完成，记录数: 1
INFO:app.services.data_generator:=== 阶段2：生成依赖表 ===
INFO:app.services.data_generator:表依赖排序结果: ['oms_order', 'oms_order_item', 'fms_financial_transaction', 'lms_shipment']
INFO:app.services.data_generator:排序后的依赖表: ['oms_order', 'oms_order_item', 'fms_financial_transaction', 'lms_shipment']
INFO:app.services.data_generator:开始为依赖表 oms_order 生成数据
INFO:app.core.database:批量执行SQL，查询: INSERT INTO oms_order (order_id, order_channel, customer_code, order_amount, discount_amount, pay_amount, order_status, province, city, district, detail_address, order_time) VALUES ($1, $2, $3, $4, $5, $6, $7, $8, $9, $10, $11, $12), 值数量: 1
INFO:app.core.database:连接数据库: 172.16.10.196:5432/db_house
INFO:app.core.database:批量执行SQL完成
INFO:app.services.data_generator:表 oms_order 已插入剩余 1 条记录并缓存主键值
INFO:app.services.data_generator:依赖表 oms_order 生成完成，记录数: 1
INFO:app.services.data_generator:开始为依赖表 oms_order_item 生成数据
INFO:app.core.database:批量执行SQL，查询: INSERT INTO oms_order_item (id, order_id, product_sku, product_name, quantity, price) VALUES ($1, $2, $3, $4, $5, $6), 值数量: 1
INFO:app.core.database:连接数据库: 172.16.10.196:5432/db_house
INFO:app.core.database:批量执行SQL完成
INFO:app.services.data_generator:表 oms_order_item 已插入剩余 1 条记录并缓存主键值
INFO:app.services.data_generator:依赖表 oms_order_item 生成完成，记录数: 1
INFO:app.services.data_generator:开始为依赖表 fms_financial_transaction 生成数据
INFO:app.core.database:批量执行SQL，查询: INSERT INTO fms_financial_transaction (transaction_id, order_id, payment_method, transaction_type, transaction_amount, transaction_status, transaction_time) VALUES ($1, $2, $3, $4, $5, $6, $7), 值数量: 1
INFO:app.core.database:连接数据库: 172.16.10.196:5432/db_house
INFO:app.core.database:批量执行SQL完成
INFO:app.services.data_generator:表 fms_financial_transaction 已插入剩余 1 条记录并缓存主键值
INFO:app.services.data_generator:依赖表 fms_financial_transaction 生成完成，记录数: 1
INFO:app.services.data_generator:开始为依赖表 lms_shipment 生成数据
INFO:app.core.database:批量执行SQL，查询: INSERT INTO lms_shipment (shipment_id, order_id, carrier, sender_address, receiver_info, current_status, shipping_time, estimated_delivery, actual_delivery) VALUES ($1, $2, $3, $4, $5, $6, $7, $8, $9), 值数量: 1
INFO:app.core.database:连接数据库: 172.16.10.196:5432/db_house
INFO:app.core.database:批量执行SQL完成
INFO:app.services.data_generator:表 lms_shipment 已插入剩余 1 条记录并缓存主键值
INFO:app.services.data_generator:依赖表 lms_shipment 生成完成，记录数: 1
INFO:app.services.data_generator:数据生成完成，总记录数: 7
INFO:app.services.data_generator:退出 generate_data_for_tables 方法
INFO:app.services.data_generator:开始 generate_data_for_tables 方法
INFO:app.services.data_generator:独立表（阶段1）: ['crawler_competitor_price', 'crm_customer', 'ext_market_trend']
INFO:app.services.data_generator:依赖表（阶段2）: ['oms_order', 'lms_shipment', 'fms_financial_transaction', 'oms_order_item']
INFO:app.services.data_generator:初始化数据库计数器
INFO:app.core.database:执行查询: SELECT MAX(id) FROM crawler_competitor_price, 参数: ()
INFO:app.core.database:连接数据库: 172.16.10.196:5432/db_house
INFO:app.core.database:查询执行成功
INFO:app.core.database:执行查询: SELECT MAX(id) FROM ext_market_trend, 参数: ()
INFO:app.core.database:连接数据库: 172.16.10.196:5432/db_house
INFO:app.core.database:查询执行成功
INFO:app.core.database:执行查询: SELECT MAX(id) FROM oms_order_item, 参数: ()
INFO:app.core.database:连接数据库: 172.16.10.196:5432/db_house
INFO:app.core.database:查询执行成功
INFO:app.services.data_generator:计数器初始化完成: {'crawler_competitor_price_id': 361079, 'ext_market_trend_id': 361079, 'oms_order_item_id': 361170}
INFO:app.services.data_generator:开始处理日期: 2025-10-21
INFO:app.services.data_generator:当天计划生成记录数: 1
INFO:app.services.data_generator:已清空外键缓存
INFO:app.services.data_generator:=== 阶段1：生成独立表 ===
INFO:app.services.data_generator:开始为独立表 crawler_competitor_price 生成数据
INFO:app.core.database:批量执行SQL，查询: INSERT INTO crawler_competitor_price (id, crawl_time, platform, competitor_name, product_name, product_sku, price, promotion_info, is_in_stock) VALUES ($1, $2, $3, $4, $5, $6, $7, $8, $9), 值数量: 1
INFO:app.core.database:连接数据库: 172.16.10.196:5432/db_house
INFO:app.core.database:批量执行SQL完成
INFO:app.services.data_generator:表 crawler_competitor_price 已插入剩余 1 条记录并缓存主键值
INFO:app.services.data_generator:独立表 crawler_competitor_price 生成完成，记录数: 1
INFO:app.services.data_generator:开始为独立表 crm_customer 生成数据
INFO:app.core.database:批量执行SQL，查询: INSERT INTO crm_customer (customer_id, name, gender, phone, email, birthday, address, create_time, update_time, is_deleted) VALUES ($1, $2, $3, $4, $5, $6, $7, $8, $9, $10), 值数量: 1
INFO:app.core.database:连接数据库: 172.16.10.196:5432/db_house
INFO:app.core.database:批量执行SQL完成
INFO:app.services.data_generator:表 crm_customer 已插入剩余 1 条记录并缓存主键值
INFO:app.services.data_generator:独立表 crm_customer 生成完成，记录数: 1
INFO:app.services.data_generator:开始为独立表 ext_market_trend 生成数据
INFO:app.core.database:批量执行SQL，查询: INSERT INTO ext_market_trend (id, period, region, category, market_size, growth_rate, data_source) VALUES ($1, $2, $3, $4, $5, $6, $7), 值数量: 1
INFO:app.core.database:连接数据库: 172.16.10.196:5432/db_house
INFO:app.core.database:批量执行SQL完成
INFO:app.services.data_generator:表 ext_market_trend 已插入剩余 1 条记录并缓存主键值
INFO:app.services.data_generator:独立表 ext_market_trend 生成完成，记录数: 1
INFO:app.services.data_generator:=== 阶段2：生成依赖表 ===
INFO:app.services.data_generator:表依赖排序结果: ['oms_order', 'oms_order_item', 'fms_financial_transaction', 'lms_shipment']
INFO:app.services.data_generator:排序后的依赖表: ['oms_order', 'oms_order_item', 'fms_financial_transaction', 'lms_shipment']
INFO:app.services.data_generator:开始为依赖表 oms_order 生成数据
INFO:app.core.database:批量执行SQL，查询: INSERT INTO oms_order (order_id, order_channel, customer_code, order_amount, discount_amount, pay_amount, order_status, province, city, district, detail_address, order_time) VALUES ($1, $2, $3, $4, $5, $6, $7, $8, $9, $10, $11, $12), 值数量: 1
INFO:app.core.database:连接数据库: 172.16.10.196:5432/db_house
INFO:app.core.database:批量执行SQL完成
INFO:app.services.data_generator:表 oms_order 已插入剩余 1 条记录并缓存主键值
INFO:app.services.data_generator:依赖表 oms_order 生成完成，记录数: 1
INFO:app.services.data_generator:开始为依赖表 oms_order_item 生成数据
INFO:app.core.database:批量执行SQL，查询: INSERT INTO oms_order_item (id, order_id, product_sku, product_name, quantity, price) VALUES ($1, $2, $3, $4, $5, $6), 值数量: 1
INFO:app.core.database:连接数据库: 172.16.10.196:5432/db_house
INFO:app.core.database:批量执行SQL完成
INFO:app.services.data_generator:表 oms_order_item 已插入剩余 1 条记录并缓存主键值
INFO:app.services.data_generator:依赖表 oms_order_item 生成完成，记录数: 1
INFO:app.services.data_generator:开始为依赖表 fms_financial_transaction 生成数据
INFO:app.core.database:批量执行SQL，查询: INSERT INTO fms_financial_transaction (transaction_id, order_id, payment_method, transaction_type, transaction_amount, transaction_status, transaction_time) VALUES ($1, $2, $3, $4, $5, $6, $7), 值数量: 1
INFO:app.core.database:连接数据库: 172.16.10.196:5432/db_house
INFO:app.core.database:批量执行SQL完成
INFO:app.services.data_generator:表 fms_financial_transaction 已插入剩余 1 条记录并缓存主键值
INFO:app.services.data_generator:依赖表 fms_financial_transaction 生成完成，记录数: 1
INFO:app.services.data_generator:开始为依赖表 lms_shipment 生成数据
INFO:app.core.database:批量执行SQL，查询: INSERT INTO lms_shipment (shipment_id, order_id, carrier, sender_address, receiver_info, current_status, shipping_time, estimated_delivery, actual_delivery) VALUES ($1, $2, $3, $4, $5, $6, $7, $8, $9), 值数量: 1
INFO:app.core.database:连接数据库: 172.16.10.196:5432/db_house
INFO:app.core.database:批量执行SQL完成
INFO:app.services.data_generator:表 lms_shipment 已插入剩余 1 条记录并缓存主键值
INFO:app.services.data_generator:依赖表 lms_shipment 生成完成，记录数: 1
INFO:app.services.data_generator:数据生成完成，总记录数: 7
INFO:app.services.data_generator:退出 generate_data_for_tables 方法
INFO:app.services.data_generator:开始 generate_data_for_tables 方法
INFO:app.services.data_generator:独立表（阶段1）: ['crawler_competitor_price', 'crm_customer', 'ext_market_trend']
INFO:app.services.data_generator:依赖表（阶段2）: ['oms_order', 'lms_shipment', 'fms_financial_transaction', 'oms_order_item']
INFO:app.services.data_generator:初始化数据库计数器
INFO:app.core.database:执行查询: SELECT MAX(id) FROM crawler_competitor_price, 参数: ()
INFO:app.core.database:连接数据库: 172.16.10.196:5432/db_house
INFO:app.core.database:查询执行成功
INFO:app.core.database:执行查询: SELECT MAX(id) FROM ext_market_trend, 参数: ()
INFO:app.core.database:连接数据库: 172.16.10.196:5432/db_house
INFO:app.core.database:查询执行成功
INFO:app.core.database:执行查询: SELECT MAX(id) FROM oms_order_item, 参数: ()
INFO:app.core.database:连接数据库: 172.16.10.196:5432/db_house
INFO:app.core.database:查询执行成功
INFO:app.services.data_generator:计数器初始化完成: {'crawler_competitor_price_id': 361080, 'ext_market_trend_id': 361080, 'oms_order_item_id': 361171}
INFO:app.services.data_generator:开始处理日期: 2025-10-21
INFO:app.services.data_generator:当天计划生成记录数: 1
INFO:app.services.data_generator:已清空外键缓存
INFO:app.services.data_generator:=== 阶段1：生成独立表 ===
INFO:app.services.data_generator:开始为独立表 crawler_competitor_price 生成数据
INFO:app.core.database:批量执行SQL，查询: INSERT INTO crawler_competitor_price (id, crawl_time, platform, competitor_name, product_name, product_sku, price, promotion_info, is_in_stock) VALUES ($1, $2, $3, $4, $5, $6, $7, $8, $9), 值数量: 1
INFO:app.core.database:连接数据库: 172.16.10.196:5432/db_house
INFO:app.core.database:批量执行SQL完成
INFO:app.services.data_generator:表 crawler_competitor_price 已插入剩余 1 条记录并缓存主键值
INFO:app.services.data_generator:独立表 crawler_competitor_price 生成完成，记录数: 1
INFO:app.services.data_generator:开始为独立表 crm_customer 生成数据
INFO:app.core.database:批量执行SQL，查询: INSERT INTO crm_customer (customer_id, name, gender, phone, email, birthday, address, create_time, update_time, is_deleted) VALUES ($1, $2, $3, $4, $5, $6, $7, $8, $9, $10), 值数量: 1
INFO:app.core.database:连接数据库: 172.16.10.196:5432/db_house
INFO:app.core.database:批量执行SQL完成
INFO:app.services.data_generator:表 crm_customer 已插入剩余 1 条记录并缓存主键值
INFO:app.services.data_generator:独立表 crm_customer 生成完成，记录数: 1
INFO:app.services.data_generator:开始为独立表 ext_market_trend 生成数据
INFO:app.core.database:批量执行SQL，查询: INSERT INTO ext_market_trend (id, period, region, category, market_size, growth_rate, data_source) VALUES ($1, $2, $3, $4, $5, $6, $7), 值数量: 1
INFO:app.core.database:连接数据库: 172.16.10.196:5432/db_house
INFO:app.core.database:批量执行SQL完成
INFO:app.services.data_generator:表 ext_market_trend 已插入剩余 1 条记录并缓存主键值
INFO:app.services.data_generator:独立表 ext_market_trend 生成完成，记录数: 1
INFO:app.services.data_generator:=== 阶段2：生成依赖表 ===
INFO:app.services.data_generator:表依赖排序结果: ['oms_order', 'oms_order_item', 'fms_financial_transaction', 'lms_shipment']
INFO:app.services.data_generator:排序后的依赖表: ['oms_order', 'oms_order_item', 'fms_financial_transaction', 'lms_shipment']
INFO:app.services.data_generator:开始为依赖表 oms_order 生成数据
INFO:app.core.database:批量执行SQL，查询: INSERT INTO oms_order (order_id, order_channel, customer_code, order_amount, discount_amount, pay_amount, order_status, province, city, district, detail_address, order_time) VALUES ($1, $2, $3, $4, $5, $6, $7, $8, $9, $10, $11, $12), 值数量: 1
INFO:app.core.database:连接数据库: 172.16.10.196:5432/db_house
INFO:app.core.database:批量执行SQL完成
INFO:app.services.data_generator:表 oms_order 已插入剩余 1 条记录并缓存主键值
INFO:app.services.data_generator:依赖表 oms_order 生成完成，记录数: 1
INFO:app.services.data_generator:开始为依赖表 oms_order_item 生成数据
INFO:app.core.database:批量执行SQL，查询: INSERT INTO oms_order_item (id, order_id, product_sku, product_name, quantity, price) VALUES ($1, $2, $3, $4, $5, $6), 值数量: 1
INFO:app.core.database:连接数据库: 172.16.10.196:5432/db_house
INFO:app.core.database:批量执行SQL完成
INFO:app.services.data_generator:表 oms_order_item 已插入剩余 1 条记录并缓存主键值
INFO:app.services.data_generator:依赖表 oms_order_item 生成完成，记录数: 1
INFO:app.services.data_generator:开始为依赖表 fms_financial_transaction 生成数据
INFO:app.core.database:批量执行SQL，查询: INSERT INTO fms_financial_transaction (transaction_id, order_id, payment_method, transaction_type, transaction_amount, transaction_status, transaction_time) VALUES ($1, $2, $3, $4, $5, $6, $7), 值数量: 1
INFO:app.core.database:连接数据库: 172.16.10.196:5432/db_house
INFO:app.core.database:批量执行SQL完成
INFO:app.services.data_generator:表 fms_financial_transaction 已插入剩余 1 条记录并缓存主键值
INFO:app.services.data_generator:依赖表 fms_financial_transaction 生成完成，记录数: 1
INFO:app.services.data_generator:开始为依赖表 lms_shipment 生成数据
INFO:app.core.database:批量执行SQL，查询: INSERT INTO lms_shipment (shipment_id, order_id, carrier, sender_address, receiver_info, current_status, shipping_time, estimated_delivery, actual_delivery) VALUES ($1, $2, $3, $4, $5, $6, $7, $8, $9), 值数量: 1
INFO:app.core.database:连接数据库: 172.16.10.196:5432/db_house
INFO:app.core.database:批量执行SQL完成
INFO:app.services.data_generator:表 lms_shipment 已插入剩余 1 条记录并缓存主键值
INFO:app.services.data_generator:依赖表 lms_shipment 生成完成，记录数: 1
INFO:app.services.data_generator:数据生成完成，总记录数: 7
INFO:app.services.data_generator:退出 generate_data_for_tables 方法
INFO:app.services.data_generator:开始 generate_data_for_tables 方法
INFO:app.services.data_generator:独立表（阶段1）: ['crawler_competitor_price', 'crm_customer', 'ext_market_trend']
INFO:app.services.data_generator:依赖表（阶段2）: ['oms_order', 'lms_shipment', 'fms_financial_transaction', 'oms_order_item']
INFO:app.services.data_generator:初始化数据库计数器
INFO:app.core.database:执行查询: SELECT MAX(id) FROM crawler_competitor_price, 参数: ()
INFO:app.core.database:连接数据库: 172.16.10.196:5432/db_house
INFO:app.core.database:查询执行成功
INFO:app.core.database:执行查询: SELECT MAX(id) FROM ext_market_trend, 参数: ()
INFO:app.core.database:连接数据库: 172.16.10.196:5432/db_house
INFO:app.core.database:查询执行成功
INFO:app.core.database:执行查询: SELECT MAX(id) FROM oms_order_item, 参数: ()
INFO:app.core.database:连接数据库: 172.16.10.196:5432/db_house
INFO:app.core.database:查询执行成功
INFO:app.services.data_generator:计数器初始化完成: {'crawler_competitor_price_id': 361081, 'ext_market_trend_id': 361081, 'oms_order_item_id': 361172}
INFO:app.services.data_generator:开始处理日期: 2025-10-21
INFO:app.services.data_generator:当天计划生成记录数: 1
INFO:app.services.data_generator:已清空外键缓存
INFO:app.services.data_generator:=== 阶段1：生成独立表 ===
INFO:app.services.data_generator:开始为独立表 crawler_competitor_price 生成数据
INFO:app.core.database:批量执行SQL，查询: INSERT INTO crawler_competitor_price (id, crawl_time, platform, competitor_name, product_name, product_sku, price, promotion_info, is_in_stock) VALUES ($1, $2, $3, $4, $5, $6, $7, $8, $9), 值数量: 1
INFO:app.core.database:连接数据库: 172.16.10.196:5432/db_house
INFO:app.core.database:批量执行SQL完成
INFO:app.services.data_generator:表 crawler_competitor_price 已插入剩余 1 条记录并缓存主键值
INFO:app.services.data_generator:独立表 crawler_competitor_price 生成完成，记录数: 1
INFO:app.services.data_generator:开始为独立表 crm_customer 生成数据
INFO:app.core.database:批量执行SQL，查询: INSERT INTO crm_customer (customer_id, name, gender, phone, email, birthday, address, create_time, update_time, is_deleted) VALUES ($1, $2, $3, $4, $5, $6, $7, $8, $9, $10), 值数量: 1
INFO:app.core.database:连接数据库: 172.16.10.196:5432/db_house
INFO:app.core.database:批量执行SQL完成
INFO:app.services.data_generator:表 crm_customer 已插入剩余 1 条记录并缓存主键值
INFO:app.services.data_generator:独立表 crm_customer 生成完成，记录数: 1
INFO:app.services.data_generator:开始为独立表 ext_market_trend 生成数据
INFO:app.core.database:批量执行SQL，查询: INSERT INTO ext_market_trend (id, period, region, category, market_size, growth_rate, data_source) VALUES ($1, $2, $3, $4, $5, $6, $7), 值数量: 1
INFO:app.core.database:连接数据库: 172.16.10.196:5432/db_house
INFO:app.core.database:批量执行SQL完成
INFO:app.services.data_generator:表 ext_market_trend 已插入剩余 1 条记录并缓存主键值
INFO:app.services.data_generator:独立表 ext_market_trend 生成完成，记录数: 1
INFO:app.services.data_generator:=== 阶段2：生成依赖表 ===
INFO:app.services.data_generator:表依赖排序结果: ['oms_order', 'oms_order_item', 'fms_financial_transaction', 'lms_shipment']
INFO:app.services.data_generator:排序后的依赖表: ['oms_order', 'oms_order_item', 'fms_financial_transaction', 'lms_shipment']
INFO:app.services.data_generator:开始为依赖表 oms_order 生成数据
INFO:app.core.database:批量执行SQL，查询: INSERT INTO oms_order (order_id, order_channel, customer_code, order_amount, discount_amount, pay_amount, order_status, province, city, district, detail_address, order_time) VALUES ($1, $2, $3, $4, $5, $6, $7, $8, $9, $10, $11, $12), 值数量: 1
INFO:app.core.database:连接数据库: 172.16.10.196:5432/db_house
INFO:app.core.database:批量执行SQL完成
INFO:app.services.data_generator:表 oms_order 已插入剩余 1 条记录并缓存主键值
INFO:app.services.data_generator:依赖表 oms_order 生成完成，记录数: 1
INFO:app.services.data_generator:开始为依赖表 oms_order_item 生成数据
INFO:app.core.database:批量执行SQL，查询: INSERT INTO oms_order_item (id, order_id, product_sku, product_name, quantity, price) VALUES ($1, $2, $3, $4, $5, $6), 值数量: 1
INFO:app.core.database:连接数据库: 172.16.10.196:5432/db_house
INFO:app.core.database:批量执行SQL完成
INFO:app.services.data_generator:表 oms_order_item 已插入剩余 1 条记录并缓存主键值
INFO:app.services.data_generator:依赖表 oms_order_item 生成完成，记录数: 1
INFO:app.services.data_generator:开始为依赖表 fms_financial_transaction 生成数据
INFO:app.core.database:批量执行SQL，查询: INSERT INTO fms_financial_transaction (transaction_id, order_id, payment_method, transaction_type, transaction_amount, transaction_status, transaction_time) VALUES ($1, $2, $3, $4, $5, $6, $7), 值数量: 1
INFO:app.core.database:连接数据库: 172.16.10.196:5432/db_house
INFO:app.core.database:批量执行SQL完成
INFO:app.services.data_generator:表 fms_financial_transaction 已插入剩余 1 条记录并缓存主键值
INFO:app.services.data_generator:依赖表 fms_financial_transaction 生成完成，记录数: 1
INFO:app.services.data_generator:开始为依赖表 lms_shipment 生成数据
INFO:app.core.database:批量执行SQL，查询: INSERT INTO lms_shipment (shipment_id, order_id, carrier, sender_address, receiver_info, current_status, shipping_time, estimated_delivery, actual_delivery) VALUES ($1, $2, $3, $4, $5, $6, $7, $8, $9), 值数量: 1
INFO:app.core.database:连接数据库: 172.16.10.196:5432/db_house
INFO:app.core.database:批量执行SQL完成
INFO:app.services.data_generator:表 lms_shipment 已插入剩余 1 条记录并缓存主键值
INFO:app.services.data_generator:依赖表 lms_shipment 生成完成，记录数: 1
INFO:app.services.data_generator:数据生成完成，总记录数: 7
INFO:app.services.data_generator:退出 generate_data_for_tables 方法
INFO:app.services.data_generator:开始 generate_data_for_tables 方法
INFO:app.services.data_generator:独立表（阶段1）: ['crawler_competitor_price', 'crm_customer', 'ext_market_trend']
INFO:app.services.data_generator:依赖表（阶段2）: ['oms_order', 'lms_shipment', 'fms_financial_transaction', 'oms_order_item']
INFO:app.services.data_generator:初始化数据库计数器
INFO:app.core.database:执行查询: SELECT MAX(id) FROM crawler_competitor_price, 参数: ()
INFO:app.core.database:连接数据库: 172.16.10.196:5432/db_house
INFO:app.core.database:查询执行成功
INFO:app.core.database:执行查询: SELECT MAX(id) FROM ext_market_trend, 参数: ()
INFO:app.core.database:连接数据库: 172.16.10.196:5432/db_house
INFO:app.core.database:查询执行成功
INFO:app.core.database:执行查询: SELECT MAX(id) FROM oms_order_item, 参数: ()
INFO:app.core.database:连接数据库: 172.16.10.196:5432/db_house
INFO:app.core.database:查询执行成功
INFO:app.services.data_generator:计数器初始化完成: {'crawler_competitor_price_id': 361082, 'ext_market_trend_id': 361082, 'oms_order_item_id': 361173}
INFO:app.services.data_generator:开始处理日期: 2025-10-21
INFO:app.services.data_generator:当天计划生成记录数: 1
INFO:app.services.data_generator:已清空外键缓存
INFO:app.services.data_generator:=== 阶段1：生成独立表 ===
INFO:app.services.data_generator:开始为独立表 crawler_competitor_price 生成数据
INFO:app.core.database:批量执行SQL，查询: INSERT INTO crawler_competitor_price (id, crawl_time, platform, competitor_name, product_name, product_sku, price, promotion_info, is_in_stock) VALUES ($1, $2, $3, $4, $5, $6, $7, $8, $9), 值数量: 1
INFO:app.core.database:连接数据库: 172.16.10.196:5432/db_house
INFO:app.core.database:批量执行SQL完成
INFO:app.services.data_generator:表 crawler_competitor_price 已插入剩余 1 条记录并缓存主键值
INFO:app.services.data_generator:独立表 crawler_competitor_price 生成完成，记录数: 1
INFO:app.services.data_generator:开始为独立表 crm_customer 生成数据
INFO:app.core.database:批量执行SQL，查询: INSERT INTO crm_customer (customer_id, name, gender, phone, email, birthday, address, create_time, update_time, is_deleted) VALUES ($1, $2, $3, $4, $5, $6, $7, $8, $9, $10), 值数量: 1
INFO:app.core.database:连接数据库: 172.16.10.196:5432/db_house
INFO:app.core.database:批量执行SQL完成
INFO:app.services.data_generator:表 crm_customer 已插入剩余 1 条记录并缓存主键值
INFO:app.services.data_generator:独立表 crm_customer 生成完成，记录数: 1
INFO:app.services.data_generator:开始为独立表 ext_market_trend 生成数据
INFO:app.core.database:批量执行SQL，查询: INSERT INTO ext_market_trend (id, period, region, category, market_size, growth_rate, data_source) VALUES ($1, $2, $3, $4, $5, $6, $7), 值数量: 1
INFO:app.core.database:连接数据库: 172.16.10.196:5432/db_house
INFO:app.core.database:批量执行SQL完成
INFO:app.services.data_generator:表 ext_market_trend 已插入剩余 1 条记录并缓存主键值
INFO:app.services.data_generator:独立表 ext_market_trend 生成完成，记录数: 1
INFO:app.services.data_generator:=== 阶段2：生成依赖表 ===
INFO:app.services.data_generator:表依赖排序结果: ['oms_order', 'oms_order_item', 'fms_financial_transaction', 'lms_shipment']
INFO:app.services.data_generator:排序后的依赖表: ['oms_order', 'oms_order_item', 'fms_financial_transaction', 'lms_shipment']
INFO:app.services.data_generator:开始为依赖表 oms_order 生成数据
INFO:app.core.database:批量执行SQL，查询: INSERT INTO oms_order (order_id, order_channel, customer_code, order_amount, discount_amount, pay_amount, order_status, province, city, district, detail_address, order_time) VALUES ($1, $2, $3, $4, $5, $6, $7, $8, $9, $10, $11, $12), 值数量: 1
INFO:app.core.database:连接数据库: 172.16.10.196:5432/db_house
INFO:app.core.database:批量执行SQL完成
INFO:app.services.data_generator:表 oms_order 已插入剩余 1 条记录并缓存主键值
INFO:app.services.data_generator:依赖表 oms_order 生成完成，记录数: 1
INFO:app.services.data_generator:开始为依赖表 oms_order_item 生成数据
INFO:app.core.database:批量执行SQL，查询: INSERT INTO oms_order_item (id, order_id, product_sku, product_name, quantity, price) VALUES ($1, $2, $3, $4, $5, $6), 值数量: 1
INFO:app.core.database:连接数据库: 172.16.10.196:5432/db_house
INFO:app.core.database:批量执行SQL完成
INFO:app.services.data_generator:表 oms_order_item 已插入剩余 1 条记录并缓存主键值
INFO:app.services.data_generator:依赖表 oms_order_item 生成完成，记录数: 1
INFO:app.services.data_generator:开始为依赖表 fms_financial_transaction 生成数据
INFO:app.core.database:批量执行SQL，查询: INSERT INTO fms_financial_transaction (transaction_id, order_id, payment_method, transaction_type, transaction_amount, transaction_status, transaction_time) VALUES ($1, $2, $3, $4, $5, $6, $7), 值数量: 1
INFO:app.core.database:连接数据库: 172.16.10.196:5432/db_house
INFO:app.core.database:批量执行SQL完成
INFO:app.services.data_generator:表 fms_financial_transaction 已插入剩余 1 条记录并缓存主键值
INFO:app.services.data_generator:依赖表 fms_financial_transaction 生成完成，记录数: 1
INFO:app.services.data_generator:开始为依赖表 lms_shipment 生成数据
INFO:app.core.database:批量执行SQL，查询: INSERT INTO lms_shipment (shipment_id, order_id, carrier, sender_address, receiver_info, current_status, shipping_time, estimated_delivery, actual_delivery) VALUES ($1, $2, $3, $4, $5, $6, $7, $8, $9), 值数量: 1
INFO:app.core.database:连接数据库: 172.16.10.196:5432/db_house
INFO:app.core.database:批量执行SQL完成
INFO:app.services.data_generator:表 lms_shipment 已插入剩余 1 条记录并缓存主键值
INFO:app.services.data_generator:依赖表 lms_shipment 生成完成，记录数: 1
INFO:app.services.data_generator:数据生成完成，总记录数: 7
INFO:app.services.data_generator:退出 generate_data_for_tables 方法
INFO:app.services.data_generator:开始 generate_data_for_tables 方法
INFO:app.services.data_generator:独立表（阶段1）: ['crawler_competitor_price', 'crm_customer', 'ext_market_trend']
INFO:app.services.data_generator:依赖表（阶段2）: ['oms_order', 'lms_shipment', 'fms_financial_transaction', 'oms_order_item']
INFO:app.services.data_generator:初始化数据库计数器
INFO:app.core.database:执行查询: SELECT MAX(id) FROM crawler_competitor_price, 参数: ()
INFO:app.core.database:连接数据库: 172.16.10.196:5432/db_house
INFO:app.core.database:查询执行成功
INFO:app.core.database:执行查询: SELECT MAX(id) FROM ext_market_trend, 参数: ()
INFO:app.core.database:连接数据库: 172.16.10.196:5432/db_house
INFO:app.core.database:查询执行成功
INFO:app.core.database:执行查询: SELECT MAX(id) FROM oms_order_item, 参数: ()
INFO:app.core.database:连接数据库: 172.16.10.196:5432/db_house
INFO:app.core.database:查询执行成功
INFO:app.services.data_generator:计数器初始化完成: {'crawler_competitor_price_id': 361083, 'ext_market_trend_id': 361083, 'oms_order_item_id': 361174}
INFO:app.services.data_generator:开始处理日期: 2025-10-21
INFO:app.services.data_generator:当天计划生成记录数: 1
INFO:app.services.data_generator:已清空外键缓存
INFO:app.services.data_generator:=== 阶段1：生成独立表 ===
INFO:app.services.data_generator:开始为独立表 crawler_competitor_price 生成数据
INFO:app.core.database:批量执行SQL，查询: INSERT INTO crawler_competitor_price (id, crawl_time, platform, competitor_name, product_name, product_sku, price, promotion_info, is_in_stock) VALUES ($1, $2, $3, $4, $5, $6, $7, $8, $9), 值数量: 1
INFO:app.core.database:连接数据库: 172.16.10.196:5432/db_house
INFO:app.core.database:批量执行SQL完成
INFO:app.services.data_generator:表 crawler_competitor_price 已插入剩余 1 条记录并缓存主键值
INFO:app.services.data_generator:独立表 crawler_competitor_price 生成完成，记录数: 1
INFO:app.services.data_generator:开始为独立表 crm_customer 生成数据
INFO:app.core.database:批量执行SQL，查询: INSERT INTO crm_customer (customer_id, name, gender, phone, email, birthday, address, create_time, update_time, is_deleted) VALUES ($1, $2, $3, $4, $5, $6, $7, $8, $9, $10), 值数量: 1
INFO:app.core.database:连接数据库: 172.16.10.196:5432/db_house
INFO:app.core.database:批量执行SQL完成
INFO:app.services.data_generator:表 crm_customer 已插入剩余 1 条记录并缓存主键值
INFO:app.services.data_generator:独立表 crm_customer 生成完成，记录数: 1
INFO:app.services.data_generator:开始为独立表 ext_market_trend 生成数据
INFO:app.core.database:批量执行SQL，查询: INSERT INTO ext_market_trend (id, period, region, category, market_size, growth_rate, data_source) VALUES ($1, $2, $3, $4, $5, $6, $7), 值数量: 1
INFO:app.core.database:连接数据库: 172.16.10.196:5432/db_house
INFO:app.core.database:批量执行SQL完成
INFO:app.services.data_generator:表 ext_market_trend 已插入剩余 1 条记录并缓存主键值
INFO:app.services.data_generator:独立表 ext_market_trend 生成完成，记录数: 1
INFO:app.services.data_generator:=== 阶段2：生成依赖表 ===
INFO:app.services.data_generator:表依赖排序结果: ['oms_order', 'oms_order_item', 'fms_financial_transaction', 'lms_shipment']
INFO:app.services.data_generator:排序后的依赖表: ['oms_order', 'oms_order_item', 'fms_financial_transaction', 'lms_shipment']
INFO:app.services.data_generator:开始为依赖表 oms_order 生成数据
INFO:app.core.database:批量执行SQL，查询: INSERT INTO oms_order (order_id, order_channel, customer_code, order_amount, discount_amount, pay_amount, order_status, province, city, district, detail_address, order_time) VALUES ($1, $2, $3, $4, $5, $6, $7, $8, $9, $10, $11, $12), 值数量: 1
INFO:app.core.database:连接数据库: 172.16.10.196:5432/db_house
INFO:app.core.database:批量执行SQL完成
INFO:app.services.data_generator:表 oms_order 已插入剩余 1 条记录并缓存主键值
INFO:app.services.data_generator:依赖表 oms_order 生成完成，记录数: 1
INFO:app.services.data_generator:开始为依赖表 oms_order_item 生成数据
INFO:app.core.database:批量执行SQL，查询: INSERT INTO oms_order_item (id, order_id, product_sku, product_name, quantity, price) VALUES ($1, $2, $3, $4, $5, $6), 值数量: 1
INFO:app.core.database:连接数据库: 172.16.10.196:5432/db_house
INFO:app.core.database:批量执行SQL完成
INFO:app.services.data_generator:表 oms_order_item 已插入剩余 1 条记录并缓存主键值
INFO:app.services.data_generator:依赖表 oms_order_item 生成完成，记录数: 1
INFO:app.services.data_generator:开始为依赖表 fms_financial_transaction 生成数据
INFO:app.core.database:批量执行SQL，查询: INSERT INTO fms_financial_transaction (transaction_id, order_id, payment_method, transaction_type, transaction_amount, transaction_status, transaction_time) VALUES ($1, $2, $3, $4, $5, $6, $7), 值数量: 1
INFO:app.core.database:连接数据库: 172.16.10.196:5432/db_house
INFO:app.core.database:批量执行SQL完成
INFO:app.services.data_generator:表 fms_financial_transaction 已插入剩余 1 条记录并缓存主键值
INFO:app.services.data_generator:依赖表 fms_financial_transaction 生成完成，记录数: 1
INFO:app.services.data_generator:开始为依赖表 lms_shipment 生成数据
INFO:app.core.database:批量执行SQL，查询: INSERT INTO lms_shipment (shipment_id, order_id, carrier, sender_address, receiver_info, current_status, shipping_time, estimated_delivery, actual_delivery) VALUES ($1, $2, $3, $4, $5, $6, $7, $8, $9), 值数量: 1
INFO:app.core.database:连接数据库: 172.16.10.196:5432/db_house
INFO:app.core.database:批量执行SQL完成
INFO:app.services.data_generator:表 lms_shipment 已插入剩余 1 条记录并缓存主键值
INFO:app.services.data_generator:依赖表 lms_shipment 生成完成，记录数: 1
INFO:app.services.data_generator:数据生成完成，总记录数: 7
INFO:app.services.data_generator:退出 generate_data_for_tables 方法
INFO:app.services.data_generator:开始 generate_data_for_tables 方法
INFO:app.services.data_generator:独立表（阶段1）: ['crawler_competitor_price', 'crm_customer', 'ext_market_trend']
INFO:app.services.data_generator:依赖表（阶段2）: ['oms_order', 'lms_shipment', 'fms_financial_transaction', 'oms_order_item']
INFO:app.services.data_generator:初始化数据库计数器
INFO:app.core.database:执行查询: SELECT MAX(id) FROM crawler_competitor_price, 参数: ()
INFO:app.core.database:连接数据库: 172.16.10.196:5432/db_house
INFO:app.core.database:查询执行成功
INFO:app.core.database:执行查询: SELECT MAX(id) FROM ext_market_trend, 参数: ()
INFO:app.core.database:连接数据库: 172.16.10.196:5432/db_house
INFO:app.core.database:查询执行成功
INFO:app.core.database:执行查询: SELECT MAX(id) FROM oms_order_item, 参数: ()
INFO:app.core.database:连接数据库: 172.16.10.196:5432/db_house
INFO:app.core.database:查询执行成功
INFO:app.services.data_generator:计数器初始化完成: {'crawler_competitor_price_id': 361084, 'ext_market_trend_id': 361084, 'oms_order_item_id': 361175}
INFO:app.services.data_generator:开始处理日期: 2025-10-21
INFO:app.services.data_generator:当天计划生成记录数: 1
INFO:app.services.data_generator:已清空外键缓存
INFO:app.services.data_generator:=== 阶段1：生成独立表 ===
INFO:app.services.data_generator:开始为独立表 crawler_competitor_price 生成数据
INFO:app.core.database:批量执行SQL，查询: INSERT INTO crawler_competitor_price (id, crawl_time, platform, competitor_name, product_name, product_sku, price, promotion_info, is_in_stock) VALUES ($1, $2, $3, $4, $5, $6, $7, $8, $9), 值数量: 1
INFO:app.core.database:连接数据库: 172.16.10.196:5432/db_house
INFO:app.core.database:批量执行SQL完成
INFO:app.services.data_generator:表 crawler_competitor_price 已插入剩余 1 条记录并缓存主键值
INFO:app.services.data_generator:独立表 crawler_competitor_price 生成完成，记录数: 1
INFO:app.services.data_generator:开始为独立表 crm_customer 生成数据
INFO:app.core.database:批量执行SQL，查询: INSERT INTO crm_customer (customer_id, name, gender, phone, email, birthday, address, create_time, update_time, is_deleted) VALUES ($1, $2, $3, $4, $5, $6, $7, $8, $9, $10), 值数量: 1
INFO:app.core.database:连接数据库: 172.16.10.196:5432/db_house
INFO:app.core.database:批量执行SQL完成
INFO:app.services.data_generator:表 crm_customer 已插入剩余 1 条记录并缓存主键值
INFO:app.services.data_generator:独立表 crm_customer 生成完成，记录数: 1
INFO:app.services.data_generator:开始为独立表 ext_market_trend 生成数据
INFO:app.core.database:批量执行SQL，查询: INSERT INTO ext_market_trend (id, period, region, category, market_size, growth_rate, data_source) VALUES ($1, $2, $3, $4, $5, $6, $7), 值数量: 1
INFO:app.core.database:连接数据库: 172.16.10.196:5432/db_house
INFO:app.core.database:批量执行SQL完成
INFO:app.services.data_generator:表 ext_market_trend 已插入剩余 1 条记录并缓存主键值
INFO:app.services.data_generator:独立表 ext_market_trend 生成完成，记录数: 1
INFO:app.services.data_generator:=== 阶段2：生成依赖表 ===
INFO:app.services.data_generator:表依赖排序结果: ['oms_order', 'oms_order_item', 'fms_financial_transaction', 'lms_shipment']
INFO:app.services.data_generator:排序后的依赖表: ['oms_order', 'oms_order_item', 'fms_financial_transaction', 'lms_shipment']
INFO:app.services.data_generator:开始为依赖表 oms_order 生成数据
INFO:app.core.database:批量执行SQL，查询: INSERT INTO oms_order (order_id, order_channel, customer_code, order_amount, discount_amount, pay_amount, order_status, province, city, district, detail_address, order_time) VALUES ($1, $2, $3, $4, $5, $6, $7, $8, $9, $10, $11, $12), 值数量: 1
INFO:app.core.database:连接数据库: 172.16.10.196:5432/db_house
INFO:app.core.database:批量执行SQL完成
INFO:app.services.data_generator:表 oms_order 已插入剩余 1 条记录并缓存主键值
INFO:app.services.data_generator:依赖表 oms_order 生成完成，记录数: 1
INFO:app.services.data_generator:开始为依赖表 oms_order_item 生成数据
INFO:app.core.database:批量执行SQL，查询: INSERT INTO oms_order_item (id, order_id, product_sku, product_name, quantity, price) VALUES ($1, $2, $3, $4, $5, $6), 值数量: 1
INFO:app.core.database:连接数据库: 172.16.10.196:5432/db_house
INFO:app.core.database:批量执行SQL完成
INFO:app.services.data_generator:表 oms_order_item 已插入剩余 1 条记录并缓存主键值
INFO:app.services.data_generator:依赖表 oms_order_item 生成完成，记录数: 1
INFO:app.services.data_generator:开始为依赖表 fms_financial_transaction 生成数据
INFO:app.core.database:批量执行SQL，查询: INSERT INTO fms_financial_transaction (transaction_id, order_id, payment_method, transaction_type, transaction_amount, transaction_status, transaction_time) VALUES ($1, $2, $3, $4, $5, $6, $7), 值数量: 1
INFO:app.core.database:连接数据库: 172.16.10.196:5432/db_house
INFO:app.core.database:批量执行SQL完成
INFO:app.services.data_generator:表 fms_financial_transaction 已插入剩余 1 条记录并缓存主键值
INFO:app.services.data_generator:依赖表 fms_financial_transaction 生成完成，记录数: 1
INFO:app.services.data_generator:开始为依赖表 lms_shipment 生成数据
INFO:app.core.database:批量执行SQL，查询: INSERT INTO lms_shipment (shipment_id, order_id, carrier, sender_address, receiver_info, current_status, shipping_time, estimated_delivery, actual_delivery) VALUES ($1, $2, $3, $4, $5, $6, $7, $8, $9), 值数量: 1
INFO:app.core.database:连接数据库: 172.16.10.196:5432/db_house
INFO:app.core.database:批量执行SQL完成
INFO:app.services.data_generator:表 lms_shipment 已插入剩余 1 条记录并缓存主键值
INFO:app.services.data_generator:依赖表 lms_shipment 生成完成，记录数: 1
INFO:app.services.data_generator:数据生成完成，总记录数: 7
INFO:app.services.data_generator:退出 generate_data_for_tables 方法
INFO:app.services.data_generator:开始 generate_data_for_tables 方法
INFO:app.services.data_generator:独立表（阶段1）: ['crawler_competitor_price', 'crm_customer', 'ext_market_trend']
INFO:app.services.data_generator:依赖表（阶段2）: ['oms_order', 'lms_shipment', 'fms_financial_transaction', 'oms_order_item']
INFO:app.services.data_generator:初始化数据库计数器
INFO:app.core.database:执行查询: SELECT MAX(id) FROM crawler_competitor_price, 参数: ()
INFO:app.core.database:连接数据库: 172.16.10.196:5432/db_house
INFO:app.core.database:查询执行成功
INFO:app.core.database:执行查询: SELECT MAX(id) FROM ext_market_trend, 参数: ()
INFO:app.core.database:连接数据库: 172.16.10.196:5432/db_house
INFO:app.core.database:查询执行成功
INFO:app.core.database:执行查询: SELECT MAX(id) FROM oms_order_item, 参数: ()
INFO:app.core.database:连接数据库: 172.16.10.196:5432/db_house
INFO:app.core.database:查询执行成功
INFO:app.services.data_generator:计数器初始化完成: {'crawler_competitor_price_id': 361085, 'ext_market_trend_id': 361085, 'oms_order_item_id': 361176}
INFO:app.services.data_generator:开始处理日期: 2025-10-21
INFO:app.services.data_generator:当天计划生成记录数: 1
INFO:app.services.data_generator:已清空外键缓存
INFO:app.services.data_generator:=== 阶段1：生成独立表 ===
INFO:app.services.data_generator:开始为独立表 crawler_competitor_price 生成数据
INFO:app.core.database:批量执行SQL，查询: INSERT INTO crawler_competitor_price (id, crawl_time, platform, competitor_name, product_name, product_sku, price, promotion_info, is_in_stock) VALUES ($1, $2, $3, $4, $5, $6, $7, $8, $9), 值数量: 1
INFO:app.core.database:连接数据库: 172.16.10.196:5432/db_house
INFO:app.core.database:批量执行SQL完成
INFO:app.services.data_generator:表 crawler_competitor_price 已插入剩余 1 条记录并缓存主键值
INFO:app.services.data_generator:独立表 crawler_competitor_price 生成完成，记录数: 1
INFO:app.services.data_generator:开始为独立表 crm_customer 生成数据
INFO:app.core.database:批量执行SQL，查询: INSERT INTO crm_customer (customer_id, name, gender, phone, email, birthday, address, create_time, update_time, is_deleted) VALUES ($1, $2, $3, $4, $5, $6, $7, $8, $9, $10), 值数量: 1
INFO:app.core.database:连接数据库: 172.16.10.196:5432/db_house
INFO:app.core.database:批量执行SQL完成
INFO:app.services.data_generator:表 crm_customer 已插入剩余 1 条记录并缓存主键值
INFO:app.services.data_generator:独立表 crm_customer 生成完成，记录数: 1
INFO:app.services.data_generator:开始为独立表 ext_market_trend 生成数据
INFO:app.core.database:批量执行SQL，查询: INSERT INTO ext_market_trend (id, period, region, category, market_size, growth_rate, data_source) VALUES ($1, $2, $3, $4, $5, $6, $7), 值数量: 1
INFO:app.core.database:连接数据库: 172.16.10.196:5432/db_house
INFO:app.core.database:批量执行SQL完成
INFO:app.services.data_generator:表 ext_market_trend 已插入剩余 1 条记录并缓存主键值
INFO:app.services.data_generator:独立表 ext_market_trend 生成完成，记录数: 1
INFO:app.services.data_generator:=== 阶段2：生成依赖表 ===
INFO:app.services.data_generator:表依赖排序结果: ['oms_order', 'oms_order_item', 'fms_financial_transaction', 'lms_shipment']
INFO:app.services.data_generator:排序后的依赖表: ['oms_order', 'oms_order_item', 'fms_financial_transaction', 'lms_shipment']
INFO:app.services.data_generator:开始为依赖表 oms_order 生成数据
INFO:app.core.database:批量执行SQL，查询: INSERT INTO oms_order (order_id, order_channel, customer_code, order_amount, discount_amount, pay_amount, order_status, province, city, district, detail_address, order_time) VALUES ($1, $2, $3, $4, $5, $6, $7, $8, $9, $10, $11, $12), 值数量: 1
INFO:app.core.database:连接数据库: 172.16.10.196:5432/db_house
INFO:app.core.database:批量执行SQL完成
INFO:app.services.data_generator:表 oms_order 已插入剩余 1 条记录并缓存主键值
INFO:app.services.data_generator:依赖表 oms_order 生成完成，记录数: 1
INFO:app.services.data_generator:开始为依赖表 oms_order_item 生成数据
INFO:app.core.database:批量执行SQL，查询: INSERT INTO oms_order_item (id, order_id, product_sku, product_name, quantity, price) VALUES ($1, $2, $3, $4, $5, $6), 值数量: 1
INFO:app.core.database:连接数据库: 172.16.10.196:5432/db_house
INFO:app.core.database:批量执行SQL完成
INFO:app.services.data_generator:表 oms_order_item 已插入剩余 1 条记录并缓存主键值
INFO:app.services.data_generator:依赖表 oms_order_item 生成完成，记录数: 1
INFO:app.services.data_generator:开始为依赖表 fms_financial_transaction 生成数据
INFO:app.core.database:批量执行SQL，查询: INSERT INTO fms_financial_transaction (transaction_id, order_id, payment_method, transaction_type, transaction_amount, transaction_status, transaction_time) VALUES ($1, $2, $3, $4, $5, $6, $7), 值数量: 1
INFO:app.core.database:连接数据库: 172.16.10.196:5432/db_house
INFO:app.core.database:批量执行SQL完成
INFO:app.services.data_generator:表 fms_financial_transaction 已插入剩余 1 条记录并缓存主键值
INFO:app.services.data_generator:依赖表 fms_financial_transaction 生成完成，记录数: 1
INFO:app.services.data_generator:开始为依赖表 lms_shipment 生成数据
INFO:app.core.database:批量执行SQL，查询: INSERT INTO lms_shipment (shipment_id, order_id, carrier, sender_address, receiver_info, current_status, shipping_time, estimated_delivery, actual_delivery) VALUES ($1, $2, $3, $4, $5, $6, $7, $8, $9), 值数量: 1
INFO:app.core.database:连接数据库: 172.16.10.196:5432/db_house
INFO:app.core.database:批量执行SQL完成
INFO:app.services.data_generator:表 lms_shipment 已插入剩余 1 条记录并缓存主键值
INFO:app.services.data_generator:依赖表 lms_shipment 生成完成，记录数: 1
INFO:app.services.data_generator:数据生成完成，总记录数: 7
INFO:app.services.data_generator:退出 generate_data_for_tables 方法
INFO:app.services.data_generator:开始 generate_data_for_tables 方法
INFO:app.services.data_generator:独立表（阶段1）: ['crawler_competitor_price', 'crm_customer', 'ext_market_trend']
INFO:app.services.data_generator:依赖表（阶段2）: ['oms_order', 'lms_shipment', 'fms_financial_transaction', 'oms_order_item']
INFO:app.services.data_generator:初始化数据库计数器
INFO:app.core.database:执行查询: SELECT MAX(id) FROM crawler_competitor_price, 参数: ()
INFO:app.core.database:连接数据库: 172.16.10.196:5432/db_house
INFO:app.core.database:查询执行成功
INFO:app.core.database:执行查询: SELECT MAX(id) FROM ext_market_trend, 参数: ()
INFO:app.core.database:连接数据库: 172.16.10.196:5432/db_house
INFO:app.core.database:查询执行成功
INFO:app.core.database:执行查询: SELECT MAX(id) FROM oms_order_item, 参数: ()
INFO:app.core.database:连接数据库: 172.16.10.196:5432/db_house
INFO:app.core.database:查询执行成功
INFO:app.services.data_generator:计数器初始化完成: {'crawler_competitor_price_id': 361086, 'ext_market_trend_id': 361086, 'oms_order_item_id': 361177}
INFO:app.services.data_generator:开始处理日期: 2025-10-21
INFO:app.services.data_generator:当天计划生成记录数: 1
INFO:app.services.data_generator:已清空外键缓存
INFO:app.services.data_generator:=== 阶段1：生成独立表 ===
INFO:app.services.data_generator:开始为独立表 crawler_competitor_price 生成数据
INFO:app.core.database:批量执行SQL，查询: INSERT INTO crawler_competitor_price (id, crawl_time, platform, competitor_name, product_name, product_sku, price, promotion_info, is_in_stock) VALUES ($1, $2, $3, $4, $5, $6, $7, $8, $9), 值数量: 1
INFO:app.core.database:连接数据库: 172.16.10.196:5432/db_house
INFO:app.core.database:批量执行SQL完成
INFO:app.services.data_generator:表 crawler_competitor_price 已插入剩余 1 条记录并缓存主键值
INFO:app.services.data_generator:独立表 crawler_competitor_price 生成完成，记录数: 1
INFO:app.services.data_generator:开始为独立表 crm_customer 生成数据
INFO:app.core.database:批量执行SQL，查询: INSERT INTO crm_customer (customer_id, name, gender, phone, email, birthday, address, create_time, update_time, is_deleted) VALUES ($1, $2, $3, $4, $5, $6, $7, $8, $9, $10), 值数量: 1
INFO:app.core.database:连接数据库: 172.16.10.196:5432/db_house
INFO:app.core.database:批量执行SQL完成
INFO:app.services.data_generator:表 crm_customer 已插入剩余 1 条记录并缓存主键值
INFO:app.services.data_generator:独立表 crm_customer 生成完成，记录数: 1
INFO:app.services.data_generator:开始为独立表 ext_market_trend 生成数据
INFO:app.core.database:批量执行SQL，查询: INSERT INTO ext_market_trend (id, period, region, category, market_size, growth_rate, data_source) VALUES ($1, $2, $3, $4, $5, $6, $7), 值数量: 1
INFO:app.core.database:连接数据库: 172.16.10.196:5432/db_house
INFO:app.core.database:批量执行SQL完成
INFO:app.services.data_generator:表 ext_market_trend 已插入剩余 1 条记录并缓存主键值
INFO:app.services.data_generator:独立表 ext_market_trend 生成完成，记录数: 1
INFO:app.services.data_generator:=== 阶段2：生成依赖表 ===
INFO:app.services.data_generator:表依赖排序结果: ['oms_order', 'oms_order_item', 'fms_financial_transaction', 'lms_shipment']
INFO:app.services.data_generator:排序后的依赖表: ['oms_order', 'oms_order_item', 'fms_financial_transaction', 'lms_shipment']
INFO:app.services.data_generator:开始为依赖表 oms_order 生成数据
INFO:app.core.database:批量执行SQL，查询: INSERT INTO oms_order (order_id, order_channel, customer_code, order_amount, discount_amount, pay_amount, order_status, province, city, district, detail_address, order_time) VALUES ($1, $2, $3, $4, $5, $6, $7, $8, $9, $10, $11, $12), 值数量: 1
INFO:app.core.database:连接数据库: 172.16.10.196:5432/db_house
INFO:app.core.database:批量执行SQL完成
INFO:app.services.data_generator:表 oms_order 已插入剩余 1 条记录并缓存主键值
INFO:app.services.data_generator:依赖表 oms_order 生成完成，记录数: 1
INFO:app.services.data_generator:开始为依赖表 oms_order_item 生成数据
INFO:app.core.database:批量执行SQL，查询: INSERT INTO oms_order_item (id, order_id, product_sku, product_name, quantity, price) VALUES ($1, $2, $3, $4, $5, $6), 值数量: 1
INFO:app.core.database:连接数据库: 172.16.10.196:5432/db_house
INFO:app.core.database:批量执行SQL完成
INFO:app.services.data_generator:表 oms_order_item 已插入剩余 1 条记录并缓存主键值
INFO:app.services.data_generator:依赖表 oms_order_item 生成完成，记录数: 1
INFO:app.services.data_generator:开始为依赖表 fms_financial_transaction 生成数据
INFO:app.core.database:批量执行SQL，查询: INSERT INTO fms_financial_transaction (transaction_id, order_id, payment_method, transaction_type, transaction_amount, transaction_status, transaction_time) VALUES ($1, $2, $3, $4, $5, $6, $7), 值数量: 1
INFO:app.core.database:连接数据库: 172.16.10.196:5432/db_house
INFO:app.core.database:批量执行SQL完成
INFO:app.services.data_generator:表 fms_financial_transaction 已插入剩余 1 条记录并缓存主键值
INFO:app.services.data_generator:依赖表 fms_financial_transaction 生成完成，记录数: 1
INFO:app.services.data_generator:开始为依赖表 lms_shipment 生成数据
INFO:app.core.database:批量执行SQL，查询: INSERT INTO lms_shipment (shipment_id, order_id, carrier, sender_address, receiver_info, current_status, shipping_time, estimated_delivery, actual_delivery) VALUES ($1, $2, $3, $4, $5, $6, $7, $8, $9), 值数量: 1
INFO:app.core.database:连接数据库: 172.16.10.196:5432/db_house
INFO:app.core.database:批量执行SQL完成
INFO:app.services.data_generator:表 lms_shipment 已插入剩余 1 条记录并缓存主键值
INFO:app.services.data_generator:依赖表 lms_shipment 生成完成，记录数: 1
INFO:app.services.data_generator:数据生成完成，总记录数: 7
INFO:app.services.data_generator:退出 generate_data_for_tables 方法
INFO:app.services.data_generator:开始 generate_data_for_tables 方法
INFO:app.services.data_generator:独立表（阶段1）: ['crawler_competitor_price', 'crm_customer', 'ext_market_trend']
INFO:app.services.data_generator:依赖表（阶段2）: ['oms_order', 'lms_shipment', 'fms_financial_transaction', 'oms_order_item']
INFO:app.services.data_generator:初始化数据库计数器
INFO:app.core.database:执行查询: SELECT MAX(id) FROM crawler_competitor_price, 参数: ()
INFO:app.core.database:连接数据库: 172.16.10.196:5432/db_house
INFO:app.core.database:查询执行成功
INFO:app.core.database:执行查询: SELECT MAX(id) FROM ext_market_trend, 参数: ()
INFO:app.core.database:连接数据库: 172.16.10.196:5432/db_house
INFO:app.core.database:查询执行成功
INFO:app.core.database:执行查询: SELECT MAX(id) FROM oms_order_item, 参数: ()
INFO:app.core.database:连接数据库: 172.16.10.196:5432/db_house
INFO:app.core.database:查询执行成功
INFO:app.services.data_generator:计数器初始化完成: {'crawler_competitor_price_id': 361087, 'ext_market_trend_id': 361087, 'oms_order_item_id': 361178}
INFO:app.services.data_generator:开始处理日期: 2025-10-21
INFO:app.services.data_generator:当天计划生成记录数: 1
INFO:app.services.data_generator:已清空外键缓存
INFO:app.services.data_generator:=== 阶段1：生成独立表 ===
INFO:app.services.data_generator:开始为独立表 crawler_competitor_price 生成数据
INFO:app.core.database:批量执行SQL，查询: INSERT INTO crawler_competitor_price (id, crawl_time, platform, competitor_name, product_name, product_sku, price, promotion_info, is_in_stock) VALUES ($1, $2, $3, $4, $5, $6, $7, $8, $9), 值数量: 1
INFO:app.core.database:连接数据库: 172.16.10.196:5432/db_house
INFO:app.core.database:批量执行SQL完成
INFO:app.services.data_generator:表 crawler_competitor_price 已插入剩余 1 条记录并缓存主键值
INFO:app.services.data_generator:独立表 crawler_competitor_price 生成完成，记录数: 1
INFO:app.services.data_generator:开始为独立表 crm_customer 生成数据
INFO:app.core.database:批量执行SQL，查询: INSERT INTO crm_customer (customer_id, name, gender, phone, email, birthday, address, create_time, update_time, is_deleted) VALUES ($1, $2, $3, $4, $5, $6, $7, $8, $9, $10), 值数量: 1
INFO:app.core.database:连接数据库: 172.16.10.196:5432/db_house
INFO:app.core.database:批量执行SQL完成
INFO:app.services.data_generator:表 crm_customer 已插入剩余 1 条记录并缓存主键值
INFO:app.services.data_generator:独立表 crm_customer 生成完成，记录数: 1
INFO:app.services.data_generator:开始为独立表 ext_market_trend 生成数据
INFO:app.core.database:批量执行SQL，查询: INSERT INTO ext_market_trend (id, period, region, category, market_size, growth_rate, data_source) VALUES ($1, $2, $3, $4, $5, $6, $7), 值数量: 1
INFO:app.core.database:连接数据库: 172.16.10.196:5432/db_house
INFO:app.core.database:批量执行SQL完成
INFO:app.services.data_generator:表 ext_market_trend 已插入剩余 1 条记录并缓存主键值
INFO:app.services.data_generator:独立表 ext_market_trend 生成完成，记录数: 1
INFO:app.services.data_generator:=== 阶段2：生成依赖表 ===
INFO:app.services.data_generator:表依赖排序结果: ['oms_order', 'oms_order_item', 'fms_financial_transaction', 'lms_shipment']
INFO:app.services.data_generator:排序后的依赖表: ['oms_order', 'oms_order_item', 'fms_financial_transaction', 'lms_shipment']
INFO:app.services.data_generator:开始为依赖表 oms_order 生成数据
INFO:app.core.database:批量执行SQL，查询: INSERT INTO oms_order (order_id, order_channel, customer_code, order_amount, discount_amount, pay_amount, order_status, province, city, district, detail_address, order_time) VALUES ($1, $2, $3, $4, $5, $6, $7, $8, $9, $10, $11, $12), 值数量: 1
INFO:app.core.database:连接数据库: 172.16.10.196:5432/db_house
INFO:app.core.database:批量执行SQL完成
INFO:app.services.data_generator:表 oms_order 已插入剩余 1 条记录并缓存主键值
INFO:app.services.data_generator:依赖表 oms_order 生成完成，记录数: 1
INFO:app.services.data_generator:开始为依赖表 oms_order_item 生成数据
INFO:app.core.database:批量执行SQL，查询: INSERT INTO oms_order_item (id, order_id, product_sku, product_name, quantity, price) VALUES ($1, $2, $3, $4, $5, $6), 值数量: 1
INFO:app.core.database:连接数据库: 172.16.10.196:5432/db_house
INFO:app.core.database:批量执行SQL完成
INFO:app.services.data_generator:表 oms_order_item 已插入剩余 1 条记录并缓存主键值
INFO:app.services.data_generator:依赖表 oms_order_item 生成完成，记录数: 1
INFO:app.services.data_generator:开始为依赖表 fms_financial_transaction 生成数据
INFO:app.core.database:批量执行SQL，查询: INSERT INTO fms_financial_transaction (transaction_id, order_id, payment_method, transaction_type, transaction_amount, transaction_status, transaction_time) VALUES ($1, $2, $3, $4, $5, $6, $7), 值数量: 1
INFO:app.core.database:连接数据库: 172.16.10.196:5432/db_house
INFO:app.core.database:批量执行SQL完成
INFO:app.services.data_generator:表 fms_financial_transaction 已插入剩余 1 条记录并缓存主键值
INFO:app.services.data_generator:依赖表 fms_financial_transaction 生成完成，记录数: 1
INFO:app.services.data_generator:开始为依赖表 lms_shipment 生成数据
INFO:app.core.database:批量执行SQL，查询: INSERT INTO lms_shipment (shipment_id, order_id, carrier, sender_address, receiver_info, current_status, shipping_time, estimated_delivery, actual_delivery) VALUES ($1, $2, $3, $4, $5, $6, $7, $8, $9), 值数量: 1
INFO:app.core.database:连接数据库: 172.16.10.196:5432/db_house
INFO:app.core.database:批量执行SQL完成
INFO:app.services.data_generator:表 lms_shipment 已插入剩余 1 条记录并缓存主键值
INFO:app.services.data_generator:依赖表 lms_shipment 生成完成，记录数: 1
INFO:app.services.data_generator:数据生成完成，总记录数: 7
INFO:app.services.data_generator:退出 generate_data_for_tables 方法
INFO:app.services.data_generator:开始 generate_data_for_tables 方法
INFO:app.services.data_generator:独立表（阶段1）: ['crawler_competitor_price', 'crm_customer', 'ext_market_trend']
INFO:app.services.data_generator:依赖表（阶段2）: ['oms_order', 'lms_shipment', 'fms_financial_transaction', 'oms_order_item']
INFO:app.services.data_generator:初始化数据库计数器
INFO:app.core.database:执行查询: SELECT MAX(id) FROM crawler_competitor_price, 参数: ()
INFO:app.core.database:连接数据库: 172.16.10.196:5432/db_house
INFO:app.core.database:查询执行成功
INFO:app.core.database:执行查询: SELECT MAX(id) FROM ext_market_trend, 参数: ()
INFO:app.core.database:连接数据库: 172.16.10.196:5432/db_house
INFO:app.core.database:查询执行成功
INFO:app.core.database:执行查询: SELECT MAX(id) FROM oms_order_item, 参数: ()
INFO:app.core.database:连接数据库: 172.16.10.196:5432/db_house
INFO:app.core.database:查询执行成功
INFO:app.services.data_generator:计数器初始化完成: {'crawler_competitor_price_id': 361088, 'ext_market_trend_id': 361088, 'oms_order_item_id': 361179}
INFO:app.services.data_generator:开始处理日期: 2025-10-21
INFO:app.services.data_generator:当天计划生成记录数: 1
INFO:app.services.data_generator:已清空外键缓存
INFO:app.services.data_generator:=== 阶段1：生成独立表 ===
INFO:app.services.data_generator:开始为独立表 crawler_competitor_price 生成数据
INFO:app.core.database:批量执行SQL，查询: INSERT INTO crawler_competitor_price (id, crawl_time, platform, competitor_name, product_name, product_sku, price, promotion_info, is_in_stock) VALUES ($1, $2, $3, $4, $5, $6, $7, $8, $9), 值数量: 1
INFO:app.core.database:连接数据库: 172.16.10.196:5432/db_house
INFO:app.core.database:批量执行SQL完成
INFO:app.services.data_generator:表 crawler_competitor_price 已插入剩余 1 条记录并缓存主键值
INFO:app.services.data_generator:独立表 crawler_competitor_price 生成完成，记录数: 1
INFO:app.services.data_generator:开始为独立表 crm_customer 生成数据
INFO:app.core.database:批量执行SQL，查询: INSERT INTO crm_customer (customer_id, name, gender, phone, email, birthday, address, create_time, update_time, is_deleted) VALUES ($1, $2, $3, $4, $5, $6, $7, $8, $9, $10), 值数量: 1
INFO:app.core.database:连接数据库: 172.16.10.196:5432/db_house
INFO:app.core.database:批量执行SQL完成
INFO:app.services.data_generator:表 crm_customer 已插入剩余 1 条记录并缓存主键值
INFO:app.services.data_generator:独立表 crm_customer 生成完成，记录数: 1
INFO:app.services.data_generator:开始为独立表 ext_market_trend 生成数据
INFO:app.core.database:批量执行SQL，查询: INSERT INTO ext_market_trend (id, period, region, category, market_size, growth_rate, data_source) VALUES ($1, $2, $3, $4, $5, $6, $7), 值数量: 1
INFO:app.core.database:连接数据库: 172.16.10.196:5432/db_house
INFO:app.core.database:批量执行SQL完成
INFO:app.services.data_generator:表 ext_market_trend 已插入剩余 1 条记录并缓存主键值
INFO:app.services.data_generator:独立表 ext_market_trend 生成完成，记录数: 1
INFO:app.services.data_generator:=== 阶段2：生成依赖表 ===
INFO:app.services.data_generator:表依赖排序结果: ['oms_order', 'oms_order_item', 'fms_financial_transaction', 'lms_shipment']
INFO:app.services.data_generator:排序后的依赖表: ['oms_order', 'oms_order_item', 'fms_financial_transaction', 'lms_shipment']
INFO:app.services.data_generator:开始为依赖表 oms_order 生成数据
INFO:app.core.database:批量执行SQL，查询: INSERT INTO oms_order (order_id, order_channel, customer_code, order_amount, discount_amount, pay_amount, order_status, province, city, district, detail_address, order_time) VALUES ($1, $2, $3, $4, $5, $6, $7, $8, $9, $10, $11, $12), 值数量: 1
INFO:app.core.database:连接数据库: 172.16.10.196:5432/db_house
INFO:app.core.database:批量执行SQL完成
INFO:app.services.data_generator:表 oms_order 已插入剩余 1 条记录并缓存主键值
INFO:app.services.data_generator:依赖表 oms_order 生成完成，记录数: 1
INFO:app.services.data_generator:开始为依赖表 oms_order_item 生成数据
INFO:app.core.database:批量执行SQL，查询: INSERT INTO oms_order_item (id, order_id, product_sku, product_name, quantity, price) VALUES ($1, $2, $3, $4, $5, $6), 值数量: 1
INFO:app.core.database:连接数据库: 172.16.10.196:5432/db_house
INFO:app.core.database:批量执行SQL完成
INFO:app.services.data_generator:表 oms_order_item 已插入剩余 1 条记录并缓存主键值
INFO:app.services.data_generator:依赖表 oms_order_item 生成完成，记录数: 1
INFO:app.services.data_generator:开始为依赖表 fms_financial_transaction 生成数据
INFO:app.core.database:批量执行SQL，查询: INSERT INTO fms_financial_transaction (transaction_id, order_id, payment_method, transaction_type, transaction_amount, transaction_status, transaction_time) VALUES ($1, $2, $3, $4, $5, $6, $7), 值数量: 1
INFO:app.core.database:连接数据库: 172.16.10.196:5432/db_house
INFO:app.core.database:批量执行SQL完成
INFO:app.services.data_generator:表 fms_financial_transaction 已插入剩余 1 条记录并缓存主键值
INFO:app.services.data_generator:依赖表 fms_financial_transaction 生成完成，记录数: 1
INFO:app.services.data_generator:开始为依赖表 lms_shipment 生成数据
INFO:app.core.database:批量执行SQL，查询: INSERT INTO lms_shipment (shipment_id, order_id, carrier, sender_address, receiver_info, current_status, shipping_time, estimated_delivery, actual_delivery) VALUES ($1, $2, $3, $4, $5, $6, $7, $8, $9), 值数量: 1
INFO:app.core.database:连接数据库: 172.16.10.196:5432/db_house
INFO:app.core.database:批量执行SQL完成
INFO:app.services.data_generator:表 lms_shipment 已插入剩余 1 条记录并缓存主键值
INFO:app.services.data_generator:依赖表 lms_shipment 生成完成，记录数: 1
INFO:app.services.data_generator:数据生成完成，总记录数: 7
INFO:app.services.data_generator:退出 generate_data_for_tables 方法
INFO:app.services.data_generator:开始 generate_data_for_tables 方法
INFO:app.services.data_generator:独立表（阶段1）: ['crawler_competitor_price', 'crm_customer', 'ext_market_trend']
INFO:app.services.data_generator:依赖表（阶段2）: ['oms_order', 'lms_shipment', 'fms_financial_transaction', 'oms_order_item']
INFO:app.services.data_generator:初始化数据库计数器
INFO:app.core.database:执行查询: SELECT MAX(id) FROM crawler_competitor_price, 参数: ()
INFO:app.core.database:连接数据库: 172.16.10.196:5432/db_house
INFO:app.core.database:查询执行成功
INFO:app.core.database:执行查询: SELECT MAX(id) FROM ext_market_trend, 参数: ()
INFO:app.core.database:连接数据库: 172.16.10.196:5432/db_house
INFO:app.core.database:查询执行成功
INFO:app.core.database:执行查询: SELECT MAX(id) FROM oms_order_item, 参数: ()
INFO:app.core.database:连接数据库: 172.16.10.196:5432/db_house
INFO:app.core.database:查询执行成功
INFO:app.services.data_generator:计数器初始化完成: {'crawler_competitor_price_id': 361089, 'ext_market_trend_id': 361089, 'oms_order_item_id': 361180}
INFO:app.services.data_generator:开始处理日期: 2025-10-21
INFO:app.services.data_generator:当天计划生成记录数: 1
INFO:app.services.data_generator:已清空外键缓存
INFO:app.services.data_generator:=== 阶段1：生成独立表 ===
INFO:app.services.data_generator:开始为独立表 crawler_competitor_price 生成数据
INFO:app.core.database:批量执行SQL，查询: INSERT INTO crawler_competitor_price (id, crawl_time, platform, competitor_name, product_name, product_sku, price, promotion_info, is_in_stock) VALUES ($1, $2, $3, $4, $5, $6, $7, $8, $9), 值数量: 1
INFO:app.core.database:连接数据库: 172.16.10.196:5432/db_house
INFO:app.core.database:批量执行SQL完成
INFO:app.services.data_generator:表 crawler_competitor_price 已插入剩余 1 条记录并缓存主键值
INFO:app.services.data_generator:独立表 crawler_competitor_price 生成完成，记录数: 1
INFO:app.services.data_generator:开始为独立表 crm_customer 生成数据
INFO:app.core.database:批量执行SQL，查询: INSERT INTO crm_customer (customer_id, name, gender, phone, email, birthday, address, create_time, update_time, is_deleted) VALUES ($1, $2, $3, $4, $5, $6, $7, $8, $9, $10), 值数量: 1
INFO:app.core.database:连接数据库: 172.16.10.196:5432/db_house
INFO:app.core.database:批量执行SQL完成
INFO:app.services.data_generator:表 crm_customer 已插入剩余 1 条记录并缓存主键值
INFO:app.services.data_generator:独立表 crm_customer 生成完成，记录数: 1
INFO:app.services.data_generator:开始为独立表 ext_market_trend 生成数据
INFO:app.core.database:批量执行SQL，查询: INSERT INTO ext_market_trend (id, period, region, category, market_size, growth_rate, data_source) VALUES ($1, $2, $3, $4, $5, $6, $7), 值数量: 1
INFO:app.core.database:连接数据库: 172.16.10.196:5432/db_house
INFO:app.core.database:批量执行SQL完成
INFO:app.services.data_generator:表 ext_market_trend 已插入剩余 1 条记录并缓存主键值
INFO:app.services.data_generator:独立表 ext_market_trend 生成完成，记录数: 1
INFO:app.services.data_generator:=== 阶段2：生成依赖表 ===
INFO:app.services.data_generator:表依赖排序结果: ['oms_order', 'oms_order_item', 'fms_financial_transaction', 'lms_shipment']
INFO:app.services.data_generator:排序后的依赖表: ['oms_order', 'oms_order_item', 'fms_financial_transaction', 'lms_shipment']
INFO:app.services.data_generator:开始为依赖表 oms_order 生成数据
INFO:app.core.database:批量执行SQL，查询: INSERT INTO oms_order (order_id, order_channel, customer_code, order_amount, discount_amount, pay_amount, order_status, province, city, district, detail_address, order_time) VALUES ($1, $2, $3, $4, $5, $6, $7, $8, $9, $10, $11, $12), 值数量: 1
INFO:app.core.database:连接数据库: 172.16.10.196:5432/db_house
INFO:app.core.database:批量执行SQL完成
INFO:app.services.data_generator:表 oms_order 已插入剩余 1 条记录并缓存主键值
INFO:app.services.data_generator:依赖表 oms_order 生成完成，记录数: 1
INFO:app.services.data_generator:开始为依赖表 oms_order_item 生成数据
INFO:app.core.database:批量执行SQL，查询: INSERT INTO oms_order_item (id, order_id, product_sku, product_name, quantity, price) VALUES ($1, $2, $3, $4, $5, $6), 值数量: 1
INFO:app.core.database:连接数据库: 172.16.10.196:5432/db_house
INFO:app.core.database:批量执行SQL完成
INFO:app.services.data_generator:表 oms_order_item 已插入剩余 1 条记录并缓存主键值
INFO:app.services.data_generator:依赖表 oms_order_item 生成完成，记录数: 1
INFO:app.services.data_generator:开始为依赖表 fms_financial_transaction 生成数据
INFO:app.core.database:批量执行SQL，查询: INSERT INTO fms_financial_transaction (transaction_id, order_id, payment_method, transaction_type, transaction_amount, transaction_status, transaction_time) VALUES ($1, $2, $3, $4, $5, $6, $7), 值数量: 1
INFO:app.core.database:连接数据库: 172.16.10.196:5432/db_house
INFO:app.core.database:批量执行SQL完成
INFO:app.services.data_generator:表 fms_financial_transaction 已插入剩余 1 条记录并缓存主键值
INFO:app.services.data_generator:依赖表 fms_financial_transaction 生成完成，记录数: 1
INFO:app.services.data_generator:开始为依赖表 lms_shipment 生成数据
INFO:app.core.database:批量执行SQL，查询: INSERT INTO lms_shipment (shipment_id, order_id, carrier, sender_address, receiver_info, current_status, shipping_time, estimated_delivery, actual_delivery) VALUES ($1, $2, $3, $4, $5, $6, $7, $8, $9), 值数量: 1
INFO:app.core.database:连接数据库: 172.16.10.196:5432/db_house
INFO:app.core.database:批量执行SQL完成
INFO:app.services.data_generator:表 lms_shipment 已插入剩余 1 条记录并缓存主键值
INFO:app.services.data_generator:依赖表 lms_shipment 生成完成，记录数: 1
INFO:app.services.data_generator:数据生成完成，总记录数: 7
INFO:app.services.data_generator:退出 generate_data_for_tables 方法
INFO:app.services.data_generator:开始 generate_data_for_tables 方法
INFO:app.services.data_generator:独立表（阶段1）: ['crawler_competitor_price', 'crm_customer', 'ext_market_trend']
INFO:app.services.data_generator:依赖表（阶段2）: ['oms_order', 'lms_shipment', 'fms_financial_transaction', 'oms_order_item']
INFO:app.services.data_generator:初始化数据库计数器
INFO:app.core.database:执行查询: SELECT MAX(id) FROM crawler_competitor_price, 参数: ()
INFO:app.core.database:连接数据库: 172.16.10.196:5432/db_house
INFO:app.core.database:查询执行成功
INFO:app.core.database:执行查询: SELECT MAX(id) FROM ext_market_trend, 参数: ()
INFO:app.core.database:连接数据库: 172.16.10.196:5432/db_house
INFO:app.core.database:查询执行成功
INFO:app.core.database:执行查询: SELECT MAX(id) FROM oms_order_item, 参数: ()
INFO:app.core.database:连接数据库: 172.16.10.196:5432/db_house
INFO:app.core.database:查询执行成功
INFO:app.services.data_generator:计数器初始化完成: {'crawler_competitor_price_id': 361090, 'ext_market_trend_id': 361090, 'oms_order_item_id': 361181}
INFO:app.services.data_generator:开始处理日期: 2025-10-21
INFO:app.services.data_generator:当天计划生成记录数: 1
INFO:app.services.data_generator:已清空外键缓存
INFO:app.services.data_generator:=== 阶段1：生成独立表 ===
INFO:app.services.data_generator:开始为独立表 crawler_competitor_price 生成数据
INFO:app.core.database:批量执行SQL，查询: INSERT INTO crawler_competitor_price (id, crawl_time, platform, competitor_name, product_name, product_sku, price, promotion_info, is_in_stock) VALUES ($1, $2, $3, $4, $5, $6, $7, $8, $9), 值数量: 1
INFO:app.core.database:连接数据库: 172.16.10.196:5432/db_house
INFO:app.core.database:批量执行SQL完成
INFO:app.services.data_generator:表 crawler_competitor_price 已插入剩余 1 条记录并缓存主键值
INFO:app.services.data_generator:独立表 crawler_competitor_price 生成完成，记录数: 1
INFO:app.services.data_generator:开始为独立表 crm_customer 生成数据
INFO:app.core.database:批量执行SQL，查询: INSERT INTO crm_customer (customer_id, name, gender, phone, email, birthday, address, create_time, update_time, is_deleted) VALUES ($1, $2, $3, $4, $5, $6, $7, $8, $9, $10), 值数量: 1
INFO:app.core.database:连接数据库: 172.16.10.196:5432/db_house
INFO:app.core.database:批量执行SQL完成
INFO:app.services.data_generator:表 crm_customer 已插入剩余 1 条记录并缓存主键值
INFO:app.services.data_generator:独立表 crm_customer 生成完成，记录数: 1
INFO:app.services.data_generator:开始为独立表 ext_market_trend 生成数据
INFO:app.core.database:批量执行SQL，查询: INSERT INTO ext_market_trend (id, period, region, category, market_size, growth_rate, data_source) VALUES ($1, $2, $3, $4, $5, $6, $7), 值数量: 1
INFO:app.core.database:连接数据库: 172.16.10.196:5432/db_house
INFO:app.core.database:批量执行SQL完成
INFO:app.services.data_generator:表 ext_market_trend 已插入剩余 1 条记录并缓存主键值
INFO:app.services.data_generator:独立表 ext_market_trend 生成完成，记录数: 1
INFO:app.services.data_generator:=== 阶段2：生成依赖表 ===
INFO:app.services.data_generator:表依赖排序结果: ['oms_order', 'oms_order_item', 'fms_financial_transaction', 'lms_shipment']
INFO:app.services.data_generator:排序后的依赖表: ['oms_order', 'oms_order_item', 'fms_financial_transaction', 'lms_shipment']
INFO:app.services.data_generator:开始为依赖表 oms_order 生成数据
INFO:app.core.database:批量执行SQL，查询: INSERT INTO oms_order (order_id, order_channel, customer_code, order_amount, discount_amount, pay_amount, order_status, province, city, district, detail_address, order_time) VALUES ($1, $2, $3, $4, $5, $6, $7, $8, $9, $10, $11, $12), 值数量: 1
INFO:app.core.database:连接数据库: 172.16.10.196:5432/db_house
INFO:app.core.database:批量执行SQL完成
INFO:app.services.data_generator:表 oms_order 已插入剩余 1 条记录并缓存主键值
INFO:app.services.data_generator:依赖表 oms_order 生成完成，记录数: 1
INFO:app.services.data_generator:开始为依赖表 oms_order_item 生成数据
INFO:app.core.database:批量执行SQL，查询: INSERT INTO oms_order_item (id, order_id, product_sku, product_name, quantity, price) VALUES ($1, $2, $3, $4, $5, $6), 值数量: 1
INFO:app.core.database:连接数据库: 172.16.10.196:5432/db_house
INFO:app.core.database:批量执行SQL完成
INFO:app.services.data_generator:表 oms_order_item 已插入剩余 1 条记录并缓存主键值
INFO:app.services.data_generator:依赖表 oms_order_item 生成完成，记录数: 1
INFO:app.services.data_generator:开始为依赖表 fms_financial_transaction 生成数据
INFO:app.core.database:批量执行SQL，查询: INSERT INTO fms_financial_transaction (transaction_id, order_id, payment_method, transaction_type, transaction_amount, transaction_status, transaction_time) VALUES ($1, $2, $3, $4, $5, $6, $7), 值数量: 1
INFO:app.core.database:连接数据库: 172.16.10.196:5432/db_house
INFO:app.core.database:批量执行SQL完成
INFO:app.services.data_generator:表 fms_financial_transaction 已插入剩余 1 条记录并缓存主键值
INFO:app.services.data_generator:依赖表 fms_financial_transaction 生成完成，记录数: 1
INFO:app.services.data_generator:开始为依赖表 lms_shipment 生成数据
INFO:app.core.database:批量执行SQL，查询: INSERT INTO lms_shipment (shipment_id, order_id, carrier, sender_address, receiver_info, current_status, shipping_time, estimated_delivery, actual_delivery) VALUES ($1, $2, $3, $4, $5, $6, $7, $8, $9), 值数量: 1
INFO:app.core.database:连接数据库: 172.16.10.196:5432/db_house
INFO:app.core.database:批量执行SQL完成
INFO:app.services.data_generator:表 lms_shipment 已插入剩余 1 条记录并缓存主键值
INFO:app.services.data_generator:依赖表 lms_shipment 生成完成，记录数: 1
INFO:app.services.data_generator:数据生成完成，总记录数: 7
INFO:app.services.data_generator:退出 generate_data_for_tables 方法
INFO:app.core.database:数据库连接已关闭

[2025-10-21 14:22:33.233597] ✅ 第 99 批数据生成完成
[2025-10-21 14:22:33.233608] ⏱️ 等待 1 秒后继续...
[2025-10-21 14:22:34.234761] 📦 开始生成第 100 批数据...
[2025-10-21 14:22:34.691205] 📦 生成了 7 条记录
[2025-10-21 14:22:34.691232] ✅ 第 100 批数据生成完成
[2025-10-21 14:22:34.691240] ⏱️ 等待 1 秒后继续...
[2025-10-21 14:22:35.692424] 📦 开始生成第 101 批数据...
[2025-10-21 14:22:35.815270] 📦 生成了 7 条记录
[2025-10-21 14:22:35.815297] ✅ 第 101 批数据生成完成
[2025-10-21 14:22:35.815304] ⏱️ 等待 1 秒后继续...
[2025-10-21 14:22:36.816441] 📦 开始生成第 102 批数据...
[2025-10-21 14:22:36.943070] 📦 生成了 7 条记录
[2025-10-21 14:22:36.943096] ✅ 第 102 批数据生成完成
[2025-10-21 14:22:36.943105] ⏱️ 等待 1 秒后继续...
[2025-10-21 14:22:37.943608] 📦 开始生成第 103 批数据...
[2025-10-21 14:22:38.236606] 📦 生成了 7 条记录
[2025-10-21 14:22:38.236631] ✅ 第 103 批数据生成完成
[2025-10-21 14:22:38.236636] ⏱️ 等待 1 秒后继续...
[2025-10-21 14:22:39.237797] 📦 开始生成第 104 批数据...
[2025-10-21 14:22:41.565504] 📦 生成了 7 条记录
[2025-10-21 14:22:41.565526] ✅ 第 104 批数据生成完成
[2025-10-21 14:22:41.565531] ⏱️ 等待 1 秒后继续...
[2025-10-21 14:22:42.566701] 📦 开始生成第 105 批数据...
[2025-10-21 14:22:42.699811] 📦 生成了 7 条记录
[2025-10-21 14:22:42.699836] ✅ 第 105 批数据生成完成
[2025-10-21 14:22:42.699846] ⏱️ 等待 1 秒后继续...
[2025-10-21 14:22:43.701023] 📦 开始生成第 106 批数据...
[2025-10-21 14:22:44.009973] 📦 生成了 7 条记录
[2025-10-21 14:22:44.010000] ✅ 第 106 批数据生成完成
[2025-10-21 14:22:44.010008] ⏱️ 等待 1 秒后继续...
[2025-10-21 14:22:45.010736] 📦 开始生成第 107 批数据...
[2025-10-21 14:22:45.137382] 📦 生成了 7 条记录
[2025-10-21 14:22:45.137401] ✅ 第 107 批数据生成完成
[2025-10-21 14:22:45.137405] ⏱️ 等待 1 秒后继续...
[2025-10-21 14:22:46.138700] 📦 开始生成第 108 批数据...
[2025-10-21 14:22:46.259966] 📦 生成了 7 条记录
[2025-10-21 14:22:46.259985] ✅ 第 108 批数据生成完成
[2025-10-21 14:22:46.259990] ⏱️ 等待 1 秒后继续...
[2025-10-21 14:22:47.260613] 📦 开始生成第 109 批数据...
[2025-10-21 14:22:47.614853] 📦 生成了 7 条记录
[2025-10-21 14:22:47.614869] ✅ 第 109 批数据生成完成
[2025-10-21 14:22:47.614873] ⏱️ 等待 1 秒后继续...
[2025-10-21 14:22:48.616031] 📦 开始生成第 110 批数据...
[2025-10-21 14:22:48.755660] 📦 生成了 7 条记录
[2025-10-21 14:22:48.755688] ✅ 第 110 批数据生成完成
[2025-10-21 14:22:48.755697] ⏱️ 等待 1 秒后继续...
[2025-10-21 14:22:49.755939] 📦 开始生成第 111 批数据...
[2025-10-21 14:22:49.882591] 📦 生成了 7 条记录
[2025-10-21 14:22:49.882617] ✅ 第 111 批数据生成完成
[2025-10-21 14:22:49.882626] ⏱️ 等待 1 秒后继续...
[2025-10-21 14:22:50.883803] 📦 开始生成第 112 批数据...
[2025-10-21 14:22:51.042138] 📦 生成了 7 条记录
[2025-10-21 14:22:51.042157] ✅ 第 112 批数据生成完成
[2025-10-21 14:22:51.042161] ⏱️ 等待 1 秒后继续...
[2025-10-21 14:22:52.043335] 📦 开始生成第 113 批数据...
[2025-10-21 14:22:52.355864] 📦 生成了 7 条记录
[2025-10-21 14:22:52.355889] ✅ 第 113 批数据生成完成
[2025-10-21 14:22:52.355897] ⏱️ 等待 1 秒后继续...
[2025-10-21 14:22:53.357101] 📦 开始生成第 114 批数据...
[2025-10-21 14:22:53.717055] 📦 生成了 7 条记录
[2025-10-21 14:22:53.717074] ✅ 第 114 批数据生成完成
[2025-10-21 14:22:53.717078] ⏱️ 等待 1 秒后继续...
[2025-10-21 14:22:54.718246] 📦 开始生成第 115 批数据...
[2025-10-21 14:22:55.221969] 📦 生成了 7 条记录
[2025-10-21 14:22:55.221996] ✅ 第 115 批数据生成完成
[2025-10-21 14:22:55.222004] ⏱️ 等待 1 秒后继续...
[2025-10-21 14:22:56.223184] 📦 开始生成第 116 批数据...
[2025-10-21 14:22:56.352860] 📦 生成了 7 条记录
[2025-10-21 14:22:56.352874] ✅ 第 116 批数据生成完成
[2025-10-21 14:22:56.352878] ⏱️ 等待 1 秒后继续...
[2025-10-21 14:22:57.354049] 📦 开始生成第 117 批数据...
[2025-10-21 14:22:57.881921] 📦 生成了 7 条记录
[2025-10-21 14:22:57.881940] ✅ 第 117 批数据生成完成
[2025-10-21 14:22:57.881944] ⏱️ 等待 1 秒后继续...
[2025-10-21 14:22:58.883113] 📦 开始生成第 118 批数据...
[2025-10-21 14:22:59.274033] 📦 生成了 7 条记录
[2025-10-21 14:22:59.274058] ✅ 第 118 批数据生成完成
[2025-10-21 14:22:59.274067] ⏱️ 等待 1 秒后继续...
[2025-10-21 14:23:00.275233] 📦 开始生成第 119 批数据...
[2025-10-21 14:23:00.416495] 📦 生成了 7 条记录
[2025-10-21 14:23:00.416520] ✅ 第 119 批数据生成完成
[2025-10-21 14:23:00.416529] ⏱️ 等待 1 秒后继续...
[2025-10-21 14:23:01.417694] 📦 开始生成第 120 批数据...

[2025-10-21 14:23:01.655657] 🛑 收到停止信号，正在关闭...
[2025-10-21 14:23:02.499220] 📦 生成了 7 条记录
[2025-10-21 14:23:02.499241] ✅ 第 120 批数据生成完成
[2025-10-21 14:23:02.499248] ⏱️ 等待 1 秒后继续...
[2025-10-21 14:23:02.499254] 🛑 持续数据生成服务已停止
[2025-10-21 14:23:02.508293] 🔌 已断开数据库连接
