INFO:app.core.database:连接数据库: 172.16.10.196:5432/db_house
INFO:app.core.database:数据库连接成功
INFO:app.services.data_generator:开始 generate_data_for_tables 方法
INFO:app.services.data_generator:独立表（阶段1）: ['crawler_competitor_price', 'crm_customer', 'ext_market_trend']
INFO:app.services.data_generator:依赖表（阶段2）: ['oms_order', 'lms_shipment', 'fms_financial_transaction', 'oms_order_item']
INFO:app.services.data_generator:初始化数据库计数器
INFO:app.core.database:执行查询: SELECT MAX(id) FROM crawler_competitor_price, 参数: ()
INFO:app.core.database:连接数据库: 172.16.10.196:5432/db_house
INFO:app.core.database:查询执行成功
INFO:app.core.database:执行查询: SELECT MAX(id) FROM ext_market_trend, 参数: ()
INFO:app.core.database:连接数据库: 172.16.10.196:5432/db_house
INFO:app.core.database:查询执行成功
INFO:app.core.database:执行查询: SELECT MAX(id) FROM oms_order_item, 参数: ()
INFO:app.core.database:连接数据库: 172.16.10.196:5432/db_house
INFO:app.core.database:查询执行成功
INFO:app.services.data_generator:计数器初始化完成: {'crawler_competitor_price_id': 0, 'ext_market_trend_id': 0, 'oms_order_item_id': 0}
INFO:app.services.data_generator:开始处理日期: 2025-10-23
INFO:app.services.data_generator:当天计划生成记录数: 1
INFO:app.services.data_generator:已清空外键缓存
INFO:app.services.data_generator:=== 阶段1：生成独立表 ===
INFO:app.services.data_generator:开始为独立表 crawler_competitor_price 生成数据
INFO:app.core.database:批量执行SQL，查询: INSERT INTO crawler_competitor_price (id, crawl_time, platform, competitor_name, product_name, product_sku, price, promotion_info, is_in_stock) VALUES ($1, $2, $3, $4, $5, $6, $7, $8, $9), 值数量: 1
INFO:app.core.database:连接数据库: 172.16.10.196:5432/db_house
INFO:app.core.database:批量执行SQL完成
INFO:app.services.data_generator:表 crawler_competitor_price 已插入剩余 1 条记录并缓存主键值
INFO:app.services.data_generator:独立表 crawler_competitor_price 生成完成，记录数: 1
INFO:app.services.data_generator:开始为独立表 crm_customer 生成数据
INFO:app.core.database:批量执行SQL，查询: INSERT INTO crm_customer (customer_id, name, gender, phone, email, birthday, address, create_time, update_time, is_deleted) VALUES ($1, $2, $3, $4, $5, $6, $7, $8, $9, $10), 值数量: 1
INFO:app.core.database:连接数据库: 172.16.10.196:5432/db_house
INFO:app.core.database:批量执行SQL完成
INFO:app.services.data_generator:表 crm_customer 已插入剩余 1 条记录并缓存主键值
INFO:app.services.data_generator:独立表 crm_customer 生成完成，记录数: 1
INFO:app.services.data_generator:开始为独立表 ext_market_trend 生成数据
INFO:app.core.database:批量执行SQL，查询: INSERT INTO ext_market_trend (id, period, region, category, market_size, growth_rate, data_source) VALUES ($1, $2, $3, $4, $5, $6, $7), 值数量: 1
INFO:app.core.database:连接数据库: 172.16.10.196:5432/db_house
INFO:app.core.database:批量执行SQL完成
INFO:app.services.data_generator:表 ext_market_trend 已插入剩余 1 条记录并缓存主键值
INFO:app.services.data_generator:独立表 ext_market_trend 生成完成，记录数: 1
INFO:app.services.data_generator:=== 阶段2：生成依赖表 ===
INFO:app.services.data_generator:表依赖排序结果: ['oms_order', 'lms_shipment', 'fms_financial_transaction', 'oms_order_item']
INFO:app.services.data_generator:排序后的依赖表: ['oms_order', 'lms_shipment', 'fms_financial_transaction', 'oms_order_item']
INFO:app.services.data_generator:开始为依赖表 oms_order 生成数据
INFO:app.core.database:批量执行SQL，查询: INSERT INTO oms_order (order_id, order_channel, customer_code, order_amount, discount_amount, pay_amount, order_status, province, city, district, detail_address, order_time) VALUES ($1, $2, $3, $4, $5, $6, $7, $8, $9, $10, $11, $12), 值数量: 1
INFO:app.core.database:连接数据库: 172.16.10.196:5432/db_house
INFO:app.core.database:批量执行SQL完成
INFO:app.services.data_generator:表 oms_order 已插入剩余 1 条记录并缓存主键值
INFO:app.services.data_generator:依赖表 oms_order 生成完成，记录数: 1
INFO:app.services.data_generator:开始为依赖表 lms_shipment 生成数据
INFO:app.core.database:批量执行SQL，查询: INSERT INTO lms_shipment (shipment_id, order_id, carrier, sender_address, receiver_info, current_status, shipping_time, estimated_delivery, actual_delivery) VALUES ($1, $2, $3, $4, $5, $6, $7, $8, $9), 值数量: 1
INFO:app.core.database:连接数据库: 172.16.10.196:5432/db_house
INFO:app.core.database:批量执行SQL完成
INFO:app.services.data_generator:表 lms_shipment 已插入剩余 1 条记录并缓存主键值
INFO:app.services.data_generator:依赖表 lms_shipment 生成完成，记录数: 1
INFO:app.services.data_generator:开始为依赖表 fms_financial_transaction 生成数据
INFO:app.core.database:批量执行SQL，查询: INSERT INTO fms_financial_transaction (transaction_id, order_id, payment_method, transaction_type, transaction_amount, transaction_status, transaction_time) VALUES ($1, $2, $3, $4, $5, $6, $7), 值数量: 1
INFO:app.core.database:连接数据库: 172.16.10.196:5432/db_house
INFO:app.core.database:批量执行SQL完成
INFO:app.services.data_generator:表 fms_financial_transaction 已插入剩余 1 条记录并缓存主键值
INFO:app.services.data_generator:依赖表 fms_financial_transaction 生成完成，记录数: 1
INFO:app.services.data_generator:开始为依赖表 oms_order_item 生成数据
INFO:app.core.database:批量执行SQL，查询: INSERT INTO oms_order_item (id, order_id, product_sku, product_name, quantity, price) VALUES ($1, $2, $3, $4, $5, $6), 值数量: 1
INFO:app.core.database:连接数据库: 172.16.10.196:5432/db_house
INFO:app.core.database:批量执行SQL完成
INFO:app.services.data_generator:表 oms_order_item 已插入剩余 1 条记录并缓存主键值
INFO:app.services.data_generator:依赖表 oms_order_item 生成完成，记录数: 1
INFO:app.services.data_generator:数据生成完成，总记录数: 7
INFO:app.services.data_generator:退出 generate_data_for_tables 方法
INFO:app.services.data_generator:开始 generate_data_for_tables 方法
INFO:app.services.data_generator:独立表（阶段1）: ['crawler_competitor_price', 'crm_customer', 'ext_market_trend']
INFO:app.services.data_generator:依赖表（阶段2）: ['oms_order', 'lms_shipment', 'fms_financial_transaction', 'oms_order_item']
INFO:app.services.data_generator:初始化数据库计数器
INFO:app.core.database:执行查询: SELECT MAX(id) FROM crawler_competitor_price, 参数: ()
INFO:app.core.database:连接数据库: 172.16.10.196:5432/db_house
INFO:app.core.database:查询执行成功
INFO:app.core.database:执行查询: SELECT MAX(id) FROM ext_market_trend, 参数: ()
INFO:app.core.database:连接数据库: 172.16.10.196:5432/db_house
INFO:app.core.database:查询执行成功
INFO:app.core.database:执行查询: SELECT MAX(id) FROM oms_order_item, 参数: ()
INFO:app.core.database:连接数据库: 172.16.10.196:5432/db_house
INFO:app.core.database:查询执行成功
INFO:app.services.data_generator:计数器初始化完成: {'crawler_competitor_price_id': 1, 'ext_market_trend_id': 1, 'oms_order_item_id': 1}
INFO:app.services.data_generator:开始处理日期: 2025-10-23
INFO:app.services.data_generator:当天计划生成记录数: 1
INFO:app.services.data_generator:已清空外键缓存
INFO:app.services.data_generator:=== 阶段1：生成独立表 ===
INFO:app.services.data_generator:开始为独立表 crawler_competitor_price 生成数据
INFO:app.core.database:批量执行SQL，查询: INSERT INTO crawler_competitor_price (id, crawl_time, platform, competitor_name, product_name, product_sku, price, promotion_info, is_in_stock) VALUES ($1, $2, $3, $4, $5, $6, $7, $8, $9), 值数量: 1
INFO:app.core.database:连接数据库: 172.16.10.196:5432/db_house
INFO:app.core.database:批量执行SQL完成
INFO:app.services.data_generator:表 crawler_competitor_price 已插入剩余 1 条记录并缓存主键值
INFO:app.services.data_generator:独立表 crawler_competitor_price 生成完成，记录数: 1
INFO:app.services.data_generator:开始为独立表 crm_customer 生成数据
INFO:app.core.database:批量执行SQL，查询: INSERT INTO crm_customer (customer_id, name, gender, phone, email, birthday, address, create_time, update_time, is_deleted) VALUES ($1, $2, $3, $4, $5, $6, $7, $8, $9, $10), 值数量: 1
INFO:app.core.database:连接数据库: 172.16.10.196:5432/db_house
INFO:app.core.database:批量执行SQL完成
INFO:app.services.data_generator:表 crm_customer 已插入剩余 1 条记录并缓存主键值
INFO:app.services.data_generator:独立表 crm_customer 生成完成，记录数: 1
INFO:app.services.data_generator:开始为独立表 ext_market_trend 生成数据
INFO:app.core.database:批量执行SQL，查询: INSERT INTO ext_market_trend (id, period, region, category, market_size, growth_rate, data_source) VALUES ($1, $2, $3, $4, $5, $6, $7), 值数量: 1
INFO:app.core.database:连接数据库: 172.16.10.196:5432/db_house
INFO:app.core.database:批量执行SQL完成
INFO:app.services.data_generator:表 ext_market_trend 已插入剩余 1 条记录并缓存主键值
INFO:app.services.data_generator:独立表 ext_market_trend 生成完成，记录数: 1
INFO:app.services.data_generator:=== 阶段2：生成依赖表 ===
INFO:app.services.data_generator:表依赖排序结果: ['oms_order', 'lms_shipment', 'fms_financial_transaction', 'oms_order_item']
INFO:app.services.data_generator:排序后的依赖表: ['oms_order', 'lms_shipment', 'fms_financial_transaction', 'oms_order_item']
INFO:app.services.data_generator:开始为依赖表 oms_order 生成数据
INFO:app.core.database:批量执行SQL，查询: INSERT INTO oms_order (order_id, order_channel, customer_code, order_amount, discount_amount, pay_amount, order_status, province, city, district, detail_address, order_time) VALUES ($1, $2, $3, $4, $5, $6, $7, $8, $9, $10, $11, $12), 值数量: 1
INFO:app.core.database:连接数据库: 172.16.10.196:5432/db_house
INFO:app.core.database:批量执行SQL完成
INFO:app.services.data_generator:表 oms_order 已插入剩余 1 条记录并缓存主键值
INFO:app.services.data_generator:依赖表 oms_order 生成完成，记录数: 1
INFO:app.services.data_generator:开始为依赖表 lms_shipment 生成数据
INFO:app.core.database:批量执行SQL，查询: INSERT INTO lms_shipment (shipment_id, order_id, carrier, sender_address, receiver_info, current_status, shipping_time, estimated_delivery, actual_delivery) VALUES ($1, $2, $3, $4, $5, $6, $7, $8, $9), 值数量: 1
INFO:app.core.database:连接数据库: 172.16.10.196:5432/db_house
INFO:app.core.database:批量执行SQL完成
INFO:app.services.data_generator:表 lms_shipment 已插入剩余 1 条记录并缓存主键值
INFO:app.services.data_generator:依赖表 lms_shipment 生成完成，记录数: 1
INFO:app.services.data_generator:开始为依赖表 fms_financial_transaction 生成数据
INFO:app.core.database:批量执行SQL，查询: INSERT INTO fms_financial_transaction (transaction_id, order_id, payment_method, transaction_type, transaction_amount, transaction_status, transaction_time) VALUES ($1, $2, $3, $4, $5, $6, $7), 值数量: 1
INFO:app.core.database:连接数据库: 172.16.10.196:5432/db_house
INFO:app.core.database:批量执行SQL完成
INFO:app.services.data_generator:表 fms_financial_transaction 已插入剩余 1 条记录并缓存主键值
INFO:app.services.data_generator:依赖表 fms_financial_transaction 生成完成，记录数: 1
INFO:app.services.data_generator:开始为依赖表 oms_order_item 生成数据
INFO:app.core.database:批量执行SQL，查询: INSERT INTO oms_order_item (id, order_id, product_sku, product_name, quantity, price) VALUES ($1, $2, $3, $4, $5, $6), 值数量: 1
INFO:app.core.database:连接数据库: 172.16.10.196:5432/db_house
INFO:app.core.database:批量执行SQL完成
INFO:app.services.data_generator:表 oms_order_item 已插入剩余 1 条记录并缓存主键值
INFO:app.services.data_generator:依赖表 oms_order_item 生成完成，记录数: 1
INFO:app.services.data_generator:数据生成完成，总记录数: 7
INFO:app.services.data_generator:退出 generate_data_for_tables 方法
INFO:app.services.data_generator:开始 generate_data_for_tables 方法
INFO:app.services.data_generator:独立表（阶段1）: ['crawler_competitor_price', 'crm_customer', 'ext_market_trend']
INFO:app.services.data_generator:依赖表（阶段2）: ['oms_order', 'lms_shipment', 'fms_financial_transaction', 'oms_order_item']
INFO:app.services.data_generator:初始化数据库计数器
INFO:app.core.database:执行查询: SELECT MAX(id) FROM crawler_competitor_price, 参数: ()
INFO:app.core.database:连接数据库: 172.16.10.196:5432/db_house
INFO:app.core.database:查询执行成功
INFO:app.core.database:执行查询: SELECT MAX(id) FROM ext_market_trend, 参数: ()
INFO:app.core.database:连接数据库: 172.16.10.196:5432/db_house
INFO:app.core.database:查询执行成功
INFO:app.core.database:执行查询: SELECT MAX(id) FROM oms_order_item, 参数: ()
INFO:app.core.database:连接数据库: 172.16.10.196:5432/db_house
INFO:app.core.database:查询执行成功
INFO:app.services.data_generator:计数器初始化完成: {'crawler_competitor_price_id': 2, 'ext_market_trend_id': 2, 'oms_order_item_id': 2}
INFO:app.services.data_generator:开始处理日期: 2025-10-23
INFO:app.services.data_generator:当天计划生成记录数: 1
INFO:app.services.data_generator:已清空外键缓存
INFO:app.services.data_generator:=== 阶段1：生成独立表 ===
INFO:app.services.data_generator:开始为独立表 crawler_competitor_price 生成数据
INFO:app.core.database:批量执行SQL，查询: INSERT INTO crawler_competitor_price (id, crawl_time, platform, competitor_name, product_name, product_sku, price, promotion_info, is_in_stock) VALUES ($1, $2, $3, $4, $5, $6, $7, $8, $9), 值数量: 1
INFO:app.core.database:连接数据库: 172.16.10.196:5432/db_house
INFO:app.core.database:批量执行SQL完成
INFO:app.services.data_generator:表 crawler_competitor_price 已插入剩余 1 条记录并缓存主键值
INFO:app.services.data_generator:独立表 crawler_competitor_price 生成完成，记录数: 1
INFO:app.services.data_generator:开始为独立表 crm_customer 生成数据
INFO:app.core.database:批量执行SQL，查询: INSERT INTO crm_customer (customer_id, name, gender, phone, email, birthday, address, create_time, update_time, is_deleted) VALUES ($1, $2, $3, $4, $5, $6, $7, $8, $9, $10), 值数量: 1
INFO:app.core.database:连接数据库: 172.16.10.196:5432/db_house
INFO:app.core.database:批量执行SQL完成
INFO:app.services.data_generator:表 crm_customer 已插入剩余 1 条记录并缓存主键值
INFO:app.services.data_generator:独立表 crm_customer 生成完成，记录数: 1
INFO:app.services.data_generator:开始为独立表 ext_market_trend 生成数据
INFO:app.core.database:批量执行SQL，查询: INSERT INTO ext_market_trend (id, period, region, category, market_size, growth_rate, data_source) VALUES ($1, $2, $3, $4, $5, $6, $7), 值数量: 1
INFO:app.core.database:连接数据库: 172.16.10.196:5432/db_house
INFO:app.core.database:批量执行SQL完成
INFO:app.services.data_generator:表 ext_market_trend 已插入剩余 1 条记录并缓存主键值
INFO:app.services.data_generator:独立表 ext_market_trend 生成完成，记录数: 1
INFO:app.services.data_generator:=== 阶段2：生成依赖表 ===
INFO:app.services.data_generator:表依赖排序结果: ['oms_order', 'lms_shipment', 'fms_financial_transaction', 'oms_order_item']
INFO:app.services.data_generator:排序后的依赖表: ['oms_order', 'lms_shipment', 'fms_financial_transaction', 'oms_order_item']
INFO:app.services.data_generator:开始为依赖表 oms_order 生成数据
INFO:app.core.database:批量执行SQL，查询: INSERT INTO oms_order (order_id, order_channel, customer_code, order_amount, discount_amount, pay_amount, order_status, province, city, district, detail_address, order_time) VALUES ($1, $2, $3, $4, $5, $6, $7, $8, $9, $10, $11, $12), 值数量: 1
INFO:app.core.database:连接数据库: 172.16.10.196:5432/db_house
INFO:app.core.database:批量执行SQL完成
INFO:app.services.data_generator:表 oms_order 已插入剩余 1 条记录并缓存主键值
INFO:app.services.data_generator:依赖表 oms_order 生成完成，记录数: 1
INFO:app.services.data_generator:开始为依赖表 lms_shipment 生成数据
INFO:app.core.database:批量执行SQL，查询: INSERT INTO lms_shipment (shipment_id, order_id, carrier, sender_address, receiver_info, current_status, shipping_time, estimated_delivery, actual_delivery) VALUES ($1, $2, $3, $4, $5, $6, $7, $8, $9), 值数量: 1
INFO:app.core.database:连接数据库: 172.16.10.196:5432/db_house
INFO:app.core.database:批量执行SQL完成
INFO:app.services.data_generator:表 lms_shipment 已插入剩余 1 条记录并缓存主键值
INFO:app.services.data_generator:依赖表 lms_shipment 生成完成，记录数: 1
INFO:app.services.data_generator:开始为依赖表 fms_financial_transaction 生成数据
INFO:app.core.database:批量执行SQL，查询: INSERT INTO fms_financial_transaction (transaction_id, order_id, payment_method, transaction_type, transaction_amount, transaction_status, transaction_time) VALUES ($1, $2, $3, $4, $5, $6, $7), 值数量: 1
INFO:app.core.database:连接数据库: 172.16.10.196:5432/db_house
INFO:app.core.database:批量执行SQL完成
INFO:app.services.data_generator:表 fms_financial_transaction 已插入剩余 1 条记录并缓存主键值
INFO:app.services.data_generator:依赖表 fms_financial_transaction 生成完成，记录数: 1
INFO:app.services.data_generator:开始为依赖表 oms_order_item 生成数据
INFO:app.core.database:批量执行SQL，查询: INSERT INTO oms_order_item (id, order_id, product_sku, product_name, quantity, price) VALUES ($1, $2, $3, $4, $5, $6), 值数量: 1
INFO:app.core.database:连接数据库: 172.16.10.196:5432/db_house
INFO:app.core.database:批量执行SQL完成
INFO:app.services.data_generator:表 oms_order_item 已插入剩余 1 条记录并缓存主键值
INFO:app.services.data_generator:依赖表 oms_order_item 生成完成，记录数: 1
INFO:app.services.data_generator:数据生成完成，总记录数: 7
INFO:app.services.data_generator:退出 generate_data_for_tables 方法
INFO:app.services.data_generator:开始 generate_data_for_tables 方法
INFO:app.services.data_generator:独立表（阶段1）: ['crawler_competitor_price', 'crm_customer', 'ext_market_trend']
INFO:app.services.data_generator:依赖表（阶段2）: ['oms_order', 'lms_shipment', 'fms_financial_transaction', 'oms_order_item']
INFO:app.services.data_generator:初始化数据库计数器
INFO:app.core.database:执行查询: SELECT MAX(id) FROM crawler_competitor_price, 参数: ()
INFO:app.core.database:连接数据库: 172.16.10.196:5432/db_house
INFO:app.core.database:查询执行成功
INFO:app.core.database:执行查询: SELECT MAX(id) FROM ext_market_trend, 参数: ()
INFO:app.core.database:连接数据库: 172.16.10.196:5432/db_house
INFO:app.core.database:查询执行成功
INFO:app.core.database:执行查询: SELECT MAX(id) FROM oms_order_item, 参数: ()
INFO:app.core.database:连接数据库: 172.16.10.196:5432/db_house
INFO:app.core.database:查询执行成功
INFO:app.services.data_generator:计数器初始化完成: {'crawler_competitor_price_id': 3, 'ext_market_trend_id': 3, 'oms_order_item_id': 3}
INFO:app.services.data_generator:开始处理日期: 2025-10-23
INFO:app.services.data_generator:当天计划生成记录数: 1
INFO:app.services.data_generator:已清空外键缓存
INFO:app.services.data_generator:=== 阶段1：生成独立表 ===
INFO:app.services.data_generator:开始为独立表 crawler_competitor_price 生成数据
INFO:app.core.database:批量执行SQL，查询: INSERT INTO crawler_competitor_price (id, crawl_time, platform, competitor_name, product_name, product_sku, price, promotion_info, is_in_stock) VALUES ($1, $2, $3, $4, $5, $6, $7, $8, $9), 值数量: 1
INFO:app.core.database:连接数据库: 172.16.10.196:5432/db_house
INFO:app.core.database:批量执行SQL完成
INFO:app.services.data_generator:表 crawler_competitor_price 已插入剩余 1 条记录并缓存主键值
INFO:app.services.data_generator:独立表 crawler_competitor_price 生成完成，记录数: 1
INFO:app.services.data_generator:开始为独立表 crm_customer 生成数据
INFO:app.core.database:批量执行SQL，查询: INSERT INTO crm_customer (customer_id, name, gender, phone, email, birthday, address, create_time, update_time, is_deleted) VALUES ($1, $2, $3, $4, $5, $6, $7, $8, $9, $10), 值数量: 1
INFO:app.core.database:连接数据库: 172.16.10.196:5432/db_house
INFO:app.core.database:批量执行SQL完成
INFO:app.services.data_generator:表 crm_customer 已插入剩余 1 条记录并缓存主键值
INFO:app.services.data_generator:独立表 crm_customer 生成完成，记录数: 1
INFO:app.services.data_generator:开始为独立表 ext_market_trend 生成数据
INFO:app.core.database:批量执行SQL，查询: INSERT INTO ext_market_trend (id, period, region, category, market_size, growth_rate, data_source) VALUES ($1, $2, $3, $4, $5, $6, $7), 值数量: 1
INFO:app.core.database:连接数据库: 172.16.10.196:5432/db_house
INFO:app.core.database:批量执行SQL完成
INFO:app.services.data_generator:表 ext_market_trend 已插入剩余 1 条记录并缓存主键值
INFO:app.services.data_generator:独立表 ext_market_trend 生成完成，记录数: 1
INFO:app.services.data_generator:=== 阶段2：生成依赖表 ===
INFO:app.services.data_generator:表依赖排序结果: ['oms_order', 'lms_shipment', 'fms_financial_transaction', 'oms_order_item']
INFO:app.services.data_generator:排序后的依赖表: ['oms_order', 'lms_shipment', 'fms_financial_transaction', 'oms_order_item']
INFO:app.services.data_generator:开始为依赖表 oms_order 生成数据
INFO:app.core.database:批量执行SQL，查询: INSERT INTO oms_order (order_id, order_channel, customer_code, order_amount, discount_amount, pay_amount, order_status, province, city, district, detail_address, order_time) VALUES ($1, $2, $3, $4, $5, $6, $7, $8, $9, $10, $11, $12), 值数量: 1
INFO:app.core.database:连接数据库: 172.16.10.196:5432/db_house
INFO:app.core.database:批量执行SQL完成
INFO:app.services.data_generator:表 oms_order 已插入剩余 1 条记录并缓存主键值
INFO:app.services.data_generator:依赖表 oms_order 生成完成，记录数: 1
INFO:app.services.data_generator:开始为依赖表 lms_shipment 生成数据
INFO:app.core.database:批量执行SQL，查询: INSERT INTO lms_shipment (shipment_id, order_id, carrier, sender_address, receiver_info, current_status, shipping_time, estimated_delivery, actual_delivery) VALUES ($1, $2, $3, $4, $5, $6, $7, $8, $9), 值数量: 1
INFO:app.core.database:连接数据库: 172.16.10.196:5432/db_house
INFO:app.core.database:批量执行SQL完成
INFO:app.services.data_generator:表 lms_shipment 已插入剩余 1 条记录并缓存主键值
INFO:app.services.data_generator:依赖表 lms_shipment 生成完成，记录数: 1
INFO:app.services.data_generator:开始为依赖表 fms_financial_transaction 生成数据
INFO:app.core.database:批量执行SQL，查询: INSERT INTO fms_financial_transaction (transaction_id, order_id, payment_method, transaction_type, transaction_amount, transaction_status, transaction_time) VALUES ($1, $2, $3, $4, $5, $6, $7), 值数量: 1
INFO:app.core.database:连接数据库: 172.16.10.196:5432/db_house
INFO:app.core.database:批量执行SQL完成
INFO:app.services.data_generator:表 fms_financial_transaction 已插入剩余 1 条记录并缓存主键值
INFO:app.services.data_generator:依赖表 fms_financial_transaction 生成完成，记录数: 1
INFO:app.services.data_generator:开始为依赖表 oms_order_item 生成数据
INFO:app.core.database:批量执行SQL，查询: INSERT INTO oms_order_item (id, order_id, product_sku, product_name, quantity, price) VALUES ($1, $2, $3, $4, $5, $6), 值数量: 1
INFO:app.core.database:连接数据库: 172.16.10.196:5432/db_house
INFO:app.core.database:批量执行SQL完成
INFO:app.services.data_generator:表 oms_order_item 已插入剩余 1 条记录并缓存主键值
INFO:app.services.data_generator:依赖表 oms_order_item 生成完成，记录数: 1
INFO:app.services.data_generator:数据生成完成，总记录数: 7
INFO:app.services.data_generator:退出 generate_data_for_tables 方法
INFO:app.services.data_generator:开始 generate_data_for_tables 方法
INFO:app.services.data_generator:独立表（阶段1）: ['crawler_competitor_price', 'crm_customer', 'ext_market_trend']
INFO:app.services.data_generator:依赖表（阶段2）: ['oms_order', 'lms_shipment', 'fms_financial_transaction', 'oms_order_item']
INFO:app.services.data_generator:初始化数据库计数器
INFO:app.core.database:执行查询: SELECT MAX(id) FROM crawler_competitor_price, 参数: ()
INFO:app.core.database:连接数据库: 172.16.10.196:5432/db_house
INFO:app.core.database:查询执行成功
INFO:app.core.database:执行查询: SELECT MAX(id) FROM ext_market_trend, 参数: ()
INFO:app.core.database:连接数据库: 172.16.10.196:5432/db_house
INFO:app.core.database:查询执行成功
INFO:app.core.database:执行查询: SELECT MAX(id) FROM oms_order_item, 参数: ()
INFO:app.core.database:连接数据库: 172.16.10.196:5432/db_house
INFO:app.core.database:查询执行成功
INFO:app.services.data_generator:计数器初始化完成: {'crawler_competitor_price_id': 4, 'ext_market_trend_id': 4, 'oms_order_item_id': 4}
INFO:app.services.data_generator:开始处理日期: 2025-10-23
INFO:app.services.data_generator:当天计划生成记录数: 1
INFO:app.services.data_generator:已清空外键缓存
INFO:app.services.data_generator:=== 阶段1：生成独立表 ===
INFO:app.services.data_generator:开始为独立表 crawler_competitor_price 生成数据
INFO:app.core.database:批量执行SQL，查询: INSERT INTO crawler_competitor_price (id, crawl_time, platform, competitor_name, product_name, product_sku, price, promotion_info, is_in_stock) VALUES ($1, $2, $3, $4, $5, $6, $7, $8, $9), 值数量: 1
INFO:app.core.database:连接数据库: 172.16.10.196:5432/db_house
INFO:app.core.database:批量执行SQL完成
INFO:app.services.data_generator:表 crawler_competitor_price 已插入剩余 1 条记录并缓存主键值
INFO:app.services.data_generator:独立表 crawler_competitor_price 生成完成，记录数: 1
INFO:app.services.data_generator:开始为独立表 crm_customer 生成数据
INFO:app.core.database:批量执行SQL，查询: INSERT INTO crm_customer (customer_id, name, gender, phone, email, birthday, address, create_time, update_time, is_deleted) VALUES ($1, $2, $3, $4, $5, $6, $7, $8, $9, $10), 值数量: 1
INFO:app.core.database:连接数据库: 172.16.10.196:5432/db_house
INFO:app.core.database:批量执行SQL完成
INFO:app.services.data_generator:表 crm_customer 已插入剩余 1 条记录并缓存主键值
INFO:app.services.data_generator:独立表 crm_customer 生成完成，记录数: 1
INFO:app.services.data_generator:开始为独立表 ext_market_trend 生成数据
INFO:app.core.database:批量执行SQL，查询: INSERT INTO ext_market_trend (id, period, region, category, market_size, growth_rate, data_source) VALUES ($1, $2, $3, $4, $5, $6, $7), 值数量: 1
INFO:app.core.database:连接数据库: 172.16.10.196:5432/db_house
INFO:app.core.database:批量执行SQL完成
INFO:app.services.data_generator:表 ext_market_trend 已插入剩余 1 条记录并缓存主键值
INFO:app.services.data_generator:独立表 ext_market_trend 生成完成，记录数: 1
INFO:app.services.data_generator:=== 阶段2：生成依赖表 ===
INFO:app.services.data_generator:表依赖排序结果: ['oms_order', 'lms_shipment', 'fms_financial_transaction', 'oms_order_item']
INFO:app.services.data_generator:排序后的依赖表: ['oms_order', 'lms_shipment', 'fms_financial_transaction', 'oms_order_item']
INFO:app.services.data_generator:开始为依赖表 oms_order 生成数据
INFO:app.core.database:批量执行SQL，查询: INSERT INTO oms_order (order_id, order_channel, customer_code, order_amount, discount_amount, pay_amount, order_status, province, city, district, detail_address, order_time) VALUES ($1, $2, $3, $4, $5, $6, $7, $8, $9, $10, $11, $12), 值数量: 1
INFO:app.core.database:连接数据库: 172.16.10.196:5432/db_house
INFO:app.core.database:批量执行SQL完成
INFO:app.services.data_generator:表 oms_order 已插入剩余 1 条记录并缓存主键值
INFO:app.services.data_generator:依赖表 oms_order 生成完成，记录数: 1
INFO:app.services.data_generator:开始为依赖表 lms_shipment 生成数据
INFO:app.core.database:批量执行SQL，查询: INSERT INTO lms_shipment (shipment_id, order_id, carrier, sender_address, receiver_info, current_status, shipping_time, estimated_delivery, actual_delivery) VALUES ($1, $2, $3, $4, $5, $6, $7, $8, $9), 值数量: 1
INFO:app.core.database:连接数据库: 172.16.10.196:5432/db_house
INFO:app.core.database:批量执行SQL完成
INFO:app.services.data_generator:表 lms_shipment 已插入剩余 1 条记录并缓存主键值
INFO:app.services.data_generator:依赖表 lms_shipment 生成完成，记录数: 1
INFO:app.services.data_generator:开始为依赖表 fms_financial_transaction 生成数据
INFO:app.core.database:批量执行SQL，查询: INSERT INTO fms_financial_transaction (transaction_id, order_id, payment_method, transaction_type, transaction_amount, transaction_status, transaction_time) VALUES ($1, $2, $3, $4, $5, $6, $7), 值数量: 1
INFO:app.core.database:连接数据库: 172.16.10.196:5432/db_house
INFO:app.core.database:批量执行SQL完成
INFO:app.services.data_generator:表 fms_financial_transaction 已插入剩余 1 条记录并缓存主键值
INFO:app.services.data_generator:依赖表 fms_financial_transaction 生成完成，记录数: 1
INFO:app.services.data_generator:开始为依赖表 oms_order_item 生成数据
INFO:app.core.database:批量执行SQL，查询: INSERT INTO oms_order_item (id, order_id, product_sku, product_name, quantity, price) VALUES ($1, $2, $3, $4, $5, $6), 值数量: 1
INFO:app.core.database:连接数据库: 172.16.10.196:5432/db_house
INFO:app.core.database:批量执行SQL完成
INFO:app.services.data_generator:表 oms_order_item 已插入剩余 1 条记录并缓存主键值
INFO:app.services.data_generator:依赖表 oms_order_item 生成完成，记录数: 1
INFO:app.services.data_generator:数据生成完成，总记录数: 7
INFO:app.services.data_generator:退出 generate_data_for_tables 方法
INFO:app.services.data_generator:开始 generate_data_for_tables 方法
INFO:app.services.data_generator:独立表（阶段1）: ['crawler_competitor_price', 'crm_customer', 'ext_market_trend']
INFO:app.services.data_generator:依赖表（阶段2）: ['oms_order', 'lms_shipment', 'fms_financial_transaction', 'oms_order_item']
INFO:app.services.data_generator:初始化数据库计数器
INFO:app.core.database:执行查询: SELECT MAX(id) FROM crawler_competitor_price, 参数: ()
INFO:app.core.database:连接数据库: 172.16.10.196:5432/db_house
INFO:app.core.database:查询执行成功
INFO:app.core.database:执行查询: SELECT MAX(id) FROM ext_market_trend, 参数: ()
INFO:app.core.database:连接数据库: 172.16.10.196:5432/db_house
INFO:app.core.database:查询执行成功
INFO:app.core.database:执行查询: SELECT MAX(id) FROM oms_order_item, 参数: ()
INFO:app.core.database:连接数据库: 172.16.10.196:5432/db_house
INFO:app.core.database:查询执行成功
INFO:app.services.data_generator:计数器初始化完成: {'crawler_competitor_price_id': 5, 'ext_market_trend_id': 5, 'oms_order_item_id': 5}
INFO:app.services.data_generator:开始处理日期: 2025-10-23
INFO:app.services.data_generator:当天计划生成记录数: 1
INFO:app.services.data_generator:已清空外键缓存
INFO:app.services.data_generator:=== 阶段1：生成独立表 ===
INFO:app.services.data_generator:开始为独立表 crawler_competitor_price 生成数据
INFO:app.core.database:批量执行SQL，查询: INSERT INTO crawler_competitor_price (id, crawl_time, platform, competitor_name, product_name, product_sku, price, promotion_info, is_in_stock) VALUES ($1, $2, $3, $4, $5, $6, $7, $8, $9), 值数量: 1
INFO:app.core.database:连接数据库: 172.16.10.196:5432/db_house
INFO:app.core.database:批量执行SQL完成
INFO:app.services.data_generator:表 crawler_competitor_price 已插入剩余 1 条记录并缓存主键值
INFO:app.services.data_generator:独立表 crawler_competitor_price 生成完成，记录数: 1
INFO:app.services.data_generator:开始为独立表 crm_customer 生成数据
INFO:app.core.database:批量执行SQL，查询: INSERT INTO crm_customer (customer_id, name, gender, phone, email, birthday, address, create_time, update_time, is_deleted) VALUES ($1, $2, $3, $4, $5, $6, $7, $8, $9, $10), 值数量: 1
INFO:app.core.database:连接数据库: 172.16.10.196:5432/db_house
INFO:app.core.database:批量执行SQL完成
INFO:app.services.data_generator:表 crm_customer 已插入剩余 1 条记录并缓存主键值
INFO:app.services.data_generator:独立表 crm_customer 生成完成，记录数: 1
INFO:app.services.data_generator:开始为独立表 ext_market_trend 生成数据
INFO:app.core.database:批量执行SQL，查询: INSERT INTO ext_market_trend (id, period, region, category, market_size, growth_rate, data_source) VALUES ($1, $2, $3, $4, $5, $6, $7), 值数量: 1
INFO:app.core.database:连接数据库: 172.16.10.196:5432/db_house
INFO:app.core.database:批量执行SQL完成
INFO:app.services.data_generator:表 ext_market_trend 已插入剩余 1 条记录并缓存主键值
INFO:app.services.data_generator:独立表 ext_market_trend 生成完成，记录数: 1
INFO:app.services.data_generator:=== 阶段2：生成依赖表 ===
INFO:app.services.data_generator:表依赖排序结果: ['oms_order', 'lms_shipment', 'fms_financial_transaction', 'oms_order_item']
INFO:app.services.data_generator:排序后的依赖表: ['oms_order', 'lms_shipment', 'fms_financial_transaction', 'oms_order_item']
INFO:app.services.data_generator:开始为依赖表 oms_order 生成数据
INFO:app.core.database:批量执行SQL，查询: INSERT INTO oms_order (order_id, order_channel, customer_code, order_amount, discount_amount, pay_amount, order_status, province, city, district, detail_address, order_time) VALUES ($1, $2, $3, $4, $5, $6, $7, $8, $9, $10, $11, $12), 值数量: 1
INFO:app.core.database:连接数据库: 172.16.10.196:5432/db_house
INFO:app.core.database:批量执行SQL完成
INFO:app.services.data_generator:表 oms_order 已插入剩余 1 条记录并缓存主键值
INFO:app.services.data_generator:依赖表 oms_order 生成完成，记录数: 1
INFO:app.services.data_generator:开始为依赖表 lms_shipment 生成数据
INFO:app.core.database:批量执行SQL，查询: INSERT INTO lms_shipment (shipment_id, order_id, carrier, sender_address, receiver_info, current_status, shipping_time, estimated_delivery, actual_delivery) VALUES ($1, $2, $3, $4, $5, $6, $7, $8, $9), 值数量: 1
INFO:app.core.database:连接数据库: 172.16.10.196:5432/db_house
INFO:app.core.database:批量执行SQL完成
INFO:app.services.data_generator:表 lms_shipment 已插入剩余 1 条记录并缓存主键值
INFO:app.services.data_generator:依赖表 lms_shipment 生成完成，记录数: 1
INFO:app.services.data_generator:开始为依赖表 fms_financial_transaction 生成数据
INFO:app.core.database:批量执行SQL，查询: INSERT INTO fms_financial_transaction (transaction_id, order_id, payment_method, transaction_type, transaction_amount, transaction_status, transaction_time) VALUES ($1, $2, $3, $4, $5, $6, $7), 值数量: 1
INFO:app.core.database:连接数据库: 172.16.10.196:5432/db_house
INFO:app.core.database:批量执行SQL完成
INFO:app.services.data_generator:表 fms_financial_transaction 已插入剩余 1 条记录并缓存主键值
INFO:app.services.data_generator:依赖表 fms_financial_transaction 生成完成，记录数: 1
INFO:app.services.data_generator:开始为依赖表 oms_order_item 生成数据
INFO:app.core.database:批量执行SQL，查询: INSERT INTO oms_order_item (id, order_id, product_sku, product_name, quantity, price) VALUES ($1, $2, $3, $4, $5, $6), 值数量: 1
INFO:app.core.database:连接数据库: 172.16.10.196:5432/db_house
INFO:app.core.database:批量执行SQL完成
INFO:app.services.data_generator:表 oms_order_item 已插入剩余 1 条记录并缓存主键值
INFO:app.services.data_generator:依赖表 oms_order_item 生成完成，记录数: 1
INFO:app.services.data_generator:数据生成完成，总记录数: 7
INFO:app.services.data_generator:退出 generate_data_for_tables 方法
INFO:app.services.data_generator:开始 generate_data_for_tables 方法
INFO:app.services.data_generator:独立表（阶段1）: ['crawler_competitor_price', 'crm_customer', 'ext_market_trend']
INFO:app.services.data_generator:依赖表（阶段2）: ['oms_order', 'lms_shipment', 'fms_financial_transaction', 'oms_order_item']
INFO:app.services.data_generator:初始化数据库计数器
INFO:app.core.database:执行查询: SELECT MAX(id) FROM crawler_competitor_price, 参数: ()
INFO:app.core.database:连接数据库: 172.16.10.196:5432/db_house
INFO:app.core.database:查询执行成功
INFO:app.core.database:执行查询: SELECT MAX(id) FROM ext_market_trend, 参数: ()
INFO:app.core.database:连接数据库: 172.16.10.196:5432/db_house
INFO:app.core.database:查询执行成功
INFO:app.core.database:执行查询: SELECT MAX(id) FROM oms_order_item, 参数: ()
INFO:app.core.database:连接数据库: 172.16.10.196:5432/db_house
INFO:app.core.database:查询执行成功
INFO:app.services.data_generator:计数器初始化完成: {'crawler_competitor_price_id': 6, 'ext_market_trend_id': 6, 'oms_order_item_id': 6}
INFO:app.services.data_generator:开始处理日期: 2025-10-23
INFO:app.services.data_generator:当天计划生成记录数: 1
INFO:app.services.data_generator:已清空外键缓存
INFO:app.services.data_generator:=== 阶段1：生成独立表 ===
INFO:app.services.data_generator:开始为独立表 crawler_competitor_price 生成数据
INFO:app.core.database:批量执行SQL，查询: INSERT INTO crawler_competitor_price (id, crawl_time, platform, competitor_name, product_name, product_sku, price, promotion_info, is_in_stock) VALUES ($1, $2, $3, $4, $5, $6, $7, $8, $9), 值数量: 1
INFO:app.core.database:连接数据库: 172.16.10.196:5432/db_house
INFO:app.core.database:批量执行SQL完成
INFO:app.services.data_generator:表 crawler_competitor_price 已插入剩余 1 条记录并缓存主键值
INFO:app.services.data_generator:独立表 crawler_competitor_price 生成完成，记录数: 1
INFO:app.services.data_generator:开始为独立表 crm_customer 生成数据
INFO:app.core.database:批量执行SQL，查询: INSERT INTO crm_customer (customer_id, name, gender, phone, email, birthday, address, create_time, update_time, is_deleted) VALUES ($1, $2, $3, $4, $5, $6, $7, $8, $9, $10), 值数量: 1
INFO:app.core.database:连接数据库: 172.16.10.196:5432/db_house
INFO:app.core.database:批量执行SQL完成
INFO:app.services.data_generator:表 crm_customer 已插入剩余 1 条记录并缓存主键值
INFO:app.services.data_generator:独立表 crm_customer 生成完成，记录数: 1
INFO:app.services.data_generator:开始为独立表 ext_market_trend 生成数据
INFO:app.core.database:批量执行SQL，查询: INSERT INTO ext_market_trend (id, period, region, category, market_size, growth_rate, data_source) VALUES ($1, $2, $3, $4, $5, $6, $7), 值数量: 1
INFO:app.core.database:连接数据库: 172.16.10.196:5432/db_house
INFO:app.core.database:批量执行SQL完成
INFO:app.services.data_generator:表 ext_market_trend 已插入剩余 1 条记录并缓存主键值
INFO:app.services.data_generator:独立表 ext_market_trend 生成完成，记录数: 1
INFO:app.services.data_generator:=== 阶段2：生成依赖表 ===
INFO:app.services.data_generator:表依赖排序结果: ['oms_order', 'lms_shipment', 'fms_financial_transaction', 'oms_order_item']
INFO:app.services.data_generator:排序后的依赖表: ['oms_order', 'lms_shipment', 'fms_financial_transaction', 'oms_order_item']
INFO:app.services.data_generator:开始为依赖表 oms_order 生成数据
INFO:app.core.database:批量执行SQL，查询: INSERT INTO oms_order (order_id, order_channel, customer_code, order_amount, discount_amount, pay_amount, order_status, province, city, district, detail_address, order_time) VALUES ($1, $2, $3, $4, $5, $6, $7, $8, $9, $10, $11, $12), 值数量: 1
INFO:app.core.database:连接数据库: 172.16.10.196:5432/db_house
INFO:app.core.database:批量执行SQL完成
INFO:app.services.data_generator:表 oms_order 已插入剩余 1 条记录并缓存主键值
INFO:app.services.data_generator:依赖表 oms_order 生成完成，记录数: 1
INFO:app.services.data_generator:开始为依赖表 lms_shipment 生成数据
INFO:app.core.database:批量执行SQL，查询: INSERT INTO lms_shipment (shipment_id, order_id, carrier, sender_address, receiver_info, current_status, shipping_time, estimated_delivery, actual_delivery) VALUES ($1, $2, $3, $4, $5, $6, $7, $8, $9), 值数量: 1
INFO:app.core.database:连接数据库: 172.16.10.196:5432/db_house
INFO:app.core.database:批量执行SQL完成
INFO:app.services.data_generator:表 lms_shipment 已插入剩余 1 条记录并缓存主键值
INFO:app.services.data_generator:依赖表 lms_shipment 生成完成，记录数: 1
INFO:app.services.data_generator:开始为依赖表 fms_financial_transaction 生成数据
INFO:app.core.database:批量执行SQL，查询: INSERT INTO fms_financial_transaction (transaction_id, order_id, payment_method, transaction_type, transaction_amount, transaction_status, transaction_time) VALUES ($1, $2, $3, $4, $5, $6, $7), 值数量: 1
INFO:app.core.database:连接数据库: 172.16.10.196:5432/db_house
INFO:app.core.database:批量执行SQL完成
INFO:app.services.data_generator:表 fms_financial_transaction 已插入剩余 1 条记录并缓存主键值
INFO:app.services.data_generator:依赖表 fms_financial_transaction 生成完成，记录数: 1
INFO:app.services.data_generator:开始为依赖表 oms_order_item 生成数据
INFO:app.core.database:批量执行SQL，查询: INSERT INTO oms_order_item (id, order_id, product_sku, product_name, quantity, price) VALUES ($1, $2, $3, $4, $5, $6), 值数量: 1
INFO:app.core.database:连接数据库: 172.16.10.196:5432/db_house
INFO:app.core.database:批量执行SQL完成
INFO:app.services.data_generator:表 oms_order_item 已插入剩余 1 条记录并缓存主键值
INFO:app.services.data_generator:依赖表 oms_order_item 生成完成，记录数: 1
INFO:app.services.data_generator:数据生成完成，总记录数: 7
INFO:app.services.data_generator:退出 generate_data_for_tables 方法
INFO:app.services.data_generator:开始 generate_data_for_tables 方法
INFO:app.services.data_generator:独立表（阶段1）: ['crawler_competitor_price', 'crm_customer', 'ext_market_trend']
INFO:app.services.data_generator:依赖表（阶段2）: ['oms_order', 'lms_shipment', 'fms_financial_transaction', 'oms_order_item']
INFO:app.services.data_generator:初始化数据库计数器
INFO:app.core.database:执行查询: SELECT MAX(id) FROM crawler_competitor_price, 参数: ()
INFO:app.core.database:连接数据库: 172.16.10.196:5432/db_house
INFO:app.core.database:查询执行成功
INFO:app.core.database:执行查询: SELECT MAX(id) FROM ext_market_trend, 参数: ()
INFO:app.core.database:连接数据库: 172.16.10.196:5432/db_house
INFO:app.core.database:查询执行成功
INFO:app.core.database:执行查询: SELECT MAX(id) FROM oms_order_item, 参数: ()
INFO:app.core.database:连接数据库: 172.16.10.196:5432/db_house
INFO:app.core.database:查询执行成功
INFO:app.services.data_generator:计数器初始化完成: {'crawler_competitor_price_id': 7, 'ext_market_trend_id': 7, 'oms_order_item_id': 7}
INFO:app.services.data_generator:开始处理日期: 2025-10-23
INFO:app.services.data_generator:当天计划生成记录数: 1
INFO:app.services.data_generator:已清空外键缓存
INFO:app.services.data_generator:=== 阶段1：生成独立表 ===
INFO:app.services.data_generator:开始为独立表 crawler_competitor_price 生成数据
INFO:app.core.database:批量执行SQL，查询: INSERT INTO crawler_competitor_price (id, crawl_time, platform, competitor_name, product_name, product_sku, price, promotion_info, is_in_stock) VALUES ($1, $2, $3, $4, $5, $6, $7, $8, $9), 值数量: 1
INFO:app.core.database:连接数据库: 172.16.10.196:5432/db_house
INFO:app.core.database:批量执行SQL完成
INFO:app.services.data_generator:表 crawler_competitor_price 已插入剩余 1 条记录并缓存主键值
INFO:app.services.data_generator:独立表 crawler_competitor_price 生成完成，记录数: 1
INFO:app.services.data_generator:开始为独立表 crm_customer 生成数据
INFO:app.core.database:批量执行SQL，查询: INSERT INTO crm_customer (customer_id, name, gender, phone, email, birthday, address, create_time, update_time, is_deleted) VALUES ($1, $2, $3, $4, $5, $6, $7, $8, $9, $10), 值数量: 1
INFO:app.core.database:连接数据库: 172.16.10.196:5432/db_house
INFO:app.core.database:批量执行SQL完成
INFO:app.services.data_generator:表 crm_customer 已插入剩余 1 条记录并缓存主键值
INFO:app.services.data_generator:独立表 crm_customer 生成完成，记录数: 1
INFO:app.services.data_generator:开始为独立表 ext_market_trend 生成数据
INFO:app.core.database:批量执行SQL，查询: INSERT INTO ext_market_trend (id, period, region, category, market_size, growth_rate, data_source) VALUES ($1, $2, $3, $4, $5, $6, $7), 值数量: 1
INFO:app.core.database:连接数据库: 172.16.10.196:5432/db_house
INFO:app.core.database:批量执行SQL完成
INFO:app.services.data_generator:表 ext_market_trend 已插入剩余 1 条记录并缓存主键值
INFO:app.services.data_generator:独立表 ext_market_trend 生成完成，记录数: 1
INFO:app.services.data_generator:=== 阶段2：生成依赖表 ===
INFO:app.services.data_generator:表依赖排序结果: ['oms_order', 'lms_shipment', 'fms_financial_transaction', 'oms_order_item']
INFO:app.services.data_generator:排序后的依赖表: ['oms_order', 'lms_shipment', 'fms_financial_transaction', 'oms_order_item']
INFO:app.services.data_generator:开始为依赖表 oms_order 生成数据
INFO:app.core.database:批量执行SQL，查询: INSERT INTO oms_order (order_id, order_channel, customer_code, order_amount, discount_amount, pay_amount, order_status, province, city, district, detail_address, order_time) VALUES ($1, $2, $3, $4, $5, $6, $7, $8, $9, $10, $11, $12), 值数量: 1
INFO:app.core.database:连接数据库: 172.16.10.196:5432/db_house
INFO:app.core.database:批量执行SQL完成
INFO:app.services.data_generator:表 oms_order 已插入剩余 1 条记录并缓存主键值
INFO:app.services.data_generator:依赖表 oms_order 生成完成，记录数: 1
INFO:app.services.data_generator:开始为依赖表 lms_shipment 生成数据
INFO:app.core.database:批量执行SQL，查询: INSERT INTO lms_shipment (shipment_id, order_id, carrier, sender_address, receiver_info, current_status, shipping_time, estimated_delivery, actual_delivery) VALUES ($1, $2, $3, $4, $5, $6, $7, $8, $9), 值数量: 1
INFO:app.core.database:连接数据库: 172.16.10.196:5432/db_house
INFO:app.core.database:批量执行SQL完成
INFO:app.services.data_generator:表 lms_shipment 已插入剩余 1 条记录并缓存主键值
INFO:app.services.data_generator:依赖表 lms_shipment 生成完成，记录数: 1
INFO:app.services.data_generator:开始为依赖表 fms_financial_transaction 生成数据
INFO:app.core.database:批量执行SQL，查询: INSERT INTO fms_financial_transaction (transaction_id, order_id, payment_method, transaction_type, transaction_amount, transaction_status, transaction_time) VALUES ($1, $2, $3, $4, $5, $6, $7), 值数量: 1
INFO:app.core.database:连接数据库: 172.16.10.196:5432/db_house
INFO:app.core.database:批量执行SQL完成
INFO:app.services.data_generator:表 fms_financial_transaction 已插入剩余 1 条记录并缓存主键值
INFO:app.services.data_generator:依赖表 fms_financial_transaction 生成完成，记录数: 1
INFO:app.services.data_generator:开始为依赖表 oms_order_item 生成数据
INFO:app.core.database:批量执行SQL，查询: INSERT INTO oms_order_item (id, order_id, product_sku, product_name, quantity, price) VALUES ($1, $2, $3, $4, $5, $6), 值数量: 1
INFO:app.core.database:连接数据库: 172.16.10.196:5432/db_house
INFO:app.core.database:批量执行SQL完成
INFO:app.services.data_generator:表 oms_order_item 已插入剩余 1 条记录并缓存主键值
INFO:app.services.data_generator:依赖表 oms_order_item 生成完成，记录数: 1
INFO:app.services.data_generator:数据生成完成，总记录数: 7
INFO:app.services.data_generator:退出 generate_data_for_tables 方法
INFO:app.services.data_generator:开始 generate_data_for_tables 方法
INFO:app.services.data_generator:独立表（阶段1）: ['crawler_competitor_price', 'crm_customer', 'ext_market_trend']
INFO:app.services.data_generator:依赖表（阶段2）: ['oms_order', 'lms_shipment', 'fms_financial_transaction', 'oms_order_item']
INFO:app.services.data_generator:初始化数据库计数器
INFO:app.core.database:执行查询: SELECT MAX(id) FROM crawler_competitor_price, 参数: ()
INFO:app.core.database:连接数据库: 172.16.10.196:5432/db_house
INFO:app.core.database:查询执行成功
INFO:app.core.database:执行查询: SELECT MAX(id) FROM ext_market_trend, 参数: ()
INFO:app.core.database:连接数据库: 172.16.10.196:5432/db_house
INFO:app.core.database:查询执行成功
INFO:app.core.database:执行查询: SELECT MAX(id) FROM oms_order_item, 参数: ()
INFO:app.core.database:连接数据库: 172.16.10.196:5432/db_house
INFO:app.core.database:查询执行成功
INFO:app.services.data_generator:计数器初始化完成: {'crawler_competitor_price_id': 8, 'ext_market_trend_id': 8, 'oms_order_item_id': 8}
INFO:app.services.data_generator:开始处理日期: 2025-10-23
INFO:app.services.data_generator:当天计划生成记录数: 1
INFO:app.services.data_generator:已清空外键缓存
INFO:app.services.data_generator:=== 阶段1：生成独立表 ===
INFO:app.services.data_generator:开始为独立表 crawler_competitor_price 生成数据
INFO:app.core.database:批量执行SQL，查询: INSERT INTO crawler_competitor_price (id, crawl_time, platform, competitor_name, product_name, product_sku, price, promotion_info, is_in_stock) VALUES ($1, $2, $3, $4, $5, $6, $7, $8, $9), 值数量: 1
INFO:app.core.database:连接数据库: 172.16.10.196:5432/db_house
INFO:app.core.database:批量执行SQL完成
INFO:app.services.data_generator:表 crawler_competitor_price 已插入剩余 1 条记录并缓存主键值
INFO:app.services.data_generator:独立表 crawler_competitor_price 生成完成，记录数: 1
INFO:app.services.data_generator:开始为独立表 crm_customer 生成数据
INFO:app.core.database:批量执行SQL，查询: INSERT INTO crm_customer (customer_id, name, gender, phone, email, birthday, address, create_time, update_time, is_deleted) VALUES ($1, $2, $3, $4, $5, $6, $7, $8, $9, $10), 值数量: 1
INFO:app.core.database:连接数据库: 172.16.10.196:5432/db_house
INFO:app.core.database:批量执行SQL完成
INFO:app.services.data_generator:表 crm_customer 已插入剩余 1 条记录并缓存主键值
INFO:app.services.data_generator:独立表 crm_customer 生成完成，记录数: 1
INFO:app.services.data_generator:开始为独立表 ext_market_trend 生成数据
INFO:app.core.database:批量执行SQL，查询: INSERT INTO ext_market_trend (id, period, region, category, market_size, growth_rate, data_source) VALUES ($1, $2, $3, $4, $5, $6, $7), 值数量: 1
INFO:app.core.database:连接数据库: 172.16.10.196:5432/db_house
INFO:app.core.database:批量执行SQL完成
INFO:app.services.data_generator:表 ext_market_trend 已插入剩余 1 条记录并缓存主键值
INFO:app.services.data_generator:独立表 ext_market_trend 生成完成，记录数: 1
INFO:app.services.data_generator:=== 阶段2：生成依赖表 ===
INFO:app.services.data_generator:表依赖排序结果: ['oms_order', 'lms_shipment', 'fms_financial_transaction', 'oms_order_item']
INFO:app.services.data_generator:排序后的依赖表: ['oms_order', 'lms_shipment', 'fms_financial_transaction', 'oms_order_item']
INFO:app.services.data_generator:开始为依赖表 oms_order 生成数据
INFO:app.core.database:批量执行SQL，查询: INSERT INTO oms_order (order_id, order_channel, customer_code, order_amount, discount_amount, pay_amount, order_status, province, city, district, detail_address, order_time) VALUES ($1, $2, $3, $4, $5, $6, $7, $8, $9, $10, $11, $12), 值数量: 1
INFO:app.core.database:连接数据库: 172.16.10.196:5432/db_house
INFO:app.core.database:批量执行SQL完成
INFO:app.services.data_generator:表 oms_order 已插入剩余 1 条记录并缓存主键值
INFO:app.services.data_generator:依赖表 oms_order 生成完成，记录数: 1
INFO:app.services.data_generator:开始为依赖表 lms_shipment 生成数据
INFO:app.core.database:批量执行SQL，查询: INSERT INTO lms_shipment (shipment_id, order_id, carrier, sender_address, receiver_info, current_status, shipping_time, estimated_delivery, actual_delivery) VALUES ($1, $2, $3, $4, $5, $6, $7, $8, $9), 值数量: 1
INFO:app.core.database:连接数据库: 172.16.10.196:5432/db_house
INFO:app.core.database:批量执行SQL完成
INFO:app.services.data_generator:表 lms_shipment 已插入剩余 1 条记录并缓存主键值
INFO:app.services.data_generator:依赖表 lms_shipment 生成完成，记录数: 1
INFO:app.services.data_generator:开始为依赖表 fms_financial_transaction 生成数据
INFO:app.core.database:批量执行SQL，查询: INSERT INTO fms_financial_transaction (transaction_id, order_id, payment_method, transaction_type, transaction_amount, transaction_status, transaction_time) VALUES ($1, $2, $3, $4, $5, $6, $7), 值数量: 1
INFO:app.core.database:连接数据库: 172.16.10.196:5432/db_house
INFO:app.core.database:批量执行SQL完成
INFO:app.services.data_generator:表 fms_financial_transaction 已插入剩余 1 条记录并缓存主键值
INFO:app.services.data_generator:依赖表 fms_financial_transaction 生成完成，记录数: 1
INFO:app.services.data_generator:开始为依赖表 oms_order_item 生成数据
INFO:app.core.database:批量执行SQL，查询: INSERT INTO oms_order_item (id, order_id, product_sku, product_name, quantity, price) VALUES ($1, $2, $3, $4, $5, $6), 值数量: 1
INFO:app.core.database:连接数据库: 172.16.10.196:5432/db_house
INFO:app.core.database:批量执行SQL完成
INFO:app.services.data_generator:表 oms_order_item 已插入剩余 1 条记录并缓存主键值
INFO:app.services.data_generator:依赖表 oms_order_item 生成完成，记录数: 1
INFO:app.services.data_generator:数据生成完成，总记录数: 7
INFO:app.services.data_generator:退出 generate_data_for_tables 方法
INFO:app.services.data_generator:开始 generate_data_for_tables 方法
INFO:app.services.data_generator:独立表（阶段1）: ['crawler_competitor_price', 'crm_customer', 'ext_market_trend']
INFO:app.services.data_generator:依赖表（阶段2）: ['oms_order', 'lms_shipment', 'fms_financial_transaction', 'oms_order_item']
INFO:app.services.data_generator:初始化数据库计数器
INFO:app.core.database:执行查询: SELECT MAX(id) FROM crawler_competitor_price, 参数: ()
INFO:app.core.database:连接数据库: 172.16.10.196:5432/db_house
INFO:app.core.database:查询执行成功
INFO:app.core.database:执行查询: SELECT MAX(id) FROM ext_market_trend, 参数: ()
INFO:app.core.database:连接数据库: 172.16.10.196:5432/db_house
INFO:app.core.database:查询执行成功
INFO:app.core.database:执行查询: SELECT MAX(id) FROM oms_order_item, 参数: ()
INFO:app.core.database:连接数据库: 172.16.10.196:5432/db_house
INFO:app.core.database:查询执行成功
INFO:app.services.data_generator:计数器初始化完成: {'crawler_competitor_price_id': 9, 'ext_market_trend_id': 9, 'oms_order_item_id': 9}
INFO:app.services.data_generator:开始处理日期: 2025-10-23
INFO:app.services.data_generator:当天计划生成记录数: 1
INFO:app.services.data_generator:已清空外键缓存
INFO:app.services.data_generator:=== 阶段1：生成独立表 ===
INFO:app.services.data_generator:开始为独立表 crawler_competitor_price 生成数据
INFO:app.core.database:批量执行SQL，查询: INSERT INTO crawler_competitor_price (id, crawl_time, platform, competitor_name, product_name, product_sku, price, promotion_info, is_in_stock) VALUES ($1, $2, $3, $4, $5, $6, $7, $8, $9), 值数量: 1
INFO:app.core.database:连接数据库: 172.16.10.196:5432/db_house
INFO:app.core.database:批量执行SQL完成
INFO:app.services.data_generator:表 crawler_competitor_price 已插入剩余 1 条记录并缓存主键值
INFO:app.services.data_generator:独立表 crawler_competitor_price 生成完成，记录数: 1
INFO:app.services.data_generator:开始为独立表 crm_customer 生成数据
INFO:app.core.database:批量执行SQL，查询: INSERT INTO crm_customer (customer_id, name, gender, phone, email, birthday, address, create_time, update_time, is_deleted) VALUES ($1, $2, $3, $4, $5, $6, $7, $8, $9, $10), 值数量: 1
INFO:app.core.database:连接数据库: 172.16.10.196:5432/db_house
INFO:app.core.database:批量执行SQL完成
INFO:app.services.data_generator:表 crm_customer 已插入剩余 1 条记录并缓存主键值
INFO:app.services.data_generator:独立表 crm_customer 生成完成，记录数: 1
INFO:app.services.data_generator:开始为独立表 ext_market_trend 生成数据
INFO:app.core.database:批量执行SQL，查询: INSERT INTO ext_market_trend (id, period, region, category, market_size, growth_rate, data_source) VALUES ($1, $2, $3, $4, $5, $6, $7), 值数量: 1
INFO:app.core.database:连接数据库: 172.16.10.196:5432/db_house
INFO:app.core.database:批量执行SQL完成
INFO:app.services.data_generator:表 ext_market_trend 已插入剩余 1 条记录并缓存主键值
INFO:app.services.data_generator:独立表 ext_market_trend 生成完成，记录数: 1
INFO:app.services.data_generator:=== 阶段2：生成依赖表 ===
INFO:app.services.data_generator:表依赖排序结果: ['oms_order', 'lms_shipment', 'fms_financial_transaction', 'oms_order_item']
INFO:app.services.data_generator:排序后的依赖表: ['oms_order', 'lms_shipment', 'fms_financial_transaction', 'oms_order_item']
INFO:app.services.data_generator:开始为依赖表 oms_order 生成数据
INFO:app.core.database:批量执行SQL，查询: INSERT INTO oms_order (order_id, order_channel, customer_code, order_amount, discount_amount, pay_amount, order_status, province, city, district, detail_address, order_time) VALUES ($1, $2, $3, $4, $5, $6, $7, $8, $9, $10, $11, $12), 值数量: 1
INFO:app.core.database:连接数据库: 172.16.10.196:5432/db_house
INFO:app.core.database:批量执行SQL完成
INFO:app.services.data_generator:表 oms_order 已插入剩余 1 条记录并缓存主键值
INFO:app.services.data_generator:依赖表 oms_order 生成完成，记录数: 1
INFO:app.services.data_generator:开始为依赖表 lms_shipment 生成数据
INFO:app.core.database:批量执行SQL，查询: INSERT INTO lms_shipment (shipment_id, order_id, carrier, sender_address, receiver_info, current_status, shipping_time, estimated_delivery, actual_delivery) VALUES ($1, $2, $3, $4, $5, $6, $7, $8, $9), 值数量: 1
INFO:app.core.database:连接数据库: 172.16.10.196:5432/db_house
INFO:app.core.database:批量执行SQL完成
INFO:app.services.data_generator:表 lms_shipment 已插入剩余 1 条记录并缓存主键值
INFO:app.services.data_generator:依赖表 lms_shipment 生成完成，记录数: 1
INFO:app.services.data_generator:开始为依赖表 fms_financial_transaction 生成数据
INFO:app.core.database:批量执行SQL，查询: INSERT INTO fms_financial_transaction (transaction_id, order_id, payment_method, transaction_type, transaction_amount, transaction_status, transaction_time) VALUES ($1, $2, $3, $4, $5, $6, $7), 值数量: 1
INFO:app.core.database:连接数据库: 172.16.10.196:5432/db_house
INFO:app.core.database:批量执行SQL完成
INFO:app.services.data_generator:表 fms_financial_transaction 已插入剩余 1 条记录并缓存主键值
INFO:app.services.data_generator:依赖表 fms_financial_transaction 生成完成，记录数: 1
INFO:app.services.data_generator:开始为依赖表 oms_order_item 生成数据
INFO:app.core.database:批量执行SQL，查询: INSERT INTO oms_order_item (id, order_id, product_sku, product_name, quantity, price) VALUES ($1, $2, $3, $4, $5, $6), 值数量: 1
INFO:app.core.database:连接数据库: 172.16.10.196:5432/db_house
INFO:app.core.database:批量执行SQL完成
INFO:app.services.data_generator:表 oms_order_item 已插入剩余 1 条记录并缓存主键值
INFO:app.services.data_generator:依赖表 oms_order_item 生成完成，记录数: 1
INFO:app.services.data_generator:数据生成完成，总记录数: 7
INFO:app.services.data_generator:退出 generate_data_for_tables 方法
INFO:app.services.data_generator:开始 generate_data_for_tables 方法
INFO:app.services.data_generator:独立表（阶段1）: ['crawler_competitor_price', 'crm_customer', 'ext_market_trend']
INFO:app.services.data_generator:依赖表（阶段2）: ['oms_order', 'lms_shipment', 'fms_financial_transaction', 'oms_order_item']
INFO:app.services.data_generator:初始化数据库计数器
INFO:app.core.database:执行查询: SELECT MAX(id) FROM crawler_competitor_price, 参数: ()
INFO:app.core.database:连接数据库: 172.16.10.196:5432/db_house
INFO:app.core.database:查询执行成功
INFO:app.core.database:执行查询: SELECT MAX(id) FROM ext_market_trend, 参数: ()
INFO:app.core.database:连接数据库: 172.16.10.196:5432/db_house
INFO:app.core.database:查询执行成功
INFO:app.core.database:执行查询: SELECT MAX(id) FROM oms_order_item, 参数: ()
INFO:app.core.database:连接数据库: 172.16.10.196:5432/db_house
INFO:app.core.database:查询执行成功
INFO:app.services.data_generator:计数器初始化完成: {'crawler_competitor_price_id': 10, 'ext_market_trend_id': 10, 'oms_order_item_id': 10}
INFO:app.services.data_generator:开始处理日期: 2025-10-23
INFO:app.services.data_generator:当天计划生成记录数: 1
INFO:app.services.data_generator:已清空外键缓存
INFO:app.services.data_generator:=== 阶段1：生成独立表 ===
INFO:app.services.data_generator:开始为独立表 crawler_competitor_price 生成数据
INFO:app.core.database:批量执行SQL，查询: INSERT INTO crawler_competitor_price (id, crawl_time, platform, competitor_name, product_name, product_sku, price, promotion_info, is_in_stock) VALUES ($1, $2, $3, $4, $5, $6, $7, $8, $9), 值数量: 1
INFO:app.core.database:连接数据库: 172.16.10.196:5432/db_house
INFO:app.core.database:批量执行SQL完成
INFO:app.services.data_generator:表 crawler_competitor_price 已插入剩余 1 条记录并缓存主键值
INFO:app.services.data_generator:独立表 crawler_competitor_price 生成完成，记录数: 1
INFO:app.services.data_generator:开始为独立表 crm_customer 生成数据
INFO:app.core.database:批量执行SQL，查询: INSERT INTO crm_customer (customer_id, name, gender, phone, email, birthday, address, create_time, update_time, is_deleted) VALUES ($1, $2, $3, $4, $5, $6, $7, $8, $9, $10), 值数量: 1
INFO:app.core.database:连接数据库: 172.16.10.196:5432/db_house
INFO:app.core.database:批量执行SQL完成
INFO:app.services.data_generator:表 crm_customer 已插入剩余 1 条记录并缓存主键值
INFO:app.services.data_generator:独立表 crm_customer 生成完成，记录数: 1
INFO:app.services.data_generator:开始为独立表 ext_market_trend 生成数据
INFO:app.core.database:批量执行SQL，查询: INSERT INTO ext_market_trend (id, period, region, category, market_size, growth_rate, data_source) VALUES ($1, $2, $3, $4, $5, $6, $7), 值数量: 1
INFO:app.core.database:连接数据库: 172.16.10.196:5432/db_house
INFO:app.core.database:批量执行SQL完成
INFO:app.services.data_generator:表 ext_market_trend 已插入剩余 1 条记录并缓存主键值
INFO:app.services.data_generator:独立表 ext_market_trend 生成完成，记录数: 1
INFO:app.services.data_generator:=== 阶段2：生成依赖表 ===
INFO:app.services.data_generator:表依赖排序结果: ['oms_order', 'lms_shipment', 'fms_financial_transaction', 'oms_order_item']
INFO:app.services.data_generator:排序后的依赖表: ['oms_order', 'lms_shipment', 'fms_financial_transaction', 'oms_order_item']
INFO:app.services.data_generator:开始为依赖表 oms_order 生成数据
INFO:app.core.database:批量执行SQL，查询: INSERT INTO oms_order (order_id, order_channel, customer_code, order_amount, discount_amount, pay_amount, order_status, province, city, district, detail_address, order_time) VALUES ($1, $2, $3, $4, $5, $6, $7, $8, $9, $10, $11, $12), 值数量: 1
INFO:app.core.database:连接数据库: 172.16.10.196:5432/db_house
INFO:app.core.database:批量执行SQL完成
INFO:app.services.data_generator:表 oms_order 已插入剩余 1 条记录并缓存主键值
INFO:app.services.data_generator:依赖表 oms_order 生成完成，记录数: 1
INFO:app.services.data_generator:开始为依赖表 lms_shipment 生成数据
INFO:app.core.database:批量执行SQL，查询: INSERT INTO lms_shipment (shipment_id, order_id, carrier, sender_address, receiver_info, current_status, shipping_time, estimated_delivery, actual_delivery) VALUES ($1, $2, $3, $4, $5, $6, $7, $8, $9), 值数量: 1
INFO:app.core.database:连接数据库: 172.16.10.196:5432/db_house
INFO:app.core.database:批量执行SQL完成
INFO:app.services.data_generator:表 lms_shipment 已插入剩余 1 条记录并缓存主键值
INFO:app.services.data_generator:依赖表 lms_shipment 生成完成，记录数: 1
INFO:app.services.data_generator:开始为依赖表 fms_financial_transaction 生成数据
INFO:app.core.database:批量执行SQL，查询: INSERT INTO fms_financial_transaction (transaction_id, order_id, payment_method, transaction_type, transaction_amount, transaction_status, transaction_time) VALUES ($1, $2, $3, $4, $5, $6, $7), 值数量: 1
INFO:app.core.database:连接数据库: 172.16.10.196:5432/db_house
INFO:app.core.database:批量执行SQL完成
INFO:app.services.data_generator:表 fms_financial_transaction 已插入剩余 1 条记录并缓存主键值
INFO:app.services.data_generator:依赖表 fms_financial_transaction 生成完成，记录数: 1
INFO:app.services.data_generator:开始为依赖表 oms_order_item 生成数据
INFO:app.core.database:批量执行SQL，查询: INSERT INTO oms_order_item (id, order_id, product_sku, product_name, quantity, price) VALUES ($1, $2, $3, $4, $5, $6), 值数量: 1
INFO:app.core.database:连接数据库: 172.16.10.196:5432/db_house
INFO:app.core.database:批量执行SQL完成
INFO:app.services.data_generator:表 oms_order_item 已插入剩余 1 条记录并缓存主键值
INFO:app.services.data_generator:依赖表 oms_order_item 生成完成，记录数: 1
INFO:app.services.data_generator:数据生成完成，总记录数: 7
INFO:app.services.data_generator:退出 generate_data_for_tables 方法
INFO:app.services.data_generator:开始 generate_data_for_tables 方法
INFO:app.services.data_generator:独立表（阶段1）: ['crawler_competitor_price', 'crm_customer', 'ext_market_trend']
INFO:app.services.data_generator:依赖表（阶段2）: ['oms_order', 'lms_shipment', 'fms_financial_transaction', 'oms_order_item']
INFO:app.services.data_generator:初始化数据库计数器
INFO:app.core.database:执行查询: SELECT MAX(id) FROM crawler_competitor_price, 参数: ()
INFO:app.core.database:连接数据库: 172.16.10.196:5432/db_house
INFO:app.core.database:查询执行成功
INFO:app.core.database:执行查询: SELECT MAX(id) FROM ext_market_trend, 参数: ()
INFO:app.core.database:连接数据库: 172.16.10.196:5432/db_house
INFO:app.core.database:查询执行成功
INFO:app.core.database:执行查询: SELECT MAX(id) FROM oms_order_item, 参数: ()
INFO:app.core.database:连接数据库: 172.16.10.196:5432/db_house
INFO:app.core.database:查询执行成功
INFO:app.services.data_generator:计数器初始化完成: {'crawler_competitor_price_id': 11, 'ext_market_trend_id': 11, 'oms_order_item_id': 11}
INFO:app.services.data_generator:开始处理日期: 2025-10-23
INFO:app.services.data_generator:当天计划生成记录数: 1
INFO:app.services.data_generator:已清空外键缓存
INFO:app.services.data_generator:=== 阶段1：生成独立表 ===
INFO:app.services.data_generator:开始为独立表 crawler_competitor_price 生成数据
INFO:app.core.database:批量执行SQL，查询: INSERT INTO crawler_competitor_price (id, crawl_time, platform, competitor_name, product_name, product_sku, price, promotion_info, is_in_stock) VALUES ($1, $2, $3, $4, $5, $6, $7, $8, $9), 值数量: 1
INFO:app.core.database:连接数据库: 172.16.10.196:5432/db_house
INFO:app.core.database:批量执行SQL完成
INFO:app.services.data_generator:表 crawler_competitor_price 已插入剩余 1 条记录并缓存主键值
INFO:app.services.data_generator:独立表 crawler_competitor_price 生成完成，记录数: 1
INFO:app.services.data_generator:开始为独立表 crm_customer 生成数据
INFO:app.core.database:批量执行SQL，查询: INSERT INTO crm_customer (customer_id, name, gender, phone, email, birthday, address, create_time, update_time, is_deleted) VALUES ($1, $2, $3, $4, $5, $6, $7, $8, $9, $10), 值数量: 1
INFO:app.core.database:连接数据库: 172.16.10.196:5432/db_house
INFO:app.core.database:批量执行SQL完成
INFO:app.services.data_generator:表 crm_customer 已插入剩余 1 条记录并缓存主键值
INFO:app.services.data_generator:独立表 crm_customer 生成完成，记录数: 1
INFO:app.services.data_generator:开始为独立表 ext_market_trend 生成数据
INFO:app.core.database:批量执行SQL，查询: INSERT INTO ext_market_trend (id, period, region, category, market_size, growth_rate, data_source) VALUES ($1, $2, $3, $4, $5, $6, $7), 值数量: 1
INFO:app.core.database:连接数据库: 172.16.10.196:5432/db_house
INFO:app.core.database:批量执行SQL完成
INFO:app.services.data_generator:表 ext_market_trend 已插入剩余 1 条记录并缓存主键值
INFO:app.services.data_generator:独立表 ext_market_trend 生成完成，记录数: 1
INFO:app.services.data_generator:=== 阶段2：生成依赖表 ===
INFO:app.services.data_generator:表依赖排序结果: ['oms_order', 'lms_shipment', 'fms_financial_transaction', 'oms_order_item']
INFO:app.services.data_generator:排序后的依赖表: ['oms_order', 'lms_shipment', 'fms_financial_transaction', 'oms_order_item']
INFO:app.services.data_generator:开始为依赖表 oms_order 生成数据
INFO:app.core.database:批量执行SQL，查询: INSERT INTO oms_order (order_id, order_channel, customer_code, order_amount, discount_amount, pay_amount, order_status, province, city, district, detail_address, order_time) VALUES ($1, $2, $3, $4, $5, $6, $7, $8, $9, $10, $11, $12), 值数量: 1
INFO:app.core.database:连接数据库: 172.16.10.196:5432/db_house
INFO:app.core.database:批量执行SQL完成
INFO:app.services.data_generator:表 oms_order 已插入剩余 1 条记录并缓存主键值
INFO:app.services.data_generator:依赖表 oms_order 生成完成，记录数: 1
INFO:app.services.data_generator:开始为依赖表 lms_shipment 生成数据
INFO:app.core.database:批量执行SQL，查询: INSERT INTO lms_shipment (shipment_id, order_id, carrier, sender_address, receiver_info, current_status, shipping_time, estimated_delivery, actual_delivery) VALUES ($1, $2, $3, $4, $5, $6, $7, $8, $9), 值数量: 1
INFO:app.core.database:连接数据库: 172.16.10.196:5432/db_house
INFO:app.core.database:批量执行SQL完成
INFO:app.services.data_generator:表 lms_shipment 已插入剩余 1 条记录并缓存主键值
INFO:app.services.data_generator:依赖表 lms_shipment 生成完成，记录数: 1
INFO:app.services.data_generator:开始为依赖表 fms_financial_transaction 生成数据
INFO:app.core.database:批量执行SQL，查询: INSERT INTO fms_financial_transaction (transaction_id, order_id, payment_method, transaction_type, transaction_amount, transaction_status, transaction_time) VALUES ($1, $2, $3, $4, $5, $6, $7), 值数量: 1
INFO:app.core.database:连接数据库: 172.16.10.196:5432/db_house
INFO:app.core.database:批量执行SQL完成
INFO:app.services.data_generator:表 fms_financial_transaction 已插入剩余 1 条记录并缓存主键值
INFO:app.services.data_generator:依赖表 fms_financial_transaction 生成完成，记录数: 1
INFO:app.services.data_generator:开始为依赖表 oms_order_item 生成数据
INFO:app.core.database:批量执行SQL，查询: INSERT INTO oms_order_item (id, order_id, product_sku, product_name, quantity, price) VALUES ($1, $2, $3, $4, $5, $6), 值数量: 1
INFO:app.core.database:连接数据库: 172.16.10.196:5432/db_house
INFO:app.core.database:批量执行SQL完成
INFO:app.services.data_generator:表 oms_order_item 已插入剩余 1 条记录并缓存主键值
INFO:app.services.data_generator:依赖表 oms_order_item 生成完成，记录数: 1
INFO:app.services.data_generator:数据生成完成，总记录数: 7
INFO:app.services.data_generator:退出 generate_data_for_tables 方法
INFO:app.services.data_generator:开始 generate_data_for_tables 方法
INFO:app.services.data_generator:独立表（阶段1）: ['crawler_competitor_price', 'crm_customer', 'ext_market_trend']
INFO:app.services.data_generator:依赖表（阶段2）: ['oms_order', 'lms_shipment', 'fms_financial_transaction', 'oms_order_item']
INFO:app.services.data_generator:初始化数据库计数器
INFO:app.core.database:执行查询: SELECT MAX(id) FROM crawler_competitor_price, 参数: ()
INFO:app.core.database:连接数据库: 172.16.10.196:5432/db_house
INFO:app.core.database:查询执行成功
INFO:app.core.database:执行查询: SELECT MAX(id) FROM ext_market_trend, 参数: ()
INFO:app.core.database:连接数据库: 172.16.10.196:5432/db_house
INFO:app.core.database:查询执行成功
INFO:app.core.database:执行查询: SELECT MAX(id) FROM oms_order_item, 参数: ()
INFO:app.core.database:连接数据库: 172.16.10.196:5432/db_house
INFO:app.core.database:查询执行成功
INFO:app.services.data_generator:计数器初始化完成: {'crawler_competitor_price_id': 12, 'ext_market_trend_id': 12, 'oms_order_item_id': 12}
INFO:app.services.data_generator:开始处理日期: 2025-10-23
INFO:app.services.data_generator:当天计划生成记录数: 1
INFO:app.services.data_generator:已清空外键缓存
INFO:app.services.data_generator:=== 阶段1：生成独立表 ===
INFO:app.services.data_generator:开始为独立表 crawler_competitor_price 生成数据
INFO:app.core.database:批量执行SQL，查询: INSERT INTO crawler_competitor_price (id, crawl_time, platform, competitor_name, product_name, product_sku, price, promotion_info, is_in_stock) VALUES ($1, $2, $3, $4, $5, $6, $7, $8, $9), 值数量: 1
INFO:app.core.database:连接数据库: 172.16.10.196:5432/db_house
INFO:app.core.database:批量执行SQL完成
INFO:app.services.data_generator:表 crawler_competitor_price 已插入剩余 1 条记录并缓存主键值
INFO:app.services.data_generator:独立表 crawler_competitor_price 生成完成，记录数: 1
INFO:app.services.data_generator:开始为独立表 crm_customer 生成数据
INFO:app.core.database:批量执行SQL，查询: INSERT INTO crm_customer (customer_id, name, gender, phone, email, birthday, address, create_time, update_time, is_deleted) VALUES ($1, $2, $3, $4, $5, $6, $7, $8, $9, $10), 值数量: 1
INFO:app.core.database:连接数据库: 172.16.10.196:5432/db_house
INFO:app.core.database:批量执行SQL完成
INFO:app.services.data_generator:表 crm_customer 已插入剩余 1 条记录并缓存主键值
INFO:app.services.data_generator:独立表 crm_customer 生成完成，记录数: 1
INFO:app.services.data_generator:开始为独立表 ext_market_trend 生成数据
INFO:app.core.database:批量执行SQL，查询: INSERT INTO ext_market_trend (id, period, region, category, market_size, growth_rate, data_source) VALUES ($1, $2, $3, $4, $5, $6, $7), 值数量: 1
INFO:app.core.database:连接数据库: 172.16.10.196:5432/db_house
INFO:app.core.database:批量执行SQL完成
INFO:app.services.data_generator:表 ext_market_trend 已插入剩余 1 条记录并缓存主键值
INFO:app.services.data_generator:独立表 ext_market_trend 生成完成，记录数: 1
INFO:app.services.data_generator:=== 阶段2：生成依赖表 ===
INFO:app.services.data_generator:表依赖排序结果: ['oms_order', 'lms_shipment', 'fms_financial_transaction', 'oms_order_item']
INFO:app.services.data_generator:排序后的依赖表: ['oms_order', 'lms_shipment', 'fms_financial_transaction', 'oms_order_item']
INFO:app.services.data_generator:开始为依赖表 oms_order 生成数据
INFO:app.core.database:批量执行SQL，查询: INSERT INTO oms_order (order_id, order_channel, customer_code, order_amount, discount_amount, pay_amount, order_status, province, city, district, detail_address, order_time) VALUES ($1, $2, $3, $4, $5, $6, $7, $8, $9, $10, $11, $12), 值数量: 1
INFO:app.core.database:连接数据库: 172.16.10.196:5432/db_house
INFO:app.core.database:批量执行SQL完成
INFO:app.services.data_generator:表 oms_order 已插入剩余 1 条记录并缓存主键值
INFO:app.services.data_generator:依赖表 oms_order 生成完成，记录数: 1
INFO:app.services.data_generator:开始为依赖表 lms_shipment 生成数据
INFO:app.core.database:批量执行SQL，查询: INSERT INTO lms_shipment (shipment_id, order_id, carrier, sender_address, receiver_info, current_status, shipping_time, estimated_delivery, actual_delivery) VALUES ($1, $2, $3, $4, $5, $6, $7, $8, $9), 值数量: 1
INFO:app.core.database:连接数据库: 172.16.10.196:5432/db_house
INFO:app.core.database:批量执行SQL完成
INFO:app.services.data_generator:表 lms_shipment 已插入剩余 1 条记录并缓存主键值
INFO:app.services.data_generator:依赖表 lms_shipment 生成完成，记录数: 1
INFO:app.services.data_generator:开始为依赖表 fms_financial_transaction 生成数据
INFO:app.core.database:批量执行SQL，查询: INSERT INTO fms_financial_transaction (transaction_id, order_id, payment_method, transaction_type, transaction_amount, transaction_status, transaction_time) VALUES ($1, $2, $3, $4, $5, $6, $7), 值数量: 1
INFO:app.core.database:连接数据库: 172.16.10.196:5432/db_house
INFO:app.core.database:批量执行SQL完成
INFO:app.services.data_generator:表 fms_financial_transaction 已插入剩余 1 条记录并缓存主键值
INFO:app.services.data_generator:依赖表 fms_financial_transaction 生成完成，记录数: 1
INFO:app.services.data_generator:开始为依赖表 oms_order_item 生成数据
INFO:app.core.database:批量执行SQL，查询: INSERT INTO oms_order_item (id, order_id, product_sku, product_name, quantity, price) VALUES ($1, $2, $3, $4, $5, $6), 值数量: 1
INFO:app.core.database:连接数据库: 172.16.10.196:5432/db_house
INFO:app.core.database:批量执行SQL完成
INFO:app.services.data_generator:表 oms_order_item 已插入剩余 1 条记录并缓存主键值
INFO:app.services.data_generator:依赖表 oms_order_item 生成完成，记录数: 1
INFO:app.services.data_generator:数据生成完成，总记录数: 7
INFO:app.services.data_generator:退出 generate_data_for_tables 方法
INFO:app.services.data_generator:开始 generate_data_for_tables 方法
INFO:app.services.data_generator:独立表（阶段1）: ['crawler_competitor_price', 'crm_customer', 'ext_market_trend']
INFO:app.services.data_generator:依赖表（阶段2）: ['oms_order', 'lms_shipment', 'fms_financial_transaction', 'oms_order_item']
INFO:app.services.data_generator:初始化数据库计数器
INFO:app.core.database:执行查询: SELECT MAX(id) FROM crawler_competitor_price, 参数: ()
INFO:app.core.database:连接数据库: 172.16.10.196:5432/db_house
INFO:app.core.database:查询执行成功
INFO:app.core.database:执行查询: SELECT MAX(id) FROM ext_market_trend, 参数: ()
INFO:app.core.database:连接数据库: 172.16.10.196:5432/db_house
INFO:app.core.database:查询执行成功
INFO:app.core.database:执行查询: SELECT MAX(id) FROM oms_order_item, 参数: ()
INFO:app.core.database:连接数据库: 172.16.10.196:5432/db_house
INFO:app.core.database:查询执行成功
INFO:app.services.data_generator:计数器初始化完成: {'crawler_competitor_price_id': 13, 'ext_market_trend_id': 13, 'oms_order_item_id': 13}
INFO:app.services.data_generator:开始处理日期: 2025-10-23
INFO:app.services.data_generator:当天计划生成记录数: 1
INFO:app.services.data_generator:已清空外键缓存
INFO:app.services.data_generator:=== 阶段1：生成独立表 ===
INFO:app.services.data_generator:开始为独立表 crawler_competitor_price 生成数据
INFO:app.core.database:批量执行SQL，查询: INSERT INTO crawler_competitor_price (id, crawl_time, platform, competitor_name, product_name, product_sku, price, promotion_info, is_in_stock) VALUES ($1, $2, $3, $4, $5, $6, $7, $8, $9), 值数量: 1
INFO:app.core.database:连接数据库: 172.16.10.196:5432/db_house
INFO:app.core.database:批量执行SQL完成
INFO:app.services.data_generator:表 crawler_competitor_price 已插入剩余 1 条记录并缓存主键值
INFO:app.services.data_generator:独立表 crawler_competitor_price 生成完成，记录数: 1
INFO:app.services.data_generator:开始为独立表 crm_customer 生成数据
INFO:app.core.database:批量执行SQL，查询: INSERT INTO crm_customer (customer_id, name, gender, phone, email, birthday, address, create_time, update_time, is_deleted) VALUES ($1, $2, $3, $4, $5, $6, $7, $8, $9, $10), 值数量: 1
INFO:app.core.database:连接数据库: 172.16.10.196:5432/db_house
INFO:app.core.database:批量执行SQL完成
INFO:app.services.data_generator:表 crm_customer 已插入剩余 1 条记录并缓存主键值
INFO:app.services.data_generator:独立表 crm_customer 生成完成，记录数: 1
INFO:app.services.data_generator:开始为独立表 ext_market_trend 生成数据
INFO:app.core.database:批量执行SQL，查询: INSERT INTO ext_market_trend (id, period, region, category, market_size, growth_rate, data_source) VALUES ($1, $2, $3, $4, $5, $6, $7), 值数量: 1
INFO:app.core.database:连接数据库: 172.16.10.196:5432/db_house
INFO:app.core.database:批量执行SQL完成
INFO:app.services.data_generator:表 ext_market_trend 已插入剩余 1 条记录并缓存主键值
INFO:app.services.data_generator:独立表 ext_market_trend 生成完成，记录数: 1
INFO:app.services.data_generator:=== 阶段2：生成依赖表 ===
INFO:app.services.data_generator:表依赖排序结果: ['oms_order', 'lms_shipment', 'fms_financial_transaction', 'oms_order_item']
INFO:app.services.data_generator:排序后的依赖表: ['oms_order', 'lms_shipment', 'fms_financial_transaction', 'oms_order_item']
INFO:app.services.data_generator:开始为依赖表 oms_order 生成数据
INFO:app.core.database:批量执行SQL，查询: INSERT INTO oms_order (order_id, order_channel, customer_code, order_amount, discount_amount, pay_amount, order_status, province, city, district, detail_address, order_time) VALUES ($1, $2, $3, $4, $5, $6, $7, $8, $9, $10, $11, $12), 值数量: 1
INFO:app.core.database:连接数据库: 172.16.10.196:5432/db_house
INFO:app.core.database:批量执行SQL完成
INFO:app.services.data_generator:表 oms_order 已插入剩余 1 条记录并缓存主键值
INFO:app.services.data_generator:依赖表 oms_order 生成完成，记录数: 1
INFO:app.services.data_generator:开始为依赖表 lms_shipment 生成数据
INFO:app.core.database:批量执行SQL，查询: INSERT INTO lms_shipment (shipment_id, order_id, carrier, sender_address, receiver_info, current_status, shipping_time, estimated_delivery, actual_delivery) VALUES ($1, $2, $3, $4, $5, $6, $7, $8, $9), 值数量: 1
INFO:app.core.database:连接数据库: 172.16.10.196:5432/db_house
INFO:app.core.database:批量执行SQL完成
INFO:app.services.data_generator:表 lms_shipment 已插入剩余 1 条记录并缓存主键值
INFO:app.services.data_generator:依赖表 lms_shipment 生成完成，记录数: 1
INFO:app.services.data_generator:开始为依赖表 fms_financial_transaction 生成数据
INFO:app.core.database:批量执行SQL，查询: INSERT INTO fms_financial_transaction (transaction_id, order_id, payment_method, transaction_type, transaction_amount, transaction_status, transaction_time) VALUES ($1, $2, $3, $4, $5, $6, $7), 值数量: 1
INFO:app.core.database:连接数据库: 172.16.10.196:5432/db_house
INFO:app.core.database:批量执行SQL完成
INFO:app.services.data_generator:表 fms_financial_transaction 已插入剩余 1 条记录并缓存主键值
INFO:app.services.data_generator:依赖表 fms_financial_transaction 生成完成，记录数: 1
INFO:app.services.data_generator:开始为依赖表 oms_order_item 生成数据
INFO:app.core.database:批量执行SQL，查询: INSERT INTO oms_order_item (id, order_id, product_sku, product_name, quantity, price) VALUES ($1, $2, $3, $4, $5, $6), 值数量: 1
INFO:app.core.database:连接数据库: 172.16.10.196:5432/db_house
INFO:app.core.database:批量执行SQL完成
INFO:app.services.data_generator:表 oms_order_item 已插入剩余 1 条记录并缓存主键值
INFO:app.services.data_generator:依赖表 oms_order_item 生成完成，记录数: 1
INFO:app.services.data_generator:数据生成完成，总记录数: 7
INFO:app.services.data_generator:退出 generate_data_for_tables 方法
INFO:app.services.data_generator:开始 generate_data_for_tables 方法
INFO:app.services.data_generator:独立表（阶段1）: ['crawler_competitor_price', 'crm_customer', 'ext_market_trend']
INFO:app.services.data_generator:依赖表（阶段2）: ['oms_order', 'lms_shipment', 'fms_financial_transaction', 'oms_order_item']
INFO:app.services.data_generator:初始化数据库计数器
INFO:app.core.database:执行查询: SELECT MAX(id) FROM crawler_competitor_price, 参数: ()
INFO:app.core.database:连接数据库: 172.16.10.196:5432/db_house
INFO:app.core.database:查询执行成功
INFO:app.core.database:执行查询: SELECT MAX(id) FROM ext_market_trend, 参数: ()
INFO:app.core.database:连接数据库: 172.16.10.196:5432/db_house
INFO:app.core.database:查询执行成功
INFO:app.core.database:执行查询: SELECT MAX(id) FROM oms_order_item, 参数: ()
INFO:app.core.database:连接数据库: 172.16.10.196:5432/db_house
INFO:app.core.database:查询执行成功
INFO:app.services.data_generator:计数器初始化完成: {'crawler_competitor_price_id': 14, 'ext_market_trend_id': 14, 'oms_order_item_id': 14}
INFO:app.services.data_generator:开始处理日期: 2025-10-23
INFO:app.services.data_generator:当天计划生成记录数: 1
INFO:app.services.data_generator:已清空外键缓存
INFO:app.services.data_generator:=== 阶段1：生成独立表 ===
INFO:app.services.data_generator:开始为独立表 crawler_competitor_price 生成数据
INFO:app.core.database:批量执行SQL，查询: INSERT INTO crawler_competitor_price (id, crawl_time, platform, competitor_name, product_name, product_sku, price, promotion_info, is_in_stock) VALUES ($1, $2, $3, $4, $5, $6, $7, $8, $9), 值数量: 1
INFO:app.core.database:连接数据库: 172.16.10.196:5432/db_house
INFO:app.core.database:批量执行SQL完成
INFO:app.services.data_generator:表 crawler_competitor_price 已插入剩余 1 条记录并缓存主键值
INFO:app.services.data_generator:独立表 crawler_competitor_price 生成完成，记录数: 1
INFO:app.services.data_generator:开始为独立表 crm_customer 生成数据
INFO:app.core.database:批量执行SQL，查询: INSERT INTO crm_customer (customer_id, name, gender, phone, email, birthday, address, create_time, update_time, is_deleted) VALUES ($1, $2, $3, $4, $5, $6, $7, $8, $9, $10), 值数量: 1
INFO:app.core.database:连接数据库: 172.16.10.196:5432/db_house
INFO:app.core.database:批量执行SQL完成
INFO:app.services.data_generator:表 crm_customer 已插入剩余 1 条记录并缓存主键值
INFO:app.services.data_generator:独立表 crm_customer 生成完成，记录数: 1
INFO:app.services.data_generator:开始为独立表 ext_market_trend 生成数据
INFO:app.core.database:批量执行SQL，查询: INSERT INTO ext_market_trend (id, period, region, category, market_size, growth_rate, data_source) VALUES ($1, $2, $3, $4, $5, $6, $7), 值数量: 1
INFO:app.core.database:连接数据库: 172.16.10.196:5432/db_house
INFO:app.core.database:批量执行SQL完成
INFO:app.services.data_generator:表 ext_market_trend 已插入剩余 1 条记录并缓存主键值
INFO:app.services.data_generator:独立表 ext_market_trend 生成完成，记录数: 1
INFO:app.services.data_generator:=== 阶段2：生成依赖表 ===
INFO:app.services.data_generator:表依赖排序结果: ['oms_order', 'lms_shipment', 'fms_financial_transaction', 'oms_order_item']
INFO:app.services.data_generator:排序后的依赖表: ['oms_order', 'lms_shipment', 'fms_financial_transaction', 'oms_order_item']
INFO:app.services.data_generator:开始为依赖表 oms_order 生成数据
INFO:app.core.database:批量执行SQL，查询: INSERT INTO oms_order (order_id, order_channel, customer_code, order_amount, discount_amount, pay_amount, order_status, province, city, district, detail_address, order_time) VALUES ($1, $2, $3, $4, $5, $6, $7, $8, $9, $10, $11, $12), 值数量: 1
INFO:app.core.database:连接数据库: 172.16.10.196:5432/db_house
INFO:app.core.database:批量执行SQL完成
INFO:app.services.data_generator:表 oms_order 已插入剩余 1 条记录并缓存主键值
INFO:app.services.data_generator:依赖表 oms_order 生成完成，记录数: 1
INFO:app.services.data_generator:开始为依赖表 lms_shipment 生成数据
INFO:app.core.database:批量执行SQL，查询: INSERT INTO lms_shipment (shipment_id, order_id, carrier, sender_address, receiver_info, current_status, shipping_time, estimated_delivery, actual_delivery) VALUES ($1, $2, $3, $4, $5, $6, $7, $8, $9), 值数量: 1
INFO:app.core.database:连接数据库: 172.16.10.196:5432/db_house
INFO:app.core.database:批量执行SQL完成
INFO:app.services.data_generator:表 lms_shipment 已插入剩余 1 条记录并缓存主键值
INFO:app.services.data_generator:依赖表 lms_shipment 生成完成，记录数: 1
INFO:app.services.data_generator:开始为依赖表 fms_financial_transaction 生成数据
INFO:app.core.database:批量执行SQL，查询: INSERT INTO fms_financial_transaction (transaction_id, order_id, payment_method, transaction_type, transaction_amount, transaction_status, transaction_time) VALUES ($1, $2, $3, $4, $5, $6, $7), 值数量: 1
INFO:app.core.database:连接数据库: 172.16.10.196:5432/db_house
INFO:app.core.database:批量执行SQL完成
INFO:app.services.data_generator:表 fms_financial_transaction 已插入剩余 1 条记录并缓存主键值
INFO:app.services.data_generator:依赖表 fms_financial_transaction 生成完成，记录数: 1
INFO:app.services.data_generator:开始为依赖表 oms_order_item 生成数据
INFO:app.core.database:批量执行SQL，查询: INSERT INTO oms_order_item (id, order_id, product_sku, product_name, quantity, price) VALUES ($1, $2, $3, $4, $5, $6), 值数量: 1
INFO:app.core.database:连接数据库: 172.16.10.196:5432/db_house
INFO:app.core.database:批量执行SQL完成
INFO:app.services.data_generator:表 oms_order_item 已插入剩余 1 条记录并缓存主键值
INFO:app.services.data_generator:依赖表 oms_order_item 生成完成，记录数: 1
INFO:app.services.data_generator:数据生成完成，总记录数: 7
INFO:app.services.data_generator:退出 generate_data_for_tables 方法
INFO:app.services.data_generator:开始 generate_data_for_tables 方法
INFO:app.services.data_generator:独立表（阶段1）: ['crawler_competitor_price', 'crm_customer', 'ext_market_trend']
INFO:app.services.data_generator:依赖表（阶段2）: ['oms_order', 'lms_shipment', 'fms_financial_transaction', 'oms_order_item']
INFO:app.services.data_generator:初始化数据库计数器
INFO:app.core.database:执行查询: SELECT MAX(id) FROM crawler_competitor_price, 参数: ()
INFO:app.core.database:连接数据库: 172.16.10.196:5432/db_house
INFO:app.core.database:查询执行成功
INFO:app.core.database:执行查询: SELECT MAX(id) FROM ext_market_trend, 参数: ()
INFO:app.core.database:连接数据库: 172.16.10.196:5432/db_house
INFO:app.core.database:查询执行成功
INFO:app.core.database:执行查询: SELECT MAX(id) FROM oms_order_item, 参数: ()
INFO:app.core.database:连接数据库: 172.16.10.196:5432/db_house
INFO:app.core.database:查询执行成功
INFO:app.services.data_generator:计数器初始化完成: {'crawler_competitor_price_id': 15, 'ext_market_trend_id': 15, 'oms_order_item_id': 15}
INFO:app.services.data_generator:开始处理日期: 2025-10-23
INFO:app.services.data_generator:当天计划生成记录数: 1
INFO:app.services.data_generator:已清空外键缓存
INFO:app.services.data_generator:=== 阶段1：生成独立表 ===
INFO:app.services.data_generator:开始为独立表 crawler_competitor_price 生成数据
INFO:app.core.database:批量执行SQL，查询: INSERT INTO crawler_competitor_price (id, crawl_time, platform, competitor_name, product_name, product_sku, price, promotion_info, is_in_stock) VALUES ($1, $2, $3, $4, $5, $6, $7, $8, $9), 值数量: 1
INFO:app.core.database:连接数据库: 172.16.10.196:5432/db_house
INFO:app.core.database:批量执行SQL完成
INFO:app.services.data_generator:表 crawler_competitor_price 已插入剩余 1 条记录并缓存主键值
INFO:app.services.data_generator:独立表 crawler_competitor_price 生成完成，记录数: 1
INFO:app.services.data_generator:开始为独立表 crm_customer 生成数据
INFO:app.core.database:批量执行SQL，查询: INSERT INTO crm_customer (customer_id, name, gender, phone, email, birthday, address, create_time, update_time, is_deleted) VALUES ($1, $2, $3, $4, $5, $6, $7, $8, $9, $10), 值数量: 1
INFO:app.core.database:连接数据库: 172.16.10.196:5432/db_house
INFO:app.core.database:批量执行SQL完成
INFO:app.services.data_generator:表 crm_customer 已插入剩余 1 条记录并缓存主键值
INFO:app.services.data_generator:独立表 crm_customer 生成完成，记录数: 1
INFO:app.services.data_generator:开始为独立表 ext_market_trend 生成数据
INFO:app.core.database:批量执行SQL，查询: INSERT INTO ext_market_trend (id, period, region, category, market_size, growth_rate, data_source) VALUES ($1, $2, $3, $4, $5, $6, $7), 值数量: 1
INFO:app.core.database:连接数据库: 172.16.10.196:5432/db_house
INFO:app.core.database:批量执行SQL完成
INFO:app.services.data_generator:表 ext_market_trend 已插入剩余 1 条记录并缓存主键值
INFO:app.services.data_generator:独立表 ext_market_trend 生成完成，记录数: 1
INFO:app.services.data_generator:=== 阶段2：生成依赖表 ===
INFO:app.services.data_generator:表依赖排序结果: ['oms_order', 'lms_shipment', 'fms_financial_transaction', 'oms_order_item']
INFO:app.services.data_generator:排序后的依赖表: ['oms_order', 'lms_shipment', 'fms_financial_transaction', 'oms_order_item']
INFO:app.services.data_generator:开始为依赖表 oms_order 生成数据
INFO:app.core.database:批量执行SQL，查询: INSERT INTO oms_order (order_id, order_channel, customer_code, order_amount, discount_amount, pay_amount, order_status, province, city, district, detail_address, order_time) VALUES ($1, $2, $3, $4, $5, $6, $7, $8, $9, $10, $11, $12), 值数量: 1
INFO:app.core.database:连接数据库: 172.16.10.196:5432/db_house
INFO:app.core.database:批量执行SQL完成
INFO:app.services.data_generator:表 oms_order 已插入剩余 1 条记录并缓存主键值
INFO:app.services.data_generator:依赖表 oms_order 生成完成，记录数: 1
INFO:app.services.data_generator:开始为依赖表 lms_shipment 生成数据
INFO:app.core.database:批量执行SQL，查询: INSERT INTO lms_shipment (shipment_id, order_id, carrier, sender_address, receiver_info, current_status, shipping_time, estimated_delivery, actual_delivery) VALUES ($1, $2, $3, $4, $5, $6, $7, $8, $9), 值数量: 1
INFO:app.core.database:连接数据库: 172.16.10.196:5432/db_house
INFO:app.core.database:批量执行SQL完成
INFO:app.services.data_generator:表 lms_shipment 已插入剩余 1 条记录并缓存主键值
INFO:app.services.data_generator:依赖表 lms_shipment 生成完成，记录数: 1
INFO:app.services.data_generator:开始为依赖表 fms_financial_transaction 生成数据
INFO:app.core.database:批量执行SQL，查询: INSERT INTO fms_financial_transaction (transaction_id, order_id, payment_method, transaction_type, transaction_amount, transaction_status, transaction_time) VALUES ($1, $2, $3, $4, $5, $6, $7), 值数量: 1
INFO:app.core.database:连接数据库: 172.16.10.196:5432/db_house
INFO:app.core.database:批量执行SQL完成
INFO:app.services.data_generator:表 fms_financial_transaction 已插入剩余 1 条记录并缓存主键值
INFO:app.services.data_generator:依赖表 fms_financial_transaction 生成完成，记录数: 1
INFO:app.services.data_generator:开始为依赖表 oms_order_item 生成数据
INFO:app.core.database:批量执行SQL，查询: INSERT INTO oms_order_item (id, order_id, product_sku, product_name, quantity, price) VALUES ($1, $2, $3, $4, $5, $6), 值数量: 1
INFO:app.core.database:连接数据库: 172.16.10.196:5432/db_house
INFO:app.core.database:批量执行SQL完成
INFO:app.services.data_generator:表 oms_order_item 已插入剩余 1 条记录并缓存主键值
INFO:app.services.data_generator:依赖表 oms_order_item 生成完成，记录数: 1
INFO:app.services.data_generator:数据生成完成，总记录数: 7
INFO:app.services.data_generator:退出 generate_data_for_tables 方法
INFO:app.services.data_generator:开始 generate_data_for_tables 方法
INFO:app.services.data_generator:独立表（阶段1）: ['crawler_competitor_price', 'crm_customer', 'ext_market_trend']
INFO:app.services.data_generator:依赖表（阶段2）: ['oms_order', 'lms_shipment', 'fms_financial_transaction', 'oms_order_item']
INFO:app.services.data_generator:初始化数据库计数器
INFO:app.core.database:执行查询: SELECT MAX(id) FROM crawler_competitor_price, 参数: ()
INFO:app.core.database:连接数据库: 172.16.10.196:5432/db_house
INFO:app.core.database:查询执行成功
INFO:app.core.database:执行查询: SELECT MAX(id) FROM ext_market_trend, 参数: ()
INFO:app.core.database:连接数据库: 172.16.10.196:5432/db_house
INFO:app.core.database:查询执行成功
INFO:app.core.database:执行查询: SELECT MAX(id) FROM oms_order_item, 参数: ()
INFO:app.core.database:连接数据库: 172.16.10.196:5432/db_house
INFO:app.core.database:查询执行成功
INFO:app.services.data_generator:计数器初始化完成: {'crawler_competitor_price_id': 16, 'ext_market_trend_id': 16, 'oms_order_item_id': 16}
INFO:app.services.data_generator:开始处理日期: 2025-10-23
INFO:app.services.data_generator:当天计划生成记录数: 1
INFO:app.services.data_generator:已清空外键缓存
INFO:app.services.data_generator:=== 阶段1：生成独立表 ===
INFO:app.services.data_generator:开始为独立表 crawler_competitor_price 生成数据
INFO:app.core.database:批量执行SQL，查询: INSERT INTO crawler_competitor_price (id, crawl_time, platform, competitor_name, product_name, product_sku, price, promotion_info, is_in_stock) VALUES ($1, $2, $3, $4, $5, $6, $7, $8, $9), 值数量: 1
INFO:app.core.database:连接数据库: 172.16.10.196:5432/db_house
INFO:app.core.database:批量执行SQL完成
INFO:app.services.data_generator:表 crawler_competitor_price 已插入剩余 1 条记录并缓存主键值
INFO:app.services.data_generator:独立表 crawler_competitor_price 生成完成，记录数: 1
INFO:app.services.data_generator:开始为独立表 crm_customer 生成数据
INFO:app.core.database:批量执行SQL，查询: INSERT INTO crm_customer (customer_id, name, gender, phone, email, birthday, address, create_time, update_time, is_deleted) VALUES ($1, $2, $3, $4, $5, $6, $7, $8, $9, $10), 值数量: 1
INFO:app.core.database:连接数据库: 172.16.10.196:5432/db_house
INFO:app.core.database:批量执行SQL完成
INFO:app.services.data_generator:表 crm_customer 已插入剩余 1 条记录并缓存主键值
INFO:app.services.data_generator:独立表 crm_customer 生成完成，记录数: 1
INFO:app.services.data_generator:开始为独立表 ext_market_trend 生成数据
INFO:app.core.database:批量执行SQL，查询: INSERT INTO ext_market_trend (id, period, region, category, market_size, growth_rate, data_source) VALUES ($1, $2, $3, $4, $5, $6, $7), 值数量: 1
INFO:app.core.database:连接数据库: 172.16.10.196:5432/db_house
INFO:app.core.database:批量执行SQL完成
INFO:app.services.data_generator:表 ext_market_trend 已插入剩余 1 条记录并缓存主键值
INFO:app.services.data_generator:独立表 ext_market_trend 生成完成，记录数: 1
INFO:app.services.data_generator:=== 阶段2：生成依赖表 ===
INFO:app.services.data_generator:表依赖排序结果: ['oms_order', 'lms_shipment', 'fms_financial_transaction', 'oms_order_item']
INFO:app.services.data_generator:排序后的依赖表: ['oms_order', 'lms_shipment', 'fms_financial_transaction', 'oms_order_item']
INFO:app.services.data_generator:开始为依赖表 oms_order 生成数据
INFO:app.core.database:批量执行SQL，查询: INSERT INTO oms_order (order_id, order_channel, customer_code, order_amount, discount_amount, pay_amount, order_status, province, city, district, detail_address, order_time) VALUES ($1, $2, $3, $4, $5, $6, $7, $8, $9, $10, $11, $12), 值数量: 1
INFO:app.core.database:连接数据库: 172.16.10.196:5432/db_house
INFO:app.core.database:批量执行SQL完成
INFO:app.services.data_generator:表 oms_order 已插入剩余 1 条记录并缓存主键值
INFO:app.services.data_generator:依赖表 oms_order 生成完成，记录数: 1
INFO:app.services.data_generator:开始为依赖表 lms_shipment 生成数据
INFO:app.core.database:批量执行SQL，查询: INSERT INTO lms_shipment (shipment_id, order_id, carrier, sender_address, receiver_info, current_status, shipping_time, estimated_delivery, actual_delivery) VALUES ($1, $2, $3, $4, $5, $6, $7, $8, $9), 值数量: 1
INFO:app.core.database:连接数据库: 172.16.10.196:5432/db_house
INFO:app.core.database:批量执行SQL完成
INFO:app.services.data_generator:表 lms_shipment 已插入剩余 1 条记录并缓存主键值
INFO:app.services.data_generator:依赖表 lms_shipment 生成完成，记录数: 1
INFO:app.services.data_generator:开始为依赖表 fms_financial_transaction 生成数据
INFO:app.core.database:批量执行SQL，查询: INSERT INTO fms_financial_transaction (transaction_id, order_id, payment_method, transaction_type, transaction_amount, transaction_status, transaction_time) VALUES ($1, $2, $3, $4, $5, $6, $7), 值数量: 1
INFO:app.core.database:连接数据库: 172.16.10.196:5432/db_house
INFO:app.core.database:批量执行SQL完成
INFO:app.services.data_generator:表 fms_financial_transaction 已插入剩余 1 条记录并缓存主键值
INFO:app.services.data_generator:依赖表 fms_financial_transaction 生成完成，记录数: 1
INFO:app.services.data_generator:开始为依赖表 oms_order_item 生成数据
INFO:app.core.database:批量执行SQL，查询: INSERT INTO oms_order_item (id, order_id, product_sku, product_name, quantity, price) VALUES ($1, $2, $3, $4, $5, $6), 值数量: 1
INFO:app.core.database:连接数据库: 172.16.10.196:5432/db_house
INFO:app.core.database:批量执行SQL完成
INFO:app.services.data_generator:表 oms_order_item 已插入剩余 1 条记录并缓存主键值
INFO:app.services.data_generator:依赖表 oms_order_item 生成完成，记录数: 1
INFO:app.services.data_generator:数据生成完成，总记录数: 7
INFO:app.services.data_generator:退出 generate_data_for_tables 方法
INFO:app.services.data_generator:开始 generate_data_for_tables 方法
INFO:app.services.data_generator:独立表（阶段1）: ['crawler_competitor_price', 'crm_customer', 'ext_market_trend']
INFO:app.services.data_generator:依赖表（阶段2）: ['oms_order', 'lms_shipment', 'fms_financial_transaction', 'oms_order_item']
INFO:app.services.data_generator:初始化数据库计数器
INFO:app.core.database:执行查询: SELECT MAX(id) FROM crawler_competitor_price, 参数: ()
INFO:app.core.database:连接数据库: 172.16.10.196:5432/db_house
INFO:app.core.database:查询执行成功
INFO:app.core.database:执行查询: SELECT MAX(id) FROM ext_market_trend, 参数: ()
INFO:app.core.database:连接数据库: 172.16.10.196:5432/db_house
INFO:app.core.database:查询执行成功
INFO:app.core.database:执行查询: SELECT MAX(id) FROM oms_order_item, 参数: ()
INFO:app.core.database:连接数据库: 172.16.10.196:5432/db_house
INFO:app.core.database:查询执行成功
INFO:app.services.data_generator:计数器初始化完成: {'crawler_competitor_price_id': 17, 'ext_market_trend_id': 17, 'oms_order_item_id': 17}
INFO:app.services.data_generator:开始处理日期: 2025-10-23
INFO:app.services.data_generator:当天计划生成记录数: 1
INFO:app.services.data_generator:已清空外键缓存
INFO:app.services.data_generator:=== 阶段1：生成独立表 ===
INFO:app.services.data_generator:开始为独立表 crawler_competitor_price 生成数据
INFO:app.core.database:批量执行SQL，查询: INSERT INTO crawler_competitor_price (id, crawl_time, platform, competitor_name, product_name, product_sku, price, promotion_info, is_in_stock) VALUES ($1, $2, $3, $4, $5, $6, $7, $8, $9), 值数量: 1
INFO:app.core.database:连接数据库: 172.16.10.196:5432/db_house
INFO:app.core.database:批量执行SQL完成
INFO:app.services.data_generator:表 crawler_competitor_price 已插入剩余 1 条记录并缓存主键值
INFO:app.services.data_generator:独立表 crawler_competitor_price 生成完成，记录数: 1
INFO:app.services.data_generator:开始为独立表 crm_customer 生成数据
INFO:app.core.database:批量执行SQL，查询: INSERT INTO crm_customer (customer_id, name, gender, phone, email, birthday, address, create_time, update_time, is_deleted) VALUES ($1, $2, $3, $4, $5, $6, $7, $8, $9, $10), 值数量: 1
INFO:app.core.database:连接数据库: 172.16.10.196:5432/db_house
INFO:app.core.database:批量执行SQL完成
INFO:app.services.data_generator:表 crm_customer 已插入剩余 1 条记录并缓存主键值
INFO:app.services.data_generator:独立表 crm_customer 生成完成，记录数: 1
INFO:app.services.data_generator:开始为独立表 ext_market_trend 生成数据
INFO:app.core.database:批量执行SQL，查询: INSERT INTO ext_market_trend (id, period, region, category, market_size, growth_rate, data_source) VALUES ($1, $2, $3, $4, $5, $6, $7), 值数量: 1
INFO:app.core.database:连接数据库: 172.16.10.196:5432/db_house
INFO:app.core.database:批量执行SQL完成
INFO:app.services.data_generator:表 ext_market_trend 已插入剩余 1 条记录并缓存主键值
INFO:app.services.data_generator:独立表 ext_market_trend 生成完成，记录数: 1
INFO:app.services.data_generator:=== 阶段2：生成依赖表 ===
INFO:app.services.data_generator:表依赖排序结果: ['oms_order', 'lms_shipment', 'fms_financial_transaction', 'oms_order_item']
INFO:app.services.data_generator:排序后的依赖表: ['oms_order', 'lms_shipment', 'fms_financial_transaction', 'oms_order_item']
INFO:app.services.data_generator:开始为依赖表 oms_order 生成数据
INFO:app.core.database:批量执行SQL，查询: INSERT INTO oms_order (order_id, order_channel, customer_code, order_amount, discount_amount, pay_amount, order_status, province, city, district, detail_address, order_time) VALUES ($1, $2, $3, $4, $5, $6, $7, $8, $9, $10, $11, $12), 值数量: 1
INFO:app.core.database:连接数据库: 172.16.10.196:5432/db_house
INFO:app.core.database:批量执行SQL完成
INFO:app.services.data_generator:表 oms_order 已插入剩余 1 条记录并缓存主键值
INFO:app.services.data_generator:依赖表 oms_order 生成完成，记录数: 1
INFO:app.services.data_generator:开始为依赖表 lms_shipment 生成数据
INFO:app.core.database:批量执行SQL，查询: INSERT INTO lms_shipment (shipment_id, order_id, carrier, sender_address, receiver_info, current_status, shipping_time, estimated_delivery, actual_delivery) VALUES ($1, $2, $3, $4, $5, $6, $7, $8, $9), 值数量: 1
INFO:app.core.database:连接数据库: 172.16.10.196:5432/db_house
INFO:app.core.database:批量执行SQL完成
INFO:app.services.data_generator:表 lms_shipment 已插入剩余 1 条记录并缓存主键值
INFO:app.services.data_generator:依赖表 lms_shipment 生成完成，记录数: 1
INFO:app.services.data_generator:开始为依赖表 fms_financial_transaction 生成数据
INFO:app.core.database:批量执行SQL，查询: INSERT INTO fms_financial_transaction (transaction_id, order_id, payment_method, transaction_type, transaction_amount, transaction_status, transaction_time) VALUES ($1, $2, $3, $4, $5, $6, $7), 值数量: 1
INFO:app.core.database:连接数据库: 172.16.10.196:5432/db_house
INFO:app.core.database:批量执行SQL完成
INFO:app.services.data_generator:表 fms_financial_transaction 已插入剩余 1 条记录并缓存主键值
INFO:app.services.data_generator:依赖表 fms_financial_transaction 生成完成，记录数: 1
INFO:app.services.data_generator:开始为依赖表 oms_order_item 生成数据
INFO:app.core.database:批量执行SQL，查询: INSERT INTO oms_order_item (id, order_id, product_sku, product_name, quantity, price) VALUES ($1, $2, $3, $4, $5, $6), 值数量: 1
INFO:app.core.database:连接数据库: 172.16.10.196:5432/db_house
INFO:app.core.database:批量执行SQL完成
INFO:app.services.data_generator:表 oms_order_item 已插入剩余 1 条记录并缓存主键值
INFO:app.services.data_generator:依赖表 oms_order_item 生成完成，记录数: 1
INFO:app.services.data_generator:数据生成完成，总记录数: 7
INFO:app.services.data_generator:退出 generate_data_for_tables 方法
INFO:app.services.data_generator:开始 generate_data_for_tables 方法
INFO:app.services.data_generator:独立表（阶段1）: ['crawler_competitor_price', 'crm_customer', 'ext_market_trend']
INFO:app.services.data_generator:依赖表（阶段2）: ['oms_order', 'lms_shipment', 'fms_financial_transaction', 'oms_order_item']
INFO:app.services.data_generator:初始化数据库计数器
INFO:app.core.database:执行查询: SELECT MAX(id) FROM crawler_competitor_price, 参数: ()
INFO:app.core.database:连接数据库: 172.16.10.196:5432/db_house
INFO:app.core.database:查询执行成功
INFO:app.core.database:执行查询: SELECT MAX(id) FROM ext_market_trend, 参数: ()
INFO:app.core.database:连接数据库: 172.16.10.196:5432/db_house
INFO:app.core.database:查询执行成功
INFO:app.core.database:执行查询: SELECT MAX(id) FROM oms_order_item, 参数: ()
INFO:app.core.database:连接数据库: 172.16.10.196:5432/db_house
INFO:app.core.database:查询执行成功
INFO:app.services.data_generator:计数器初始化完成: {'crawler_competitor_price_id': 18, 'ext_market_trend_id': 18, 'oms_order_item_id': 18}
INFO:app.services.data_generator:开始处理日期: 2025-10-23
INFO:app.services.data_generator:当天计划生成记录数: 1
INFO:app.services.data_generator:已清空外键缓存
INFO:app.services.data_generator:=== 阶段1：生成独立表 ===
INFO:app.services.data_generator:开始为独立表 crawler_competitor_price 生成数据
INFO:app.core.database:批量执行SQL，查询: INSERT INTO crawler_competitor_price (id, crawl_time, platform, competitor_name, product_name, product_sku, price, promotion_info, is_in_stock) VALUES ($1, $2, $3, $4, $5, $6, $7, $8, $9), 值数量: 1
INFO:app.core.database:连接数据库: 172.16.10.196:5432/db_house
INFO:app.core.database:批量执行SQL完成
INFO:app.services.data_generator:表 crawler_competitor_price 已插入剩余 1 条记录并缓存主键值
INFO:app.services.data_generator:独立表 crawler_competitor_price 生成完成，记录数: 1
INFO:app.services.data_generator:开始为独立表 crm_customer 生成数据
INFO:app.core.database:批量执行SQL，查询: INSERT INTO crm_customer (customer_id, name, gender, phone, email, birthday, address, create_time, update_time, is_deleted) VALUES ($1, $2, $3, $4, $5, $6, $7, $8, $9, $10), 值数量: 1
INFO:app.core.database:连接数据库: 172.16.10.196:5432/db_house
INFO:app.core.database:批量执行SQL完成
INFO:app.services.data_generator:表 crm_customer 已插入剩余 1 条记录并缓存主键值
INFO:app.services.data_generator:独立表 crm_customer 生成完成，记录数: 1
INFO:app.services.data_generator:开始为独立表 ext_market_trend 生成数据
INFO:app.core.database:批量执行SQL，查询: INSERT INTO ext_market_trend (id, period, region, category, market_size, growth_rate, data_source) VALUES ($1, $2, $3, $4, $5, $6, $7), 值数量: 1
INFO:app.core.database:连接数据库: 172.16.10.196:5432/db_house
INFO:app.core.database:批量执行SQL完成
INFO:app.services.data_generator:表 ext_market_trend 已插入剩余 1 条记录并缓存主键值
INFO:app.services.data_generator:独立表 ext_market_trend 生成完成，记录数: 1
INFO:app.services.data_generator:=== 阶段2：生成依赖表 ===
INFO:app.services.data_generator:表依赖排序结果: ['oms_order', 'lms_shipment', 'fms_financial_transaction', 'oms_order_item']
INFO:app.services.data_generator:排序后的依赖表: ['oms_order', 'lms_shipment', 'fms_financial_transaction', 'oms_order_item']
INFO:app.services.data_generator:开始为依赖表 oms_order 生成数据
INFO:app.core.database:批量执行SQL，查询: INSERT INTO oms_order (order_id, order_channel, customer_code, order_amount, discount_amount, pay_amount, order_status, province, city, district, detail_address, order_time) VALUES ($1, $2, $3, $4, $5, $6, $7, $8, $9, $10, $11, $12), 值数量: 1
INFO:app.core.database:连接数据库: 172.16.10.196:5432/db_house
INFO:app.core.database:批量执行SQL完成
INFO:app.services.data_generator:表 oms_order 已插入剩余 1 条记录并缓存主键值
INFO:app.services.data_generator:依赖表 oms_order 生成完成，记录数: 1
INFO:app.services.data_generator:开始为依赖表 lms_shipment 生成数据
INFO:app.core.database:批量执行SQL，查询: INSERT INTO lms_shipment (shipment_id, order_id, carrier, sender_address, receiver_info, current_status, shipping_time, estimated_delivery, actual_delivery) VALUES ($1, $2, $3, $4, $5, $6, $7, $8, $9), 值数量: 1
INFO:app.core.database:连接数据库: 172.16.10.196:5432/db_house
INFO:app.core.database:批量执行SQL完成
INFO:app.services.data_generator:表 lms_shipment 已插入剩余 1 条记录并缓存主键值
INFO:app.services.data_generator:依赖表 lms_shipment 生成完成，记录数: 1
INFO:app.services.data_generator:开始为依赖表 fms_financial_transaction 生成数据
INFO:app.core.database:批量执行SQL，查询: INSERT INTO fms_financial_transaction (transaction_id, order_id, payment_method, transaction_type, transaction_amount, transaction_status, transaction_time) VALUES ($1, $2, $3, $4, $5, $6, $7), 值数量: 1
INFO:app.core.database:连接数据库: 172.16.10.196:5432/db_house
INFO:app.core.database:批量执行SQL完成
INFO:app.services.data_generator:表 fms_financial_transaction 已插入剩余 1 条记录并缓存主键值
INFO:app.services.data_generator:依赖表 fms_financial_transaction 生成完成，记录数: 1
INFO:app.services.data_generator:开始为依赖表 oms_order_item 生成数据
INFO:app.core.database:批量执行SQL，查询: INSERT INTO oms_order_item (id, order_id, product_sku, product_name, quantity, price) VALUES ($1, $2, $3, $4, $5, $6), 值数量: 1
INFO:app.core.database:连接数据库: 172.16.10.196:5432/db_house
INFO:app.core.database:批量执行SQL完成
INFO:app.services.data_generator:表 oms_order_item 已插入剩余 1 条记录并缓存主键值
INFO:app.services.data_generator:依赖表 oms_order_item 生成完成，记录数: 1
INFO:app.services.data_generator:数据生成完成，总记录数: 7
INFO:app.services.data_generator:退出 generate_data_for_tables 方法
INFO:app.services.data_generator:开始 generate_data_for_tables 方法
INFO:app.services.data_generator:独立表（阶段1）: ['crawler_competitor_price', 'crm_customer', 'ext_market_trend']
INFO:app.services.data_generator:依赖表（阶段2）: ['oms_order', 'lms_shipment', 'fms_financial_transaction', 'oms_order_item']
INFO:app.services.data_generator:初始化数据库计数器
INFO:app.core.database:执行查询: SELECT MAX(id) FROM crawler_competitor_price, 参数: ()
INFO:app.core.database:连接数据库: 172.16.10.196:5432/db_house
INFO:app.core.database:查询执行成功
INFO:app.core.database:执行查询: SELECT MAX(id) FROM ext_market_trend, 参数: ()
INFO:app.core.database:连接数据库: 172.16.10.196:5432/db_house
INFO:app.core.database:查询执行成功
INFO:app.core.database:执行查询: SELECT MAX(id) FROM oms_order_item, 参数: ()
INFO:app.core.database:连接数据库: 172.16.10.196:5432/db_house
INFO:app.core.database:查询执行成功
INFO:app.services.data_generator:计数器初始化完成: {'crawler_competitor_price_id': 19, 'ext_market_trend_id': 19, 'oms_order_item_id': 19}
INFO:app.services.data_generator:开始处理日期: 2025-10-23
INFO:app.services.data_generator:当天计划生成记录数: 1
INFO:app.services.data_generator:已清空外键缓存
INFO:app.services.data_generator:=== 阶段1：生成独立表 ===
INFO:app.services.data_generator:开始为独立表 crawler_competitor_price 生成数据
INFO:app.core.database:批量执行SQL，查询: INSERT INTO crawler_competitor_price (id, crawl_time, platform, competitor_name, product_name, product_sku, price, promotion_info, is_in_stock) VALUES ($1, $2, $3, $4, $5, $6, $7, $8, $9), 值数量: 1
INFO:app.core.database:连接数据库: 172.16.10.196:5432/db_house
INFO:app.core.database:批量执行SQL完成
INFO:app.services.data_generator:表 crawler_competitor_price 已插入剩余 1 条记录并缓存主键值
INFO:app.services.data_generator:独立表 crawler_competitor_price 生成完成，记录数: 1
INFO:app.services.data_generator:开始为独立表 crm_customer 生成数据
INFO:app.core.database:批量执行SQL，查询: INSERT INTO crm_customer (customer_id, name, gender, phone, email, birthday, address, create_time, update_time, is_deleted) VALUES ($1, $2, $3, $4, $5, $6, $7, $8, $9, $10), 值数量: 1
INFO:app.core.database:连接数据库: 172.16.10.196:5432/db_house
INFO:app.core.database:批量执行SQL完成
INFO:app.services.data_generator:表 crm_customer 已插入剩余 1 条记录并缓存主键值
INFO:app.services.data_generator:独立表 crm_customer 生成完成，记录数: 1
INFO:app.services.data_generator:开始为独立表 ext_market_trend 生成数据
INFO:app.core.database:批量执行SQL，查询: INSERT INTO ext_market_trend (id, period, region, category, market_size, growth_rate, data_source) VALUES ($1, $2, $3, $4, $5, $6, $7), 值数量: 1
INFO:app.core.database:连接数据库: 172.16.10.196:5432/db_house
INFO:app.core.database:批量执行SQL完成
INFO:app.services.data_generator:表 ext_market_trend 已插入剩余 1 条记录并缓存主键值
INFO:app.services.data_generator:独立表 ext_market_trend 生成完成，记录数: 1
INFO:app.services.data_generator:=== 阶段2：生成依赖表 ===
INFO:app.services.data_generator:表依赖排序结果: ['oms_order', 'lms_shipment', 'fms_financial_transaction', 'oms_order_item']
INFO:app.services.data_generator:排序后的依赖表: ['oms_order', 'lms_shipment', 'fms_financial_transaction', 'oms_order_item']
INFO:app.services.data_generator:开始为依赖表 oms_order 生成数据
INFO:app.core.database:批量执行SQL，查询: INSERT INTO oms_order (order_id, order_channel, customer_code, order_amount, discount_amount, pay_amount, order_status, province, city, district, detail_address, order_time) VALUES ($1, $2, $3, $4, $5, $6, $7, $8, $9, $10, $11, $12), 值数量: 1
INFO:app.core.database:连接数据库: 172.16.10.196:5432/db_house
INFO:app.core.database:批量执行SQL完成
INFO:app.services.data_generator:表 oms_order 已插入剩余 1 条记录并缓存主键值
INFO:app.services.data_generator:依赖表 oms_order 生成完成，记录数: 1
INFO:app.services.data_generator:开始为依赖表 lms_shipment 生成数据
INFO:app.core.database:批量执行SQL，查询: INSERT INTO lms_shipment (shipment_id, order_id, carrier, sender_address, receiver_info, current_status, shipping_time, estimated_delivery, actual_delivery) VALUES ($1, $2, $3, $4, $5, $6, $7, $8, $9), 值数量: 1
INFO:app.core.database:连接数据库: 172.16.10.196:5432/db_house
INFO:app.core.database:批量执行SQL完成
INFO:app.services.data_generator:表 lms_shipment 已插入剩余 1 条记录并缓存主键值
INFO:app.services.data_generator:依赖表 lms_shipment 生成完成，记录数: 1
INFO:app.services.data_generator:开始为依赖表 fms_financial_transaction 生成数据
INFO:app.core.database:批量执行SQL，查询: INSERT INTO fms_financial_transaction (transaction_id, order_id, payment_method, transaction_type, transaction_amount, transaction_status, transaction_time) VALUES ($1, $2, $3, $4, $5, $6, $7), 值数量: 1
INFO:app.core.database:连接数据库: 172.16.10.196:5432/db_house
INFO:app.core.database:批量执行SQL完成
INFO:app.services.data_generator:表 fms_financial_transaction 已插入剩余 1 条记录并缓存主键值
INFO:app.services.data_generator:依赖表 fms_financial_transaction 生成完成，记录数: 1
INFO:app.services.data_generator:开始为依赖表 oms_order_item 生成数据
INFO:app.core.database:批量执行SQL，查询: INSERT INTO oms_order_item (id, order_id, product_sku, product_name, quantity, price) VALUES ($1, $2, $3, $4, $5, $6), 值数量: 1
INFO:app.core.database:连接数据库: 172.16.10.196:5432/db_house
INFO:app.core.database:批量执行SQL完成
INFO:app.services.data_generator:表 oms_order_item 已插入剩余 1 条记录并缓存主键值
INFO:app.services.data_generator:依赖表 oms_order_item 生成完成，记录数: 1
INFO:app.services.data_generator:数据生成完成，总记录数: 7
INFO:app.services.data_generator:退出 generate_data_for_tables 方法
INFO:app.services.data_generator:开始 generate_data_for_tables 方法
INFO:app.services.data_generator:独立表（阶段1）: ['crawler_competitor_price', 'crm_customer', 'ext_market_trend']
INFO:app.services.data_generator:依赖表（阶段2）: ['oms_order', 'lms_shipment', 'fms_financial_transaction', 'oms_order_item']
INFO:app.services.data_generator:初始化数据库计数器
INFO:app.core.database:执行查询: SELECT MAX(id) FROM crawler_competitor_price, 参数: ()
INFO:app.core.database:连接数据库: 172.16.10.196:5432/db_house
INFO:app.core.database:查询执行成功
INFO:app.core.database:执行查询: SELECT MAX(id) FROM ext_market_trend, 参数: ()
INFO:app.core.database:连接数据库: 172.16.10.196:5432/db_house
INFO:app.core.database:查询执行成功
INFO:app.core.database:执行查询: SELECT MAX(id) FROM oms_order_item, 参数: ()
INFO:app.core.database:连接数据库: 172.16.10.196:5432/db_house
INFO:app.core.database:查询执行成功
INFO:app.services.data_generator:计数器初始化完成: {'crawler_competitor_price_id': 20, 'ext_market_trend_id': 20, 'oms_order_item_id': 20}
INFO:app.services.data_generator:开始处理日期: 2025-10-23
INFO:app.services.data_generator:当天计划生成记录数: 1
INFO:app.services.data_generator:已清空外键缓存
INFO:app.services.data_generator:=== 阶段1：生成独立表 ===
INFO:app.services.data_generator:开始为独立表 crawler_competitor_price 生成数据
INFO:app.core.database:批量执行SQL，查询: INSERT INTO crawler_competitor_price (id, crawl_time, platform, competitor_name, product_name, product_sku, price, promotion_info, is_in_stock) VALUES ($1, $2, $3, $4, $5, $6, $7, $8, $9), 值数量: 1
INFO:app.core.database:连接数据库: 172.16.10.196:5432/db_house
INFO:app.core.database:批量执行SQL完成
INFO:app.services.data_generator:表 crawler_competitor_price 已插入剩余 1 条记录并缓存主键值
INFO:app.services.data_generator:独立表 crawler_competitor_price 生成完成，记录数: 1
INFO:app.services.data_generator:开始为独立表 crm_customer 生成数据
INFO:app.core.database:批量执行SQL，查询: INSERT INTO crm_customer (customer_id, name, gender, phone, email, birthday, address, create_time, update_time, is_deleted) VALUES ($1, $2, $3, $4, $5, $6, $7, $8, $9, $10), 值数量: 1
INFO:app.core.database:连接数据库: 172.16.10.196:5432/db_house
INFO:app.core.database:批量执行SQL完成
INFO:app.services.data_generator:表 crm_customer 已插入剩余 1 条记录并缓存主键值
INFO:app.services.data_generator:独立表 crm_customer 生成完成，记录数: 1
INFO:app.services.data_generator:开始为独立表 ext_market_trend 生成数据
INFO:app.core.database:批量执行SQL，查询: INSERT INTO ext_market_trend (id, period, region, category, market_size, growth_rate, data_source) VALUES ($1, $2, $3, $4, $5, $6, $7), 值数量: 1
INFO:app.core.database:连接数据库: 172.16.10.196:5432/db_house
INFO:app.core.database:批量执行SQL完成
INFO:app.services.data_generator:表 ext_market_trend 已插入剩余 1 条记录并缓存主键值
INFO:app.services.data_generator:独立表 ext_market_trend 生成完成，记录数: 1
INFO:app.services.data_generator:=== 阶段2：生成依赖表 ===
INFO:app.services.data_generator:表依赖排序结果: ['oms_order', 'lms_shipment', 'fms_financial_transaction', 'oms_order_item']
INFO:app.services.data_generator:排序后的依赖表: ['oms_order', 'lms_shipment', 'fms_financial_transaction', 'oms_order_item']
INFO:app.services.data_generator:开始为依赖表 oms_order 生成数据
INFO:app.core.database:批量执行SQL，查询: INSERT INTO oms_order (order_id, order_channel, customer_code, order_amount, discount_amount, pay_amount, order_status, province, city, district, detail_address, order_time) VALUES ($1, $2, $3, $4, $5, $6, $7, $8, $9, $10, $11, $12), 值数量: 1
INFO:app.core.database:连接数据库: 172.16.10.196:5432/db_house
INFO:app.core.database:批量执行SQL完成
INFO:app.services.data_generator:表 oms_order 已插入剩余 1 条记录并缓存主键值
INFO:app.services.data_generator:依赖表 oms_order 生成完成，记录数: 1
INFO:app.services.data_generator:开始为依赖表 lms_shipment 生成数据
INFO:app.core.database:批量执行SQL，查询: INSERT INTO lms_shipment (shipment_id, order_id, carrier, sender_address, receiver_info, current_status, shipping_time, estimated_delivery, actual_delivery) VALUES ($1, $2, $3, $4, $5, $6, $7, $8, $9), 值数量: 1
INFO:app.core.database:连接数据库: 172.16.10.196:5432/db_house
INFO:app.core.database:批量执行SQL完成
INFO:app.services.data_generator:表 lms_shipment 已插入剩余 1 条记录并缓存主键值
INFO:app.services.data_generator:依赖表 lms_shipment 生成完成，记录数: 1
INFO:app.services.data_generator:开始为依赖表 fms_financial_transaction 生成数据
INFO:app.core.database:批量执行SQL，查询: INSERT INTO fms_financial_transaction (transaction_id, order_id, payment_method, transaction_type, transaction_amount, transaction_status, transaction_time) VALUES ($1, $2, $3, $4, $5, $6, $7), 值数量: 1
INFO:app.core.database:连接数据库: 172.16.10.196:5432/db_house
INFO:app.core.database:批量执行SQL完成
INFO:app.services.data_generator:表 fms_financial_transaction 已插入剩余 1 条记录并缓存主键值
INFO:app.services.data_generator:依赖表 fms_financial_transaction 生成完成，记录数: 1
INFO:app.services.data_generator:开始为依赖表 oms_order_item 生成数据
INFO:app.core.database:批量执行SQL，查询: INSERT INTO oms_order_item (id, order_id, product_sku, product_name, quantity, price) VALUES ($1, $2, $3, $4, $5, $6), 值数量: 1
INFO:app.core.database:连接数据库: 172.16.10.196:5432/db_house
INFO:app.core.database:批量执行SQL完成
INFO:app.services.data_generator:表 oms_order_item 已插入剩余 1 条记录并缓存主键值
INFO:app.services.data_generator:依赖表 oms_order_item 生成完成，记录数: 1
INFO:app.services.data_generator:数据生成完成，总记录数: 7
INFO:app.services.data_generator:退出 generate_data_for_tables 方法
INFO:app.services.data_generator:开始 generate_data_for_tables 方法
INFO:app.services.data_generator:独立表（阶段1）: ['crawler_competitor_price', 'crm_customer', 'ext_market_trend']
INFO:app.services.data_generator:依赖表（阶段2）: ['oms_order', 'lms_shipment', 'fms_financial_transaction', 'oms_order_item']
INFO:app.services.data_generator:初始化数据库计数器
INFO:app.core.database:执行查询: SELECT MAX(id) FROM crawler_competitor_price, 参数: ()
INFO:app.core.database:连接数据库: 172.16.10.196:5432/db_house
INFO:app.core.database:查询执行成功
INFO:app.core.database:执行查询: SELECT MAX(id) FROM ext_market_trend, 参数: ()
INFO:app.core.database:连接数据库: 172.16.10.196:5432/db_house
INFO:app.core.database:查询执行成功
INFO:app.core.database:执行查询: SELECT MAX(id) FROM oms_order_item, 参数: ()
INFO:app.core.database:连接数据库: 172.16.10.196:5432/db_house
INFO:app.core.database:查询执行成功
INFO:app.services.data_generator:计数器初始化完成: {'crawler_competitor_price_id': 21, 'ext_market_trend_id': 21, 'oms_order_item_id': 21}
INFO:app.services.data_generator:开始处理日期: 2025-10-23
INFO:app.services.data_generator:当天计划生成记录数: 1
INFO:app.services.data_generator:已清空外键缓存
INFO:app.services.data_generator:=== 阶段1：生成独立表 ===
INFO:app.services.data_generator:开始为独立表 crawler_competitor_price 生成数据
INFO:app.core.database:批量执行SQL，查询: INSERT INTO crawler_competitor_price (id, crawl_time, platform, competitor_name, product_name, product_sku, price, promotion_info, is_in_stock) VALUES ($1, $2, $3, $4, $5, $6, $7, $8, $9), 值数量: 1
INFO:app.core.database:连接数据库: 172.16.10.196:5432/db_house
INFO:app.core.database:批量执行SQL完成
INFO:app.services.data_generator:表 crawler_competitor_price 已插入剩余 1 条记录并缓存主键值
INFO:app.services.data_generator:独立表 crawler_competitor_price 生成完成，记录数: 1
INFO:app.services.data_generator:开始为独立表 crm_customer 生成数据
INFO:app.core.database:批量执行SQL，查询: INSERT INTO crm_customer (customer_id, name, gender, phone, email, birthday, address, create_time, update_time, is_deleted) VALUES ($1, $2, $3, $4, $5, $6, $7, $8, $9, $10), 值数量: 1
INFO:app.core.database:连接数据库: 172.16.10.196:5432/db_house
INFO:app.core.database:批量执行SQL完成
INFO:app.services.data_generator:表 crm_customer 已插入剩余 1 条记录并缓存主键值
INFO:app.services.data_generator:独立表 crm_customer 生成完成，记录数: 1
INFO:app.services.data_generator:开始为独立表 ext_market_trend 生成数据
INFO:app.core.database:批量执行SQL，查询: INSERT INTO ext_market_trend (id, period, region, category, market_size, growth_rate, data_source) VALUES ($1, $2, $3, $4, $5, $6, $7), 值数量: 1
INFO:app.core.database:连接数据库: 172.16.10.196:5432/db_house
INFO:app.core.database:批量执行SQL完成
INFO:app.services.data_generator:表 ext_market_trend 已插入剩余 1 条记录并缓存主键值
INFO:app.services.data_generator:独立表 ext_market_trend 生成完成，记录数: 1
INFO:app.services.data_generator:=== 阶段2：生成依赖表 ===
INFO:app.services.data_generator:表依赖排序结果: ['oms_order', 'lms_shipment', 'fms_financial_transaction', 'oms_order_item']
INFO:app.services.data_generator:排序后的依赖表: ['oms_order', 'lms_shipment', 'fms_financial_transaction', 'oms_order_item']
INFO:app.services.data_generator:开始为依赖表 oms_order 生成数据
INFO:app.core.database:批量执行SQL，查询: INSERT INTO oms_order (order_id, order_channel, customer_code, order_amount, discount_amount, pay_amount, order_status, province, city, district, detail_address, order_time) VALUES ($1, $2, $3, $4, $5, $6, $7, $8, $9, $10, $11, $12), 值数量: 1
INFO:app.core.database:连接数据库: 172.16.10.196:5432/db_house
INFO:app.core.database:批量执行SQL完成
INFO:app.services.data_generator:表 oms_order 已插入剩余 1 条记录并缓存主键值
INFO:app.services.data_generator:依赖表 oms_order 生成完成，记录数: 1
INFO:app.services.data_generator:开始为依赖表 lms_shipment 生成数据
INFO:app.core.database:批量执行SQL，查询: INSERT INTO lms_shipment (shipment_id, order_id, carrier, sender_address, receiver_info, current_status, shipping_time, estimated_delivery, actual_delivery) VALUES ($1, $2, $3, $4, $5, $6, $7, $8, $9), 值数量: 1
INFO:app.core.database:连接数据库: 172.16.10.196:5432/db_house
INFO:app.core.database:批量执行SQL完成
INFO:app.services.data_generator:表 lms_shipment 已插入剩余 1 条记录并缓存主键值
INFO:app.services.data_generator:依赖表 lms_shipment 生成完成，记录数: 1
INFO:app.services.data_generator:开始为依赖表 fms_financial_transaction 生成数据
INFO:app.core.database:批量执行SQL，查询: INSERT INTO fms_financial_transaction (transaction_id, order_id, payment_method, transaction_type, transaction_amount, transaction_status, transaction_time) VALUES ($1, $2, $3, $4, $5, $6, $7), 值数量: 1
INFO:app.core.database:连接数据库: 172.16.10.196:5432/db_house
INFO:app.core.database:批量执行SQL完成
INFO:app.services.data_generator:表 fms_financial_transaction 已插入剩余 1 条记录并缓存主键值
INFO:app.services.data_generator:依赖表 fms_financial_transaction 生成完成，记录数: 1
INFO:app.services.data_generator:开始为依赖表 oms_order_item 生成数据
INFO:app.core.database:批量执行SQL，查询: INSERT INTO oms_order_item (id, order_id, product_sku, product_name, quantity, price) VALUES ($1, $2, $3, $4, $5, $6), 值数量: 1
INFO:app.core.database:连接数据库: 172.16.10.196:5432/db_house
INFO:app.core.database:批量执行SQL完成
INFO:app.services.data_generator:表 oms_order_item 已插入剩余 1 条记录并缓存主键值
INFO:app.services.data_generator:依赖表 oms_order_item 生成完成，记录数: 1
INFO:app.services.data_generator:数据生成完成，总记录数: 7
INFO:app.services.data_generator:退出 generate_data_for_tables 方法
INFO:app.services.data_generator:开始 generate_data_for_tables 方法
INFO:app.services.data_generator:独立表（阶段1）: ['crawler_competitor_price', 'crm_customer', 'ext_market_trend']
INFO:app.services.data_generator:依赖表（阶段2）: ['oms_order', 'lms_shipment', 'fms_financial_transaction', 'oms_order_item']
INFO:app.services.data_generator:初始化数据库计数器
INFO:app.core.database:执行查询: SELECT MAX(id) FROM crawler_competitor_price, 参数: ()
INFO:app.core.database:连接数据库: 172.16.10.196:5432/db_house
INFO:app.core.database:查询执行成功
INFO:app.core.database:执行查询: SELECT MAX(id) FROM ext_market_trend, 参数: ()
INFO:app.core.database:连接数据库: 172.16.10.196:5432/db_house
INFO:app.core.database:查询执行成功
INFO:app.core.database:执行查询: SELECT MAX(id) FROM oms_order_item, 参数: ()
INFO:app.core.database:连接数据库: 172.16.10.196:5432/db_house
INFO:app.core.database:查询执行成功
INFO:app.services.data_generator:计数器初始化完成: {'crawler_competitor_price_id': 22, 'ext_market_trend_id': 22, 'oms_order_item_id': 22}
INFO:app.services.data_generator:开始处理日期: 2025-10-23
INFO:app.services.data_generator:当天计划生成记录数: 1
INFO:app.services.data_generator:已清空外键缓存
INFO:app.services.data_generator:=== 阶段1：生成独立表 ===
INFO:app.services.data_generator:开始为独立表 crawler_competitor_price 生成数据
INFO:app.core.database:批量执行SQL，查询: INSERT INTO crawler_competitor_price (id, crawl_time, platform, competitor_name, product_name, product_sku, price, promotion_info, is_in_stock) VALUES ($1, $2, $3, $4, $5, $6, $7, $8, $9), 值数量: 1
INFO:app.core.database:连接数据库: 172.16.10.196:5432/db_house
INFO:app.core.database:批量执行SQL完成
INFO:app.services.data_generator:表 crawler_competitor_price 已插入剩余 1 条记录并缓存主键值
INFO:app.services.data_generator:独立表 crawler_competitor_price 生成完成，记录数: 1
INFO:app.services.data_generator:开始为独立表 crm_customer 生成数据
INFO:app.core.database:批量执行SQL，查询: INSERT INTO crm_customer (customer_id, name, gender, phone, email, birthday, address, create_time, update_time, is_deleted) VALUES ($1, $2, $3, $4, $5, $6, $7, $8, $9, $10), 值数量: 1
INFO:app.core.database:连接数据库: 172.16.10.196:5432/db_house
INFO:app.core.database:批量执行SQL完成
INFO:app.services.data_generator:表 crm_customer 已插入剩余 1 条记录并缓存主键值
INFO:app.services.data_generator:独立表 crm_customer 生成完成，记录数: 1
INFO:app.services.data_generator:开始为独立表 ext_market_trend 生成数据
INFO:app.core.database:批量执行SQL，查询: INSERT INTO ext_market_trend (id, period, region, category, market_size, growth_rate, data_source) VALUES ($1, $2, $3, $4, $5, $6, $7), 值数量: 1
INFO:app.core.database:连接数据库: 172.16.10.196:5432/db_house
INFO:app.core.database:批量执行SQL完成
INFO:app.services.data_generator:表 ext_market_trend 已插入剩余 1 条记录并缓存主键值
INFO:app.services.data_generator:独立表 ext_market_trend 生成完成，记录数: 1
INFO:app.services.data_generator:=== 阶段2：生成依赖表 ===
INFO:app.services.data_generator:表依赖排序结果: ['oms_order', 'lms_shipment', 'fms_financial_transaction', 'oms_order_item']
INFO:app.services.data_generator:排序后的依赖表: ['oms_order', 'lms_shipment', 'fms_financial_transaction', 'oms_order_item']
INFO:app.services.data_generator:开始为依赖表 oms_order 生成数据
INFO:app.core.database:批量执行SQL，查询: INSERT INTO oms_order (order_id, order_channel, customer_code, order_amount, discount_amount, pay_amount, order_status, province, city, district, detail_address, order_time) VALUES ($1, $2, $3, $4, $5, $6, $7, $8, $9, $10, $11, $12), 值数量: 1
INFO:app.core.database:连接数据库: 172.16.10.196:5432/db_house
INFO:app.core.database:批量执行SQL完成
INFO:app.services.data_generator:表 oms_order 已插入剩余 1 条记录并缓存主键值
INFO:app.services.data_generator:依赖表 oms_order 生成完成，记录数: 1
INFO:app.services.data_generator:开始为依赖表 lms_shipment 生成数据
INFO:app.core.database:批量执行SQL，查询: INSERT INTO lms_shipment (shipment_id, order_id, carrier, sender_address, receiver_info, current_status, shipping_time, estimated_delivery, actual_delivery) VALUES ($1, $2, $3, $4, $5, $6, $7, $8, $9), 值数量: 1
INFO:app.core.database:连接数据库: 172.16.10.196:5432/db_house
INFO:app.core.database:批量执行SQL完成
INFO:app.services.data_generator:表 lms_shipment 已插入剩余 1 条记录并缓存主键值
INFO:app.services.data_generator:依赖表 lms_shipment 生成完成，记录数: 1
INFO:app.services.data_generator:开始为依赖表 fms_financial_transaction 生成数据
INFO:app.core.database:批量执行SQL，查询: INSERT INTO fms_financial_transaction (transaction_id, order_id, payment_method, transaction_type, transaction_amount, transaction_status, transaction_time) VALUES ($1, $2, $3, $4, $5, $6, $7), 值数量: 1
INFO:app.core.database:连接数据库: 172.16.10.196:5432/db_house
INFO:app.core.database:批量执行SQL完成
INFO:app.services.data_generator:表 fms_financial_transaction 已插入剩余 1 条记录并缓存主键值
INFO:app.services.data_generator:依赖表 fms_financial_transaction 生成完成，记录数: 1
INFO:app.services.data_generator:开始为依赖表 oms_order_item 生成数据
INFO:app.core.database:批量执行SQL，查询: INSERT INTO oms_order_item (id, order_id, product_sku, product_name, quantity, price) VALUES ($1, $2, $3, $4, $5, $6), 值数量: 1
INFO:app.core.database:连接数据库: 172.16.10.196:5432/db_house
INFO:app.core.database:批量执行SQL完成
INFO:app.services.data_generator:表 oms_order_item 已插入剩余 1 条记录并缓存主键值
INFO:app.services.data_generator:依赖表 oms_order_item 生成完成，记录数: 1
INFO:app.services.data_generator:数据生成完成，总记录数: 7
INFO:app.services.data_generator:退出 generate_data_for_tables 方法
INFO:app.services.data_generator:开始 generate_data_for_tables 方法
INFO:app.services.data_generator:独立表（阶段1）: ['crawler_competitor_price', 'crm_customer', 'ext_market_trend']
INFO:app.services.data_generator:依赖表（阶段2）: ['oms_order', 'lms_shipment', 'fms_financial_transaction', 'oms_order_item']
INFO:app.services.data_generator:初始化数据库计数器
INFO:app.core.database:执行查询: SELECT MAX(id) FROM crawler_competitor_price, 参数: ()
INFO:app.core.database:连接数据库: 172.16.10.196:5432/db_house
INFO:app.core.database:查询执行成功
INFO:app.core.database:执行查询: SELECT MAX(id) FROM ext_market_trend, 参数: ()
INFO:app.core.database:连接数据库: 172.16.10.196:5432/db_house
INFO:app.core.database:查询执行成功
INFO:app.core.database:执行查询: SELECT MAX(id) FROM oms_order_item, 参数: ()
INFO:app.core.database:连接数据库: 172.16.10.196:5432/db_house
INFO:app.core.database:查询执行成功
INFO:app.services.data_generator:计数器初始化完成: {'crawler_competitor_price_id': 23, 'ext_market_trend_id': 23, 'oms_order_item_id': 23}
INFO:app.services.data_generator:开始处理日期: 2025-10-23
INFO:app.services.data_generator:当天计划生成记录数: 1
INFO:app.services.data_generator:已清空外键缓存
INFO:app.services.data_generator:=== 阶段1：生成独立表 ===
INFO:app.services.data_generator:开始为独立表 crawler_competitor_price 生成数据
INFO:app.core.database:批量执行SQL，查询: INSERT INTO crawler_competitor_price (id, crawl_time, platform, competitor_name, product_name, product_sku, price, promotion_info, is_in_stock) VALUES ($1, $2, $3, $4, $5, $6, $7, $8, $9), 值数量: 1
INFO:app.core.database:连接数据库: 172.16.10.196:5432/db_house
INFO:app.core.database:批量执行SQL完成
INFO:app.services.data_generator:表 crawler_competitor_price 已插入剩余 1 条记录并缓存主键值
INFO:app.services.data_generator:独立表 crawler_competitor_price 生成完成，记录数: 1
INFO:app.services.data_generator:开始为独立表 crm_customer 生成数据
INFO:app.core.database:批量执行SQL，查询: INSERT INTO crm_customer (customer_id, name, gender, phone, email, birthday, address, create_time, update_time, is_deleted) VALUES ($1, $2, $3, $4, $5, $6, $7, $8, $9, $10), 值数量: 1
INFO:app.core.database:连接数据库: 172.16.10.196:5432/db_house
INFO:app.core.database:批量执行SQL完成
INFO:app.services.data_generator:表 crm_customer 已插入剩余 1 条记录并缓存主键值
INFO:app.services.data_generator:独立表 crm_customer 生成完成，记录数: 1
INFO:app.services.data_generator:开始为独立表 ext_market_trend 生成数据
INFO:app.core.database:批量执行SQL，查询: INSERT INTO ext_market_trend (id, period, region, category, market_size, growth_rate, data_source) VALUES ($1, $2, $3, $4, $5, $6, $7), 值数量: 1
INFO:app.core.database:连接数据库: 172.16.10.196:5432/db_house
INFO:app.core.database:批量执行SQL完成
INFO:app.services.data_generator:表 ext_market_trend 已插入剩余 1 条记录并缓存主键值
INFO:app.services.data_generator:独立表 ext_market_trend 生成完成，记录数: 1
INFO:app.services.data_generator:=== 阶段2：生成依赖表 ===
INFO:app.services.data_generator:表依赖排序结果: ['oms_order', 'lms_shipment', 'fms_financial_transaction', 'oms_order_item']
INFO:app.services.data_generator:排序后的依赖表: ['oms_order', 'lms_shipment', 'fms_financial_transaction', 'oms_order_item']
INFO:app.services.data_generator:开始为依赖表 oms_order 生成数据
INFO:app.core.database:批量执行SQL，查询: INSERT INTO oms_order (order_id, order_channel, customer_code, order_amount, discount_amount, pay_amount, order_status, province, city, district, detail_address, order_time) VALUES ($1, $2, $3, $4, $5, $6, $7, $8, $9, $10, $11, $12), 值数量: 1
INFO:app.core.database:连接数据库: 172.16.10.196:5432/db_house
INFO:app.core.database:批量执行SQL完成
INFO:app.services.data_generator:表 oms_order 已插入剩余 1 条记录并缓存主键值
INFO:app.services.data_generator:依赖表 oms_order 生成完成，记录数: 1
INFO:app.services.data_generator:开始为依赖表 lms_shipment 生成数据
INFO:app.core.database:批量执行SQL，查询: INSERT INTO lms_shipment (shipment_id, order_id, carrier, sender_address, receiver_info, current_status, shipping_time, estimated_delivery, actual_delivery) VALUES ($1, $2, $3, $4, $5, $6, $7, $8, $9), 值数量: 1
INFO:app.core.database:连接数据库: 172.16.10.196:5432/db_house
INFO:app.core.database:批量执行SQL完成
INFO:app.services.data_generator:表 lms_shipment 已插入剩余 1 条记录并缓存主键值
INFO:app.services.data_generator:依赖表 lms_shipment 生成完成，记录数: 1
INFO:app.services.data_generator:开始为依赖表 fms_financial_transaction 生成数据
INFO:app.core.database:批量执行SQL，查询: INSERT INTO fms_financial_transaction (transaction_id, order_id, payment_method, transaction_type, transaction_amount, transaction_status, transaction_time) VALUES ($1, $2, $3, $4, $5, $6, $7), 值数量: 1
INFO:app.core.database:连接数据库: 172.16.10.196:5432/db_house
INFO:app.core.database:批量执行SQL完成
INFO:app.services.data_generator:表 fms_financial_transaction 已插入剩余 1 条记录并缓存主键值
INFO:app.services.data_generator:依赖表 fms_financial_transaction 生成完成，记录数: 1
INFO:app.services.data_generator:开始为依赖表 oms_order_item 生成数据
INFO:app.core.database:批量执行SQL，查询: INSERT INTO oms_order_item (id, order_id, product_sku, product_name, quantity, price) VALUES ($1, $2, $3, $4, $5, $6), 值数量: 1
INFO:app.core.database:连接数据库: 172.16.10.196:5432/db_house
INFO:app.core.database:批量执行SQL完成
INFO:app.services.data_generator:表 oms_order_item 已插入剩余 1 条记录并缓存主键值
INFO:app.services.data_generator:依赖表 oms_order_item 生成完成，记录数: 1
INFO:app.services.data_generator:数据生成完成，总记录数: 7
INFO:app.services.data_generator:退出 generate_data_for_tables 方法
INFO:app.services.data_generator:开始 generate_data_for_tables 方法
INFO:app.services.data_generator:独立表（阶段1）: ['crawler_competitor_price', 'crm_customer', 'ext_market_trend']
INFO:app.services.data_generator:依赖表（阶段2）: ['oms_order', 'lms_shipment', 'fms_financial_transaction', 'oms_order_item']
INFO:app.services.data_generator:初始化数据库计数器
INFO:app.core.database:执行查询: SELECT MAX(id) FROM crawler_competitor_price, 参数: ()
INFO:app.core.database:连接数据库: 172.16.10.196:5432/db_house
INFO:app.core.database:查询执行成功
INFO:app.core.database:执行查询: SELECT MAX(id) FROM ext_market_trend, 参数: ()
INFO:app.core.database:连接数据库: 172.16.10.196:5432/db_house
INFO:app.core.database:查询执行成功
INFO:app.core.database:执行查询: SELECT MAX(id) FROM oms_order_item, 参数: ()
INFO:app.core.database:连接数据库: 172.16.10.196:5432/db_house
INFO:app.core.database:查询执行成功
INFO:app.services.data_generator:计数器初始化完成: {'crawler_competitor_price_id': 24, 'ext_market_trend_id': 24, 'oms_order_item_id': 24}
INFO:app.services.data_generator:开始处理日期: 2025-10-23
INFO:app.services.data_generator:当天计划生成记录数: 1
INFO:app.services.data_generator:已清空外键缓存
INFO:app.services.data_generator:=== 阶段1：生成独立表 ===
INFO:app.services.data_generator:开始为独立表 crawler_competitor_price 生成数据
INFO:app.core.database:批量执行SQL，查询: INSERT INTO crawler_competitor_price (id, crawl_time, platform, competitor_name, product_name, product_sku, price, promotion_info, is_in_stock) VALUES ($1, $2, $3, $4, $5, $6, $7, $8, $9), 值数量: 1
INFO:app.core.database:连接数据库: 172.16.10.196:5432/db_house
INFO:app.core.database:批量执行SQL完成
INFO:app.services.data_generator:表 crawler_competitor_price 已插入剩余 1 条记录并缓存主键值
INFO:app.services.data_generator:独立表 crawler_competitor_price 生成完成，记录数: 1
INFO:app.services.data_generator:开始为独立表 crm_customer 生成数据
INFO:app.core.database:批量执行SQL，查询: INSERT INTO crm_customer (customer_id, name, gender, phone, email, birthday, address, create_time, update_time, is_deleted) VALUES ($1, $2, $3, $4, $5, $6, $7, $8, $9, $10), 值数量: 1
INFO:app.core.database:连接数据库: 172.16.10.196:5432/db_house
INFO:app.core.database:批量执行SQL完成
INFO:app.services.data_generator:表 crm_customer 已插入剩余 1 条记录并缓存主键值
INFO:app.services.data_generator:独立表 crm_customer 生成完成，记录数: 1
INFO:app.services.data_generator:开始为独立表 ext_market_trend 生成数据
INFO:app.core.database:批量执行SQL，查询: INSERT INTO ext_market_trend (id, period, region, category, market_size, growth_rate, data_source) VALUES ($1, $2, $3, $4, $5, $6, $7), 值数量: 1
INFO:app.core.database:连接数据库: 172.16.10.196:5432/db_house
INFO:app.core.database:批量执行SQL完成
INFO:app.services.data_generator:表 ext_market_trend 已插入剩余 1 条记录并缓存主键值
INFO:app.services.data_generator:独立表 ext_market_trend 生成完成，记录数: 1
INFO:app.services.data_generator:=== 阶段2：生成依赖表 ===
INFO:app.services.data_generator:表依赖排序结果: ['oms_order', 'lms_shipment', 'fms_financial_transaction', 'oms_order_item']
INFO:app.services.data_generator:排序后的依赖表: ['oms_order', 'lms_shipment', 'fms_financial_transaction', 'oms_order_item']
INFO:app.services.data_generator:开始为依赖表 oms_order 生成数据
INFO:app.core.database:批量执行SQL，查询: INSERT INTO oms_order (order_id, order_channel, customer_code, order_amount, discount_amount, pay_amount, order_status, province, city, district, detail_address, order_time) VALUES ($1, $2, $3, $4, $5, $6, $7, $8, $9, $10, $11, $12), 值数量: 1
INFO:app.core.database:连接数据库: 172.16.10.196:5432/db_house
INFO:app.core.database:批量执行SQL完成
INFO:app.services.data_generator:表 oms_order 已插入剩余 1 条记录并缓存主键值
INFO:app.services.data_generator:依赖表 oms_order 生成完成，记录数: 1
INFO:app.services.data_generator:开始为依赖表 lms_shipment 生成数据
INFO:app.core.database:批量执行SQL，查询: INSERT INTO lms_shipment (shipment_id, order_id, carrier, sender_address, receiver_info, current_status, shipping_time, estimated_delivery, actual_delivery) VALUES ($1, $2, $3, $4, $5, $6, $7, $8, $9), 值数量: 1
INFO:app.core.database:连接数据库: 172.16.10.196:5432/db_house
INFO:app.core.database:批量执行SQL完成
INFO:app.services.data_generator:表 lms_shipment 已插入剩余 1 条记录并缓存主键值
INFO:app.services.data_generator:依赖表 lms_shipment 生成完成，记录数: 1
INFO:app.services.data_generator:开始为依赖表 fms_financial_transaction 生成数据
INFO:app.core.database:批量执行SQL，查询: INSERT INTO fms_financial_transaction (transaction_id, order_id, payment_method, transaction_type, transaction_amount, transaction_status, transaction_time) VALUES ($1, $2, $3, $4, $5, $6, $7), 值数量: 1
INFO:app.core.database:连接数据库: 172.16.10.196:5432/db_house
INFO:app.core.database:批量执行SQL完成
INFO:app.services.data_generator:表 fms_financial_transaction 已插入剩余 1 条记录并缓存主键值
INFO:app.services.data_generator:依赖表 fms_financial_transaction 生成完成，记录数: 1
INFO:app.services.data_generator:开始为依赖表 oms_order_item 生成数据
INFO:app.core.database:批量执行SQL，查询: INSERT INTO oms_order_item (id, order_id, product_sku, product_name, quantity, price) VALUES ($1, $2, $3, $4, $5, $6), 值数量: 1
INFO:app.core.database:连接数据库: 172.16.10.196:5432/db_house
INFO:app.core.database:批量执行SQL完成
INFO:app.services.data_generator:表 oms_order_item 已插入剩余 1 条记录并缓存主键值
INFO:app.services.data_generator:依赖表 oms_order_item 生成完成，记录数: 1
INFO:app.services.data_generator:数据生成完成，总记录数: 7
INFO:app.services.data_generator:退出 generate_data_for_tables 方法
INFO:app.services.data_generator:开始 generate_data_for_tables 方法
INFO:app.services.data_generator:独立表（阶段1）: ['crawler_competitor_price', 'crm_customer', 'ext_market_trend']
INFO:app.services.data_generator:依赖表（阶段2）: ['oms_order', 'lms_shipment', 'fms_financial_transaction', 'oms_order_item']
INFO:app.services.data_generator:初始化数据库计数器
INFO:app.core.database:执行查询: SELECT MAX(id) FROM crawler_competitor_price, 参数: ()
INFO:app.core.database:连接数据库: 172.16.10.196:5432/db_house
INFO:app.core.database:查询执行成功
INFO:app.core.database:执行查询: SELECT MAX(id) FROM ext_market_trend, 参数: ()
INFO:app.core.database:连接数据库: 172.16.10.196:5432/db_house
INFO:app.core.database:查询执行成功
INFO:app.core.database:执行查询: SELECT MAX(id) FROM oms_order_item, 参数: ()
INFO:app.core.database:连接数据库: 172.16.10.196:5432/db_house
INFO:app.core.database:查询执行成功
INFO:app.services.data_generator:计数器初始化完成: {'crawler_competitor_price_id': 25, 'ext_market_trend_id': 25, 'oms_order_item_id': 25}
INFO:app.services.data_generator:开始处理日期: 2025-10-23
INFO:app.services.data_generator:当天计划生成记录数: 1
INFO:app.services.data_generator:已清空外键缓存
INFO:app.services.data_generator:=== 阶段1：生成独立表 ===
INFO:app.services.data_generator:开始为独立表 crawler_competitor_price 生成数据
INFO:app.core.database:批量执行SQL，查询: INSERT INTO crawler_competitor_price (id, crawl_time, platform, competitor_name, product_name, product_sku, price, promotion_info, is_in_stock) VALUES ($1, $2, $3, $4, $5, $6, $7, $8, $9), 值数量: 1
INFO:app.core.database:连接数据库: 172.16.10.196:5432/db_house
INFO:app.core.database:批量执行SQL完成
INFO:app.services.data_generator:表 crawler_competitor_price 已插入剩余 1 条记录并缓存主键值
INFO:app.services.data_generator:独立表 crawler_competitor_price 生成完成，记录数: 1
INFO:app.services.data_generator:开始为独立表 crm_customer 生成数据
INFO:app.core.database:批量执行SQL，查询: INSERT INTO crm_customer (customer_id, name, gender, phone, email, birthday, address, create_time, update_time, is_deleted) VALUES ($1, $2, $3, $4, $5, $6, $7, $8, $9, $10), 值数量: 1
INFO:app.core.database:连接数据库: 172.16.10.196:5432/db_house
INFO:app.core.database:批量执行SQL完成
INFO:app.services.data_generator:表 crm_customer 已插入剩余 1 条记录并缓存主键值
INFO:app.services.data_generator:独立表 crm_customer 生成完成，记录数: 1
INFO:app.services.data_generator:开始为独立表 ext_market_trend 生成数据
INFO:app.core.database:批量执行SQL，查询: INSERT INTO ext_market_trend (id, period, region, category, market_size, growth_rate, data_source) VALUES ($1, $2, $3, $4, $5, $6, $7), 值数量: 1
INFO:app.core.database:连接数据库: 172.16.10.196:5432/db_house
INFO:app.core.database:批量执行SQL完成
INFO:app.services.data_generator:表 ext_market_trend 已插入剩余 1 条记录并缓存主键值
INFO:app.services.data_generator:独立表 ext_market_trend 生成完成，记录数: 1
INFO:app.services.data_generator:=== 阶段2：生成依赖表 ===
INFO:app.services.data_generator:表依赖排序结果: ['oms_order', 'lms_shipment', 'fms_financial_transaction', 'oms_order_item']
INFO:app.services.data_generator:排序后的依赖表: ['oms_order', 'lms_shipment', 'fms_financial_transaction', 'oms_order_item']
INFO:app.services.data_generator:开始为依赖表 oms_order 生成数据
INFO:app.core.database:批量执行SQL，查询: INSERT INTO oms_order (order_id, order_channel, customer_code, order_amount, discount_amount, pay_amount, order_status, province, city, district, detail_address, order_time) VALUES ($1, $2, $3, $4, $5, $6, $7, $8, $9, $10, $11, $12), 值数量: 1
INFO:app.core.database:连接数据库: 172.16.10.196:5432/db_house
INFO:app.core.database:批量执行SQL完成
INFO:app.services.data_generator:表 oms_order 已插入剩余 1 条记录并缓存主键值
INFO:app.services.data_generator:依赖表 oms_order 生成完成，记录数: 1
INFO:app.services.data_generator:开始为依赖表 lms_shipment 生成数据
INFO:app.core.database:批量执行SQL，查询: INSERT INTO lms_shipment (shipment_id, order_id, carrier, sender_address, receiver_info, current_status, shipping_time, estimated_delivery, actual_delivery) VALUES ($1, $2, $3, $4, $5, $6, $7, $8, $9), 值数量: 1
INFO:app.core.database:连接数据库: 172.16.10.196:5432/db_house
INFO:app.core.database:批量执行SQL完成
INFO:app.services.data_generator:表 lms_shipment 已插入剩余 1 条记录并缓存主键值
INFO:app.services.data_generator:依赖表 lms_shipment 生成完成，记录数: 1
INFO:app.services.data_generator:开始为依赖表 fms_financial_transaction 生成数据
INFO:app.core.database:批量执行SQL，查询: INSERT INTO fms_financial_transaction (transaction_id, order_id, payment_method, transaction_type, transaction_amount, transaction_status, transaction_time) VALUES ($1, $2, $3, $4, $5, $6, $7), 值数量: 1
INFO:app.core.database:连接数据库: 172.16.10.196:5432/db_house
INFO:app.core.database:批量执行SQL完成
INFO:app.services.data_generator:表 fms_financial_transaction 已插入剩余 1 条记录并缓存主键值
INFO:app.services.data_generator:依赖表 fms_financial_transaction 生成完成，记录数: 1
INFO:app.services.data_generator:开始为依赖表 oms_order_item 生成数据
INFO:app.core.database:批量执行SQL，查询: INSERT INTO oms_order_item (id, order_id, product_sku, product_name, quantity, price) VALUES ($1, $2, $3, $4, $5, $6), 值数量: 1
INFO:app.core.database:连接数据库: 172.16.10.196:5432/db_house
INFO:app.core.database:批量执行SQL完成
INFO:app.services.data_generator:表 oms_order_item 已插入剩余 1 条记录并缓存主键值
INFO:app.services.data_generator:依赖表 oms_order_item 生成完成，记录数: 1
INFO:app.services.data_generator:数据生成完成，总记录数: 7
INFO:app.services.data_generator:退出 generate_data_for_tables 方法
INFO:app.services.data_generator:开始 generate_data_for_tables 方法
INFO:app.services.data_generator:独立表（阶段1）: ['crawler_competitor_price', 'crm_customer', 'ext_market_trend']
INFO:app.services.data_generator:依赖表（阶段2）: ['oms_order', 'lms_shipment', 'fms_financial_transaction', 'oms_order_item']
INFO:app.services.data_generator:初始化数据库计数器
INFO:app.core.database:执行查询: SELECT MAX(id) FROM crawler_competitor_price, 参数: ()
INFO:app.core.database:连接数据库: 172.16.10.196:5432/db_house
INFO:app.core.database:查询执行成功
INFO:app.core.database:执行查询: SELECT MAX(id) FROM ext_market_trend, 参数: ()
INFO:app.core.database:连接数据库: 172.16.10.196:5432/db_house
INFO:app.core.database:查询执行成功
INFO:app.core.database:执行查询: SELECT MAX(id) FROM oms_order_item, 参数: ()
INFO:app.core.database:连接数据库: 172.16.10.196:5432/db_house
INFO:app.core.database:查询执行成功
INFO:app.services.data_generator:计数器初始化完成: {'crawler_competitor_price_id': 26, 'ext_market_trend_id': 26, 'oms_order_item_id': 26}
INFO:app.services.data_generator:开始处理日期: 2025-10-23
INFO:app.services.data_generator:当天计划生成记录数: 1
INFO:app.services.data_generator:已清空外键缓存
INFO:app.services.data_generator:=== 阶段1：生成独立表 ===
INFO:app.services.data_generator:开始为独立表 crawler_competitor_price 生成数据
INFO:app.core.database:批量执行SQL，查询: INSERT INTO crawler_competitor_price (id, crawl_time, platform, competitor_name, product_name, product_sku, price, promotion_info, is_in_stock) VALUES ($1, $2, $3, $4, $5, $6, $7, $8, $9), 值数量: 1
INFO:app.core.database:连接数据库: 172.16.10.196:5432/db_house
INFO:app.core.database:批量执行SQL完成
INFO:app.services.data_generator:表 crawler_competitor_price 已插入剩余 1 条记录并缓存主键值
INFO:app.services.data_generator:独立表 crawler_competitor_price 生成完成，记录数: 1
INFO:app.services.data_generator:开始为独立表 crm_customer 生成数据
INFO:app.core.database:批量执行SQL，查询: INSERT INTO crm_customer (customer_id, name, gender, phone, email, birthday, address, create_time, update_time, is_deleted) VALUES ($1, $2, $3, $4, $5, $6, $7, $8, $9, $10), 值数量: 1
INFO:app.core.database:连接数据库: 172.16.10.196:5432/db_house
INFO:app.core.database:批量执行SQL完成
INFO:app.services.data_generator:表 crm_customer 已插入剩余 1 条记录并缓存主键值
INFO:app.services.data_generator:独立表 crm_customer 生成完成，记录数: 1
INFO:app.services.data_generator:开始为独立表 ext_market_trend 生成数据
INFO:app.core.database:批量执行SQL，查询: INSERT INTO ext_market_trend (id, period, region, category, market_size, growth_rate, data_source) VALUES ($1, $2, $3, $4, $5, $6, $7), 值数量: 1
INFO:app.core.database:连接数据库: 172.16.10.196:5432/db_house
INFO:app.core.database:批量执行SQL完成
INFO:app.services.data_generator:表 ext_market_trend 已插入剩余 1 条记录并缓存主键值
INFO:app.services.data_generator:独立表 ext_market_trend 生成完成，记录数: 1
INFO:app.services.data_generator:=== 阶段2：生成依赖表 ===
INFO:app.services.data_generator:表依赖排序结果: ['oms_order', 'lms_shipment', 'fms_financial_transaction', 'oms_order_item']
INFO:app.services.data_generator:排序后的依赖表: ['oms_order', 'lms_shipment', 'fms_financial_transaction', 'oms_order_item']
INFO:app.services.data_generator:开始为依赖表 oms_order 生成数据
INFO:app.core.database:批量执行SQL，查询: INSERT INTO oms_order (order_id, order_channel, customer_code, order_amount, discount_amount, pay_amount, order_status, province, city, district, detail_address, order_time) VALUES ($1, $2, $3, $4, $5, $6, $7, $8, $9, $10, $11, $12), 值数量: 1
INFO:app.core.database:连接数据库: 172.16.10.196:5432/db_house
INFO:app.core.database:批量执行SQL完成
INFO:app.services.data_generator:表 oms_order 已插入剩余 1 条记录并缓存主键值
INFO:app.services.data_generator:依赖表 oms_order 生成完成，记录数: 1
INFO:app.services.data_generator:开始为依赖表 lms_shipment 生成数据
INFO:app.core.database:批量执行SQL，查询: INSERT INTO lms_shipment (shipment_id, order_id, carrier, sender_address, receiver_info, current_status, shipping_time, estimated_delivery, actual_delivery) VALUES ($1, $2, $3, $4, $5, $6, $7, $8, $9), 值数量: 1
INFO:app.core.database:连接数据库: 172.16.10.196:5432/db_house
INFO:app.core.database:批量执行SQL完成
INFO:app.services.data_generator:表 lms_shipment 已插入剩余 1 条记录并缓存主键值
INFO:app.services.data_generator:依赖表 lms_shipment 生成完成，记录数: 1
INFO:app.services.data_generator:开始为依赖表 fms_financial_transaction 生成数据
INFO:app.core.database:批量执行SQL，查询: INSERT INTO fms_financial_transaction (transaction_id, order_id, payment_method, transaction_type, transaction_amount, transaction_status, transaction_time) VALUES ($1, $2, $3, $4, $5, $6, $7), 值数量: 1
INFO:app.core.database:连接数据库: 172.16.10.196:5432/db_house
INFO:app.core.database:批量执行SQL完成
INFO:app.services.data_generator:表 fms_financial_transaction 已插入剩余 1 条记录并缓存主键值
INFO:app.services.data_generator:依赖表 fms_financial_transaction 生成完成，记录数: 1
INFO:app.services.data_generator:开始为依赖表 oms_order_item 生成数据
INFO:app.core.database:批量执行SQL，查询: INSERT INTO oms_order_item (id, order_id, product_sku, product_name, quantity, price) VALUES ($1, $2, $3, $4, $5, $6), 值数量: 1
INFO:app.core.database:连接数据库: 172.16.10.196:5432/db_house
INFO:app.core.database:批量执行SQL完成
INFO:app.services.data_generator:表 oms_order_item 已插入剩余 1 条记录并缓存主键值
INFO:app.services.data_generator:依赖表 oms_order_item 生成完成，记录数: 1
INFO:app.services.data_generator:数据生成完成，总记录数: 7
INFO:app.services.data_generator:退出 generate_data_for_tables 方法
INFO:app.services.data_generator:开始 generate_data_for_tables 方法
INFO:app.services.data_generator:独立表（阶段1）: ['crawler_competitor_price', 'crm_customer', 'ext_market_trend']
INFO:app.services.data_generator:依赖表（阶段2）: ['oms_order', 'lms_shipment', 'fms_financial_transaction', 'oms_order_item']
INFO:app.services.data_generator:初始化数据库计数器
INFO:app.core.database:执行查询: SELECT MAX(id) FROM crawler_competitor_price, 参数: ()
INFO:app.core.database:连接数据库: 172.16.10.196:5432/db_house
INFO:app.core.database:查询执行成功
INFO:app.core.database:执行查询: SELECT MAX(id) FROM ext_market_trend, 参数: ()
INFO:app.core.database:连接数据库: 172.16.10.196:5432/db_house
INFO:app.core.database:查询执行成功
INFO:app.core.database:执行查询: SELECT MAX(id) FROM oms_order_item, 参数: ()
INFO:app.core.database:连接数据库: 172.16.10.196:5432/db_house
INFO:app.core.database:查询执行成功
INFO:app.services.data_generator:计数器初始化完成: {'crawler_competitor_price_id': 27, 'ext_market_trend_id': 27, 'oms_order_item_id': 27}
INFO:app.services.data_generator:开始处理日期: 2025-10-23
INFO:app.services.data_generator:当天计划生成记录数: 1
INFO:app.services.data_generator:已清空外键缓存
INFO:app.services.data_generator:=== 阶段1：生成独立表 ===
INFO:app.services.data_generator:开始为独立表 crawler_competitor_price 生成数据
INFO:app.core.database:批量执行SQL，查询: INSERT INTO crawler_competitor_price (id, crawl_time, platform, competitor_name, product_name, product_sku, price, promotion_info, is_in_stock) VALUES ($1, $2, $3, $4, $5, $6, $7, $8, $9), 值数量: 1
INFO:app.core.database:连接数据库: 172.16.10.196:5432/db_house
INFO:app.core.database:批量执行SQL完成
INFO:app.services.data_generator:表 crawler_competitor_price 已插入剩余 1 条记录并缓存主键值
INFO:app.services.data_generator:独立表 crawler_competitor_price 生成完成，记录数: 1
INFO:app.services.data_generator:开始为独立表 crm_customer 生成数据
INFO:app.core.database:批量执行SQL，查询: INSERT INTO crm_customer (customer_id, name, gender, phone, email, birthday, address, create_time, update_time, is_deleted) VALUES ($1, $2, $3, $4, $5, $6, $7, $8, $9, $10), 值数量: 1
INFO:app.core.database:连接数据库: 172.16.10.196:5432/db_house
INFO:app.core.database:批量执行SQL完成
INFO:app.services.data_generator:表 crm_customer 已插入剩余 1 条记录并缓存主键值
INFO:app.services.data_generator:独立表 crm_customer 生成完成，记录数: 1
INFO:app.services.data_generator:开始为独立表 ext_market_trend 生成数据
INFO:app.core.database:批量执行SQL，查询: INSERT INTO ext_market_trend (id, period, region, category, market_size, growth_rate, data_source) VALUES ($1, $2, $3, $4, $5, $6, $7), 值数量: 1
INFO:app.core.database:连接数据库: 172.16.10.196:5432/db_house
INFO:app.core.database:批量执行SQL完成
INFO:app.services.data_generator:表 ext_market_trend 已插入剩余 1 条记录并缓存主键值
INFO:app.services.data_generator:独立表 ext_market_trend 生成完成，记录数: 1
INFO:app.services.data_generator:=== 阶段2：生成依赖表 ===
INFO:app.services.data_generator:表依赖排序结果: ['oms_order', 'lms_shipment', 'fms_financial_transaction', 'oms_order_item']
INFO:app.services.data_generator:排序后的依赖表: ['oms_order', 'lms_shipment', 'fms_financial_transaction', 'oms_order_item']
INFO:app.services.data_generator:开始为依赖表 oms_order 生成数据
INFO:app.core.database:批量执行SQL，查询: INSERT INTO oms_order (order_id, order_channel, customer_code, order_amount, discount_amount, pay_amount, order_status, province, city, district, detail_address, order_time) VALUES ($1, $2, $3, $4, $5, $6, $7, $8, $9, $10, $11, $12), 值数量: 1
INFO:app.core.database:连接数据库: 172.16.10.196:5432/db_house
INFO:app.core.database:批量执行SQL完成
INFO:app.services.data_generator:表 oms_order 已插入剩余 1 条记录并缓存主键值
INFO:app.services.data_generator:依赖表 oms_order 生成完成，记录数: 1
INFO:app.services.data_generator:开始为依赖表 lms_shipment 生成数据
INFO:app.core.database:批量执行SQL，查询: INSERT INTO lms_shipment (shipment_id, order_id, carrier, sender_address, receiver_info, current_status, shipping_time, estimated_delivery, actual_delivery) VALUES ($1, $2, $3, $4, $5, $6, $7, $8, $9), 值数量: 1
INFO:app.core.database:连接数据库: 172.16.10.196:5432/db_house
INFO:app.core.database:批量执行SQL完成
INFO:app.services.data_generator:表 lms_shipment 已插入剩余 1 条记录并缓存主键值
INFO:app.services.data_generator:依赖表 lms_shipment 生成完成，记录数: 1
INFO:app.services.data_generator:开始为依赖表 fms_financial_transaction 生成数据
INFO:app.core.database:批量执行SQL，查询: INSERT INTO fms_financial_transaction (transaction_id, order_id, payment_method, transaction_type, transaction_amount, transaction_status, transaction_time) VALUES ($1, $2, $3, $4, $5, $6, $7), 值数量: 1
INFO:app.core.database:连接数据库: 172.16.10.196:5432/db_house
INFO:app.core.database:批量执行SQL完成
INFO:app.services.data_generator:表 fms_financial_transaction 已插入剩余 1 条记录并缓存主键值
INFO:app.services.data_generator:依赖表 fms_financial_transaction 生成完成，记录数: 1
INFO:app.services.data_generator:开始为依赖表 oms_order_item 生成数据
INFO:app.core.database:批量执行SQL，查询: INSERT INTO oms_order_item (id, order_id, product_sku, product_name, quantity, price) VALUES ($1, $2, $3, $4, $5, $6), 值数量: 1
INFO:app.core.database:连接数据库: 172.16.10.196:5432/db_house
INFO:app.core.database:批量执行SQL完成
INFO:app.services.data_generator:表 oms_order_item 已插入剩余 1 条记录并缓存主键值
INFO:app.services.data_generator:依赖表 oms_order_item 生成完成，记录数: 1
INFO:app.services.data_generator:数据生成完成，总记录数: 7
INFO:app.services.data_generator:退出 generate_data_for_tables 方法
INFO:app.core.database:数据库连接已关闭
数据库连接URL----: postgresql://isap_admin:113RfkdsDMDb6H7T@172.16.10.196:5432/db_house
[2025-10-23 16:41:14.135180] ✅ 成功连接到数据库: db_house
[2025-10-23 16:41:14.135194] 🚀 启动持续数据生成服务 (任务ID: 44e742c1)
   表: oms_order, crawler_competitor_price, lms_shipment, crm_customer, fms_financial_transaction, ext_market_trend, oms_order_item
   间隔: 1 秒
   每批记录数: 1
   任务ID: 44e742c1
   日志文件: logs/background_service_44e742c1.log
   按 Ctrl+C 停止服务
[2025-10-23 16:41:14.135208] 📦 开始生成第 1 批数据...
[2025-10-23 16:41:14.543194] 📦 生成了 7 条记录
[2025-10-23 16:41:14.543214] ✅ 第 1 批数据生成完成
[2025-10-23 16:41:14.543218] ⏱️ 等待 1 秒后继续...
[2025-10-23 16:41:15.544598] 📦 开始生成第 2 批数据...
[2025-10-23 16:41:16.129555] 📦 生成了 7 条记录
[2025-10-23 16:41:16.129575] ✅ 第 2 批数据生成完成
[2025-10-23 16:41:16.129580] ⏱️ 等待 1 秒后继续...
[2025-10-23 16:41:17.130771] 📦 开始生成第 3 批数据...
[2025-10-23 16:41:17.565912] 📦 生成了 7 条记录
[2025-10-23 16:41:17.565931] ✅ 第 3 批数据生成完成
[2025-10-23 16:41:17.565935] ⏱️ 等待 1 秒后继续...
[2025-10-23 16:41:18.567082] 📦 开始生成第 4 批数据...
[2025-10-23 16:41:19.174799] 📦 生成了 7 条记录
[2025-10-23 16:41:19.174822] ✅ 第 4 批数据生成完成
[2025-10-23 16:41:19.174826] ⏱️ 等待 1 秒后继续...
[2025-10-23 16:41:20.175967] 📦 开始生成第 5 批数据...
[2025-10-23 16:41:20.339751] 📦 生成了 7 条记录
[2025-10-23 16:41:20.339773] ✅ 第 5 批数据生成完成
[2025-10-23 16:41:20.339784] ⏱️ 等待 1 秒后继续...
[2025-10-23 16:41:21.340927] 📦 开始生成第 6 批数据...
[2025-10-23 16:41:21.475873] 📦 生成了 7 条记录
[2025-10-23 16:41:21.475898] ✅ 第 6 批数据生成完成
[2025-10-23 16:41:21.475905] ⏱️ 等待 1 秒后继续...
[2025-10-23 16:41:22.477077] 📦 开始生成第 7 批数据...
[2025-10-23 16:41:22.873984] 📦 生成了 7 条记录
[2025-10-23 16:41:22.874002] ✅ 第 7 批数据生成完成
[2025-10-23 16:41:22.874006] ⏱️ 等待 1 秒后继续...
[2025-10-23 16:41:23.875154] 📦 开始生成第 8 批数据...
[2025-10-23 16:41:24.405568] 📦 生成了 7 条记录
[2025-10-23 16:41:24.405601] ✅ 第 8 批数据生成完成
[2025-10-23 16:41:24.405609] ⏱️ 等待 1 秒后继续...
[2025-10-23 16:41:25.406175] 📦 开始生成第 9 批数据...
[2025-10-23 16:41:25.554279] 📦 生成了 7 条记录
[2025-10-23 16:41:25.554294] ✅ 第 9 批数据生成完成
[2025-10-23 16:41:25.554297] ⏱️ 等待 1 秒后继续...
[2025-10-23 16:41:26.555422] 📦 开始生成第 10 批数据...
[2025-10-23 16:41:26.700514] 📦 生成了 7 条记录
[2025-10-23 16:41:26.700562] ✅ 第 10 批数据生成完成
[2025-10-23 16:41:26.700571] ⏱️ 等待 1 秒后继续...
[2025-10-23 16:41:27.701720] 📦 开始生成第 11 批数据...
[2025-10-23 16:41:28.273275] 📦 生成了 7 条记录
[2025-10-23 16:41:28.273293] ✅ 第 11 批数据生成完成
[2025-10-23 16:41:28.273297] ⏱️ 等待 1 秒后继续...
[2025-10-23 16:41:29.274435] 📦 开始生成第 12 批数据...
[2025-10-23 16:41:29.890761] 📦 生成了 7 条记录
[2025-10-23 16:41:29.890778] ✅ 第 12 批数据生成完成
[2025-10-23 16:41:29.890782] ⏱️ 等待 1 秒后继续...
[2025-10-23 16:41:30.891885] 📦 开始生成第 13 批数据...
[2025-10-23 16:41:31.382955] 📦 生成了 7 条记录
[2025-10-23 16:41:31.382977] ✅ 第 13 批数据生成完成
[2025-10-23 16:41:31.382982] ⏱️ 等待 1 秒后继续...
[2025-10-23 16:41:32.383572] 📦 开始生成第 14 批数据...
[2025-10-23 16:41:32.732870] 📦 生成了 7 条记录
[2025-10-23 16:41:32.732887] ✅ 第 14 批数据生成完成
[2025-10-23 16:41:32.732891] ⏱️ 等待 1 秒后继续...
[2025-10-23 16:41:33.734037] 📦 开始生成第 15 批数据...
[2025-10-23 16:41:34.339300] 📦 生成了 7 条记录
[2025-10-23 16:41:34.339315] ✅ 第 15 批数据生成完成
[2025-10-23 16:41:34.339319] ⏱️ 等待 1 秒后继续...
[2025-10-23 16:41:35.340498] 📦 开始生成第 16 批数据...
[2025-10-23 16:41:36.060691] 📦 生成了 7 条记录
[2025-10-23 16:41:36.060713] ✅ 第 16 批数据生成完成
[2025-10-23 16:41:36.060720] ⏱️ 等待 1 秒后继续...
[2025-10-23 16:41:37.061828] 📦 开始生成第 17 批数据...
[2025-10-23 16:41:37.447595] 📦 生成了 7 条记录
[2025-10-23 16:41:37.447620] ✅ 第 17 批数据生成完成
[2025-10-23 16:41:37.447629] ⏱️ 等待 1 秒后继续...
[2025-10-23 16:41:38.447848] 📦 开始生成第 18 批数据...
[2025-10-23 16:41:39.040115] 📦 生成了 7 条记录
[2025-10-23 16:41:39.040133] ✅ 第 18 批数据生成完成
[2025-10-23 16:41:39.040137] ⏱️ 等待 1 秒后继续...
[2025-10-23 16:41:40.041310] 📦 开始生成第 19 批数据...
[2025-10-23 16:41:40.785292] 📦 生成了 7 条记录
[2025-10-23 16:41:40.785319] ✅ 第 19 批数据生成完成
[2025-10-23 16:41:40.785327] ⏱️ 等待 1 秒后继续...
[2025-10-23 16:41:41.786391] 📦 开始生成第 20 批数据...
[2025-10-23 16:41:42.747539] 📦 生成了 7 条记录
[2025-10-23 16:41:42.747550] ✅ 第 20 批数据生成完成
[2025-10-23 16:41:42.747552] ⏱️ 等待 1 秒后继续...
[2025-10-23 16:41:43.748698] 📦 开始生成第 21 批数据...
[2025-10-23 16:41:44.007049] 📦 生成了 7 条记录
[2025-10-23 16:41:44.007075] ✅ 第 21 批数据生成完成
[2025-10-23 16:41:44.007094] ⏱️ 等待 1 秒后继续...
[2025-10-23 16:41:45.008229] 📦 开始生成第 22 批数据...
[2025-10-23 16:41:45.396728] 📦 生成了 7 条记录
[2025-10-23 16:41:45.396753] ✅ 第 22 批数据生成完成
[2025-10-23 16:41:45.396761] ⏱️ 等待 1 秒后继续...
[2025-10-23 16:41:46.397947] 📦 开始生成第 23 批数据...
[2025-10-23 16:41:46.535573] 📦 生成了 7 条记录
[2025-10-23 16:41:46.535601] ✅ 第 23 批数据生成完成
[2025-10-23 16:41:46.535609] ⏱️ 等待 1 秒后继续...
[2025-10-23 16:41:47.536411] 📦 开始生成第 24 批数据...
[2025-10-23 16:41:47.949929] 📦 生成了 7 条记录
[2025-10-23 16:41:47.949948] ✅ 第 24 批数据生成完成
[2025-10-23 16:41:47.949953] ⏱️ 等待 1 秒后继续...
[2025-10-23 16:41:48.951088] 📦 开始生成第 25 批数据...
[2025-10-23 16:41:49.258944] 📦 生成了 7 条记录
[2025-10-23 16:41:49.258967] ✅ 第 25 批数据生成完成
[2025-10-23 16:41:49.258973] ⏱️ 等待 1 秒后继续...
[2025-10-23 16:41:50.259164] 📦 开始生成第 26 批数据...
[2025-10-23 16:41:50.925228] 📦 生成了 7 条记录
[2025-10-23 16:41:50.925249] ✅ 第 26 批数据生成完成
[2025-10-23 16:41:50.925254] ⏱️ 等待 1 秒后继续...
[2025-10-23 16:41:51.926415] 📦 开始生成第 27 批数据...
[2025-10-23 16:41:52.401750] 📦 生成了 7 条记录
[2025-10-23 16:41:52.401770] ✅ 第 27 批数据生成完成
[2025-10-23 16:41:52.401776] ⏱️ 等待 1 秒后继续...
[2025-10-23 16:41:53.402014] 📦 开始生成第 28 批数据...
[2025-10-23 16:41:53.710646] 📦 生成了 7 条记录
[2025-10-23 16:41:53.710665] ✅ 第 28 批数据生成完成
[2025-10-23 16:41:53.710670] ⏱️ 等待 1 秒后继续...

[2025-10-23 16:41:54.611201] 🛑 收到停止信号，正在关闭...
[2025-10-23 16:41:54.711813] 🛑 持续数据生成服务已停止
[2025-10-23 16:41:54.752366] 🔌 已断开数据库连接
