INFO:app.core.database:连接数据库: 172.16.10.196:5432/db_house
INFO:app.core.database:数据库连接成功
INFO:app.services.data_generator:开始 generate_data_for_tables 方法
INFO:app.services.data_generator:独立表（阶段1）: ['crawler_competitor_price', 'crm_customer', 'ext_market_trend']
INFO:app.services.data_generator:依赖表（阶段2）: ['oms_order', 'lms_shipment', 'fms_financial_transaction', 'oms_order_item']
INFO:app.services.data_generator:初始化数据库计数器
INFO:app.core.database:执行查询: SELECT MAX(id) FROM crawler_competitor_price, 参数: ()
INFO:app.core.database:连接数据库: 172.16.10.196:5432/db_house
INFO:app.core.database:查询执行成功
INFO:app.core.database:执行查询: SELECT MAX(id) FROM ext_market_trend, 参数: ()
INFO:app.core.database:连接数据库: 172.16.10.196:5432/db_house
INFO:app.core.database:查询执行成功
INFO:app.core.database:执行查询: SELECT MAX(id) FROM oms_order_item, 参数: ()
INFO:app.core.database:连接数据库: 172.16.10.196:5432/db_house
INFO:app.core.database:查询执行成功
INFO:app.services.data_generator:计数器初始化完成: {'crawler_competitor_price_id': 0, 'ext_market_trend_id': 0, 'oms_order_item_id': 0}
INFO:app.services.data_generator:开始处理日期: 2025-10-23
INFO:app.services.data_generator:当天计划生成记录数: 1
INFO:app.services.data_generator:已清空外键缓存
INFO:app.services.data_generator:=== 阶段1：生成独立表 ===
INFO:app.services.data_generator:开始为独立表 crawler_competitor_price 生成数据
INFO:app.core.database:批量执行SQL，查询: INSERT INTO crawler_competitor_price (id, crawl_time, platform, competitor_name, product_name, product_sku, price, promotion_info, is_in_stock) VALUES ($1, $2, $3, $4, $5, $6, $7, $8, $9), 值数量: 1
INFO:app.core.database:连接数据库: 172.16.10.196:5432/db_house
INFO:app.core.database:批量执行SQL完成
INFO:app.services.data_generator:表 crawler_competitor_price 已插入剩余 1 条记录并缓存主键值
INFO:app.services.data_generator:独立表 crawler_competitor_price 生成完成，记录数: 1
INFO:app.services.data_generator:开始为独立表 crm_customer 生成数据
INFO:app.core.database:批量执行SQL，查询: INSERT INTO crm_customer (customer_id, name, gender, phone, email, birthday, address, create_time, update_time, is_deleted) VALUES ($1, $2, $3, $4, $5, $6, $7, $8, $9, $10), 值数量: 1
INFO:app.core.database:连接数据库: 172.16.10.196:5432/db_house
INFO:app.core.database:批量执行SQL完成
INFO:app.services.data_generator:表 crm_customer 已插入剩余 1 条记录并缓存主键值
INFO:app.services.data_generator:独立表 crm_customer 生成完成，记录数: 1
INFO:app.services.data_generator:开始为独立表 ext_market_trend 生成数据
INFO:app.core.database:批量执行SQL，查询: INSERT INTO ext_market_trend (id, period, region, category, market_size, growth_rate, data_source) VALUES ($1, $2, $3, $4, $5, $6, $7), 值数量: 1
INFO:app.core.database:连接数据库: 172.16.10.196:5432/db_house
INFO:app.core.database:批量执行SQL完成
INFO:app.services.data_generator:表 ext_market_trend 已插入剩余 1 条记录并缓存主键值
INFO:app.services.data_generator:独立表 ext_market_trend 生成完成，记录数: 1
INFO:app.services.data_generator:=== 阶段2：生成依赖表 ===
INFO:app.services.data_generator:表依赖排序结果: ['oms_order', 'lms_shipment', 'fms_financial_transaction', 'oms_order_item']
INFO:app.services.data_generator:排序后的依赖表: ['oms_order', 'lms_shipment', 'fms_financial_transaction', 'oms_order_item']
INFO:app.services.data_generator:开始为依赖表 oms_order 生成数据
INFO:app.core.database:批量执行SQL，查询: INSERT INTO oms_order (order_id, order_channel, customer_code, order_amount, discount_amount, pay_amount, order_status, province, city, district, detail_address, order_time) VALUES ($1, $2, $3, $4, $5, $6, $7, $8, $9, $10, $11, $12), 值数量: 1
INFO:app.core.database:连接数据库: 172.16.10.196:5432/db_house
INFO:app.core.database:批量执行SQL完成
INFO:app.services.data_generator:表 oms_order 已插入剩余 1 条记录并缓存主键值
INFO:app.services.data_generator:依赖表 oms_order 生成完成，记录数: 1
INFO:app.services.data_generator:开始为依赖表 lms_shipment 生成数据
INFO:app.core.database:批量执行SQL，查询: INSERT INTO lms_shipment (shipment_id, order_id, carrier, sender_address, receiver_info, current_status, shipping_time, estimated_delivery, actual_delivery) VALUES ($1, $2, $3, $4, $5, $6, $7, $8, $9), 值数量: 1
INFO:app.core.database:连接数据库: 172.16.10.196:5432/db_house
INFO:app.core.database:批量执行SQL完成
INFO:app.services.data_generator:表 lms_shipment 已插入剩余 1 条记录并缓存主键值
INFO:app.services.data_generator:依赖表 lms_shipment 生成完成，记录数: 1
INFO:app.services.data_generator:开始为依赖表 fms_financial_transaction 生成数据
INFO:app.core.database:批量执行SQL，查询: INSERT INTO fms_financial_transaction (transaction_id, order_id, payment_method, transaction_type, transaction_amount, transaction_status, transaction_time) VALUES ($1, $2, $3, $4, $5, $6, $7), 值数量: 1
INFO:app.core.database:连接数据库: 172.16.10.196:5432/db_house
INFO:app.core.database:批量执行SQL完成
INFO:app.services.data_generator:表 fms_financial_transaction 已插入剩余 1 条记录并缓存主键值
INFO:app.services.data_generator:依赖表 fms_financial_transaction 生成完成，记录数: 1
INFO:app.services.data_generator:开始为依赖表 oms_order_item 生成数据
INFO:app.core.database:批量执行SQL，查询: INSERT INTO oms_order_item (id, order_id, product_sku, product_name, quantity, price) VALUES ($1, $2, $3, $4, $5, $6), 值数量: 1
INFO:app.core.database:连接数据库: 172.16.10.196:5432/db_house
INFO:app.core.database:批量执行SQL完成
INFO:app.services.data_generator:表 oms_order_item 已插入剩余 1 条记录并缓存主键值
INFO:app.services.data_generator:依赖表 oms_order_item 生成完成，记录数: 1
INFO:app.services.data_generator:数据生成完成，总记录数: 7
INFO:app.services.data_generator:退出 generate_data_for_tables 方法
INFO:app.services.data_generator:开始 generate_data_for_tables 方法
INFO:app.services.data_generator:独立表（阶段1）: ['crawler_competitor_price', 'crm_customer', 'ext_market_trend']
INFO:app.services.data_generator:依赖表（阶段2）: ['oms_order', 'lms_shipment', 'fms_financial_transaction', 'oms_order_item']
INFO:app.services.data_generator:初始化数据库计数器
INFO:app.core.database:执行查询: SELECT MAX(id) FROM crawler_competitor_price, 参数: ()
INFO:app.core.database:连接数据库: 172.16.10.196:5432/db_house
INFO:app.core.database:查询执行成功
INFO:app.core.database:执行查询: SELECT MAX(id) FROM ext_market_trend, 参数: ()
INFO:app.core.database:连接数据库: 172.16.10.196:5432/db_house
INFO:app.core.database:查询执行成功
INFO:app.core.database:执行查询: SELECT MAX(id) FROM oms_order_item, 参数: ()
INFO:app.core.database:连接数据库: 172.16.10.196:5432/db_house
INFO:app.core.database:查询执行成功
INFO:app.services.data_generator:计数器初始化完成: {'crawler_competitor_price_id': 1, 'ext_market_trend_id': 1, 'oms_order_item_id': 1}
INFO:app.services.data_generator:开始处理日期: 2025-10-23
INFO:app.services.data_generator:当天计划生成记录数: 1
INFO:app.services.data_generator:已清空外键缓存
INFO:app.services.data_generator:=== 阶段1：生成独立表 ===
INFO:app.services.data_generator:开始为独立表 crawler_competitor_price 生成数据
INFO:app.core.database:批量执行SQL，查询: INSERT INTO crawler_competitor_price (id, crawl_time, platform, competitor_name, product_name, product_sku, price, promotion_info, is_in_stock) VALUES ($1, $2, $3, $4, $5, $6, $7, $8, $9), 值数量: 1
INFO:app.core.database:连接数据库: 172.16.10.196:5432/db_house
INFO:app.core.database:批量执行SQL完成
INFO:app.services.data_generator:表 crawler_competitor_price 已插入剩余 1 条记录并缓存主键值
INFO:app.services.data_generator:独立表 crawler_competitor_price 生成完成，记录数: 1
INFO:app.services.data_generator:开始为独立表 crm_customer 生成数据
INFO:app.core.database:批量执行SQL，查询: INSERT INTO crm_customer (customer_id, name, gender, phone, email, birthday, address, create_time, update_time, is_deleted) VALUES ($1, $2, $3, $4, $5, $6, $7, $8, $9, $10), 值数量: 1
INFO:app.core.database:连接数据库: 172.16.10.196:5432/db_house
INFO:app.core.database:批量执行SQL完成
INFO:app.services.data_generator:表 crm_customer 已插入剩余 1 条记录并缓存主键值
INFO:app.services.data_generator:独立表 crm_customer 生成完成，记录数: 1
INFO:app.services.data_generator:开始为独立表 ext_market_trend 生成数据
INFO:app.core.database:批量执行SQL，查询: INSERT INTO ext_market_trend (id, period, region, category, market_size, growth_rate, data_source) VALUES ($1, $2, $3, $4, $5, $6, $7), 值数量: 1
INFO:app.core.database:连接数据库: 172.16.10.196:5432/db_house
INFO:app.core.database:批量执行SQL完成
INFO:app.services.data_generator:表 ext_market_trend 已插入剩余 1 条记录并缓存主键值
INFO:app.services.data_generator:独立表 ext_market_trend 生成完成，记录数: 1
INFO:app.services.data_generator:=== 阶段2：生成依赖表 ===
INFO:app.services.data_generator:表依赖排序结果: ['oms_order', 'lms_shipment', 'fms_financial_transaction', 'oms_order_item']
INFO:app.services.data_generator:排序后的依赖表: ['oms_order', 'lms_shipment', 'fms_financial_transaction', 'oms_order_item']
INFO:app.services.data_generator:开始为依赖表 oms_order 生成数据
INFO:app.core.database:批量执行SQL，查询: INSERT INTO oms_order (order_id, order_channel, customer_code, order_amount, discount_amount, pay_amount, order_status, province, city, district, detail_address, order_time) VALUES ($1, $2, $3, $4, $5, $6, $7, $8, $9, $10, $11, $12), 值数量: 1
INFO:app.core.database:连接数据库: 172.16.10.196:5432/db_house
INFO:app.core.database:批量执行SQL完成
INFO:app.services.data_generator:表 oms_order 已插入剩余 1 条记录并缓存主键值
INFO:app.services.data_generator:依赖表 oms_order 生成完成，记录数: 1
INFO:app.services.data_generator:开始为依赖表 lms_shipment 生成数据
INFO:app.core.database:批量执行SQL，查询: INSERT INTO lms_shipment (shipment_id, order_id, carrier, sender_address, receiver_info, current_status, shipping_time, estimated_delivery, actual_delivery) VALUES ($1, $2, $3, $4, $5, $6, $7, $8, $9), 值数量: 1
INFO:app.core.database:连接数据库: 172.16.10.196:5432/db_house
INFO:app.core.database:批量执行SQL完成
INFO:app.services.data_generator:表 lms_shipment 已插入剩余 1 条记录并缓存主键值
INFO:app.services.data_generator:依赖表 lms_shipment 生成完成，记录数: 1
INFO:app.services.data_generator:开始为依赖表 fms_financial_transaction 生成数据
INFO:app.core.database:批量执行SQL，查询: INSERT INTO fms_financial_transaction (transaction_id, order_id, payment_method, transaction_type, transaction_amount, transaction_status, transaction_time) VALUES ($1, $2, $3, $4, $5, $6, $7), 值数量: 1
INFO:app.core.database:连接数据库: 172.16.10.196:5432/db_house
INFO:app.core.database:批量执行SQL完成
INFO:app.services.data_generator:表 fms_financial_transaction 已插入剩余 1 条记录并缓存主键值
INFO:app.services.data_generator:依赖表 fms_financial_transaction 生成完成，记录数: 1
INFO:app.services.data_generator:开始为依赖表 oms_order_item 生成数据
INFO:app.core.database:批量执行SQL，查询: INSERT INTO oms_order_item (id, order_id, product_sku, product_name, quantity, price) VALUES ($1, $2, $3, $4, $5, $6), 值数量: 1
INFO:app.core.database:连接数据库: 172.16.10.196:5432/db_house
INFO:app.core.database:批量执行SQL完成
INFO:app.services.data_generator:表 oms_order_item 已插入剩余 1 条记录并缓存主键值
INFO:app.services.data_generator:依赖表 oms_order_item 生成完成，记录数: 1
INFO:app.services.data_generator:数据生成完成，总记录数: 7
INFO:app.services.data_generator:退出 generate_data_for_tables 方法
INFO:app.services.data_generator:开始 generate_data_for_tables 方法
INFO:app.services.data_generator:独立表（阶段1）: ['crawler_competitor_price', 'crm_customer', 'ext_market_trend']
INFO:app.services.data_generator:依赖表（阶段2）: ['oms_order', 'lms_shipment', 'fms_financial_transaction', 'oms_order_item']
INFO:app.services.data_generator:初始化数据库计数器
INFO:app.core.database:执行查询: SELECT MAX(id) FROM crawler_competitor_price, 参数: ()
INFO:app.core.database:连接数据库: 172.16.10.196:5432/db_house
INFO:app.core.database:查询执行成功
INFO:app.core.database:执行查询: SELECT MAX(id) FROM ext_market_trend, 参数: ()
INFO:app.core.database:连接数据库: 172.16.10.196:5432/db_house
INFO:app.core.database:查询执行成功
INFO:app.core.database:执行查询: SELECT MAX(id) FROM oms_order_item, 参数: ()
INFO:app.core.database:连接数据库: 172.16.10.196:5432/db_house
INFO:app.core.database:查询执行成功
INFO:app.services.data_generator:计数器初始化完成: {'crawler_competitor_price_id': 2, 'ext_market_trend_id': 2, 'oms_order_item_id': 2}
INFO:app.services.data_generator:开始处理日期: 2025-10-23
INFO:app.services.data_generator:当天计划生成记录数: 1
INFO:app.services.data_generator:已清空外键缓存
INFO:app.services.data_generator:=== 阶段1：生成独立表 ===
INFO:app.services.data_generator:开始为独立表 crawler_competitor_price 生成数据
INFO:app.core.database:批量执行SQL，查询: INSERT INTO crawler_competitor_price (id, crawl_time, platform, competitor_name, product_name, product_sku, price, promotion_info, is_in_stock) VALUES ($1, $2, $3, $4, $5, $6, $7, $8, $9), 值数量: 1
INFO:app.core.database:连接数据库: 172.16.10.196:5432/db_house
INFO:app.core.database:批量执行SQL完成
INFO:app.services.data_generator:表 crawler_competitor_price 已插入剩余 1 条记录并缓存主键值
INFO:app.services.data_generator:独立表 crawler_competitor_price 生成完成，记录数: 1
INFO:app.services.data_generator:开始为独立表 crm_customer 生成数据
INFO:app.core.database:批量执行SQL，查询: INSERT INTO crm_customer (customer_id, name, gender, phone, email, birthday, address, create_time, update_time, is_deleted) VALUES ($1, $2, $3, $4, $5, $6, $7, $8, $9, $10), 值数量: 1
INFO:app.core.database:连接数据库: 172.16.10.196:5432/db_house
INFO:app.core.database:批量执行SQL完成
INFO:app.services.data_generator:表 crm_customer 已插入剩余 1 条记录并缓存主键值
INFO:app.services.data_generator:独立表 crm_customer 生成完成，记录数: 1
INFO:app.services.data_generator:开始为独立表 ext_market_trend 生成数据
INFO:app.core.database:批量执行SQL，查询: INSERT INTO ext_market_trend (id, period, region, category, market_size, growth_rate, data_source) VALUES ($1, $2, $3, $4, $5, $6, $7), 值数量: 1
INFO:app.core.database:连接数据库: 172.16.10.196:5432/db_house
INFO:app.core.database:批量执行SQL完成
INFO:app.services.data_generator:表 ext_market_trend 已插入剩余 1 条记录并缓存主键值
INFO:app.services.data_generator:独立表 ext_market_trend 生成完成，记录数: 1
INFO:app.services.data_generator:=== 阶段2：生成依赖表 ===
INFO:app.services.data_generator:表依赖排序结果: ['oms_order', 'lms_shipment', 'fms_financial_transaction', 'oms_order_item']
INFO:app.services.data_generator:排序后的依赖表: ['oms_order', 'lms_shipment', 'fms_financial_transaction', 'oms_order_item']
INFO:app.services.data_generator:开始为依赖表 oms_order 生成数据
INFO:app.core.database:批量执行SQL，查询: INSERT INTO oms_order (order_id, order_channel, customer_code, order_amount, discount_amount, pay_amount, order_status, province, city, district, detail_address, order_time) VALUES ($1, $2, $3, $4, $5, $6, $7, $8, $9, $10, $11, $12), 值数量: 1
INFO:app.core.database:连接数据库: 172.16.10.196:5432/db_house
INFO:app.core.database:批量执行SQL完成
INFO:app.services.data_generator:表 oms_order 已插入剩余 1 条记录并缓存主键值
INFO:app.services.data_generator:依赖表 oms_order 生成完成，记录数: 1
INFO:app.services.data_generator:开始为依赖表 lms_shipment 生成数据
INFO:app.core.database:批量执行SQL，查询: INSERT INTO lms_shipment (shipment_id, order_id, carrier, sender_address, receiver_info, current_status, shipping_time, estimated_delivery, actual_delivery) VALUES ($1, $2, $3, $4, $5, $6, $7, $8, $9), 值数量: 1
INFO:app.core.database:连接数据库: 172.16.10.196:5432/db_house
INFO:app.core.database:批量执行SQL完成
INFO:app.services.data_generator:表 lms_shipment 已插入剩余 1 条记录并缓存主键值
INFO:app.services.data_generator:依赖表 lms_shipment 生成完成，记录数: 1
INFO:app.services.data_generator:开始为依赖表 fms_financial_transaction 生成数据
INFO:app.core.database:批量执行SQL，查询: INSERT INTO fms_financial_transaction (transaction_id, order_id, payment_method, transaction_type, transaction_amount, transaction_status, transaction_time) VALUES ($1, $2, $3, $4, $5, $6, $7), 值数量: 1
INFO:app.core.database:连接数据库: 172.16.10.196:5432/db_house
INFO:app.core.database:批量执行SQL完成
INFO:app.services.data_generator:表 fms_financial_transaction 已插入剩余 1 条记录并缓存主键值
INFO:app.services.data_generator:依赖表 fms_financial_transaction 生成完成，记录数: 1
INFO:app.services.data_generator:开始为依赖表 oms_order_item 生成数据
INFO:app.core.database:批量执行SQL，查询: INSERT INTO oms_order_item (id, order_id, product_sku, product_name, quantity, price) VALUES ($1, $2, $3, $4, $5, $6), 值数量: 1
INFO:app.core.database:连接数据库: 172.16.10.196:5432/db_house
INFO:app.core.database:批量执行SQL完成
INFO:app.services.data_generator:表 oms_order_item 已插入剩余 1 条记录并缓存主键值
INFO:app.services.data_generator:依赖表 oms_order_item 生成完成，记录数: 1
INFO:app.services.data_generator:数据生成完成，总记录数: 7
INFO:app.services.data_generator:退出 generate_data_for_tables 方法
INFO:app.services.data_generator:开始 generate_data_for_tables 方法
INFO:app.services.data_generator:独立表（阶段1）: ['crawler_competitor_price', 'crm_customer', 'ext_market_trend']
INFO:app.services.data_generator:依赖表（阶段2）: ['oms_order', 'lms_shipment', 'fms_financial_transaction', 'oms_order_item']
INFO:app.services.data_generator:初始化数据库计数器
INFO:app.core.database:执行查询: SELECT MAX(id) FROM crawler_competitor_price, 参数: ()
INFO:app.core.database:连接数据库: 172.16.10.196:5432/db_house
INFO:app.core.database:查询执行成功
INFO:app.core.database:执行查询: SELECT MAX(id) FROM ext_market_trend, 参数: ()
INFO:app.core.database:连接数据库: 172.16.10.196:5432/db_house
INFO:app.core.database:查询执行成功
INFO:app.core.database:执行查询: SELECT MAX(id) FROM oms_order_item, 参数: ()
INFO:app.core.database:连接数据库: 172.16.10.196:5432/db_house
INFO:app.core.database:查询执行成功
INFO:app.services.data_generator:计数器初始化完成: {'crawler_competitor_price_id': 3, 'ext_market_trend_id': 3, 'oms_order_item_id': 3}
INFO:app.services.data_generator:开始处理日期: 2025-10-23
INFO:app.services.data_generator:当天计划生成记录数: 1
INFO:app.services.data_generator:已清空外键缓存
INFO:app.services.data_generator:=== 阶段1：生成独立表 ===
INFO:app.services.data_generator:开始为独立表 crawler_competitor_price 生成数据
INFO:app.core.database:批量执行SQL，查询: INSERT INTO crawler_competitor_price (id, crawl_time, platform, competitor_name, product_name, product_sku, price, promotion_info, is_in_stock) VALUES ($1, $2, $3, $4, $5, $6, $7, $8, $9), 值数量: 1
INFO:app.core.database:连接数据库: 172.16.10.196:5432/db_house
INFO:app.core.database:批量执行SQL完成
INFO:app.services.data_generator:表 crawler_competitor_price 已插入剩余 1 条记录并缓存主键值
INFO:app.services.data_generator:独立表 crawler_competitor_price 生成完成，记录数: 1
INFO:app.services.data_generator:开始为独立表 crm_customer 生成数据
INFO:app.core.database:批量执行SQL，查询: INSERT INTO crm_customer (customer_id, name, gender, phone, email, birthday, address, create_time, update_time, is_deleted) VALUES ($1, $2, $3, $4, $5, $6, $7, $8, $9, $10), 值数量: 1
INFO:app.core.database:连接数据库: 172.16.10.196:5432/db_house
INFO:app.core.database:批量执行SQL完成
INFO:app.services.data_generator:表 crm_customer 已插入剩余 1 条记录并缓存主键值
INFO:app.services.data_generator:独立表 crm_customer 生成完成，记录数: 1
INFO:app.services.data_generator:开始为独立表 ext_market_trend 生成数据
INFO:app.core.database:批量执行SQL，查询: INSERT INTO ext_market_trend (id, period, region, category, market_size, growth_rate, data_source) VALUES ($1, $2, $3, $4, $5, $6, $7), 值数量: 1
INFO:app.core.database:连接数据库: 172.16.10.196:5432/db_house
INFO:app.core.database:批量执行SQL完成
INFO:app.services.data_generator:表 ext_market_trend 已插入剩余 1 条记录并缓存主键值
INFO:app.services.data_generator:独立表 ext_market_trend 生成完成，记录数: 1
INFO:app.services.data_generator:=== 阶段2：生成依赖表 ===
INFO:app.services.data_generator:表依赖排序结果: ['oms_order', 'lms_shipment', 'fms_financial_transaction', 'oms_order_item']
INFO:app.services.data_generator:排序后的依赖表: ['oms_order', 'lms_shipment', 'fms_financial_transaction', 'oms_order_item']
INFO:app.services.data_generator:开始为依赖表 oms_order 生成数据
INFO:app.core.database:批量执行SQL，查询: INSERT INTO oms_order (order_id, order_channel, customer_code, order_amount, discount_amount, pay_amount, order_status, province, city, district, detail_address, order_time) VALUES ($1, $2, $3, $4, $5, $6, $7, $8, $9, $10, $11, $12), 值数量: 1
INFO:app.core.database:连接数据库: 172.16.10.196:5432/db_house
INFO:app.core.database:批量执行SQL完成
INFO:app.services.data_generator:表 oms_order 已插入剩余 1 条记录并缓存主键值
INFO:app.services.data_generator:依赖表 oms_order 生成完成，记录数: 1
INFO:app.services.data_generator:开始为依赖表 lms_shipment 生成数据
INFO:app.core.database:批量执行SQL，查询: INSERT INTO lms_shipment (shipment_id, order_id, carrier, sender_address, receiver_info, current_status, shipping_time, estimated_delivery, actual_delivery) VALUES ($1, $2, $3, $4, $5, $6, $7, $8, $9), 值数量: 1
INFO:app.core.database:连接数据库: 172.16.10.196:5432/db_house
INFO:app.core.database:批量执行SQL完成
INFO:app.services.data_generator:表 lms_shipment 已插入剩余 1 条记录并缓存主键值
INFO:app.services.data_generator:依赖表 lms_shipment 生成完成，记录数: 1
INFO:app.services.data_generator:开始为依赖表 fms_financial_transaction 生成数据
INFO:app.core.database:批量执行SQL，查询: INSERT INTO fms_financial_transaction (transaction_id, order_id, payment_method, transaction_type, transaction_amount, transaction_status, transaction_time) VALUES ($1, $2, $3, $4, $5, $6, $7), 值数量: 1
INFO:app.core.database:连接数据库: 172.16.10.196:5432/db_house
INFO:app.core.database:批量执行SQL完成
INFO:app.services.data_generator:表 fms_financial_transaction 已插入剩余 1 条记录并缓存主键值
INFO:app.services.data_generator:依赖表 fms_financial_transaction 生成完成，记录数: 1
INFO:app.services.data_generator:开始为依赖表 oms_order_item 生成数据
INFO:app.core.database:批量执行SQL，查询: INSERT INTO oms_order_item (id, order_id, product_sku, product_name, quantity, price) VALUES ($1, $2, $3, $4, $5, $6), 值数量: 1
INFO:app.core.database:连接数据库: 172.16.10.196:5432/db_house
INFO:app.core.database:批量执行SQL完成
INFO:app.services.data_generator:表 oms_order_item 已插入剩余 1 条记录并缓存主键值
INFO:app.services.data_generator:依赖表 oms_order_item 生成完成，记录数: 1
INFO:app.services.data_generator:数据生成完成，总记录数: 7
INFO:app.services.data_generator:退出 generate_data_for_tables 方法
INFO:app.services.data_generator:开始 generate_data_for_tables 方法
INFO:app.services.data_generator:独立表（阶段1）: ['crawler_competitor_price', 'crm_customer', 'ext_market_trend']
INFO:app.services.data_generator:依赖表（阶段2）: ['oms_order', 'lms_shipment', 'fms_financial_transaction', 'oms_order_item']
INFO:app.services.data_generator:初始化数据库计数器
INFO:app.core.database:执行查询: SELECT MAX(id) FROM crawler_competitor_price, 参数: ()
INFO:app.core.database:连接数据库: 172.16.10.196:5432/db_house
INFO:app.core.database:查询执行成功
INFO:app.core.database:执行查询: SELECT MAX(id) FROM ext_market_trend, 参数: ()
INFO:app.core.database:连接数据库: 172.16.10.196:5432/db_house
INFO:app.core.database:查询执行成功
INFO:app.core.database:执行查询: SELECT MAX(id) FROM oms_order_item, 参数: ()
INFO:app.core.database:连接数据库: 172.16.10.196:5432/db_house
INFO:app.core.database:查询执行成功
INFO:app.services.data_generator:计数器初始化完成: {'crawler_competitor_price_id': 4, 'ext_market_trend_id': 4, 'oms_order_item_id': 4}
INFO:app.services.data_generator:开始处理日期: 2025-10-23
INFO:app.services.data_generator:当天计划生成记录数: 1
INFO:app.services.data_generator:已清空外键缓存
INFO:app.services.data_generator:=== 阶段1：生成独立表 ===
INFO:app.services.data_generator:开始为独立表 crawler_competitor_price 生成数据
INFO:app.core.database:批量执行SQL，查询: INSERT INTO crawler_competitor_price (id, crawl_time, platform, competitor_name, product_name, product_sku, price, promotion_info, is_in_stock) VALUES ($1, $2, $3, $4, $5, $6, $7, $8, $9), 值数量: 1
INFO:app.core.database:连接数据库: 172.16.10.196:5432/db_house
INFO:app.core.database:批量执行SQL完成
INFO:app.services.data_generator:表 crawler_competitor_price 已插入剩余 1 条记录并缓存主键值
INFO:app.services.data_generator:独立表 crawler_competitor_price 生成完成，记录数: 1
INFO:app.services.data_generator:开始为独立表 crm_customer 生成数据
INFO:app.core.database:批量执行SQL，查询: INSERT INTO crm_customer (customer_id, name, gender, phone, email, birthday, address, create_time, update_time, is_deleted) VALUES ($1, $2, $3, $4, $5, $6, $7, $8, $9, $10), 值数量: 1
INFO:app.core.database:连接数据库: 172.16.10.196:5432/db_house
INFO:app.core.database:批量执行SQL完成
INFO:app.services.data_generator:表 crm_customer 已插入剩余 1 条记录并缓存主键值
INFO:app.services.data_generator:独立表 crm_customer 生成完成，记录数: 1
INFO:app.services.data_generator:开始为独立表 ext_market_trend 生成数据
INFO:app.core.database:批量执行SQL，查询: INSERT INTO ext_market_trend (id, period, region, category, market_size, growth_rate, data_source) VALUES ($1, $2, $3, $4, $5, $6, $7), 值数量: 1
INFO:app.core.database:连接数据库: 172.16.10.196:5432/db_house
INFO:app.core.database:批量执行SQL完成
INFO:app.services.data_generator:表 ext_market_trend 已插入剩余 1 条记录并缓存主键值
INFO:app.services.data_generator:独立表 ext_market_trend 生成完成，记录数: 1
INFO:app.services.data_generator:=== 阶段2：生成依赖表 ===
INFO:app.services.data_generator:表依赖排序结果: ['oms_order', 'lms_shipment', 'fms_financial_transaction', 'oms_order_item']
INFO:app.services.data_generator:排序后的依赖表: ['oms_order', 'lms_shipment', 'fms_financial_transaction', 'oms_order_item']
INFO:app.services.data_generator:开始为依赖表 oms_order 生成数据
INFO:app.core.database:批量执行SQL，查询: INSERT INTO oms_order (order_id, order_channel, customer_code, order_amount, discount_amount, pay_amount, order_status, province, city, district, detail_address, order_time) VALUES ($1, $2, $3, $4, $5, $6, $7, $8, $9, $10, $11, $12), 值数量: 1
INFO:app.core.database:连接数据库: 172.16.10.196:5432/db_house
INFO:app.core.database:批量执行SQL完成
INFO:app.services.data_generator:表 oms_order 已插入剩余 1 条记录并缓存主键值
INFO:app.services.data_generator:依赖表 oms_order 生成完成，记录数: 1
INFO:app.services.data_generator:开始为依赖表 lms_shipment 生成数据
INFO:app.core.database:批量执行SQL，查询: INSERT INTO lms_shipment (shipment_id, order_id, carrier, sender_address, receiver_info, current_status, shipping_time, estimated_delivery, actual_delivery) VALUES ($1, $2, $3, $4, $5, $6, $7, $8, $9), 值数量: 1
INFO:app.core.database:连接数据库: 172.16.10.196:5432/db_house
INFO:app.core.database:批量执行SQL完成
INFO:app.services.data_generator:表 lms_shipment 已插入剩余 1 条记录并缓存主键值
INFO:app.services.data_generator:依赖表 lms_shipment 生成完成，记录数: 1
INFO:app.services.data_generator:开始为依赖表 fms_financial_transaction 生成数据
INFO:app.core.database:批量执行SQL，查询: INSERT INTO fms_financial_transaction (transaction_id, order_id, payment_method, transaction_type, transaction_amount, transaction_status, transaction_time) VALUES ($1, $2, $3, $4, $5, $6, $7), 值数量: 1
INFO:app.core.database:连接数据库: 172.16.10.196:5432/db_house
INFO:app.core.database:批量执行SQL完成
INFO:app.services.data_generator:表 fms_financial_transaction 已插入剩余 1 条记录并缓存主键值
INFO:app.services.data_generator:依赖表 fms_financial_transaction 生成完成，记录数: 1
INFO:app.services.data_generator:开始为依赖表 oms_order_item 生成数据
INFO:app.core.database:批量执行SQL，查询: INSERT INTO oms_order_item (id, order_id, product_sku, product_name, quantity, price) VALUES ($1, $2, $3, $4, $5, $6), 值数量: 1
INFO:app.core.database:连接数据库: 172.16.10.196:5432/db_house
INFO:app.core.database:批量执行SQL完成
INFO:app.services.data_generator:表 oms_order_item 已插入剩余 1 条记录并缓存主键值
INFO:app.services.data_generator:依赖表 oms_order_item 生成完成，记录数: 1
INFO:app.services.data_generator:数据生成完成，总记录数: 7
INFO:app.services.data_generator:退出 generate_data_for_tables 方法
INFO:app.services.data_generator:开始 generate_data_for_tables 方法
INFO:app.services.data_generator:独立表（阶段1）: ['crawler_competitor_price', 'crm_customer', 'ext_market_trend']
INFO:app.services.data_generator:依赖表（阶段2）: ['oms_order', 'lms_shipment', 'fms_financial_transaction', 'oms_order_item']
INFO:app.services.data_generator:初始化数据库计数器
INFO:app.core.database:执行查询: SELECT MAX(id) FROM crawler_competitor_price, 参数: ()
INFO:app.core.database:连接数据库: 172.16.10.196:5432/db_house
INFO:app.core.database:查询执行成功
INFO:app.core.database:执行查询: SELECT MAX(id) FROM ext_market_trend, 参数: ()
INFO:app.core.database:连接数据库: 172.16.10.196:5432/db_house
INFO:app.core.database:查询执行成功
INFO:app.core.database:执行查询: SELECT MAX(id) FROM oms_order_item, 参数: ()
INFO:app.core.database:连接数据库: 172.16.10.196:5432/db_house
INFO:app.core.database:查询执行成功
INFO:app.services.data_generator:计数器初始化完成: {'crawler_competitor_price_id': 5, 'ext_market_trend_id': 5, 'oms_order_item_id': 5}
INFO:app.services.data_generator:开始处理日期: 2025-10-23
INFO:app.services.data_generator:当天计划生成记录数: 1
INFO:app.services.data_generator:已清空外键缓存
INFO:app.services.data_generator:=== 阶段1：生成独立表 ===
INFO:app.services.data_generator:开始为独立表 crawler_competitor_price 生成数据
INFO:app.core.database:批量执行SQL，查询: INSERT INTO crawler_competitor_price (id, crawl_time, platform, competitor_name, product_name, product_sku, price, promotion_info, is_in_stock) VALUES ($1, $2, $3, $4, $5, $6, $7, $8, $9), 值数量: 1
INFO:app.core.database:连接数据库: 172.16.10.196:5432/db_house
INFO:app.core.database:批量执行SQL完成
INFO:app.services.data_generator:表 crawler_competitor_price 已插入剩余 1 条记录并缓存主键值
INFO:app.services.data_generator:独立表 crawler_competitor_price 生成完成，记录数: 1
INFO:app.services.data_generator:开始为独立表 crm_customer 生成数据
INFO:app.core.database:批量执行SQL，查询: INSERT INTO crm_customer (customer_id, name, gender, phone, email, birthday, address, create_time, update_time, is_deleted) VALUES ($1, $2, $3, $4, $5, $6, $7, $8, $9, $10), 值数量: 1
INFO:app.core.database:连接数据库: 172.16.10.196:5432/db_house
INFO:app.core.database:批量执行SQL完成
INFO:app.services.data_generator:表 crm_customer 已插入剩余 1 条记录并缓存主键值
INFO:app.services.data_generator:独立表 crm_customer 生成完成，记录数: 1
INFO:app.services.data_generator:开始为独立表 ext_market_trend 生成数据
INFO:app.core.database:批量执行SQL，查询: INSERT INTO ext_market_trend (id, period, region, category, market_size, growth_rate, data_source) VALUES ($1, $2, $3, $4, $5, $6, $7), 值数量: 1
INFO:app.core.database:连接数据库: 172.16.10.196:5432/db_house
INFO:app.core.database:批量执行SQL完成
INFO:app.services.data_generator:表 ext_market_trend 已插入剩余 1 条记录并缓存主键值
INFO:app.services.data_generator:独立表 ext_market_trend 生成完成，记录数: 1
INFO:app.services.data_generator:=== 阶段2：生成依赖表 ===
INFO:app.services.data_generator:表依赖排序结果: ['oms_order', 'lms_shipment', 'fms_financial_transaction', 'oms_order_item']
INFO:app.services.data_generator:排序后的依赖表: ['oms_order', 'lms_shipment', 'fms_financial_transaction', 'oms_order_item']
INFO:app.services.data_generator:开始为依赖表 oms_order 生成数据
INFO:app.core.database:批量执行SQL，查询: INSERT INTO oms_order (order_id, order_channel, customer_code, order_amount, discount_amount, pay_amount, order_status, province, city, district, detail_address, order_time) VALUES ($1, $2, $3, $4, $5, $6, $7, $8, $9, $10, $11, $12), 值数量: 1
INFO:app.core.database:连接数据库: 172.16.10.196:5432/db_house
INFO:app.core.database:批量执行SQL完成
INFO:app.services.data_generator:表 oms_order 已插入剩余 1 条记录并缓存主键值
INFO:app.services.data_generator:依赖表 oms_order 生成完成，记录数: 1
INFO:app.services.data_generator:开始为依赖表 lms_shipment 生成数据
INFO:app.core.database:批量执行SQL，查询: INSERT INTO lms_shipment (shipment_id, order_id, carrier, sender_address, receiver_info, current_status, shipping_time, estimated_delivery, actual_delivery) VALUES ($1, $2, $3, $4, $5, $6, $7, $8, $9), 值数量: 1
INFO:app.core.database:连接数据库: 172.16.10.196:5432/db_house
INFO:app.core.database:批量执行SQL完成
INFO:app.services.data_generator:表 lms_shipment 已插入剩余 1 条记录并缓存主键值
INFO:app.services.data_generator:依赖表 lms_shipment 生成完成，记录数: 1
INFO:app.services.data_generator:开始为依赖表 fms_financial_transaction 生成数据
INFO:app.core.database:批量执行SQL，查询: INSERT INTO fms_financial_transaction (transaction_id, order_id, payment_method, transaction_type, transaction_amount, transaction_status, transaction_time) VALUES ($1, $2, $3, $4, $5, $6, $7), 值数量: 1
INFO:app.core.database:连接数据库: 172.16.10.196:5432/db_house
INFO:app.core.database:批量执行SQL完成
INFO:app.services.data_generator:表 fms_financial_transaction 已插入剩余 1 条记录并缓存主键值
INFO:app.services.data_generator:依赖表 fms_financial_transaction 生成完成，记录数: 1
INFO:app.services.data_generator:开始为依赖表 oms_order_item 生成数据
INFO:app.core.database:批量执行SQL，查询: INSERT INTO oms_order_item (id, order_id, product_sku, product_name, quantity, price) VALUES ($1, $2, $3, $4, $5, $6), 值数量: 1
INFO:app.core.database:连接数据库: 172.16.10.196:5432/db_house
INFO:app.core.database:批量执行SQL完成
INFO:app.services.data_generator:表 oms_order_item 已插入剩余 1 条记录并缓存主键值
INFO:app.services.data_generator:依赖表 oms_order_item 生成完成，记录数: 1
INFO:app.services.data_generator:数据生成完成，总记录数: 7
INFO:app.services.data_generator:退出 generate_data_for_tables 方法
INFO:app.services.data_generator:开始 generate_data_for_tables 方法
INFO:app.services.data_generator:独立表（阶段1）: ['crawler_competitor_price', 'crm_customer', 'ext_market_trend']
INFO:app.services.data_generator:依赖表（阶段2）: ['oms_order', 'lms_shipment', 'fms_financial_transaction', 'oms_order_item']
INFO:app.services.data_generator:初始化数据库计数器
INFO:app.core.database:执行查询: SELECT MAX(id) FROM crawler_competitor_price, 参数: ()
INFO:app.core.database:连接数据库: 172.16.10.196:5432/db_house
INFO:app.core.database:查询执行成功
INFO:app.core.database:执行查询: SELECT MAX(id) FROM ext_market_trend, 参数: ()
INFO:app.core.database:连接数据库: 172.16.10.196:5432/db_house
INFO:app.core.database:查询执行成功
INFO:app.core.database:执行查询: SELECT MAX(id) FROM oms_order_item, 参数: ()
INFO:app.core.database:连接数据库: 172.16.10.196:5432/db_house
INFO:app.core.database:查询执行成功
INFO:app.services.data_generator:计数器初始化完成: {'crawler_competitor_price_id': 6, 'ext_market_trend_id': 6, 'oms_order_item_id': 6}
INFO:app.services.data_generator:开始处理日期: 2025-10-23
INFO:app.services.data_generator:当天计划生成记录数: 1
INFO:app.services.data_generator:已清空外键缓存
INFO:app.services.data_generator:=== 阶段1：生成独立表 ===
INFO:app.services.data_generator:开始为独立表 crawler_competitor_price 生成数据
INFO:app.core.database:批量执行SQL，查询: INSERT INTO crawler_competitor_price (id, crawl_time, platform, competitor_name, product_name, product_sku, price, promotion_info, is_in_stock) VALUES ($1, $2, $3, $4, $5, $6, $7, $8, $9), 值数量: 1
INFO:app.core.database:连接数据库: 172.16.10.196:5432/db_house
INFO:app.core.database:批量执行SQL完成
INFO:app.services.data_generator:表 crawler_competitor_price 已插入剩余 1 条记录并缓存主键值
INFO:app.services.data_generator:独立表 crawler_competitor_price 生成完成，记录数: 1
INFO:app.services.data_generator:开始为独立表 crm_customer 生成数据
INFO:app.core.database:批量执行SQL，查询: INSERT INTO crm_customer (customer_id, name, gender, phone, email, birthday, address, create_time, update_time, is_deleted) VALUES ($1, $2, $3, $4, $5, $6, $7, $8, $9, $10), 值数量: 1
INFO:app.core.database:连接数据库: 172.16.10.196:5432/db_house
INFO:app.core.database:批量执行SQL完成
INFO:app.services.data_generator:表 crm_customer 已插入剩余 1 条记录并缓存主键值
INFO:app.services.data_generator:独立表 crm_customer 生成完成，记录数: 1
INFO:app.services.data_generator:开始为独立表 ext_market_trend 生成数据
INFO:app.core.database:批量执行SQL，查询: INSERT INTO ext_market_trend (id, period, region, category, market_size, growth_rate, data_source) VALUES ($1, $2, $3, $4, $5, $6, $7), 值数量: 1
INFO:app.core.database:连接数据库: 172.16.10.196:5432/db_house
INFO:app.core.database:批量执行SQL完成
INFO:app.services.data_generator:表 ext_market_trend 已插入剩余 1 条记录并缓存主键值
INFO:app.services.data_generator:独立表 ext_market_trend 生成完成，记录数: 1
INFO:app.services.data_generator:=== 阶段2：生成依赖表 ===
INFO:app.services.data_generator:表依赖排序结果: ['oms_order', 'lms_shipment', 'fms_financial_transaction', 'oms_order_item']
INFO:app.services.data_generator:排序后的依赖表: ['oms_order', 'lms_shipment', 'fms_financial_transaction', 'oms_order_item']
INFO:app.services.data_generator:开始为依赖表 oms_order 生成数据
INFO:app.core.database:批量执行SQL，查询: INSERT INTO oms_order (order_id, order_channel, customer_code, order_amount, discount_amount, pay_amount, order_status, province, city, district, detail_address, order_time) VALUES ($1, $2, $3, $4, $5, $6, $7, $8, $9, $10, $11, $12), 值数量: 1
INFO:app.core.database:连接数据库: 172.16.10.196:5432/db_house
INFO:app.core.database:批量执行SQL完成
INFO:app.services.data_generator:表 oms_order 已插入剩余 1 条记录并缓存主键值
INFO:app.services.data_generator:依赖表 oms_order 生成完成，记录数: 1
INFO:app.services.data_generator:开始为依赖表 lms_shipment 生成数据
INFO:app.core.database:批量执行SQL，查询: INSERT INTO lms_shipment (shipment_id, order_id, carrier, sender_address, receiver_info, current_status, shipping_time, estimated_delivery, actual_delivery) VALUES ($1, $2, $3, $4, $5, $6, $7, $8, $9), 值数量: 1
INFO:app.core.database:连接数据库: 172.16.10.196:5432/db_house
INFO:app.core.database:批量执行SQL完成
INFO:app.services.data_generator:表 lms_shipment 已插入剩余 1 条记录并缓存主键值
INFO:app.services.data_generator:依赖表 lms_shipment 生成完成，记录数: 1
INFO:app.services.data_generator:开始为依赖表 fms_financial_transaction 生成数据
INFO:app.core.database:批量执行SQL，查询: INSERT INTO fms_financial_transaction (transaction_id, order_id, payment_method, transaction_type, transaction_amount, transaction_status, transaction_time) VALUES ($1, $2, $3, $4, $5, $6, $7), 值数量: 1
INFO:app.core.database:连接数据库: 172.16.10.196:5432/db_house
INFO:app.core.database:批量执行SQL完成
INFO:app.services.data_generator:表 fms_financial_transaction 已插入剩余 1 条记录并缓存主键值
INFO:app.services.data_generator:依赖表 fms_financial_transaction 生成完成，记录数: 1
INFO:app.services.data_generator:开始为依赖表 oms_order_item 生成数据
INFO:app.core.database:批量执行SQL，查询: INSERT INTO oms_order_item (id, order_id, product_sku, product_name, quantity, price) VALUES ($1, $2, $3, $4, $5, $6), 值数量: 1
INFO:app.core.database:连接数据库: 172.16.10.196:5432/db_house
INFO:app.core.database:批量执行SQL完成
INFO:app.services.data_generator:表 oms_order_item 已插入剩余 1 条记录并缓存主键值
INFO:app.services.data_generator:依赖表 oms_order_item 生成完成，记录数: 1
INFO:app.services.data_generator:数据生成完成，总记录数: 7
INFO:app.services.data_generator:退出 generate_data_for_tables 方法
INFO:app.services.data_generator:开始 generate_data_for_tables 方法
INFO:app.services.data_generator:独立表（阶段1）: ['crawler_competitor_price', 'crm_customer', 'ext_market_trend']
INFO:app.services.data_generator:依赖表（阶段2）: ['oms_order', 'lms_shipment', 'fms_financial_transaction', 'oms_order_item']
INFO:app.services.data_generator:初始化数据库计数器
INFO:app.core.database:执行查询: SELECT MAX(id) FROM crawler_competitor_price, 参数: ()
INFO:app.core.database:连接数据库: 172.16.10.196:5432/db_house
INFO:app.core.database:查询执行成功
INFO:app.core.database:执行查询: SELECT MAX(id) FROM ext_market_trend, 参数: ()
INFO:app.core.database:连接数据库: 172.16.10.196:5432/db_house
INFO:app.core.database:查询执行成功
INFO:app.core.database:执行查询: SELECT MAX(id) FROM oms_order_item, 参数: ()
INFO:app.core.database:连接数据库: 172.16.10.196:5432/db_house
INFO:app.core.database:查询执行成功
INFO:app.services.data_generator:计数器初始化完成: {'crawler_competitor_price_id': 7, 'ext_market_trend_id': 7, 'oms_order_item_id': 7}
INFO:app.services.data_generator:开始处理日期: 2025-10-23
INFO:app.services.data_generator:当天计划生成记录数: 1
INFO:app.services.data_generator:已清空外键缓存
INFO:app.services.data_generator:=== 阶段1：生成独立表 ===
INFO:app.services.data_generator:开始为独立表 crawler_competitor_price 生成数据
INFO:app.core.database:批量执行SQL，查询: INSERT INTO crawler_competitor_price (id, crawl_time, platform, competitor_name, product_name, product_sku, price, promotion_info, is_in_stock) VALUES ($1, $2, $3, $4, $5, $6, $7, $8, $9), 值数量: 1
INFO:app.core.database:连接数据库: 172.16.10.196:5432/db_house
INFO:app.core.database:批量执行SQL完成
INFO:app.services.data_generator:表 crawler_competitor_price 已插入剩余 1 条记录并缓存主键值
INFO:app.services.data_generator:独立表 crawler_competitor_price 生成完成，记录数: 1
INFO:app.services.data_generator:开始为独立表 crm_customer 生成数据
INFO:app.core.database:批量执行SQL，查询: INSERT INTO crm_customer (customer_id, name, gender, phone, email, birthday, address, create_time, update_time, is_deleted) VALUES ($1, $2, $3, $4, $5, $6, $7, $8, $9, $10), 值数量: 1
INFO:app.core.database:连接数据库: 172.16.10.196:5432/db_house
INFO:app.core.database:批量执行SQL完成
INFO:app.services.data_generator:表 crm_customer 已插入剩余 1 条记录并缓存主键值
INFO:app.services.data_generator:独立表 crm_customer 生成完成，记录数: 1
INFO:app.services.data_generator:开始为独立表 ext_market_trend 生成数据
INFO:app.core.database:批量执行SQL，查询: INSERT INTO ext_market_trend (id, period, region, category, market_size, growth_rate, data_source) VALUES ($1, $2, $3, $4, $5, $6, $7), 值数量: 1
INFO:app.core.database:连接数据库: 172.16.10.196:5432/db_house
INFO:app.core.database:批量执行SQL完成
INFO:app.services.data_generator:表 ext_market_trend 已插入剩余 1 条记录并缓存主键值
INFO:app.services.data_generator:独立表 ext_market_trend 生成完成，记录数: 1
INFO:app.services.data_generator:=== 阶段2：生成依赖表 ===
INFO:app.services.data_generator:表依赖排序结果: ['oms_order', 'lms_shipment', 'fms_financial_transaction', 'oms_order_item']
INFO:app.services.data_generator:排序后的依赖表: ['oms_order', 'lms_shipment', 'fms_financial_transaction', 'oms_order_item']
INFO:app.services.data_generator:开始为依赖表 oms_order 生成数据
INFO:app.core.database:批量执行SQL，查询: INSERT INTO oms_order (order_id, order_channel, customer_code, order_amount, discount_amount, pay_amount, order_status, province, city, district, detail_address, order_time) VALUES ($1, $2, $3, $4, $5, $6, $7, $8, $9, $10, $11, $12), 值数量: 1
INFO:app.core.database:连接数据库: 172.16.10.196:5432/db_house
INFO:app.core.database:批量执行SQL完成
INFO:app.services.data_generator:表 oms_order 已插入剩余 1 条记录并缓存主键值
INFO:app.services.data_generator:依赖表 oms_order 生成完成，记录数: 1
INFO:app.services.data_generator:开始为依赖表 lms_shipment 生成数据
INFO:app.core.database:批量执行SQL，查询: INSERT INTO lms_shipment (shipment_id, order_id, carrier, sender_address, receiver_info, current_status, shipping_time, estimated_delivery, actual_delivery) VALUES ($1, $2, $3, $4, $5, $6, $7, $8, $9), 值数量: 1
INFO:app.core.database:连接数据库: 172.16.10.196:5432/db_house
INFO:app.core.database:批量执行SQL完成
INFO:app.services.data_generator:表 lms_shipment 已插入剩余 1 条记录并缓存主键值
INFO:app.services.data_generator:依赖表 lms_shipment 生成完成，记录数: 1
INFO:app.services.data_generator:开始为依赖表 fms_financial_transaction 生成数据
INFO:app.core.database:批量执行SQL，查询: INSERT INTO fms_financial_transaction (transaction_id, order_id, payment_method, transaction_type, transaction_amount, transaction_status, transaction_time) VALUES ($1, $2, $3, $4, $5, $6, $7), 值数量: 1
INFO:app.core.database:连接数据库: 172.16.10.196:5432/db_house
INFO:app.core.database:批量执行SQL完成
INFO:app.services.data_generator:表 fms_financial_transaction 已插入剩余 1 条记录并缓存主键值
INFO:app.services.data_generator:依赖表 fms_financial_transaction 生成完成，记录数: 1
INFO:app.services.data_generator:开始为依赖表 oms_order_item 生成数据
INFO:app.core.database:批量执行SQL，查询: INSERT INTO oms_order_item (id, order_id, product_sku, product_name, quantity, price) VALUES ($1, $2, $3, $4, $5, $6), 值数量: 1
INFO:app.core.database:连接数据库: 172.16.10.196:5432/db_house
INFO:app.core.database:批量执行SQL完成
INFO:app.services.data_generator:表 oms_order_item 已插入剩余 1 条记录并缓存主键值
INFO:app.services.data_generator:依赖表 oms_order_item 生成完成，记录数: 1
INFO:app.services.data_generator:数据生成完成，总记录数: 7
INFO:app.services.data_generator:退出 generate_data_for_tables 方法
INFO:app.services.data_generator:开始 generate_data_for_tables 方法
INFO:app.services.data_generator:独立表（阶段1）: ['crawler_competitor_price', 'crm_customer', 'ext_market_trend']
INFO:app.services.data_generator:依赖表（阶段2）: ['oms_order', 'lms_shipment', 'fms_financial_transaction', 'oms_order_item']
INFO:app.services.data_generator:初始化数据库计数器
INFO:app.core.database:执行查询: SELECT MAX(id) FROM crawler_competitor_price, 参数: ()
INFO:app.core.database:连接数据库: 172.16.10.196:5432/db_house
INFO:app.core.database:查询执行成功
INFO:app.core.database:执行查询: SELECT MAX(id) FROM ext_market_trend, 参数: ()
INFO:app.core.database:连接数据库: 172.16.10.196:5432/db_house
INFO:app.core.database:查询执行成功
INFO:app.core.database:执行查询: SELECT MAX(id) FROM oms_order_item, 参数: ()
INFO:app.core.database:连接数据库: 172.16.10.196:5432/db_house
INFO:app.core.database:查询执行成功
INFO:app.services.data_generator:计数器初始化完成: {'crawler_competitor_price_id': 8, 'ext_market_trend_id': 8, 'oms_order_item_id': 8}
INFO:app.services.data_generator:开始处理日期: 2025-10-23
INFO:app.services.data_generator:当天计划生成记录数: 1
INFO:app.services.data_generator:已清空外键缓存
INFO:app.services.data_generator:=== 阶段1：生成独立表 ===
INFO:app.services.data_generator:开始为独立表 crawler_competitor_price 生成数据
INFO:app.core.database:批量执行SQL，查询: INSERT INTO crawler_competitor_price (id, crawl_time, platform, competitor_name, product_name, product_sku, price, promotion_info, is_in_stock) VALUES ($1, $2, $3, $4, $5, $6, $7, $8, $9), 值数量: 1
INFO:app.core.database:连接数据库: 172.16.10.196:5432/db_house
INFO:app.core.database:批量执行SQL完成
INFO:app.services.data_generator:表 crawler_competitor_price 已插入剩余 1 条记录并缓存主键值
INFO:app.services.data_generator:独立表 crawler_competitor_price 生成完成，记录数: 1
INFO:app.services.data_generator:开始为独立表 crm_customer 生成数据
INFO:app.core.database:批量执行SQL，查询: INSERT INTO crm_customer (customer_id, name, gender, phone, email, birthday, address, create_time, update_time, is_deleted) VALUES ($1, $2, $3, $4, $5, $6, $7, $8, $9, $10), 值数量: 1
INFO:app.core.database:连接数据库: 172.16.10.196:5432/db_house
INFO:app.core.database:批量执行SQL完成
INFO:app.services.data_generator:表 crm_customer 已插入剩余 1 条记录并缓存主键值
INFO:app.services.data_generator:独立表 crm_customer 生成完成，记录数: 1
INFO:app.services.data_generator:开始为独立表 ext_market_trend 生成数据
INFO:app.core.database:批量执行SQL，查询: INSERT INTO ext_market_trend (id, period, region, category, market_size, growth_rate, data_source) VALUES ($1, $2, $3, $4, $5, $6, $7), 值数量: 1
INFO:app.core.database:连接数据库: 172.16.10.196:5432/db_house
INFO:app.core.database:批量执行SQL完成
INFO:app.services.data_generator:表 ext_market_trend 已插入剩余 1 条记录并缓存主键值
INFO:app.services.data_generator:独立表 ext_market_trend 生成完成，记录数: 1
INFO:app.services.data_generator:=== 阶段2：生成依赖表 ===
INFO:app.services.data_generator:表依赖排序结果: ['oms_order', 'lms_shipment', 'fms_financial_transaction', 'oms_order_item']
INFO:app.services.data_generator:排序后的依赖表: ['oms_order', 'lms_shipment', 'fms_financial_transaction', 'oms_order_item']
INFO:app.services.data_generator:开始为依赖表 oms_order 生成数据
INFO:app.core.database:批量执行SQL，查询: INSERT INTO oms_order (order_id, order_channel, customer_code, order_amount, discount_amount, pay_amount, order_status, province, city, district, detail_address, order_time) VALUES ($1, $2, $3, $4, $5, $6, $7, $8, $9, $10, $11, $12), 值数量: 1
INFO:app.core.database:连接数据库: 172.16.10.196:5432/db_house
INFO:app.core.database:批量执行SQL完成
INFO:app.services.data_generator:表 oms_order 已插入剩余 1 条记录并缓存主键值
INFO:app.services.data_generator:依赖表 oms_order 生成完成，记录数: 1
INFO:app.services.data_generator:开始为依赖表 lms_shipment 生成数据
INFO:app.core.database:批量执行SQL，查询: INSERT INTO lms_shipment (shipment_id, order_id, carrier, sender_address, receiver_info, current_status, shipping_time, estimated_delivery, actual_delivery) VALUES ($1, $2, $3, $4, $5, $6, $7, $8, $9), 值数量: 1
INFO:app.core.database:连接数据库: 172.16.10.196:5432/db_house
INFO:app.core.database:批量执行SQL完成
INFO:app.services.data_generator:表 lms_shipment 已插入剩余 1 条记录并缓存主键值
INFO:app.services.data_generator:依赖表 lms_shipment 生成完成，记录数: 1
INFO:app.services.data_generator:开始为依赖表 fms_financial_transaction 生成数据
INFO:app.core.database:批量执行SQL，查询: INSERT INTO fms_financial_transaction (transaction_id, order_id, payment_method, transaction_type, transaction_amount, transaction_status, transaction_time) VALUES ($1, $2, $3, $4, $5, $6, $7), 值数量: 1
INFO:app.core.database:连接数据库: 172.16.10.196:5432/db_house
INFO:app.core.database:批量执行SQL完成
INFO:app.services.data_generator:表 fms_financial_transaction 已插入剩余 1 条记录并缓存主键值
INFO:app.services.data_generator:依赖表 fms_financial_transaction 生成完成，记录数: 1
INFO:app.services.data_generator:开始为依赖表 oms_order_item 生成数据
INFO:app.core.database:批量执行SQL，查询: INSERT INTO oms_order_item (id, order_id, product_sku, product_name, quantity, price) VALUES ($1, $2, $3, $4, $5, $6), 值数量: 1
INFO:app.core.database:连接数据库: 172.16.10.196:5432/db_house
INFO:app.core.database:批量执行SQL完成
INFO:app.services.data_generator:表 oms_order_item 已插入剩余 1 条记录并缓存主键值
INFO:app.services.data_generator:依赖表 oms_order_item 生成完成，记录数: 1
INFO:app.services.data_generator:数据生成完成，总记录数: 7
INFO:app.services.data_generator:退出 generate_data_for_tables 方法
INFO:app.services.data_generator:开始 generate_data_for_tables 方法
INFO:app.services.data_generator:独立表（阶段1）: ['crawler_competitor_price', 'crm_customer', 'ext_market_trend']
INFO:app.services.data_generator:依赖表（阶段2）: ['oms_order', 'lms_shipment', 'fms_financial_transaction', 'oms_order_item']
INFO:app.services.data_generator:初始化数据库计数器
INFO:app.core.database:执行查询: SELECT MAX(id) FROM crawler_competitor_price, 参数: ()
INFO:app.core.database:连接数据库: 172.16.10.196:5432/db_house
INFO:app.core.database:查询执行成功
INFO:app.core.database:执行查询: SELECT MAX(id) FROM ext_market_trend, 参数: ()
INFO:app.core.database:连接数据库: 172.16.10.196:5432/db_house
INFO:app.core.database:查询执行成功
INFO:app.core.database:执行查询: SELECT MAX(id) FROM oms_order_item, 参数: ()
INFO:app.core.database:连接数据库: 172.16.10.196:5432/db_house
INFO:app.core.database:查询执行成功
INFO:app.services.data_generator:计数器初始化完成: {'crawler_competitor_price_id': 9, 'ext_market_trend_id': 9, 'oms_order_item_id': 9}
INFO:app.services.data_generator:开始处理日期: 2025-10-23
INFO:app.services.data_generator:当天计划生成记录数: 1
INFO:app.services.data_generator:已清空外键缓存
INFO:app.services.data_generator:=== 阶段1：生成独立表 ===
INFO:app.services.data_generator:开始为独立表 crawler_competitor_price 生成数据
INFO:app.core.database:批量执行SQL，查询: INSERT INTO crawler_competitor_price (id, crawl_time, platform, competitor_name, product_name, product_sku, price, promotion_info, is_in_stock) VALUES ($1, $2, $3, $4, $5, $6, $7, $8, $9), 值数量: 1
INFO:app.core.database:连接数据库: 172.16.10.196:5432/db_house
INFO:app.core.database:批量执行SQL完成
INFO:app.services.data_generator:表 crawler_competitor_price 已插入剩余 1 条记录并缓存主键值
INFO:app.services.data_generator:独立表 crawler_competitor_price 生成完成，记录数: 1
INFO:app.services.data_generator:开始为独立表 crm_customer 生成数据
INFO:app.core.database:批量执行SQL，查询: INSERT INTO crm_customer (customer_id, name, gender, phone, email, birthday, address, create_time, update_time, is_deleted) VALUES ($1, $2, $3, $4, $5, $6, $7, $8, $9, $10), 值数量: 1
INFO:app.core.database:连接数据库: 172.16.10.196:5432/db_house
INFO:app.core.database:批量执行SQL完成
INFO:app.services.data_generator:表 crm_customer 已插入剩余 1 条记录并缓存主键值
INFO:app.services.data_generator:独立表 crm_customer 生成完成，记录数: 1
INFO:app.services.data_generator:开始为独立表 ext_market_trend 生成数据
INFO:app.core.database:批量执行SQL，查询: INSERT INTO ext_market_trend (id, period, region, category, market_size, growth_rate, data_source) VALUES ($1, $2, $3, $4, $5, $6, $7), 值数量: 1
INFO:app.core.database:连接数据库: 172.16.10.196:5432/db_house
INFO:app.core.database:批量执行SQL完成
INFO:app.services.data_generator:表 ext_market_trend 已插入剩余 1 条记录并缓存主键值
INFO:app.services.data_generator:独立表 ext_market_trend 生成完成，记录数: 1
INFO:app.services.data_generator:=== 阶段2：生成依赖表 ===
INFO:app.services.data_generator:表依赖排序结果: ['oms_order', 'lms_shipment', 'fms_financial_transaction', 'oms_order_item']
INFO:app.services.data_generator:排序后的依赖表: ['oms_order', 'lms_shipment', 'fms_financial_transaction', 'oms_order_item']
INFO:app.services.data_generator:开始为依赖表 oms_order 生成数据
INFO:app.core.database:批量执行SQL，查询: INSERT INTO oms_order (order_id, order_channel, customer_code, order_amount, discount_amount, pay_amount, order_status, province, city, district, detail_address, order_time) VALUES ($1, $2, $3, $4, $5, $6, $7, $8, $9, $10, $11, $12), 值数量: 1
INFO:app.core.database:连接数据库: 172.16.10.196:5432/db_house
INFO:app.core.database:批量执行SQL完成
INFO:app.services.data_generator:表 oms_order 已插入剩余 1 条记录并缓存主键值
INFO:app.services.data_generator:依赖表 oms_order 生成完成，记录数: 1
INFO:app.services.data_generator:开始为依赖表 lms_shipment 生成数据
INFO:app.core.database:批量执行SQL，查询: INSERT INTO lms_shipment (shipment_id, order_id, carrier, sender_address, receiver_info, current_status, shipping_time, estimated_delivery, actual_delivery) VALUES ($1, $2, $3, $4, $5, $6, $7, $8, $9), 值数量: 1
INFO:app.core.database:连接数据库: 172.16.10.196:5432/db_house
INFO:app.core.database:批量执行SQL完成
INFO:app.services.data_generator:表 lms_shipment 已插入剩余 1 条记录并缓存主键值
INFO:app.services.data_generator:依赖表 lms_shipment 生成完成，记录数: 1
INFO:app.services.data_generator:开始为依赖表 fms_financial_transaction 生成数据
INFO:app.core.database:批量执行SQL，查询: INSERT INTO fms_financial_transaction (transaction_id, order_id, payment_method, transaction_type, transaction_amount, transaction_status, transaction_time) VALUES ($1, $2, $3, $4, $5, $6, $7), 值数量: 1
INFO:app.core.database:连接数据库: 172.16.10.196:5432/db_house
INFO:app.core.database:批量执行SQL完成
INFO:app.services.data_generator:表 fms_financial_transaction 已插入剩余 1 条记录并缓存主键值
INFO:app.services.data_generator:依赖表 fms_financial_transaction 生成完成，记录数: 1
INFO:app.services.data_generator:开始为依赖表 oms_order_item 生成数据
INFO:app.core.database:批量执行SQL，查询: INSERT INTO oms_order_item (id, order_id, product_sku, product_name, quantity, price) VALUES ($1, $2, $3, $4, $5, $6), 值数量: 1
INFO:app.core.database:连接数据库: 172.16.10.196:5432/db_house
INFO:app.core.database:批量执行SQL完成
INFO:app.services.data_generator:表 oms_order_item 已插入剩余 1 条记录并缓存主键值
INFO:app.services.data_generator:依赖表 oms_order_item 生成完成，记录数: 1
INFO:app.services.data_generator:数据生成完成，总记录数: 7
INFO:app.services.data_generator:退出 generate_data_for_tables 方法
INFO:app.services.data_generator:开始 generate_data_for_tables 方法
INFO:app.services.data_generator:独立表（阶段1）: ['crawler_competitor_price', 'crm_customer', 'ext_market_trend']
INFO:app.services.data_generator:依赖表（阶段2）: ['oms_order', 'lms_shipment', 'fms_financial_transaction', 'oms_order_item']
INFO:app.services.data_generator:初始化数据库计数器
INFO:app.core.database:执行查询: SELECT MAX(id) FROM crawler_competitor_price, 参数: ()
INFO:app.core.database:连接数据库: 172.16.10.196:5432/db_house
INFO:app.core.database:查询执行成功
INFO:app.core.database:执行查询: SELECT MAX(id) FROM ext_market_trend, 参数: ()
INFO:app.core.database:连接数据库: 172.16.10.196:5432/db_house
INFO:app.core.database:查询执行成功
INFO:app.core.database:执行查询: SELECT MAX(id) FROM oms_order_item, 参数: ()
INFO:app.core.database:连接数据库: 172.16.10.196:5432/db_house
INFO:app.core.database:查询执行成功
INFO:app.services.data_generator:计数器初始化完成: {'crawler_competitor_price_id': 10, 'ext_market_trend_id': 10, 'oms_order_item_id': 10}
INFO:app.services.data_generator:开始处理日期: 2025-10-23
INFO:app.services.data_generator:当天计划生成记录数: 1
INFO:app.services.data_generator:已清空外键缓存
INFO:app.services.data_generator:=== 阶段1：生成独立表 ===
INFO:app.services.data_generator:开始为独立表 crawler_competitor_price 生成数据
INFO:app.core.database:批量执行SQL，查询: INSERT INTO crawler_competitor_price (id, crawl_time, platform, competitor_name, product_name, product_sku, price, promotion_info, is_in_stock) VALUES ($1, $2, $3, $4, $5, $6, $7, $8, $9), 值数量: 1
INFO:app.core.database:连接数据库: 172.16.10.196:5432/db_house
INFO:app.core.database:批量执行SQL完成
INFO:app.services.data_generator:表 crawler_competitor_price 已插入剩余 1 条记录并缓存主键值
INFO:app.services.data_generator:独立表 crawler_competitor_price 生成完成，记录数: 1
INFO:app.services.data_generator:开始为独立表 crm_customer 生成数据
INFO:app.core.database:批量执行SQL，查询: INSERT INTO crm_customer (customer_id, name, gender, phone, email, birthday, address, create_time, update_time, is_deleted) VALUES ($1, $2, $3, $4, $5, $6, $7, $8, $9, $10), 值数量: 1
INFO:app.core.database:连接数据库: 172.16.10.196:5432/db_house
INFO:app.core.database:批量执行SQL完成
INFO:app.services.data_generator:表 crm_customer 已插入剩余 1 条记录并缓存主键值
INFO:app.services.data_generator:独立表 crm_customer 生成完成，记录数: 1
INFO:app.services.data_generator:开始为独立表 ext_market_trend 生成数据
INFO:app.core.database:批量执行SQL，查询: INSERT INTO ext_market_trend (id, period, region, category, market_size, growth_rate, data_source) VALUES ($1, $2, $3, $4, $5, $6, $7), 值数量: 1
INFO:app.core.database:连接数据库: 172.16.10.196:5432/db_house
INFO:app.core.database:批量执行SQL完成
INFO:app.services.data_generator:表 ext_market_trend 已插入剩余 1 条记录并缓存主键值
INFO:app.services.data_generator:独立表 ext_market_trend 生成完成，记录数: 1
INFO:app.services.data_generator:=== 阶段2：生成依赖表 ===
INFO:app.services.data_generator:表依赖排序结果: ['oms_order', 'lms_shipment', 'fms_financial_transaction', 'oms_order_item']
INFO:app.services.data_generator:排序后的依赖表: ['oms_order', 'lms_shipment', 'fms_financial_transaction', 'oms_order_item']
INFO:app.services.data_generator:开始为依赖表 oms_order 生成数据
INFO:app.core.database:批量执行SQL，查询: INSERT INTO oms_order (order_id, order_channel, customer_code, order_amount, discount_amount, pay_amount, order_status, province, city, district, detail_address, order_time) VALUES ($1, $2, $3, $4, $5, $6, $7, $8, $9, $10, $11, $12), 值数量: 1
INFO:app.core.database:连接数据库: 172.16.10.196:5432/db_house
INFO:app.core.database:批量执行SQL完成
INFO:app.services.data_generator:表 oms_order 已插入剩余 1 条记录并缓存主键值
INFO:app.services.data_generator:依赖表 oms_order 生成完成，记录数: 1
INFO:app.services.data_generator:开始为依赖表 lms_shipment 生成数据
INFO:app.core.database:批量执行SQL，查询: INSERT INTO lms_shipment (shipment_id, order_id, carrier, sender_address, receiver_info, current_status, shipping_time, estimated_delivery, actual_delivery) VALUES ($1, $2, $3, $4, $5, $6, $7, $8, $9), 值数量: 1
INFO:app.core.database:连接数据库: 172.16.10.196:5432/db_house
INFO:app.core.database:批量执行SQL完成
INFO:app.services.data_generator:表 lms_shipment 已插入剩余 1 条记录并缓存主键值
INFO:app.services.data_generator:依赖表 lms_shipment 生成完成，记录数: 1
INFO:app.services.data_generator:开始为依赖表 fms_financial_transaction 生成数据
INFO:app.core.database:批量执行SQL，查询: INSERT INTO fms_financial_transaction (transaction_id, order_id, payment_method, transaction_type, transaction_amount, transaction_status, transaction_time) VALUES ($1, $2, $3, $4, $5, $6, $7), 值数量: 1
INFO:app.core.database:连接数据库: 172.16.10.196:5432/db_house
INFO:app.core.database:批量执行SQL完成
INFO:app.services.data_generator:表 fms_financial_transaction 已插入剩余 1 条记录并缓存主键值
INFO:app.services.data_generator:依赖表 fms_financial_transaction 生成完成，记录数: 1
INFO:app.services.data_generator:开始为依赖表 oms_order_item 生成数据
INFO:app.core.database:批量执行SQL，查询: INSERT INTO oms_order_item (id, order_id, product_sku, product_name, quantity, price) VALUES ($1, $2, $3, $4, $5, $6), 值数量: 1
INFO:app.core.database:连接数据库: 172.16.10.196:5432/db_house
INFO:app.core.database:批量执行SQL完成
INFO:app.services.data_generator:表 oms_order_item 已插入剩余 1 条记录并缓存主键值
INFO:app.services.data_generator:依赖表 oms_order_item 生成完成，记录数: 1
INFO:app.services.data_generator:数据生成完成，总记录数: 7
INFO:app.services.data_generator:退出 generate_data_for_tables 方法
INFO:app.services.data_generator:开始 generate_data_for_tables 方法
INFO:app.services.data_generator:独立表（阶段1）: ['crawler_competitor_price', 'crm_customer', 'ext_market_trend']
INFO:app.services.data_generator:依赖表（阶段2）: ['oms_order', 'lms_shipment', 'fms_financial_transaction', 'oms_order_item']
INFO:app.services.data_generator:初始化数据库计数器
INFO:app.core.database:执行查询: SELECT MAX(id) FROM crawler_competitor_price, 参数: ()
INFO:app.core.database:连接数据库: 172.16.10.196:5432/db_house
INFO:app.core.database:查询执行成功
INFO:app.core.database:执行查询: SELECT MAX(id) FROM ext_market_trend, 参数: ()
INFO:app.core.database:连接数据库: 172.16.10.196:5432/db_house
INFO:app.core.database:查询执行成功
INFO:app.core.database:执行查询: SELECT MAX(id) FROM oms_order_item, 参数: ()
INFO:app.core.database:连接数据库: 172.16.10.196:5432/db_house
INFO:app.core.database:查询执行成功
INFO:app.services.data_generator:计数器初始化完成: {'crawler_competitor_price_id': 11, 'ext_market_trend_id': 11, 'oms_order_item_id': 11}
INFO:app.services.data_generator:开始处理日期: 2025-10-23
INFO:app.services.data_generator:当天计划生成记录数: 1
INFO:app.services.data_generator:已清空外键缓存
INFO:app.services.data_generator:=== 阶段1：生成独立表 ===
INFO:app.services.data_generator:开始为独立表 crawler_competitor_price 生成数据
INFO:app.core.database:批量执行SQL，查询: INSERT INTO crawler_competitor_price (id, crawl_time, platform, competitor_name, product_name, product_sku, price, promotion_info, is_in_stock) VALUES ($1, $2, $3, $4, $5, $6, $7, $8, $9), 值数量: 1
INFO:app.core.database:连接数据库: 172.16.10.196:5432/db_house
INFO:app.core.database:批量执行SQL完成
INFO:app.services.data_generator:表 crawler_competitor_price 已插入剩余 1 条记录并缓存主键值
INFO:app.services.data_generator:独立表 crawler_competitor_price 生成完成，记录数: 1
INFO:app.services.data_generator:开始为独立表 crm_customer 生成数据
INFO:app.core.database:批量执行SQL，查询: INSERT INTO crm_customer (customer_id, name, gender, phone, email, birthday, address, create_time, update_time, is_deleted) VALUES ($1, $2, $3, $4, $5, $6, $7, $8, $9, $10), 值数量: 1
INFO:app.core.database:连接数据库: 172.16.10.196:5432/db_house
INFO:app.core.database:批量执行SQL完成
INFO:app.services.data_generator:表 crm_customer 已插入剩余 1 条记录并缓存主键值
INFO:app.services.data_generator:独立表 crm_customer 生成完成，记录数: 1
INFO:app.services.data_generator:开始为独立表 ext_market_trend 生成数据
INFO:app.core.database:批量执行SQL，查询: INSERT INTO ext_market_trend (id, period, region, category, market_size, growth_rate, data_source) VALUES ($1, $2, $3, $4, $5, $6, $7), 值数量: 1
INFO:app.core.database:连接数据库: 172.16.10.196:5432/db_house
INFO:app.core.database:批量执行SQL完成
INFO:app.services.data_generator:表 ext_market_trend 已插入剩余 1 条记录并缓存主键值
INFO:app.services.data_generator:独立表 ext_market_trend 生成完成，记录数: 1
INFO:app.services.data_generator:=== 阶段2：生成依赖表 ===
INFO:app.services.data_generator:表依赖排序结果: ['oms_order', 'lms_shipment', 'fms_financial_transaction', 'oms_order_item']
INFO:app.services.data_generator:排序后的依赖表: ['oms_order', 'lms_shipment', 'fms_financial_transaction', 'oms_order_item']
INFO:app.services.data_generator:开始为依赖表 oms_order 生成数据
INFO:app.core.database:批量执行SQL，查询: INSERT INTO oms_order (order_id, order_channel, customer_code, order_amount, discount_amount, pay_amount, order_status, province, city, district, detail_address, order_time) VALUES ($1, $2, $3, $4, $5, $6, $7, $8, $9, $10, $11, $12), 值数量: 1
INFO:app.core.database:连接数据库: 172.16.10.196:5432/db_house
INFO:app.core.database:批量执行SQL完成
INFO:app.services.data_generator:表 oms_order 已插入剩余 1 条记录并缓存主键值
INFO:app.services.data_generator:依赖表 oms_order 生成完成，记录数: 1
INFO:app.services.data_generator:开始为依赖表 lms_shipment 生成数据
INFO:app.core.database:批量执行SQL，查询: INSERT INTO lms_shipment (shipment_id, order_id, carrier, sender_address, receiver_info, current_status, shipping_time, estimated_delivery, actual_delivery) VALUES ($1, $2, $3, $4, $5, $6, $7, $8, $9), 值数量: 1
INFO:app.core.database:连接数据库: 172.16.10.196:5432/db_house
INFO:app.core.database:批量执行SQL完成
INFO:app.services.data_generator:表 lms_shipment 已插入剩余 1 条记录并缓存主键值
INFO:app.services.data_generator:依赖表 lms_shipment 生成完成，记录数: 1
INFO:app.services.data_generator:开始为依赖表 fms_financial_transaction 生成数据
INFO:app.core.database:批量执行SQL，查询: INSERT INTO fms_financial_transaction (transaction_id, order_id, payment_method, transaction_type, transaction_amount, transaction_status, transaction_time) VALUES ($1, $2, $3, $4, $5, $6, $7), 值数量: 1
INFO:app.core.database:连接数据库: 172.16.10.196:5432/db_house
INFO:app.core.database:批量执行SQL完成
INFO:app.services.data_generator:表 fms_financial_transaction 已插入剩余 1 条记录并缓存主键值
INFO:app.services.data_generator:依赖表 fms_financial_transaction 生成完成，记录数: 1
INFO:app.services.data_generator:开始为依赖表 oms_order_item 生成数据
INFO:app.core.database:批量执行SQL，查询: INSERT INTO oms_order_item (id, order_id, product_sku, product_name, quantity, price) VALUES ($1, $2, $3, $4, $5, $6), 值数量: 1
INFO:app.core.database:连接数据库: 172.16.10.196:5432/db_house
INFO:app.core.database:批量执行SQL完成
INFO:app.services.data_generator:表 oms_order_item 已插入剩余 1 条记录并缓存主键值
INFO:app.services.data_generator:依赖表 oms_order_item 生成完成，记录数: 1
INFO:app.services.data_generator:数据生成完成，总记录数: 7
INFO:app.services.data_generator:退出 generate_data_for_tables 方法
INFO:app.services.data_generator:开始 generate_data_for_tables 方法
INFO:app.services.data_generator:独立表（阶段1）: ['crawler_competitor_price', 'crm_customer', 'ext_market_trend']
INFO:app.services.data_generator:依赖表（阶段2）: ['oms_order', 'lms_shipment', 'fms_financial_transaction', 'oms_order_item']
INFO:app.services.data_generator:初始化数据库计数器
INFO:app.core.database:执行查询: SELECT MAX(id) FROM crawler_competitor_price, 参数: ()
INFO:app.core.database:连接数据库: 172.16.10.196:5432/db_house
INFO:app.core.database:查询执行成功
INFO:app.core.database:执行查询: SELECT MAX(id) FROM ext_market_trend, 参数: ()
INFO:app.core.database:连接数据库: 172.16.10.196:5432/db_house
INFO:app.core.database:查询执行成功
INFO:app.core.database:执行查询: SELECT MAX(id) FROM oms_order_item, 参数: ()
INFO:app.core.database:连接数据库: 172.16.10.196:5432/db_house
INFO:app.core.database:查询执行成功
INFO:app.services.data_generator:计数器初始化完成: {'crawler_competitor_price_id': 12, 'ext_market_trend_id': 12, 'oms_order_item_id': 12}
INFO:app.services.data_generator:开始处理日期: 2025-10-23
INFO:app.services.data_generator:当天计划生成记录数: 1
INFO:app.services.data_generator:已清空外键缓存
INFO:app.services.data_generator:=== 阶段1：生成独立表 ===
INFO:app.services.data_generator:开始为独立表 crawler_competitor_price 生成数据
INFO:app.core.database:批量执行SQL，查询: INSERT INTO crawler_competitor_price (id, crawl_time, platform, competitor_name, product_name, product_sku, price, promotion_info, is_in_stock) VALUES ($1, $2, $3, $4, $5, $6, $7, $8, $9), 值数量: 1
INFO:app.core.database:连接数据库: 172.16.10.196:5432/db_house
INFO:app.core.database:批量执行SQL完成
INFO:app.services.data_generator:表 crawler_competitor_price 已插入剩余 1 条记录并缓存主键值
INFO:app.services.data_generator:独立表 crawler_competitor_price 生成完成，记录数: 1
INFO:app.services.data_generator:开始为独立表 crm_customer 生成数据
INFO:app.core.database:批量执行SQL，查询: INSERT INTO crm_customer (customer_id, name, gender, phone, email, birthday, address, create_time, update_time, is_deleted) VALUES ($1, $2, $3, $4, $5, $6, $7, $8, $9, $10), 值数量: 1
INFO:app.core.database:连接数据库: 172.16.10.196:5432/db_house
INFO:app.core.database:批量执行SQL完成
INFO:app.services.data_generator:表 crm_customer 已插入剩余 1 条记录并缓存主键值
INFO:app.services.data_generator:独立表 crm_customer 生成完成，记录数: 1
INFO:app.services.data_generator:开始为独立表 ext_market_trend 生成数据
INFO:app.core.database:批量执行SQL，查询: INSERT INTO ext_market_trend (id, period, region, category, market_size, growth_rate, data_source) VALUES ($1, $2, $3, $4, $5, $6, $7), 值数量: 1
INFO:app.core.database:连接数据库: 172.16.10.196:5432/db_house
INFO:app.core.database:批量执行SQL完成
INFO:app.services.data_generator:表 ext_market_trend 已插入剩余 1 条记录并缓存主键值
INFO:app.services.data_generator:独立表 ext_market_trend 生成完成，记录数: 1
INFO:app.services.data_generator:=== 阶段2：生成依赖表 ===
INFO:app.services.data_generator:表依赖排序结果: ['oms_order', 'lms_shipment', 'fms_financial_transaction', 'oms_order_item']
INFO:app.services.data_generator:排序后的依赖表: ['oms_order', 'lms_shipment', 'fms_financial_transaction', 'oms_order_item']
INFO:app.services.data_generator:开始为依赖表 oms_order 生成数据
INFO:app.core.database:批量执行SQL，查询: INSERT INTO oms_order (order_id, order_channel, customer_code, order_amount, discount_amount, pay_amount, order_status, province, city, district, detail_address, order_time) VALUES ($1, $2, $3, $4, $5, $6, $7, $8, $9, $10, $11, $12), 值数量: 1
INFO:app.core.database:连接数据库: 172.16.10.196:5432/db_house
INFO:app.core.database:批量执行SQL完成
INFO:app.services.data_generator:表 oms_order 已插入剩余 1 条记录并缓存主键值
INFO:app.services.data_generator:依赖表 oms_order 生成完成，记录数: 1
INFO:app.services.data_generator:开始为依赖表 lms_shipment 生成数据
INFO:app.core.database:批量执行SQL，查询: INSERT INTO lms_shipment (shipment_id, order_id, carrier, sender_address, receiver_info, current_status, shipping_time, estimated_delivery, actual_delivery) VALUES ($1, $2, $3, $4, $5, $6, $7, $8, $9), 值数量: 1
INFO:app.core.database:连接数据库: 172.16.10.196:5432/db_house
INFO:app.core.database:批量执行SQL完成
INFO:app.services.data_generator:表 lms_shipment 已插入剩余 1 条记录并缓存主键值
INFO:app.services.data_generator:依赖表 lms_shipment 生成完成，记录数: 1
INFO:app.services.data_generator:开始为依赖表 fms_financial_transaction 生成数据
INFO:app.core.database:批量执行SQL，查询: INSERT INTO fms_financial_transaction (transaction_id, order_id, payment_method, transaction_type, transaction_amount, transaction_status, transaction_time) VALUES ($1, $2, $3, $4, $5, $6, $7), 值数量: 1
INFO:app.core.database:连接数据库: 172.16.10.196:5432/db_house
INFO:app.core.database:批量执行SQL完成
INFO:app.services.data_generator:表 fms_financial_transaction 已插入剩余 1 条记录并缓存主键值
INFO:app.services.data_generator:依赖表 fms_financial_transaction 生成完成，记录数: 1
INFO:app.services.data_generator:开始为依赖表 oms_order_item 生成数据
INFO:app.core.database:批量执行SQL，查询: INSERT INTO oms_order_item (id, order_id, product_sku, product_name, quantity, price) VALUES ($1, $2, $3, $4, $5, $6), 值数量: 1
INFO:app.core.database:连接数据库: 172.16.10.196:5432/db_house
INFO:app.core.database:批量执行SQL完成
INFO:app.services.data_generator:表 oms_order_item 已插入剩余 1 条记录并缓存主键值
INFO:app.services.data_generator:依赖表 oms_order_item 生成完成，记录数: 1
INFO:app.services.data_generator:数据生成完成，总记录数: 7
INFO:app.services.data_generator:退出 generate_data_for_tables 方法
INFO:app.services.data_generator:开始 generate_data_for_tables 方法
INFO:app.services.data_generator:独立表（阶段1）: ['crawler_competitor_price', 'crm_customer', 'ext_market_trend']
INFO:app.services.data_generator:依赖表（阶段2）: ['oms_order', 'lms_shipment', 'fms_financial_transaction', 'oms_order_item']
INFO:app.services.data_generator:初始化数据库计数器
INFO:app.core.database:执行查询: SELECT MAX(id) FROM crawler_competitor_price, 参数: ()
INFO:app.core.database:连接数据库: 172.16.10.196:5432/db_house
INFO:app.core.database:查询执行成功
INFO:app.core.database:执行查询: SELECT MAX(id) FROM ext_market_trend, 参数: ()
INFO:app.core.database:连接数据库: 172.16.10.196:5432/db_house
INFO:app.core.database:查询执行成功
INFO:app.core.database:执行查询: SELECT MAX(id) FROM oms_order_item, 参数: ()
INFO:app.core.database:连接数据库: 172.16.10.196:5432/db_house
INFO:app.core.database:查询执行成功
INFO:app.services.data_generator:计数器初始化完成: {'crawler_competitor_price_id': 13, 'ext_market_trend_id': 13, 'oms_order_item_id': 13}
INFO:app.services.data_generator:开始处理日期: 2025-10-23
INFO:app.services.data_generator:当天计划生成记录数: 1
INFO:app.services.data_generator:已清空外键缓存
INFO:app.services.data_generator:=== 阶段1：生成独立表 ===
INFO:app.services.data_generator:开始为独立表 crawler_competitor_price 生成数据
INFO:app.core.database:批量执行SQL，查询: INSERT INTO crawler_competitor_price (id, crawl_time, platform, competitor_name, product_name, product_sku, price, promotion_info, is_in_stock) VALUES ($1, $2, $3, $4, $5, $6, $7, $8, $9), 值数量: 1
INFO:app.core.database:连接数据库: 172.16.10.196:5432/db_house
INFO:app.core.database:批量执行SQL完成
INFO:app.services.data_generator:表 crawler_competitor_price 已插入剩余 1 条记录并缓存主键值
INFO:app.services.data_generator:独立表 crawler_competitor_price 生成完成，记录数: 1
INFO:app.services.data_generator:开始为独立表 crm_customer 生成数据
INFO:app.core.database:批量执行SQL，查询: INSERT INTO crm_customer (customer_id, name, gender, phone, email, birthday, address, create_time, update_time, is_deleted) VALUES ($1, $2, $3, $4, $5, $6, $7, $8, $9, $10), 值数量: 1
INFO:app.core.database:连接数据库: 172.16.10.196:5432/db_house
INFO:app.core.database:批量执行SQL完成
INFO:app.services.data_generator:表 crm_customer 已插入剩余 1 条记录并缓存主键值
INFO:app.services.data_generator:独立表 crm_customer 生成完成，记录数: 1
INFO:app.services.data_generator:开始为独立表 ext_market_trend 生成数据
INFO:app.core.database:批量执行SQL，查询: INSERT INTO ext_market_trend (id, period, region, category, market_size, growth_rate, data_source) VALUES ($1, $2, $3, $4, $5, $6, $7), 值数量: 1
INFO:app.core.database:连接数据库: 172.16.10.196:5432/db_house
INFO:app.core.database:批量执行SQL完成
INFO:app.services.data_generator:表 ext_market_trend 已插入剩余 1 条记录并缓存主键值
INFO:app.services.data_generator:独立表 ext_market_trend 生成完成，记录数: 1
INFO:app.services.data_generator:=== 阶段2：生成依赖表 ===
INFO:app.services.data_generator:表依赖排序结果: ['oms_order', 'lms_shipment', 'fms_financial_transaction', 'oms_order_item']
INFO:app.services.data_generator:排序后的依赖表: ['oms_order', 'lms_shipment', 'fms_financial_transaction', 'oms_order_item']
INFO:app.services.data_generator:开始为依赖表 oms_order 生成数据
INFO:app.core.database:批量执行SQL，查询: INSERT INTO oms_order (order_id, order_channel, customer_code, order_amount, discount_amount, pay_amount, order_status, province, city, district, detail_address, order_time) VALUES ($1, $2, $3, $4, $5, $6, $7, $8, $9, $10, $11, $12), 值数量: 1
INFO:app.core.database:连接数据库: 172.16.10.196:5432/db_house
INFO:app.core.database:批量执行SQL完成
INFO:app.services.data_generator:表 oms_order 已插入剩余 1 条记录并缓存主键值
INFO:app.services.data_generator:依赖表 oms_order 生成完成，记录数: 1
INFO:app.services.data_generator:开始为依赖表 lms_shipment 生成数据
INFO:app.core.database:批量执行SQL，查询: INSERT INTO lms_shipment (shipment_id, order_id, carrier, sender_address, receiver_info, current_status, shipping_time, estimated_delivery, actual_delivery) VALUES ($1, $2, $3, $4, $5, $6, $7, $8, $9), 值数量: 1
INFO:app.core.database:连接数据库: 172.16.10.196:5432/db_house
INFO:app.core.database:批量执行SQL完成
INFO:app.services.data_generator:表 lms_shipment 已插入剩余 1 条记录并缓存主键值
INFO:app.services.data_generator:依赖表 lms_shipment 生成完成，记录数: 1
INFO:app.services.data_generator:开始为依赖表 fms_financial_transaction 生成数据
INFO:app.core.database:批量执行SQL，查询: INSERT INTO fms_financial_transaction (transaction_id, order_id, payment_method, transaction_type, transaction_amount, transaction_status, transaction_time) VALUES ($1, $2, $3, $4, $5, $6, $7), 值数量: 1
INFO:app.core.database:连接数据库: 172.16.10.196:5432/db_house
INFO:app.core.database:批量执行SQL完成
INFO:app.services.data_generator:表 fms_financial_transaction 已插入剩余 1 条记录并缓存主键值
INFO:app.services.data_generator:依赖表 fms_financial_transaction 生成完成，记录数: 1
INFO:app.services.data_generator:开始为依赖表 oms_order_item 生成数据
INFO:app.core.database:批量执行SQL，查询: INSERT INTO oms_order_item (id, order_id, product_sku, product_name, quantity, price) VALUES ($1, $2, $3, $4, $5, $6), 值数量: 1
INFO:app.core.database:连接数据库: 172.16.10.196:5432/db_house
INFO:app.core.database:批量执行SQL完成
INFO:app.services.data_generator:表 oms_order_item 已插入剩余 1 条记录并缓存主键值
INFO:app.services.data_generator:依赖表 oms_order_item 生成完成，记录数: 1
INFO:app.services.data_generator:数据生成完成，总记录数: 7
INFO:app.services.data_generator:退出 generate_data_for_tables 方法
INFO:app.services.data_generator:开始 generate_data_for_tables 方法
INFO:app.services.data_generator:独立表（阶段1）: ['crawler_competitor_price', 'crm_customer', 'ext_market_trend']
INFO:app.services.data_generator:依赖表（阶段2）: ['oms_order', 'lms_shipment', 'fms_financial_transaction', 'oms_order_item']
INFO:app.services.data_generator:初始化数据库计数器
INFO:app.core.database:执行查询: SELECT MAX(id) FROM crawler_competitor_price, 参数: ()
INFO:app.core.database:连接数据库: 172.16.10.196:5432/db_house
INFO:app.core.database:查询执行成功
INFO:app.core.database:执行查询: SELECT MAX(id) FROM ext_market_trend, 参数: ()
INFO:app.core.database:连接数据库: 172.16.10.196:5432/db_house
INFO:app.core.database:查询执行成功
INFO:app.core.database:执行查询: SELECT MAX(id) FROM oms_order_item, 参数: ()
INFO:app.core.database:连接数据库: 172.16.10.196:5432/db_house
INFO:app.core.database:查询执行成功
INFO:app.services.data_generator:计数器初始化完成: {'crawler_competitor_price_id': 14, 'ext_market_trend_id': 14, 'oms_order_item_id': 14}
INFO:app.services.data_generator:开始处理日期: 2025-10-23
INFO:app.services.data_generator:当天计划生成记录数: 1
INFO:app.services.data_generator:已清空外键缓存
INFO:app.services.data_generator:=== 阶段1：生成独立表 ===
INFO:app.services.data_generator:开始为独立表 crawler_competitor_price 生成数据
INFO:app.core.database:批量执行SQL，查询: INSERT INTO crawler_competitor_price (id, crawl_time, platform, competitor_name, product_name, product_sku, price, promotion_info, is_in_stock) VALUES ($1, $2, $3, $4, $5, $6, $7, $8, $9), 值数量: 1
INFO:app.core.database:连接数据库: 172.16.10.196:5432/db_house
INFO:app.core.database:批量执行SQL完成
INFO:app.services.data_generator:表 crawler_competitor_price 已插入剩余 1 条记录并缓存主键值
INFO:app.services.data_generator:独立表 crawler_competitor_price 生成完成，记录数: 1
INFO:app.services.data_generator:开始为独立表 crm_customer 生成数据
INFO:app.core.database:批量执行SQL，查询: INSERT INTO crm_customer (customer_id, name, gender, phone, email, birthday, address, create_time, update_time, is_deleted) VALUES ($1, $2, $3, $4, $5, $6, $7, $8, $9, $10), 值数量: 1
INFO:app.core.database:连接数据库: 172.16.10.196:5432/db_house
INFO:app.core.database:批量执行SQL完成
INFO:app.services.data_generator:表 crm_customer 已插入剩余 1 条记录并缓存主键值
INFO:app.services.data_generator:独立表 crm_customer 生成完成，记录数: 1
INFO:app.services.data_generator:开始为独立表 ext_market_trend 生成数据
INFO:app.core.database:批量执行SQL，查询: INSERT INTO ext_market_trend (id, period, region, category, market_size, growth_rate, data_source) VALUES ($1, $2, $3, $4, $5, $6, $7), 值数量: 1
INFO:app.core.database:连接数据库: 172.16.10.196:5432/db_house
INFO:app.core.database:批量执行SQL完成
INFO:app.services.data_generator:表 ext_market_trend 已插入剩余 1 条记录并缓存主键值
INFO:app.services.data_generator:独立表 ext_market_trend 生成完成，记录数: 1
INFO:app.services.data_generator:=== 阶段2：生成依赖表 ===
INFO:app.services.data_generator:表依赖排序结果: ['oms_order', 'lms_shipment', 'fms_financial_transaction', 'oms_order_item']
INFO:app.services.data_generator:排序后的依赖表: ['oms_order', 'lms_shipment', 'fms_financial_transaction', 'oms_order_item']
INFO:app.services.data_generator:开始为依赖表 oms_order 生成数据
INFO:app.core.database:批量执行SQL，查询: INSERT INTO oms_order (order_id, order_channel, customer_code, order_amount, discount_amount, pay_amount, order_status, province, city, district, detail_address, order_time) VALUES ($1, $2, $3, $4, $5, $6, $7, $8, $9, $10, $11, $12), 值数量: 1
INFO:app.core.database:连接数据库: 172.16.10.196:5432/db_house
INFO:app.core.database:批量执行SQL完成
INFO:app.services.data_generator:表 oms_order 已插入剩余 1 条记录并缓存主键值
INFO:app.services.data_generator:依赖表 oms_order 生成完成，记录数: 1
INFO:app.services.data_generator:开始为依赖表 lms_shipment 生成数据
INFO:app.core.database:批量执行SQL，查询: INSERT INTO lms_shipment (shipment_id, order_id, carrier, sender_address, receiver_info, current_status, shipping_time, estimated_delivery, actual_delivery) VALUES ($1, $2, $3, $4, $5, $6, $7, $8, $9), 值数量: 1
INFO:app.core.database:连接数据库: 172.16.10.196:5432/db_house
INFO:app.core.database:批量执行SQL完成
INFO:app.services.data_generator:表 lms_shipment 已插入剩余 1 条记录并缓存主键值
INFO:app.services.data_generator:依赖表 lms_shipment 生成完成，记录数: 1
INFO:app.services.data_generator:开始为依赖表 fms_financial_transaction 生成数据
INFO:app.core.database:批量执行SQL，查询: INSERT INTO fms_financial_transaction (transaction_id, order_id, payment_method, transaction_type, transaction_amount, transaction_status, transaction_time) VALUES ($1, $2, $3, $4, $5, $6, $7), 值数量: 1
INFO:app.core.database:连接数据库: 172.16.10.196:5432/db_house
INFO:app.core.database:批量执行SQL完成
INFO:app.services.data_generator:表 fms_financial_transaction 已插入剩余 1 条记录并缓存主键值
INFO:app.services.data_generator:依赖表 fms_financial_transaction 生成完成，记录数: 1
INFO:app.services.data_generator:开始为依赖表 oms_order_item 生成数据
INFO:app.core.database:批量执行SQL，查询: INSERT INTO oms_order_item (id, order_id, product_sku, product_name, quantity, price) VALUES ($1, $2, $3, $4, $5, $6), 值数量: 1
INFO:app.core.database:连接数据库: 172.16.10.196:5432/db_house
INFO:app.core.database:批量执行SQL完成
INFO:app.services.data_generator:表 oms_order_item 已插入剩余 1 条记录并缓存主键值
INFO:app.services.data_generator:依赖表 oms_order_item 生成完成，记录数: 1
INFO:app.services.data_generator:数据生成完成，总记录数: 7
INFO:app.services.data_generator:退出 generate_data_for_tables 方法
INFO:app.services.data_generator:开始 generate_data_for_tables 方法
INFO:app.services.data_generator:独立表（阶段1）: ['crawler_competitor_price', 'crm_customer', 'ext_market_trend']
INFO:app.services.data_generator:依赖表（阶段2）: ['oms_order', 'lms_shipment', 'fms_financial_transaction', 'oms_order_item']
INFO:app.services.data_generator:初始化数据库计数器
INFO:app.core.database:执行查询: SELECT MAX(id) FROM crawler_competitor_price, 参数: ()
INFO:app.core.database:连接数据库: 172.16.10.196:5432/db_house
INFO:app.core.database:查询执行成功
INFO:app.core.database:执行查询: SELECT MAX(id) FROM ext_market_trend, 参数: ()
INFO:app.core.database:连接数据库: 172.16.10.196:5432/db_house
INFO:app.core.database:查询执行成功
INFO:app.core.database:执行查询: SELECT MAX(id) FROM oms_order_item, 参数: ()
INFO:app.core.database:连接数据库: 172.16.10.196:5432/db_house
INFO:app.core.database:查询执行成功
INFO:app.services.data_generator:计数器初始化完成: {'crawler_competitor_price_id': 15, 'ext_market_trend_id': 15, 'oms_order_item_id': 15}
INFO:app.services.data_generator:开始处理日期: 2025-10-23
INFO:app.services.data_generator:当天计划生成记录数: 1
INFO:app.services.data_generator:已清空外键缓存
INFO:app.services.data_generator:=== 阶段1：生成独立表 ===
INFO:app.services.data_generator:开始为独立表 crawler_competitor_price 生成数据
INFO:app.core.database:批量执行SQL，查询: INSERT INTO crawler_competitor_price (id, crawl_time, platform, competitor_name, product_name, product_sku, price, promotion_info, is_in_stock) VALUES ($1, $2, $3, $4, $5, $6, $7, $8, $9), 值数量: 1
INFO:app.core.database:连接数据库: 172.16.10.196:5432/db_house
INFO:app.core.database:批量执行SQL完成
INFO:app.services.data_generator:表 crawler_competitor_price 已插入剩余 1 条记录并缓存主键值
INFO:app.services.data_generator:独立表 crawler_competitor_price 生成完成，记录数: 1
INFO:app.services.data_generator:开始为独立表 crm_customer 生成数据
INFO:app.core.database:批量执行SQL，查询: INSERT INTO crm_customer (customer_id, name, gender, phone, email, birthday, address, create_time, update_time, is_deleted) VALUES ($1, $2, $3, $4, $5, $6, $7, $8, $9, $10), 值数量: 1
INFO:app.core.database:连接数据库: 172.16.10.196:5432/db_house
INFO:app.core.database:批量执行SQL完成
INFO:app.services.data_generator:表 crm_customer 已插入剩余 1 条记录并缓存主键值
INFO:app.services.data_generator:独立表 crm_customer 生成完成，记录数: 1
INFO:app.services.data_generator:开始为独立表 ext_market_trend 生成数据
INFO:app.core.database:批量执行SQL，查询: INSERT INTO ext_market_trend (id, period, region, category, market_size, growth_rate, data_source) VALUES ($1, $2, $3, $4, $5, $6, $7), 值数量: 1
INFO:app.core.database:连接数据库: 172.16.10.196:5432/db_house
INFO:app.core.database:批量执行SQL完成
INFO:app.services.data_generator:表 ext_market_trend 已插入剩余 1 条记录并缓存主键值
INFO:app.services.data_generator:独立表 ext_market_trend 生成完成，记录数: 1
INFO:app.services.data_generator:=== 阶段2：生成依赖表 ===
INFO:app.services.data_generator:表依赖排序结果: ['oms_order', 'lms_shipment', 'fms_financial_transaction', 'oms_order_item']
INFO:app.services.data_generator:排序后的依赖表: ['oms_order', 'lms_shipment', 'fms_financial_transaction', 'oms_order_item']
INFO:app.services.data_generator:开始为依赖表 oms_order 生成数据
INFO:app.core.database:批量执行SQL，查询: INSERT INTO oms_order (order_id, order_channel, customer_code, order_amount, discount_amount, pay_amount, order_status, province, city, district, detail_address, order_time) VALUES ($1, $2, $3, $4, $5, $6, $7, $8, $9, $10, $11, $12), 值数量: 1
INFO:app.core.database:连接数据库: 172.16.10.196:5432/db_house
INFO:app.core.database:批量执行SQL完成
INFO:app.services.data_generator:表 oms_order 已插入剩余 1 条记录并缓存主键值
INFO:app.services.data_generator:依赖表 oms_order 生成完成，记录数: 1
INFO:app.services.data_generator:开始为依赖表 lms_shipment 生成数据
INFO:app.core.database:批量执行SQL，查询: INSERT INTO lms_shipment (shipment_id, order_id, carrier, sender_address, receiver_info, current_status, shipping_time, estimated_delivery, actual_delivery) VALUES ($1, $2, $3, $4, $5, $6, $7, $8, $9), 值数量: 1
INFO:app.core.database:连接数据库: 172.16.10.196:5432/db_house
INFO:app.core.database:批量执行SQL完成
INFO:app.services.data_generator:表 lms_shipment 已插入剩余 1 条记录并缓存主键值
INFO:app.services.data_generator:依赖表 lms_shipment 生成完成，记录数: 1
INFO:app.services.data_generator:开始为依赖表 fms_financial_transaction 生成数据
INFO:app.core.database:批量执行SQL，查询: INSERT INTO fms_financial_transaction (transaction_id, order_id, payment_method, transaction_type, transaction_amount, transaction_status, transaction_time) VALUES ($1, $2, $3, $4, $5, $6, $7), 值数量: 1
INFO:app.core.database:连接数据库: 172.16.10.196:5432/db_house
INFO:app.core.database:批量执行SQL完成
INFO:app.services.data_generator:表 fms_financial_transaction 已插入剩余 1 条记录并缓存主键值
INFO:app.services.data_generator:依赖表 fms_financial_transaction 生成完成，记录数: 1
INFO:app.services.data_generator:开始为依赖表 oms_order_item 生成数据
INFO:app.core.database:批量执行SQL，查询: INSERT INTO oms_order_item (id, order_id, product_sku, product_name, quantity, price) VALUES ($1, $2, $3, $4, $5, $6), 值数量: 1
INFO:app.core.database:连接数据库: 172.16.10.196:5432/db_house
INFO:app.core.database:批量执行SQL完成
INFO:app.services.data_generator:表 oms_order_item 已插入剩余 1 条记录并缓存主键值
INFO:app.services.data_generator:依赖表 oms_order_item 生成完成，记录数: 1
INFO:app.services.data_generator:数据生成完成，总记录数: 7
INFO:app.services.data_generator:退出 generate_data_for_tables 方法
INFO:app.services.data_generator:开始 generate_data_for_tables 方法
INFO:app.services.data_generator:独立表（阶段1）: ['crawler_competitor_price', 'crm_customer', 'ext_market_trend']
INFO:app.services.data_generator:依赖表（阶段2）: ['oms_order', 'lms_shipment', 'fms_financial_transaction', 'oms_order_item']
INFO:app.services.data_generator:初始化数据库计数器
INFO:app.core.database:执行查询: SELECT MAX(id) FROM crawler_competitor_price, 参数: ()
INFO:app.core.database:连接数据库: 172.16.10.196:5432/db_house
INFO:app.core.database:查询执行成功
INFO:app.core.database:执行查询: SELECT MAX(id) FROM ext_market_trend, 参数: ()
INFO:app.core.database:连接数据库: 172.16.10.196:5432/db_house
INFO:app.core.database:查询执行成功
INFO:app.core.database:执行查询: SELECT MAX(id) FROM oms_order_item, 参数: ()
INFO:app.core.database:连接数据库: 172.16.10.196:5432/db_house
INFO:app.core.database:查询执行成功
INFO:app.services.data_generator:计数器初始化完成: {'crawler_competitor_price_id': 16, 'ext_market_trend_id': 16, 'oms_order_item_id': 16}
INFO:app.services.data_generator:开始处理日期: 2025-10-23
INFO:app.services.data_generator:当天计划生成记录数: 1
INFO:app.services.data_generator:已清空外键缓存
INFO:app.services.data_generator:=== 阶段1：生成独立表 ===
INFO:app.services.data_generator:开始为独立表 crawler_competitor_price 生成数据
INFO:app.core.database:批量执行SQL，查询: INSERT INTO crawler_competitor_price (id, crawl_time, platform, competitor_name, product_name, product_sku, price, promotion_info, is_in_stock) VALUES ($1, $2, $3, $4, $5, $6, $7, $8, $9), 值数量: 1
INFO:app.core.database:连接数据库: 172.16.10.196:5432/db_house
INFO:app.core.database:批量执行SQL完成
INFO:app.services.data_generator:表 crawler_competitor_price 已插入剩余 1 条记录并缓存主键值
INFO:app.services.data_generator:独立表 crawler_competitor_price 生成完成，记录数: 1
INFO:app.services.data_generator:开始为独立表 crm_customer 生成数据
INFO:app.core.database:批量执行SQL，查询: INSERT INTO crm_customer (customer_id, name, gender, phone, email, birthday, address, create_time, update_time, is_deleted) VALUES ($1, $2, $3, $4, $5, $6, $7, $8, $9, $10), 值数量: 1
INFO:app.core.database:连接数据库: 172.16.10.196:5432/db_house
INFO:app.core.database:批量执行SQL完成
INFO:app.services.data_generator:表 crm_customer 已插入剩余 1 条记录并缓存主键值
INFO:app.services.data_generator:独立表 crm_customer 生成完成，记录数: 1
INFO:app.services.data_generator:开始为独立表 ext_market_trend 生成数据
INFO:app.core.database:批量执行SQL，查询: INSERT INTO ext_market_trend (id, period, region, category, market_size, growth_rate, data_source) VALUES ($1, $2, $3, $4, $5, $6, $7), 值数量: 1
INFO:app.core.database:连接数据库: 172.16.10.196:5432/db_house
INFO:app.core.database:批量执行SQL完成
INFO:app.services.data_generator:表 ext_market_trend 已插入剩余 1 条记录并缓存主键值
INFO:app.services.data_generator:独立表 ext_market_trend 生成完成，记录数: 1
INFO:app.services.data_generator:=== 阶段2：生成依赖表 ===
INFO:app.services.data_generator:表依赖排序结果: ['oms_order', 'lms_shipment', 'fms_financial_transaction', 'oms_order_item']
INFO:app.services.data_generator:排序后的依赖表: ['oms_order', 'lms_shipment', 'fms_financial_transaction', 'oms_order_item']
INFO:app.services.data_generator:开始为依赖表 oms_order 生成数据
INFO:app.core.database:批量执行SQL，查询: INSERT INTO oms_order (order_id, order_channel, customer_code, order_amount, discount_amount, pay_amount, order_status, province, city, district, detail_address, order_time) VALUES ($1, $2, $3, $4, $5, $6, $7, $8, $9, $10, $11, $12), 值数量: 1
INFO:app.core.database:连接数据库: 172.16.10.196:5432/db_house
INFO:app.core.database:批量执行SQL完成
INFO:app.services.data_generator:表 oms_order 已插入剩余 1 条记录并缓存主键值
INFO:app.services.data_generator:依赖表 oms_order 生成完成，记录数: 1
INFO:app.services.data_generator:开始为依赖表 lms_shipment 生成数据
INFO:app.core.database:批量执行SQL，查询: INSERT INTO lms_shipment (shipment_id, order_id, carrier, sender_address, receiver_info, current_status, shipping_time, estimated_delivery, actual_delivery) VALUES ($1, $2, $3, $4, $5, $6, $7, $8, $9), 值数量: 1
INFO:app.core.database:连接数据库: 172.16.10.196:5432/db_house
INFO:app.core.database:批量执行SQL完成
INFO:app.services.data_generator:表 lms_shipment 已插入剩余 1 条记录并缓存主键值
INFO:app.services.data_generator:依赖表 lms_shipment 生成完成，记录数: 1
INFO:app.services.data_generator:开始为依赖表 fms_financial_transaction 生成数据
INFO:app.core.database:批量执行SQL，查询: INSERT INTO fms_financial_transaction (transaction_id, order_id, payment_method, transaction_type, transaction_amount, transaction_status, transaction_time) VALUES ($1, $2, $3, $4, $5, $6, $7), 值数量: 1
INFO:app.core.database:连接数据库: 172.16.10.196:5432/db_house
INFO:app.core.database:批量执行SQL完成
INFO:app.services.data_generator:表 fms_financial_transaction 已插入剩余 1 条记录并缓存主键值
INFO:app.services.data_generator:依赖表 fms_financial_transaction 生成完成，记录数: 1
INFO:app.services.data_generator:开始为依赖表 oms_order_item 生成数据
INFO:app.core.database:批量执行SQL，查询: INSERT INTO oms_order_item (id, order_id, product_sku, product_name, quantity, price) VALUES ($1, $2, $3, $4, $5, $6), 值数量: 1
INFO:app.core.database:连接数据库: 172.16.10.196:5432/db_house
INFO:app.core.database:批量执行SQL完成
INFO:app.services.data_generator:表 oms_order_item 已插入剩余 1 条记录并缓存主键值
INFO:app.services.data_generator:依赖表 oms_order_item 生成完成，记录数: 1
INFO:app.services.data_generator:数据生成完成，总记录数: 7
INFO:app.services.data_generator:退出 generate_data_for_tables 方法
INFO:app.services.data_generator:开始 generate_data_for_tables 方法
INFO:app.services.data_generator:独立表（阶段1）: ['crawler_competitor_price', 'crm_customer', 'ext_market_trend']
INFO:app.services.data_generator:依赖表（阶段2）: ['oms_order', 'lms_shipment', 'fms_financial_transaction', 'oms_order_item']
INFO:app.services.data_generator:初始化数据库计数器
INFO:app.core.database:执行查询: SELECT MAX(id) FROM crawler_competitor_price, 参数: ()
INFO:app.core.database:连接数据库: 172.16.10.196:5432/db_house
INFO:app.core.database:查询执行成功
INFO:app.core.database:执行查询: SELECT MAX(id) FROM ext_market_trend, 参数: ()
INFO:app.core.database:连接数据库: 172.16.10.196:5432/db_house
INFO:app.core.database:查询执行成功
INFO:app.core.database:执行查询: SELECT MAX(id) FROM oms_order_item, 参数: ()
INFO:app.core.database:连接数据库: 172.16.10.196:5432/db_house
INFO:app.core.database:查询执行成功
INFO:app.services.data_generator:计数器初始化完成: {'crawler_competitor_price_id': 17, 'ext_market_trend_id': 17, 'oms_order_item_id': 17}
INFO:app.services.data_generator:开始处理日期: 2025-10-23
INFO:app.services.data_generator:当天计划生成记录数: 1
INFO:app.services.data_generator:已清空外键缓存
INFO:app.services.data_generator:=== 阶段1：生成独立表 ===
INFO:app.services.data_generator:开始为独立表 crawler_competitor_price 生成数据
INFO:app.core.database:批量执行SQL，查询: INSERT INTO crawler_competitor_price (id, crawl_time, platform, competitor_name, product_name, product_sku, price, promotion_info, is_in_stock) VALUES ($1, $2, $3, $4, $5, $6, $7, $8, $9), 值数量: 1
INFO:app.core.database:连接数据库: 172.16.10.196:5432/db_house
INFO:app.core.database:批量执行SQL完成
INFO:app.services.data_generator:表 crawler_competitor_price 已插入剩余 1 条记录并缓存主键值
INFO:app.services.data_generator:独立表 crawler_competitor_price 生成完成，记录数: 1
INFO:app.services.data_generator:开始为独立表 crm_customer 生成数据
INFO:app.core.database:批量执行SQL，查询: INSERT INTO crm_customer (customer_id, name, gender, phone, email, birthday, address, create_time, update_time, is_deleted) VALUES ($1, $2, $3, $4, $5, $6, $7, $8, $9, $10), 值数量: 1
INFO:app.core.database:连接数据库: 172.16.10.196:5432/db_house
INFO:app.core.database:批量执行SQL完成
INFO:app.services.data_generator:表 crm_customer 已插入剩余 1 条记录并缓存主键值
INFO:app.services.data_generator:独立表 crm_customer 生成完成，记录数: 1
INFO:app.services.data_generator:开始为独立表 ext_market_trend 生成数据
INFO:app.core.database:批量执行SQL，查询: INSERT INTO ext_market_trend (id, period, region, category, market_size, growth_rate, data_source) VALUES ($1, $2, $3, $4, $5, $6, $7), 值数量: 1
INFO:app.core.database:连接数据库: 172.16.10.196:5432/db_house
INFO:app.core.database:批量执行SQL完成
INFO:app.services.data_generator:表 ext_market_trend 已插入剩余 1 条记录并缓存主键值
INFO:app.services.data_generator:独立表 ext_market_trend 生成完成，记录数: 1
INFO:app.services.data_generator:=== 阶段2：生成依赖表 ===
INFO:app.services.data_generator:表依赖排序结果: ['oms_order', 'lms_shipment', 'fms_financial_transaction', 'oms_order_item']
INFO:app.services.data_generator:排序后的依赖表: ['oms_order', 'lms_shipment', 'fms_financial_transaction', 'oms_order_item']
INFO:app.services.data_generator:开始为依赖表 oms_order 生成数据
INFO:app.core.database:批量执行SQL，查询: INSERT INTO oms_order (order_id, order_channel, customer_code, order_amount, discount_amount, pay_amount, order_status, province, city, district, detail_address, order_time) VALUES ($1, $2, $3, $4, $5, $6, $7, $8, $9, $10, $11, $12), 值数量: 1
INFO:app.core.database:连接数据库: 172.16.10.196:5432/db_house
INFO:app.core.database:批量执行SQL完成
INFO:app.services.data_generator:表 oms_order 已插入剩余 1 条记录并缓存主键值
INFO:app.services.data_generator:依赖表 oms_order 生成完成，记录数: 1
INFO:app.services.data_generator:开始为依赖表 lms_shipment 生成数据
INFO:app.core.database:批量执行SQL，查询: INSERT INTO lms_shipment (shipment_id, order_id, carrier, sender_address, receiver_info, current_status, shipping_time, estimated_delivery, actual_delivery) VALUES ($1, $2, $3, $4, $5, $6, $7, $8, $9), 值数量: 1
INFO:app.core.database:连接数据库: 172.16.10.196:5432/db_house
INFO:app.core.database:批量执行SQL完成
INFO:app.services.data_generator:表 lms_shipment 已插入剩余 1 条记录并缓存主键值
INFO:app.services.data_generator:依赖表 lms_shipment 生成完成，记录数: 1
INFO:app.services.data_generator:开始为依赖表 fms_financial_transaction 生成数据
INFO:app.core.database:批量执行SQL，查询: INSERT INTO fms_financial_transaction (transaction_id, order_id, payment_method, transaction_type, transaction_amount, transaction_status, transaction_time) VALUES ($1, $2, $3, $4, $5, $6, $7), 值数量: 1
INFO:app.core.database:连接数据库: 172.16.10.196:5432/db_house
INFO:app.core.database:批量执行SQL完成
INFO:app.services.data_generator:表 fms_financial_transaction 已插入剩余 1 条记录并缓存主键值
INFO:app.services.data_generator:依赖表 fms_financial_transaction 生成完成，记录数: 1
INFO:app.services.data_generator:开始为依赖表 oms_order_item 生成数据
INFO:app.core.database:批量执行SQL，查询: INSERT INTO oms_order_item (id, order_id, product_sku, product_name, quantity, price) VALUES ($1, $2, $3, $4, $5, $6), 值数量: 1
INFO:app.core.database:连接数据库: 172.16.10.196:5432/db_house
INFO:app.core.database:批量执行SQL完成
INFO:app.services.data_generator:表 oms_order_item 已插入剩余 1 条记录并缓存主键值
INFO:app.services.data_generator:依赖表 oms_order_item 生成完成，记录数: 1
INFO:app.services.data_generator:数据生成完成，总记录数: 7
INFO:app.services.data_generator:退出 generate_data_for_tables 方法
INFO:app.services.data_generator:开始 generate_data_for_tables 方法
INFO:app.services.data_generator:独立表（阶段1）: ['crawler_competitor_price', 'crm_customer', 'ext_market_trend']
INFO:app.services.data_generator:依赖表（阶段2）: ['oms_order', 'lms_shipment', 'fms_financial_transaction', 'oms_order_item']
INFO:app.services.data_generator:初始化数据库计数器
INFO:app.core.database:执行查询: SELECT MAX(id) FROM crawler_competitor_price, 参数: ()
INFO:app.core.database:连接数据库: 172.16.10.196:5432/db_house
INFO:app.core.database:查询执行成功
INFO:app.core.database:执行查询: SELECT MAX(id) FROM ext_market_trend, 参数: ()
INFO:app.core.database:连接数据库: 172.16.10.196:5432/db_house
INFO:app.core.database:查询执行成功
INFO:app.core.database:执行查询: SELECT MAX(id) FROM oms_order_item, 参数: ()
INFO:app.core.database:连接数据库: 172.16.10.196:5432/db_house
INFO:app.core.database:查询执行成功
INFO:app.services.data_generator:计数器初始化完成: {'crawler_competitor_price_id': 18, 'ext_market_trend_id': 18, 'oms_order_item_id': 18}
INFO:app.services.data_generator:开始处理日期: 2025-10-23
INFO:app.services.data_generator:当天计划生成记录数: 1
INFO:app.services.data_generator:已清空外键缓存
INFO:app.services.data_generator:=== 阶段1：生成独立表 ===
INFO:app.services.data_generator:开始为独立表 crawler_competitor_price 生成数据
INFO:app.core.database:批量执行SQL，查询: INSERT INTO crawler_competitor_price (id, crawl_time, platform, competitor_name, product_name, product_sku, price, promotion_info, is_in_stock) VALUES ($1, $2, $3, $4, $5, $6, $7, $8, $9), 值数量: 1
INFO:app.core.database:连接数据库: 172.16.10.196:5432/db_house
INFO:app.core.database:批量执行SQL完成
INFO:app.services.data_generator:表 crawler_competitor_price 已插入剩余 1 条记录并缓存主键值
INFO:app.services.data_generator:独立表 crawler_competitor_price 生成完成，记录数: 1
INFO:app.services.data_generator:开始为独立表 crm_customer 生成数据
INFO:app.core.database:批量执行SQL，查询: INSERT INTO crm_customer (customer_id, name, gender, phone, email, birthday, address, create_time, update_time, is_deleted) VALUES ($1, $2, $3, $4, $5, $6, $7, $8, $9, $10), 值数量: 1
INFO:app.core.database:连接数据库: 172.16.10.196:5432/db_house
INFO:app.core.database:批量执行SQL完成
INFO:app.services.data_generator:表 crm_customer 已插入剩余 1 条记录并缓存主键值
INFO:app.services.data_generator:独立表 crm_customer 生成完成，记录数: 1
INFO:app.services.data_generator:开始为独立表 ext_market_trend 生成数据
INFO:app.core.database:批量执行SQL，查询: INSERT INTO ext_market_trend (id, period, region, category, market_size, growth_rate, data_source) VALUES ($1, $2, $3, $4, $5, $6, $7), 值数量: 1
INFO:app.core.database:连接数据库: 172.16.10.196:5432/db_house
INFO:app.core.database:批量执行SQL完成
INFO:app.services.data_generator:表 ext_market_trend 已插入剩余 1 条记录并缓存主键值
INFO:app.services.data_generator:独立表 ext_market_trend 生成完成，记录数: 1
INFO:app.services.data_generator:=== 阶段2：生成依赖表 ===
INFO:app.services.data_generator:表依赖排序结果: ['oms_order', 'lms_shipment', 'fms_financial_transaction', 'oms_order_item']
INFO:app.services.data_generator:排序后的依赖表: ['oms_order', 'lms_shipment', 'fms_financial_transaction', 'oms_order_item']
INFO:app.services.data_generator:开始为依赖表 oms_order 生成数据
INFO:app.core.database:批量执行SQL，查询: INSERT INTO oms_order (order_id, order_channel, customer_code, order_amount, discount_amount, pay_amount, order_status, province, city, district, detail_address, order_time) VALUES ($1, $2, $3, $4, $5, $6, $7, $8, $9, $10, $11, $12), 值数量: 1
INFO:app.core.database:连接数据库: 172.16.10.196:5432/db_house
INFO:app.core.database:批量执行SQL完成
INFO:app.services.data_generator:表 oms_order 已插入剩余 1 条记录并缓存主键值
INFO:app.services.data_generator:依赖表 oms_order 生成完成，记录数: 1
INFO:app.services.data_generator:开始为依赖表 lms_shipment 生成数据
INFO:app.core.database:批量执行SQL，查询: INSERT INTO lms_shipment (shipment_id, order_id, carrier, sender_address, receiver_info, current_status, shipping_time, estimated_delivery, actual_delivery) VALUES ($1, $2, $3, $4, $5, $6, $7, $8, $9), 值数量: 1
INFO:app.core.database:连接数据库: 172.16.10.196:5432/db_house
INFO:app.core.database:批量执行SQL完成
INFO:app.services.data_generator:表 lms_shipment 已插入剩余 1 条记录并缓存主键值
INFO:app.services.data_generator:依赖表 lms_shipment 生成完成，记录数: 1
INFO:app.services.data_generator:开始为依赖表 fms_financial_transaction 生成数据
INFO:app.core.database:批量执行SQL，查询: INSERT INTO fms_financial_transaction (transaction_id, order_id, payment_method, transaction_type, transaction_amount, transaction_status, transaction_time) VALUES ($1, $2, $3, $4, $5, $6, $7), 值数量: 1
INFO:app.core.database:连接数据库: 172.16.10.196:5432/db_house
INFO:app.core.database:批量执行SQL完成
INFO:app.services.data_generator:表 fms_financial_transaction 已插入剩余 1 条记录并缓存主键值
INFO:app.services.data_generator:依赖表 fms_financial_transaction 生成完成，记录数: 1
INFO:app.services.data_generator:开始为依赖表 oms_order_item 生成数据
INFO:app.core.database:批量执行SQL，查询: INSERT INTO oms_order_item (id, order_id, product_sku, product_name, quantity, price) VALUES ($1, $2, $3, $4, $5, $6), 值数量: 1
INFO:app.core.database:连接数据库: 172.16.10.196:5432/db_house
INFO:app.core.database:批量执行SQL完成
INFO:app.services.data_generator:表 oms_order_item 已插入剩余 1 条记录并缓存主键值
INFO:app.services.data_generator:依赖表 oms_order_item 生成完成，记录数: 1
INFO:app.services.data_generator:数据生成完成，总记录数: 7
INFO:app.services.data_generator:退出 generate_data_for_tables 方法
INFO:app.services.data_generator:开始 generate_data_for_tables 方法
INFO:app.services.data_generator:独立表（阶段1）: ['crawler_competitor_price', 'crm_customer', 'ext_market_trend']
INFO:app.services.data_generator:依赖表（阶段2）: ['oms_order', 'lms_shipment', 'fms_financial_transaction', 'oms_order_item']
INFO:app.services.data_generator:初始化数据库计数器
INFO:app.core.database:执行查询: SELECT MAX(id) FROM crawler_competitor_price, 参数: ()
INFO:app.core.database:连接数据库: 172.16.10.196:5432/db_house
INFO:app.core.database:查询执行成功
INFO:app.core.database:执行查询: SELECT MAX(id) FROM ext_market_trend, 参数: ()
INFO:app.core.database:连接数据库: 172.16.10.196:5432/db_house
INFO:app.core.database:查询执行成功
INFO:app.core.database:执行查询: SELECT MAX(id) FROM oms_order_item, 参数: ()
INFO:app.core.database:连接数据库: 172.16.10.196:5432/db_house
INFO:app.core.database:查询执行成功
INFO:app.services.data_generator:计数器初始化完成: {'crawler_competitor_price_id': 19, 'ext_market_trend_id': 19, 'oms_order_item_id': 19}
INFO:app.services.data_generator:开始处理日期: 2025-10-23
INFO:app.services.data_generator:当天计划生成记录数: 1
INFO:app.services.data_generator:已清空外键缓存
INFO:app.services.data_generator:=== 阶段1：生成独立表 ===
INFO:app.services.data_generator:开始为独立表 crawler_competitor_price 生成数据
INFO:app.core.database:批量执行SQL，查询: INSERT INTO crawler_competitor_price (id, crawl_time, platform, competitor_name, product_name, product_sku, price, promotion_info, is_in_stock) VALUES ($1, $2, $3, $4, $5, $6, $7, $8, $9), 值数量: 1
INFO:app.core.database:连接数据库: 172.16.10.196:5432/db_house
INFO:app.core.database:批量执行SQL完成
INFO:app.services.data_generator:表 crawler_competitor_price 已插入剩余 1 条记录并缓存主键值
INFO:app.services.data_generator:独立表 crawler_competitor_price 生成完成，记录数: 1
INFO:app.services.data_generator:开始为独立表 crm_customer 生成数据
INFO:app.core.database:批量执行SQL，查询: INSERT INTO crm_customer (customer_id, name, gender, phone, email, birthday, address, create_time, update_time, is_deleted) VALUES ($1, $2, $3, $4, $5, $6, $7, $8, $9, $10), 值数量: 1
INFO:app.core.database:连接数据库: 172.16.10.196:5432/db_house
INFO:app.core.database:批量执行SQL完成
INFO:app.services.data_generator:表 crm_customer 已插入剩余 1 条记录并缓存主键值
INFO:app.services.data_generator:独立表 crm_customer 生成完成，记录数: 1
INFO:app.services.data_generator:开始为独立表 ext_market_trend 生成数据
INFO:app.core.database:批量执行SQL，查询: INSERT INTO ext_market_trend (id, period, region, category, market_size, growth_rate, data_source) VALUES ($1, $2, $3, $4, $5, $6, $7), 值数量: 1
INFO:app.core.database:连接数据库: 172.16.10.196:5432/db_house
INFO:app.core.database:批量执行SQL完成
INFO:app.services.data_generator:表 ext_market_trend 已插入剩余 1 条记录并缓存主键值
INFO:app.services.data_generator:独立表 ext_market_trend 生成完成，记录数: 1
INFO:app.services.data_generator:=== 阶段2：生成依赖表 ===
INFO:app.services.data_generator:表依赖排序结果: ['oms_order', 'lms_shipment', 'fms_financial_transaction', 'oms_order_item']
INFO:app.services.data_generator:排序后的依赖表: ['oms_order', 'lms_shipment', 'fms_financial_transaction', 'oms_order_item']
INFO:app.services.data_generator:开始为依赖表 oms_order 生成数据
INFO:app.core.database:批量执行SQL，查询: INSERT INTO oms_order (order_id, order_channel, customer_code, order_amount, discount_amount, pay_amount, order_status, province, city, district, detail_address, order_time) VALUES ($1, $2, $3, $4, $5, $6, $7, $8, $9, $10, $11, $12), 值数量: 1
INFO:app.core.database:连接数据库: 172.16.10.196:5432/db_house
INFO:app.core.database:批量执行SQL完成
INFO:app.services.data_generator:表 oms_order 已插入剩余 1 条记录并缓存主键值
INFO:app.services.data_generator:依赖表 oms_order 生成完成，记录数: 1
INFO:app.services.data_generator:开始为依赖表 lms_shipment 生成数据
INFO:app.core.database:批量执行SQL，查询: INSERT INTO lms_shipment (shipment_id, order_id, carrier, sender_address, receiver_info, current_status, shipping_time, estimated_delivery, actual_delivery) VALUES ($1, $2, $3, $4, $5, $6, $7, $8, $9), 值数量: 1
INFO:app.core.database:连接数据库: 172.16.10.196:5432/db_house
INFO:app.core.database:批量执行SQL完成
INFO:app.services.data_generator:表 lms_shipment 已插入剩余 1 条记录并缓存主键值
INFO:app.services.data_generator:依赖表 lms_shipment 生成完成，记录数: 1
INFO:app.services.data_generator:开始为依赖表 fms_financial_transaction 生成数据
INFO:app.core.database:批量执行SQL，查询: INSERT INTO fms_financial_transaction (transaction_id, order_id, payment_method, transaction_type, transaction_amount, transaction_status, transaction_time) VALUES ($1, $2, $3, $4, $5, $6, $7), 值数量: 1
INFO:app.core.database:连接数据库: 172.16.10.196:5432/db_house
INFO:app.core.database:批量执行SQL完成
INFO:app.services.data_generator:表 fms_financial_transaction 已插入剩余 1 条记录并缓存主键值
INFO:app.services.data_generator:依赖表 fms_financial_transaction 生成完成，记录数: 1
INFO:app.services.data_generator:开始为依赖表 oms_order_item 生成数据
INFO:app.core.database:批量执行SQL，查询: INSERT INTO oms_order_item (id, order_id, product_sku, product_name, quantity, price) VALUES ($1, $2, $3, $4, $5, $6), 值数量: 1
INFO:app.core.database:连接数据库: 172.16.10.196:5432/db_house
INFO:app.core.database:批量执行SQL完成
INFO:app.services.data_generator:表 oms_order_item 已插入剩余 1 条记录并缓存主键值
INFO:app.services.data_generator:依赖表 oms_order_item 生成完成，记录数: 1
INFO:app.services.data_generator:数据生成完成，总记录数: 7
INFO:app.services.data_generator:退出 generate_data_for_tables 方法
INFO:app.services.data_generator:开始 generate_data_for_tables 方法
INFO:app.services.data_generator:独立表（阶段1）: ['crawler_competitor_price', 'crm_customer', 'ext_market_trend']
INFO:app.services.data_generator:依赖表（阶段2）: ['oms_order', 'lms_shipment', 'fms_financial_transaction', 'oms_order_item']
INFO:app.services.data_generator:初始化数据库计数器
INFO:app.core.database:执行查询: SELECT MAX(id) FROM crawler_competitor_price, 参数: ()
INFO:app.core.database:连接数据库: 172.16.10.196:5432/db_house
INFO:app.core.database:查询执行成功
INFO:app.core.database:执行查询: SELECT MAX(id) FROM ext_market_trend, 参数: ()
INFO:app.core.database:连接数据库: 172.16.10.196:5432/db_house
INFO:app.core.database:查询执行成功
INFO:app.core.database:执行查询: SELECT MAX(id) FROM oms_order_item, 参数: ()
INFO:app.core.database:连接数据库: 172.16.10.196:5432/db_house
INFO:app.core.database:查询执行成功
INFO:app.services.data_generator:计数器初始化完成: {'crawler_competitor_price_id': 20, 'ext_market_trend_id': 20, 'oms_order_item_id': 20}
INFO:app.services.data_generator:开始处理日期: 2025-10-23
INFO:app.services.data_generator:当天计划生成记录数: 1
INFO:app.services.data_generator:已清空外键缓存
INFO:app.services.data_generator:=== 阶段1：生成独立表 ===
INFO:app.services.data_generator:开始为独立表 crawler_competitor_price 生成数据
INFO:app.core.database:批量执行SQL，查询: INSERT INTO crawler_competitor_price (id, crawl_time, platform, competitor_name, product_name, product_sku, price, promotion_info, is_in_stock) VALUES ($1, $2, $3, $4, $5, $6, $7, $8, $9), 值数量: 1
INFO:app.core.database:连接数据库: 172.16.10.196:5432/db_house
INFO:app.core.database:批量执行SQL完成
INFO:app.services.data_generator:表 crawler_competitor_price 已插入剩余 1 条记录并缓存主键值
INFO:app.services.data_generator:独立表 crawler_competitor_price 生成完成，记录数: 1
INFO:app.services.data_generator:开始为独立表 crm_customer 生成数据
INFO:app.core.database:批量执行SQL，查询: INSERT INTO crm_customer (customer_id, name, gender, phone, email, birthday, address, create_time, update_time, is_deleted) VALUES ($1, $2, $3, $4, $5, $6, $7, $8, $9, $10), 值数量: 1
INFO:app.core.database:连接数据库: 172.16.10.196:5432/db_house
INFO:app.core.database:批量执行SQL完成
INFO:app.services.data_generator:表 crm_customer 已插入剩余 1 条记录并缓存主键值
INFO:app.services.data_generator:独立表 crm_customer 生成完成，记录数: 1
INFO:app.services.data_generator:开始为独立表 ext_market_trend 生成数据
INFO:app.core.database:批量执行SQL，查询: INSERT INTO ext_market_trend (id, period, region, category, market_size, growth_rate, data_source) VALUES ($1, $2, $3, $4, $5, $6, $7), 值数量: 1
INFO:app.core.database:连接数据库: 172.16.10.196:5432/db_house
INFO:app.core.database:批量执行SQL完成
INFO:app.services.data_generator:表 ext_market_trend 已插入剩余 1 条记录并缓存主键值
INFO:app.services.data_generator:独立表 ext_market_trend 生成完成，记录数: 1
INFO:app.services.data_generator:=== 阶段2：生成依赖表 ===
INFO:app.services.data_generator:表依赖排序结果: ['oms_order', 'lms_shipment', 'fms_financial_transaction', 'oms_order_item']
INFO:app.services.data_generator:排序后的依赖表: ['oms_order', 'lms_shipment', 'fms_financial_transaction', 'oms_order_item']
INFO:app.services.data_generator:开始为依赖表 oms_order 生成数据
INFO:app.core.database:批量执行SQL，查询: INSERT INTO oms_order (order_id, order_channel, customer_code, order_amount, discount_amount, pay_amount, order_status, province, city, district, detail_address, order_time) VALUES ($1, $2, $3, $4, $5, $6, $7, $8, $9, $10, $11, $12), 值数量: 1
INFO:app.core.database:连接数据库: 172.16.10.196:5432/db_house
INFO:app.core.database:批量执行SQL完成
INFO:app.services.data_generator:表 oms_order 已插入剩余 1 条记录并缓存主键值
INFO:app.services.data_generator:依赖表 oms_order 生成完成，记录数: 1
INFO:app.services.data_generator:开始为依赖表 lms_shipment 生成数据
INFO:app.core.database:批量执行SQL，查询: INSERT INTO lms_shipment (shipment_id, order_id, carrier, sender_address, receiver_info, current_status, shipping_time, estimated_delivery, actual_delivery) VALUES ($1, $2, $3, $4, $5, $6, $7, $8, $9), 值数量: 1
INFO:app.core.database:连接数据库: 172.16.10.196:5432/db_house
INFO:app.core.database:批量执行SQL完成
INFO:app.services.data_generator:表 lms_shipment 已插入剩余 1 条记录并缓存主键值
INFO:app.services.data_generator:依赖表 lms_shipment 生成完成，记录数: 1
INFO:app.services.data_generator:开始为依赖表 fms_financial_transaction 生成数据
INFO:app.core.database:批量执行SQL，查询: INSERT INTO fms_financial_transaction (transaction_id, order_id, payment_method, transaction_type, transaction_amount, transaction_status, transaction_time) VALUES ($1, $2, $3, $4, $5, $6, $7), 值数量: 1
INFO:app.core.database:连接数据库: 172.16.10.196:5432/db_house
INFO:app.core.database:批量执行SQL完成
INFO:app.services.data_generator:表 fms_financial_transaction 已插入剩余 1 条记录并缓存主键值
INFO:app.services.data_generator:依赖表 fms_financial_transaction 生成完成，记录数: 1
INFO:app.services.data_generator:开始为依赖表 oms_order_item 生成数据
INFO:app.core.database:批量执行SQL，查询: INSERT INTO oms_order_item (id, order_id, product_sku, product_name, quantity, price) VALUES ($1, $2, $3, $4, $5, $6), 值数量: 1
INFO:app.core.database:连接数据库: 172.16.10.196:5432/db_house
INFO:app.core.database:批量执行SQL完成
INFO:app.services.data_generator:表 oms_order_item 已插入剩余 1 条记录并缓存主键值
INFO:app.services.data_generator:依赖表 oms_order_item 生成完成，记录数: 1
INFO:app.services.data_generator:数据生成完成，总记录数: 7
INFO:app.services.data_generator:退出 generate_data_for_tables 方法
INFO:app.services.data_generator:开始 generate_data_for_tables 方法
INFO:app.services.data_generator:独立表（阶段1）: ['crawler_competitor_price', 'crm_customer', 'ext_market_trend']
INFO:app.services.data_generator:依赖表（阶段2）: ['oms_order', 'lms_shipment', 'fms_financial_transaction', 'oms_order_item']
INFO:app.services.data_generator:初始化数据库计数器
INFO:app.core.database:执行查询: SELECT MAX(id) FROM crawler_competitor_price, 参数: ()
INFO:app.core.database:连接数据库: 172.16.10.196:5432/db_house
INFO:app.core.database:查询执行成功
INFO:app.core.database:执行查询: SELECT MAX(id) FROM ext_market_trend, 参数: ()
INFO:app.core.database:连接数据库: 172.16.10.196:5432/db_house
INFO:app.core.database:查询执行成功
INFO:app.core.database:执行查询: SELECT MAX(id) FROM oms_order_item, 参数: ()
INFO:app.core.database:连接数据库: 172.16.10.196:5432/db_house
INFO:app.core.database:查询执行成功
INFO:app.services.data_generator:计数器初始化完成: {'crawler_competitor_price_id': 21, 'ext_market_trend_id': 21, 'oms_order_item_id': 21}
INFO:app.services.data_generator:开始处理日期: 2025-10-23
INFO:app.services.data_generator:当天计划生成记录数: 1
INFO:app.services.data_generator:已清空外键缓存
INFO:app.services.data_generator:=== 阶段1：生成独立表 ===
INFO:app.services.data_generator:开始为独立表 crawler_competitor_price 生成数据
INFO:app.core.database:批量执行SQL，查询: INSERT INTO crawler_competitor_price (id, crawl_time, platform, competitor_name, product_name, product_sku, price, promotion_info, is_in_stock) VALUES ($1, $2, $3, $4, $5, $6, $7, $8, $9), 值数量: 1
INFO:app.core.database:连接数据库: 172.16.10.196:5432/db_house
INFO:app.core.database:批量执行SQL完成
INFO:app.services.data_generator:表 crawler_competitor_price 已插入剩余 1 条记录并缓存主键值
INFO:app.services.data_generator:独立表 crawler_competitor_price 生成完成，记录数: 1
INFO:app.services.data_generator:开始为独立表 crm_customer 生成数据
INFO:app.core.database:批量执行SQL，查询: INSERT INTO crm_customer (customer_id, name, gender, phone, email, birthday, address, create_time, update_time, is_deleted) VALUES ($1, $2, $3, $4, $5, $6, $7, $8, $9, $10), 值数量: 1
INFO:app.core.database:连接数据库: 172.16.10.196:5432/db_house
INFO:app.core.database:批量执行SQL完成
INFO:app.services.data_generator:表 crm_customer 已插入剩余 1 条记录并缓存主键值
INFO:app.services.data_generator:独立表 crm_customer 生成完成，记录数: 1
INFO:app.services.data_generator:开始为独立表 ext_market_trend 生成数据
INFO:app.core.database:批量执行SQL，查询: INSERT INTO ext_market_trend (id, period, region, category, market_size, growth_rate, data_source) VALUES ($1, $2, $3, $4, $5, $6, $7), 值数量: 1
INFO:app.core.database:连接数据库: 172.16.10.196:5432/db_house
INFO:app.core.database:批量执行SQL完成
INFO:app.services.data_generator:表 ext_market_trend 已插入剩余 1 条记录并缓存主键值
INFO:app.services.data_generator:独立表 ext_market_trend 生成完成，记录数: 1
INFO:app.services.data_generator:=== 阶段2：生成依赖表 ===
INFO:app.services.data_generator:表依赖排序结果: ['oms_order', 'lms_shipment', 'fms_financial_transaction', 'oms_order_item']
INFO:app.services.data_generator:排序后的依赖表: ['oms_order', 'lms_shipment', 'fms_financial_transaction', 'oms_order_item']
INFO:app.services.data_generator:开始为依赖表 oms_order 生成数据
INFO:app.core.database:批量执行SQL，查询: INSERT INTO oms_order (order_id, order_channel, customer_code, order_amount, discount_amount, pay_amount, order_status, province, city, district, detail_address, order_time) VALUES ($1, $2, $3, $4, $5, $6, $7, $8, $9, $10, $11, $12), 值数量: 1
INFO:app.core.database:连接数据库: 172.16.10.196:5432/db_house
INFO:app.core.database:批量执行SQL完成
INFO:app.services.data_generator:表 oms_order 已插入剩余 1 条记录并缓存主键值
INFO:app.services.data_generator:依赖表 oms_order 生成完成，记录数: 1
INFO:app.services.data_generator:开始为依赖表 lms_shipment 生成数据
INFO:app.core.database:批量执行SQL，查询: INSERT INTO lms_shipment (shipment_id, order_id, carrier, sender_address, receiver_info, current_status, shipping_time, estimated_delivery, actual_delivery) VALUES ($1, $2, $3, $4, $5, $6, $7, $8, $9), 值数量: 1
INFO:app.core.database:连接数据库: 172.16.10.196:5432/db_house
INFO:app.core.database:批量执行SQL完成
INFO:app.services.data_generator:表 lms_shipment 已插入剩余 1 条记录并缓存主键值
INFO:app.services.data_generator:依赖表 lms_shipment 生成完成，记录数: 1
INFO:app.services.data_generator:开始为依赖表 fms_financial_transaction 生成数据
INFO:app.core.database:批量执行SQL，查询: INSERT INTO fms_financial_transaction (transaction_id, order_id, payment_method, transaction_type, transaction_amount, transaction_status, transaction_time) VALUES ($1, $2, $3, $4, $5, $6, $7), 值数量: 1
INFO:app.core.database:连接数据库: 172.16.10.196:5432/db_house
INFO:app.core.database:批量执行SQL完成
INFO:app.services.data_generator:表 fms_financial_transaction 已插入剩余 1 条记录并缓存主键值
INFO:app.services.data_generator:依赖表 fms_financial_transaction 生成完成，记录数: 1
INFO:app.services.data_generator:开始为依赖表 oms_order_item 生成数据
INFO:app.core.database:批量执行SQL，查询: INSERT INTO oms_order_item (id, order_id, product_sku, product_name, quantity, price) VALUES ($1, $2, $3, $4, $5, $6), 值数量: 1
INFO:app.core.database:连接数据库: 172.16.10.196:5432/db_house
INFO:app.core.database:批量执行SQL完成
INFO:app.services.data_generator:表 oms_order_item 已插入剩余 1 条记录并缓存主键值
INFO:app.services.data_generator:依赖表 oms_order_item 生成完成，记录数: 1
INFO:app.services.data_generator:数据生成完成，总记录数: 7
INFO:app.services.data_generator:退出 generate_data_for_tables 方法
INFO:app.services.data_generator:开始 generate_data_for_tables 方法
INFO:app.services.data_generator:独立表（阶段1）: ['crawler_competitor_price', 'crm_customer', 'ext_market_trend']
INFO:app.services.data_generator:依赖表（阶段2）: ['oms_order', 'lms_shipment', 'fms_financial_transaction', 'oms_order_item']
INFO:app.services.data_generator:初始化数据库计数器
INFO:app.core.database:执行查询: SELECT MAX(id) FROM crawler_competitor_price, 参数: ()
INFO:app.core.database:连接数据库: 172.16.10.196:5432/db_house
INFO:app.core.database:查询执行成功
INFO:app.core.database:执行查询: SELECT MAX(id) FROM ext_market_trend, 参数: ()
INFO:app.core.database:连接数据库: 172.16.10.196:5432/db_house
INFO:app.core.database:查询执行成功
INFO:app.core.database:执行查询: SELECT MAX(id) FROM oms_order_item, 参数: ()
INFO:app.core.database:连接数据库: 172.16.10.196:5432/db_house
INFO:app.core.database:查询执行成功
INFO:app.services.data_generator:计数器初始化完成: {'crawler_competitor_price_id': 22, 'ext_market_trend_id': 22, 'oms_order_item_id': 22}
INFO:app.services.data_generator:开始处理日期: 2025-10-23
INFO:app.services.data_generator:当天计划生成记录数: 1
INFO:app.services.data_generator:已清空外键缓存
INFO:app.services.data_generator:=== 阶段1：生成独立表 ===
INFO:app.services.data_generator:开始为独立表 crawler_competitor_price 生成数据
INFO:app.core.database:批量执行SQL，查询: INSERT INTO crawler_competitor_price (id, crawl_time, platform, competitor_name, product_name, product_sku, price, promotion_info, is_in_stock) VALUES ($1, $2, $3, $4, $5, $6, $7, $8, $9), 值数量: 1
INFO:app.core.database:连接数据库: 172.16.10.196:5432/db_house
INFO:app.core.database:批量执行SQL完成
INFO:app.services.data_generator:表 crawler_competitor_price 已插入剩余 1 条记录并缓存主键值
INFO:app.services.data_generator:独立表 crawler_competitor_price 生成完成，记录数: 1
INFO:app.services.data_generator:开始为独立表 crm_customer 生成数据
INFO:app.core.database:批量执行SQL，查询: INSERT INTO crm_customer (customer_id, name, gender, phone, email, birthday, address, create_time, update_time, is_deleted) VALUES ($1, $2, $3, $4, $5, $6, $7, $8, $9, $10), 值数量: 1
INFO:app.core.database:连接数据库: 172.16.10.196:5432/db_house
INFO:app.core.database:批量执行SQL完成
INFO:app.services.data_generator:表 crm_customer 已插入剩余 1 条记录并缓存主键值
INFO:app.services.data_generator:独立表 crm_customer 生成完成，记录数: 1
INFO:app.services.data_generator:开始为独立表 ext_market_trend 生成数据
INFO:app.core.database:批量执行SQL，查询: INSERT INTO ext_market_trend (id, period, region, category, market_size, growth_rate, data_source) VALUES ($1, $2, $3, $4, $5, $6, $7), 值数量: 1
INFO:app.core.database:连接数据库: 172.16.10.196:5432/db_house
INFO:app.core.database:批量执行SQL完成
INFO:app.services.data_generator:表 ext_market_trend 已插入剩余 1 条记录并缓存主键值
INFO:app.services.data_generator:独立表 ext_market_trend 生成完成，记录数: 1
INFO:app.services.data_generator:=== 阶段2：生成依赖表 ===
INFO:app.services.data_generator:表依赖排序结果: ['oms_order', 'lms_shipment', 'fms_financial_transaction', 'oms_order_item']
INFO:app.services.data_generator:排序后的依赖表: ['oms_order', 'lms_shipment', 'fms_financial_transaction', 'oms_order_item']
INFO:app.services.data_generator:开始为依赖表 oms_order 生成数据
INFO:app.core.database:批量执行SQL，查询: INSERT INTO oms_order (order_id, order_channel, customer_code, order_amount, discount_amount, pay_amount, order_status, province, city, district, detail_address, order_time) VALUES ($1, $2, $3, $4, $5, $6, $7, $8, $9, $10, $11, $12), 值数量: 1
INFO:app.core.database:连接数据库: 172.16.10.196:5432/db_house
INFO:app.core.database:批量执行SQL完成
INFO:app.services.data_generator:表 oms_order 已插入剩余 1 条记录并缓存主键值
INFO:app.services.data_generator:依赖表 oms_order 生成完成，记录数: 1
INFO:app.services.data_generator:开始为依赖表 lms_shipment 生成数据
INFO:app.core.database:批量执行SQL，查询: INSERT INTO lms_shipment (shipment_id, order_id, carrier, sender_address, receiver_info, current_status, shipping_time, estimated_delivery, actual_delivery) VALUES ($1, $2, $3, $4, $5, $6, $7, $8, $9), 值数量: 1
INFO:app.core.database:连接数据库: 172.16.10.196:5432/db_house
INFO:app.core.database:批量执行SQL完成
INFO:app.services.data_generator:表 lms_shipment 已插入剩余 1 条记录并缓存主键值
INFO:app.services.data_generator:依赖表 lms_shipment 生成完成，记录数: 1
INFO:app.services.data_generator:开始为依赖表 fms_financial_transaction 生成数据
INFO:app.core.database:批量执行SQL，查询: INSERT INTO fms_financial_transaction (transaction_id, order_id, payment_method, transaction_type, transaction_amount, transaction_status, transaction_time) VALUES ($1, $2, $3, $4, $5, $6, $7), 值数量: 1
INFO:app.core.database:连接数据库: 172.16.10.196:5432/db_house
INFO:app.core.database:批量执行SQL完成
INFO:app.services.data_generator:表 fms_financial_transaction 已插入剩余 1 条记录并缓存主键值
INFO:app.services.data_generator:依赖表 fms_financial_transaction 生成完成，记录数: 1
INFO:app.services.data_generator:开始为依赖表 oms_order_item 生成数据
INFO:app.core.database:批量执行SQL，查询: INSERT INTO oms_order_item (id, order_id, product_sku, product_name, quantity, price) VALUES ($1, $2, $3, $4, $5, $6), 值数量: 1
INFO:app.core.database:连接数据库: 172.16.10.196:5432/db_house
INFO:app.core.database:批量执行SQL完成
INFO:app.services.data_generator:表 oms_order_item 已插入剩余 1 条记录并缓存主键值
INFO:app.services.data_generator:依赖表 oms_order_item 生成完成，记录数: 1
INFO:app.services.data_generator:数据生成完成，总记录数: 7
INFO:app.services.data_generator:退出 generate_data_for_tables 方法
INFO:app.services.data_generator:开始 generate_data_for_tables 方法
INFO:app.services.data_generator:独立表（阶段1）: ['crawler_competitor_price', 'crm_customer', 'ext_market_trend']
INFO:app.services.data_generator:依赖表（阶段2）: ['oms_order', 'lms_shipment', 'fms_financial_transaction', 'oms_order_item']
INFO:app.services.data_generator:初始化数据库计数器
INFO:app.core.database:执行查询: SELECT MAX(id) FROM crawler_competitor_price, 参数: ()
INFO:app.core.database:连接数据库: 172.16.10.196:5432/db_house
INFO:app.core.database:查询执行成功
INFO:app.core.database:执行查询: SELECT MAX(id) FROM ext_market_trend, 参数: ()
INFO:app.core.database:连接数据库: 172.16.10.196:5432/db_house
INFO:app.core.database:查询执行成功
INFO:app.core.database:执行查询: SELECT MAX(id) FROM oms_order_item, 参数: ()
INFO:app.core.database:连接数据库: 172.16.10.196:5432/db_house
INFO:app.core.database:查询执行成功
INFO:app.services.data_generator:计数器初始化完成: {'crawler_competitor_price_id': 23, 'ext_market_trend_id': 23, 'oms_order_item_id': 23}
INFO:app.services.data_generator:开始处理日期: 2025-10-23
INFO:app.services.data_generator:当天计划生成记录数: 1
INFO:app.services.data_generator:已清空外键缓存
INFO:app.services.data_generator:=== 阶段1：生成独立表 ===
INFO:app.services.data_generator:开始为独立表 crawler_competitor_price 生成数据
INFO:app.core.database:批量执行SQL，查询: INSERT INTO crawler_competitor_price (id, crawl_time, platform, competitor_name, product_name, product_sku, price, promotion_info, is_in_stock) VALUES ($1, $2, $3, $4, $5, $6, $7, $8, $9), 值数量: 1
INFO:app.core.database:连接数据库: 172.16.10.196:5432/db_house
INFO:app.core.database:批量执行SQL完成
INFO:app.services.data_generator:表 crawler_competitor_price 已插入剩余 1 条记录并缓存主键值
INFO:app.services.data_generator:独立表 crawler_competitor_price 生成完成，记录数: 1
INFO:app.services.data_generator:开始为独立表 crm_customer 生成数据
INFO:app.core.database:批量执行SQL，查询: INSERT INTO crm_customer (customer_id, name, gender, phone, email, birthday, address, create_time, update_time, is_deleted) VALUES ($1, $2, $3, $4, $5, $6, $7, $8, $9, $10), 值数量: 1
INFO:app.core.database:连接数据库: 172.16.10.196:5432/db_house
INFO:app.core.database:批量执行SQL完成
INFO:app.services.data_generator:表 crm_customer 已插入剩余 1 条记录并缓存主键值
INFO:app.services.data_generator:独立表 crm_customer 生成完成，记录数: 1
INFO:app.services.data_generator:开始为独立表 ext_market_trend 生成数据
INFO:app.core.database:批量执行SQL，查询: INSERT INTO ext_market_trend (id, period, region, category, market_size, growth_rate, data_source) VALUES ($1, $2, $3, $4, $5, $6, $7), 值数量: 1
INFO:app.core.database:连接数据库: 172.16.10.196:5432/db_house
INFO:app.core.database:批量执行SQL完成
INFO:app.services.data_generator:表 ext_market_trend 已插入剩余 1 条记录并缓存主键值
INFO:app.services.data_generator:独立表 ext_market_trend 生成完成，记录数: 1
INFO:app.services.data_generator:=== 阶段2：生成依赖表 ===
INFO:app.services.data_generator:表依赖排序结果: ['oms_order', 'lms_shipment', 'fms_financial_transaction', 'oms_order_item']
INFO:app.services.data_generator:排序后的依赖表: ['oms_order', 'lms_shipment', 'fms_financial_transaction', 'oms_order_item']
INFO:app.services.data_generator:开始为依赖表 oms_order 生成数据
INFO:app.core.database:批量执行SQL，查询: INSERT INTO oms_order (order_id, order_channel, customer_code, order_amount, discount_amount, pay_amount, order_status, province, city, district, detail_address, order_time) VALUES ($1, $2, $3, $4, $5, $6, $7, $8, $9, $10, $11, $12), 值数量: 1
INFO:app.core.database:连接数据库: 172.16.10.196:5432/db_house
INFO:app.core.database:批量执行SQL完成
INFO:app.services.data_generator:表 oms_order 已插入剩余 1 条记录并缓存主键值
INFO:app.services.data_generator:依赖表 oms_order 生成完成，记录数: 1
INFO:app.services.data_generator:开始为依赖表 lms_shipment 生成数据
INFO:app.core.database:批量执行SQL，查询: INSERT INTO lms_shipment (shipment_id, order_id, carrier, sender_address, receiver_info, current_status, shipping_time, estimated_delivery, actual_delivery) VALUES ($1, $2, $3, $4, $5, $6, $7, $8, $9), 值数量: 1
INFO:app.core.database:连接数据库: 172.16.10.196:5432/db_house
INFO:app.core.database:批量执行SQL完成
INFO:app.services.data_generator:表 lms_shipment 已插入剩余 1 条记录并缓存主键值
INFO:app.services.data_generator:依赖表 lms_shipment 生成完成，记录数: 1
INFO:app.services.data_generator:开始为依赖表 fms_financial_transaction 生成数据
INFO:app.core.database:批量执行SQL，查询: INSERT INTO fms_financial_transaction (transaction_id, order_id, payment_method, transaction_type, transaction_amount, transaction_status, transaction_time) VALUES ($1, $2, $3, $4, $5, $6, $7), 值数量: 1
INFO:app.core.database:连接数据库: 172.16.10.196:5432/db_house
INFO:app.core.database:批量执行SQL完成
INFO:app.services.data_generator:表 fms_financial_transaction 已插入剩余 1 条记录并缓存主键值
INFO:app.services.data_generator:依赖表 fms_financial_transaction 生成完成，记录数: 1
INFO:app.services.data_generator:开始为依赖表 oms_order_item 生成数据
INFO:app.core.database:批量执行SQL，查询: INSERT INTO oms_order_item (id, order_id, product_sku, product_name, quantity, price) VALUES ($1, $2, $3, $4, $5, $6), 值数量: 1
INFO:app.core.database:连接数据库: 172.16.10.196:5432/db_house
INFO:app.core.database:批量执行SQL完成
INFO:app.services.data_generator:表 oms_order_item 已插入剩余 1 条记录并缓存主键值
INFO:app.services.data_generator:依赖表 oms_order_item 生成完成，记录数: 1
INFO:app.services.data_generator:数据生成完成，总记录数: 7
INFO:app.services.data_generator:退出 generate_data_for_tables 方法
INFO:app.services.data_generator:开始 generate_data_for_tables 方法
INFO:app.services.data_generator:独立表（阶段1）: ['crawler_competitor_price', 'crm_customer', 'ext_market_trend']
INFO:app.services.data_generator:依赖表（阶段2）: ['oms_order', 'lms_shipment', 'fms_financial_transaction', 'oms_order_item']
INFO:app.services.data_generator:初始化数据库计数器
INFO:app.core.database:执行查询: SELECT MAX(id) FROM crawler_competitor_price, 参数: ()
INFO:app.core.database:连接数据库: 172.16.10.196:5432/db_house
INFO:app.core.database:查询执行成功
INFO:app.core.database:执行查询: SELECT MAX(id) FROM ext_market_trend, 参数: ()
INFO:app.core.database:连接数据库: 172.16.10.196:5432/db_house
INFO:app.core.database:查询执行成功
INFO:app.core.database:执行查询: SELECT MAX(id) FROM oms_order_item, 参数: ()
INFO:app.core.database:连接数据库: 172.16.10.196:5432/db_house
INFO:app.core.database:查询执行成功
INFO:app.services.data_generator:计数器初始化完成: {'crawler_competitor_price_id': 24, 'ext_market_trend_id': 24, 'oms_order_item_id': 24}
INFO:app.services.data_generator:开始处理日期: 2025-10-23
INFO:app.services.data_generator:当天计划生成记录数: 1
INFO:app.services.data_generator:已清空外键缓存
INFO:app.services.data_generator:=== 阶段1：生成独立表 ===
INFO:app.services.data_generator:开始为独立表 crawler_competitor_price 生成数据
INFO:app.core.database:批量执行SQL，查询: INSERT INTO crawler_competitor_price (id, crawl_time, platform, competitor_name, product_name, product_sku, price, promotion_info, is_in_stock) VALUES ($1, $2, $3, $4, $5, $6, $7, $8, $9), 值数量: 1
INFO:app.core.database:连接数据库: 172.16.10.196:5432/db_house
INFO:app.core.database:批量执行SQL完成
INFO:app.services.data_generator:表 crawler_competitor_price 已插入剩余 1 条记录并缓存主键值
INFO:app.services.data_generator:独立表 crawler_competitor_price 生成完成，记录数: 1
INFO:app.services.data_generator:开始为独立表 crm_customer 生成数据
INFO:app.core.database:批量执行SQL，查询: INSERT INTO crm_customer (customer_id, name, gender, phone, email, birthday, address, create_time, update_time, is_deleted) VALUES ($1, $2, $3, $4, $5, $6, $7, $8, $9, $10), 值数量: 1
INFO:app.core.database:连接数据库: 172.16.10.196:5432/db_house
INFO:app.core.database:批量执行SQL完成
INFO:app.services.data_generator:表 crm_customer 已插入剩余 1 条记录并缓存主键值
INFO:app.services.data_generator:独立表 crm_customer 生成完成，记录数: 1
INFO:app.services.data_generator:开始为独立表 ext_market_trend 生成数据
INFO:app.core.database:批量执行SQL，查询: INSERT INTO ext_market_trend (id, period, region, category, market_size, growth_rate, data_source) VALUES ($1, $2, $3, $4, $5, $6, $7), 值数量: 1
INFO:app.core.database:连接数据库: 172.16.10.196:5432/db_house
INFO:app.core.database:批量执行SQL完成
INFO:app.services.data_generator:表 ext_market_trend 已插入剩余 1 条记录并缓存主键值
INFO:app.services.data_generator:独立表 ext_market_trend 生成完成，记录数: 1
INFO:app.services.data_generator:=== 阶段2：生成依赖表 ===
INFO:app.services.data_generator:表依赖排序结果: ['oms_order', 'lms_shipment', 'fms_financial_transaction', 'oms_order_item']
INFO:app.services.data_generator:排序后的依赖表: ['oms_order', 'lms_shipment', 'fms_financial_transaction', 'oms_order_item']
INFO:app.services.data_generator:开始为依赖表 oms_order 生成数据
INFO:app.core.database:批量执行SQL，查询: INSERT INTO oms_order (order_id, order_channel, customer_code, order_amount, discount_amount, pay_amount, order_status, province, city, district, detail_address, order_time) VALUES ($1, $2, $3, $4, $5, $6, $7, $8, $9, $10, $11, $12), 值数量: 1
INFO:app.core.database:连接数据库: 172.16.10.196:5432/db_house
INFO:app.core.database:批量执行SQL完成
INFO:app.services.data_generator:表 oms_order 已插入剩余 1 条记录并缓存主键值
INFO:app.services.data_generator:依赖表 oms_order 生成完成，记录数: 1
INFO:app.services.data_generator:开始为依赖表 lms_shipment 生成数据
INFO:app.core.database:批量执行SQL，查询: INSERT INTO lms_shipment (shipment_id, order_id, carrier, sender_address, receiver_info, current_status, shipping_time, estimated_delivery, actual_delivery) VALUES ($1, $2, $3, $4, $5, $6, $7, $8, $9), 值数量: 1
INFO:app.core.database:连接数据库: 172.16.10.196:5432/db_house
INFO:app.core.database:批量执行SQL完成
INFO:app.services.data_generator:表 lms_shipment 已插入剩余 1 条记录并缓存主键值
INFO:app.services.data_generator:依赖表 lms_shipment 生成完成，记录数: 1
INFO:app.services.data_generator:开始为依赖表 fms_financial_transaction 生成数据
INFO:app.core.database:批量执行SQL，查询: INSERT INTO fms_financial_transaction (transaction_id, order_id, payment_method, transaction_type, transaction_amount, transaction_status, transaction_time) VALUES ($1, $2, $3, $4, $5, $6, $7), 值数量: 1
INFO:app.core.database:连接数据库: 172.16.10.196:5432/db_house
INFO:app.core.database:批量执行SQL完成
INFO:app.services.data_generator:表 fms_financial_transaction 已插入剩余 1 条记录并缓存主键值
INFO:app.services.data_generator:依赖表 fms_financial_transaction 生成完成，记录数: 1
INFO:app.services.data_generator:开始为依赖表 oms_order_item 生成数据
INFO:app.core.database:批量执行SQL，查询: INSERT INTO oms_order_item (id, order_id, product_sku, product_name, quantity, price) VALUES ($1, $2, $3, $4, $5, $6), 值数量: 1
INFO:app.core.database:连接数据库: 172.16.10.196:5432/db_house
INFO:app.core.database:批量执行SQL完成
INFO:app.services.data_generator:表 oms_order_item 已插入剩余 1 条记录并缓存主键值
INFO:app.services.data_generator:依赖表 oms_order_item 生成完成，记录数: 1
INFO:app.services.data_generator:数据生成完成，总记录数: 7
INFO:app.services.data_generator:退出 generate_data_for_tables 方法
INFO:app.services.data_generator:开始 generate_data_for_tables 方法
INFO:app.services.data_generator:独立表（阶段1）: ['crawler_competitor_price', 'crm_customer', 'ext_market_trend']
INFO:app.services.data_generator:依赖表（阶段2）: ['oms_order', 'lms_shipment', 'fms_financial_transaction', 'oms_order_item']
INFO:app.services.data_generator:初始化数据库计数器
INFO:app.core.database:执行查询: SELECT MAX(id) FROM crawler_competitor_price, 参数: ()
INFO:app.core.database:连接数据库: 172.16.10.196:5432/db_house
INFO:app.core.database:查询执行成功
INFO:app.core.database:执行查询: SELECT MAX(id) FROM ext_market_trend, 参数: ()
INFO:app.core.database:连接数据库: 172.16.10.196:5432/db_house
INFO:app.core.database:查询执行成功
INFO:app.core.database:执行查询: SELECT MAX(id) FROM oms_order_item, 参数: ()
INFO:app.core.database:连接数据库: 172.16.10.196:5432/db_house
INFO:app.core.database:查询执行成功
INFO:app.services.data_generator:计数器初始化完成: {'crawler_competitor_price_id': 25, 'ext_market_trend_id': 25, 'oms_order_item_id': 25}
INFO:app.services.data_generator:开始处理日期: 2025-10-23
INFO:app.services.data_generator:当天计划生成记录数: 1
INFO:app.services.data_generator:已清空外键缓存
INFO:app.services.data_generator:=== 阶段1：生成独立表 ===
INFO:app.services.data_generator:开始为独立表 crawler_competitor_price 生成数据
INFO:app.core.database:批量执行SQL，查询: INSERT INTO crawler_competitor_price (id, crawl_time, platform, competitor_name, product_name, product_sku, price, promotion_info, is_in_stock) VALUES ($1, $2, $3, $4, $5, $6, $7, $8, $9), 值数量: 1
INFO:app.core.database:连接数据库: 172.16.10.196:5432/db_house
INFO:app.core.database:批量执行SQL完成
INFO:app.services.data_generator:表 crawler_competitor_price 已插入剩余 1 条记录并缓存主键值
INFO:app.services.data_generator:独立表 crawler_competitor_price 生成完成，记录数: 1
INFO:app.services.data_generator:开始为独立表 crm_customer 生成数据
INFO:app.core.database:批量执行SQL，查询: INSERT INTO crm_customer (customer_id, name, gender, phone, email, birthday, address, create_time, update_time, is_deleted) VALUES ($1, $2, $3, $4, $5, $6, $7, $8, $9, $10), 值数量: 1
INFO:app.core.database:连接数据库: 172.16.10.196:5432/db_house
INFO:app.core.database:批量执行SQL完成
INFO:app.services.data_generator:表 crm_customer 已插入剩余 1 条记录并缓存主键值
INFO:app.services.data_generator:独立表 crm_customer 生成完成，记录数: 1
INFO:app.services.data_generator:开始为独立表 ext_market_trend 生成数据
INFO:app.core.database:批量执行SQL，查询: INSERT INTO ext_market_trend (id, period, region, category, market_size, growth_rate, data_source) VALUES ($1, $2, $3, $4, $5, $6, $7), 值数量: 1
INFO:app.core.database:连接数据库: 172.16.10.196:5432/db_house
INFO:app.core.database:批量执行SQL完成
INFO:app.services.data_generator:表 ext_market_trend 已插入剩余 1 条记录并缓存主键值
INFO:app.services.data_generator:独立表 ext_market_trend 生成完成，记录数: 1
INFO:app.services.data_generator:=== 阶段2：生成依赖表 ===
INFO:app.services.data_generator:表依赖排序结果: ['oms_order', 'lms_shipment', 'fms_financial_transaction', 'oms_order_item']
INFO:app.services.data_generator:排序后的依赖表: ['oms_order', 'lms_shipment', 'fms_financial_transaction', 'oms_order_item']
INFO:app.services.data_generator:开始为依赖表 oms_order 生成数据
INFO:app.core.database:批量执行SQL，查询: INSERT INTO oms_order (order_id, order_channel, customer_code, order_amount, discount_amount, pay_amount, order_status, province, city, district, detail_address, order_time) VALUES ($1, $2, $3, $4, $5, $6, $7, $8, $9, $10, $11, $12), 值数量: 1
INFO:app.core.database:连接数据库: 172.16.10.196:5432/db_house
INFO:app.core.database:批量执行SQL完成
INFO:app.services.data_generator:表 oms_order 已插入剩余 1 条记录并缓存主键值
INFO:app.services.data_generator:依赖表 oms_order 生成完成，记录数: 1
INFO:app.services.data_generator:开始为依赖表 lms_shipment 生成数据
INFO:app.core.database:批量执行SQL，查询: INSERT INTO lms_shipment (shipment_id, order_id, carrier, sender_address, receiver_info, current_status, shipping_time, estimated_delivery, actual_delivery) VALUES ($1, $2, $3, $4, $5, $6, $7, $8, $9), 值数量: 1
INFO:app.core.database:连接数据库: 172.16.10.196:5432/db_house
INFO:app.core.database:批量执行SQL完成
INFO:app.services.data_generator:表 lms_shipment 已插入剩余 1 条记录并缓存主键值
INFO:app.services.data_generator:依赖表 lms_shipment 生成完成，记录数: 1
INFO:app.services.data_generator:开始为依赖表 fms_financial_transaction 生成数据
INFO:app.core.database:批量执行SQL，查询: INSERT INTO fms_financial_transaction (transaction_id, order_id, payment_method, transaction_type, transaction_amount, transaction_status, transaction_time) VALUES ($1, $2, $3, $4, $5, $6, $7), 值数量: 1
INFO:app.core.database:连接数据库: 172.16.10.196:5432/db_house
INFO:app.core.database:批量执行SQL完成
INFO:app.services.data_generator:表 fms_financial_transaction 已插入剩余 1 条记录并缓存主键值
INFO:app.services.data_generator:依赖表 fms_financial_transaction 生成完成，记录数: 1
INFO:app.services.data_generator:开始为依赖表 oms_order_item 生成数据
INFO:app.core.database:批量执行SQL，查询: INSERT INTO oms_order_item (id, order_id, product_sku, product_name, quantity, price) VALUES ($1, $2, $3, $4, $5, $6), 值数量: 1
INFO:app.core.database:连接数据库: 172.16.10.196:5432/db_house
INFO:app.core.database:批量执行SQL完成
INFO:app.services.data_generator:表 oms_order_item 已插入剩余 1 条记录并缓存主键值
INFO:app.services.data_generator:依赖表 oms_order_item 生成完成，记录数: 1
INFO:app.services.data_generator:数据生成完成，总记录数: 7
INFO:app.services.data_generator:退出 generate_data_for_tables 方法
INFO:app.services.data_generator:开始 generate_data_for_tables 方法
INFO:app.services.data_generator:独立表（阶段1）: ['crawler_competitor_price', 'crm_customer', 'ext_market_trend']
INFO:app.services.data_generator:依赖表（阶段2）: ['oms_order', 'lms_shipment', 'fms_financial_transaction', 'oms_order_item']
INFO:app.services.data_generator:初始化数据库计数器
INFO:app.core.database:执行查询: SELECT MAX(id) FROM crawler_competitor_price, 参数: ()
INFO:app.core.database:连接数据库: 172.16.10.196:5432/db_house
INFO:app.core.database:查询执行成功
INFO:app.core.database:执行查询: SELECT MAX(id) FROM ext_market_trend, 参数: ()
INFO:app.core.database:连接数据库: 172.16.10.196:5432/db_house
INFO:app.core.database:查询执行成功
INFO:app.core.database:执行查询: SELECT MAX(id) FROM oms_order_item, 参数: ()
INFO:app.core.database:连接数据库: 172.16.10.196:5432/db_house
INFO:app.core.database:查询执行成功
INFO:app.services.data_generator:计数器初始化完成: {'crawler_competitor_price_id': 26, 'ext_market_trend_id': 26, 'oms_order_item_id': 26}
INFO:app.services.data_generator:开始处理日期: 2025-10-23
INFO:app.services.data_generator:当天计划生成记录数: 1
INFO:app.services.data_generator:已清空外键缓存
INFO:app.services.data_generator:=== 阶段1：生成独立表 ===
INFO:app.services.data_generator:开始为独立表 crawler_competitor_price 生成数据
INFO:app.core.database:批量执行SQL，查询: INSERT INTO crawler_competitor_price (id, crawl_time, platform, competitor_name, product_name, product_sku, price, promotion_info, is_in_stock) VALUES ($1, $2, $3, $4, $5, $6, $7, $8, $9), 值数量: 1
INFO:app.core.database:连接数据库: 172.16.10.196:5432/db_house
INFO:app.core.database:批量执行SQL完成
INFO:app.services.data_generator:表 crawler_competitor_price 已插入剩余 1 条记录并缓存主键值
INFO:app.services.data_generator:独立表 crawler_competitor_price 生成完成，记录数: 1
INFO:app.services.data_generator:开始为独立表 crm_customer 生成数据
INFO:app.core.database:批量执行SQL，查询: INSERT INTO crm_customer (customer_id, name, gender, phone, email, birthday, address, create_time, update_time, is_deleted) VALUES ($1, $2, $3, $4, $5, $6, $7, $8, $9, $10), 值数量: 1
INFO:app.core.database:连接数据库: 172.16.10.196:5432/db_house
INFO:app.core.database:批量执行SQL完成
INFO:app.services.data_generator:表 crm_customer 已插入剩余 1 条记录并缓存主键值
INFO:app.services.data_generator:独立表 crm_customer 生成完成，记录数: 1
INFO:app.services.data_generator:开始为独立表 ext_market_trend 生成数据
INFO:app.core.database:批量执行SQL，查询: INSERT INTO ext_market_trend (id, period, region, category, market_size, growth_rate, data_source) VALUES ($1, $2, $3, $4, $5, $6, $7), 值数量: 1
INFO:app.core.database:连接数据库: 172.16.10.196:5432/db_house
INFO:app.core.database:批量执行SQL完成
INFO:app.services.data_generator:表 ext_market_trend 已插入剩余 1 条记录并缓存主键值
INFO:app.services.data_generator:独立表 ext_market_trend 生成完成，记录数: 1
INFO:app.services.data_generator:=== 阶段2：生成依赖表 ===
INFO:app.services.data_generator:表依赖排序结果: ['oms_order', 'lms_shipment', 'fms_financial_transaction', 'oms_order_item']
INFO:app.services.data_generator:排序后的依赖表: ['oms_order', 'lms_shipment', 'fms_financial_transaction', 'oms_order_item']
INFO:app.services.data_generator:开始为依赖表 oms_order 生成数据
INFO:app.core.database:批量执行SQL，查询: INSERT INTO oms_order (order_id, order_channel, customer_code, order_amount, discount_amount, pay_amount, order_status, province, city, district, detail_address, order_time) VALUES ($1, $2, $3, $4, $5, $6, $7, $8, $9, $10, $11, $12), 值数量: 1
INFO:app.core.database:连接数据库: 172.16.10.196:5432/db_house
INFO:app.core.database:批量执行SQL完成
INFO:app.services.data_generator:表 oms_order 已插入剩余 1 条记录并缓存主键值
INFO:app.services.data_generator:依赖表 oms_order 生成完成，记录数: 1
INFO:app.services.data_generator:开始为依赖表 lms_shipment 生成数据
INFO:app.core.database:批量执行SQL，查询: INSERT INTO lms_shipment (shipment_id, order_id, carrier, sender_address, receiver_info, current_status, shipping_time, estimated_delivery, actual_delivery) VALUES ($1, $2, $3, $4, $5, $6, $7, $8, $9), 值数量: 1
INFO:app.core.database:连接数据库: 172.16.10.196:5432/db_house
INFO:app.core.database:批量执行SQL完成
INFO:app.services.data_generator:表 lms_shipment 已插入剩余 1 条记录并缓存主键值
INFO:app.services.data_generator:依赖表 lms_shipment 生成完成，记录数: 1
INFO:app.services.data_generator:开始为依赖表 fms_financial_transaction 生成数据
INFO:app.core.database:批量执行SQL，查询: INSERT INTO fms_financial_transaction (transaction_id, order_id, payment_method, transaction_type, transaction_amount, transaction_status, transaction_time) VALUES ($1, $2, $3, $4, $5, $6, $7), 值数量: 1
INFO:app.core.database:连接数据库: 172.16.10.196:5432/db_house
INFO:app.core.database:批量执行SQL完成
INFO:app.services.data_generator:表 fms_financial_transaction 已插入剩余 1 条记录并缓存主键值
INFO:app.services.data_generator:依赖表 fms_financial_transaction 生成完成，记录数: 1
INFO:app.services.data_generator:开始为依赖表 oms_order_item 生成数据
INFO:app.core.database:批量执行SQL，查询: INSERT INTO oms_order_item (id, order_id, product_sku, product_name, quantity, price) VALUES ($1, $2, $3, $4, $5, $6), 值数量: 1
INFO:app.core.database:连接数据库: 172.16.10.196:5432/db_house
INFO:app.core.database:批量执行SQL完成
INFO:app.services.data_generator:表 oms_order_item 已插入剩余 1 条记录并缓存主键值
INFO:app.services.data_generator:依赖表 oms_order_item 生成完成，记录数: 1
INFO:app.services.data_generator:数据生成完成，总记录数: 7
INFO:app.services.data_generator:退出 generate_data_for_tables 方法
INFO:app.services.data_generator:开始 generate_data_for_tables 方法
INFO:app.services.data_generator:独立表（阶段1）: ['crawler_competitor_price', 'crm_customer', 'ext_market_trend']
INFO:app.services.data_generator:依赖表（阶段2）: ['oms_order', 'lms_shipment', 'fms_financial_transaction', 'oms_order_item']
INFO:app.services.data_generator:初始化数据库计数器
INFO:app.core.database:执行查询: SELECT MAX(id) FROM crawler_competitor_price, 参数: ()
INFO:app.core.database:连接数据库: 172.16.10.196:5432/db_house
INFO:app.core.database:查询执行成功
INFO:app.core.database:执行查询: SELECT MAX(id) FROM ext_market_trend, 参数: ()
INFO:app.core.database:连接数据库: 172.16.10.196:5432/db_house
INFO:app.core.database:查询执行成功
INFO:app.core.database:执行查询: SELECT MAX(id) FROM oms_order_item, 参数: ()
INFO:app.core.database:连接数据库: 172.16.10.196:5432/db_house
INFO:app.core.database:查询执行成功
INFO:app.services.data_generator:计数器初始化完成: {'crawler_competitor_price_id': 27, 'ext_market_trend_id': 27, 'oms_order_item_id': 27}
INFO:app.services.data_generator:开始处理日期: 2025-10-23
INFO:app.services.data_generator:当天计划生成记录数: 1
INFO:app.services.data_generator:已清空外键缓存
INFO:app.services.data_generator:=== 阶段1：生成独立表 ===
INFO:app.services.data_generator:开始为独立表 crawler_competitor_price 生成数据
INFO:app.core.database:批量执行SQL，查询: INSERT INTO crawler_competitor_price (id, crawl_time, platform, competitor_name, product_name, product_sku, price, promotion_info, is_in_stock) VALUES ($1, $2, $3, $4, $5, $6, $7, $8, $9), 值数量: 1
INFO:app.core.database:连接数据库: 172.16.10.196:5432/db_house
INFO:app.core.database:批量执行SQL完成
INFO:app.services.data_generator:表 crawler_competitor_price 已插入剩余 1 条记录并缓存主键值
INFO:app.services.data_generator:独立表 crawler_competitor_price 生成完成，记录数: 1
INFO:app.services.data_generator:开始为独立表 crm_customer 生成数据
INFO:app.core.database:批量执行SQL，查询: INSERT INTO crm_customer (customer_id, name, gender, phone, email, birthday, address, create_time, update_time, is_deleted) VALUES ($1, $2, $3, $4, $5, $6, $7, $8, $9, $10), 值数量: 1
INFO:app.core.database:连接数据库: 172.16.10.196:5432/db_house
INFO:app.core.database:批量执行SQL完成
INFO:app.services.data_generator:表 crm_customer 已插入剩余 1 条记录并缓存主键值
INFO:app.services.data_generator:独立表 crm_customer 生成完成，记录数: 1
INFO:app.services.data_generator:开始为独立表 ext_market_trend 生成数据
INFO:app.core.database:批量执行SQL，查询: INSERT INTO ext_market_trend (id, period, region, category, market_size, growth_rate, data_source) VALUES ($1, $2, $3, $4, $5, $6, $7), 值数量: 1
INFO:app.core.database:连接数据库: 172.16.10.196:5432/db_house
INFO:app.core.database:批量执行SQL完成
INFO:app.services.data_generator:表 ext_market_trend 已插入剩余 1 条记录并缓存主键值
INFO:app.services.data_generator:独立表 ext_market_trend 生成完成，记录数: 1
INFO:app.services.data_generator:=== 阶段2：生成依赖表 ===
INFO:app.services.data_generator:表依赖排序结果: ['oms_order', 'lms_shipment', 'fms_financial_transaction', 'oms_order_item']
INFO:app.services.data_generator:排序后的依赖表: ['oms_order', 'lms_shipment', 'fms_financial_transaction', 'oms_order_item']
INFO:app.services.data_generator:开始为依赖表 oms_order 生成数据
INFO:app.core.database:批量执行SQL，查询: INSERT INTO oms_order (order_id, order_channel, customer_code, order_amount, discount_amount, pay_amount, order_status, province, city, district, detail_address, order_time) VALUES ($1, $2, $3, $4, $5, $6, $7, $8, $9, $10, $11, $12), 值数量: 1
INFO:app.core.database:连接数据库: 172.16.10.196:5432/db_house
INFO:app.core.database:批量执行SQL完成
INFO:app.services.data_generator:表 oms_order 已插入剩余 1 条记录并缓存主键值
INFO:app.services.data_generator:依赖表 oms_order 生成完成，记录数: 1
INFO:app.services.data_generator:开始为依赖表 lms_shipment 生成数据
INFO:app.core.database:批量执行SQL，查询: INSERT INTO lms_shipment (shipment_id, order_id, carrier, sender_address, receiver_info, current_status, shipping_time, estimated_delivery, actual_delivery) VALUES ($1, $2, $3, $4, $5, $6, $7, $8, $9), 值数量: 1
INFO:app.core.database:连接数据库: 172.16.10.196:5432/db_house
INFO:app.core.database:批量执行SQL完成
INFO:app.services.data_generator:表 lms_shipment 已插入剩余 1 条记录并缓存主键值
INFO:app.services.data_generator:依赖表 lms_shipment 生成完成，记录数: 1
INFO:app.services.data_generator:开始为依赖表 fms_financial_transaction 生成数据
INFO:app.core.database:批量执行SQL，查询: INSERT INTO fms_financial_transaction (transaction_id, order_id, payment_method, transaction_type, transaction_amount, transaction_status, transaction_time) VALUES ($1, $2, $3, $4, $5, $6, $7), 值数量: 1
INFO:app.core.database:连接数据库: 172.16.10.196:5432/db_house
INFO:app.core.database:批量执行SQL完成
INFO:app.services.data_generator:表 fms_financial_transaction 已插入剩余 1 条记录并缓存主键值
INFO:app.services.data_generator:依赖表 fms_financial_transaction 生成完成，记录数: 1
INFO:app.services.data_generator:开始为依赖表 oms_order_item 生成数据
INFO:app.core.database:批量执行SQL，查询: INSERT INTO oms_order_item (id, order_id, product_sku, product_name, quantity, price) VALUES ($1, $2, $3, $4, $5, $6), 值数量: 1
INFO:app.core.database:连接数据库: 172.16.10.196:5432/db_house
INFO:app.core.database:批量执行SQL完成
INFO:app.services.data_generator:表 oms_order_item 已插入剩余 1 条记录并缓存主键值
INFO:app.services.data_generator:依赖表 oms_order_item 生成完成，记录数: 1
INFO:app.services.data_generator:数据生成完成，总记录数: 7
INFO:app.services.data_generator:退出 generate_data_for_tables 方法
INFO:app.services.data_generator:开始 generate_data_for_tables 方法
INFO:app.services.data_generator:独立表（阶段1）: ['crawler_competitor_price', 'crm_customer', 'ext_market_trend']
INFO:app.services.data_generator:依赖表（阶段2）: ['oms_order', 'lms_shipment', 'fms_financial_transaction', 'oms_order_item']
INFO:app.services.data_generator:初始化数据库计数器
INFO:app.core.database:执行查询: SELECT MAX(id) FROM crawler_competitor_price, 参数: ()
INFO:app.core.database:连接数据库: 172.16.10.196:5432/db_house
INFO:app.core.database:查询执行成功
INFO:app.core.database:执行查询: SELECT MAX(id) FROM ext_market_trend, 参数: ()
INFO:app.core.database:连接数据库: 172.16.10.196:5432/db_house
INFO:app.core.database:查询执行成功
INFO:app.core.database:执行查询: SELECT MAX(id) FROM oms_order_item, 参数: ()
INFO:app.core.database:连接数据库: 172.16.10.196:5432/db_house
INFO:app.core.database:查询执行成功
INFO:app.services.data_generator:计数器初始化完成: {'crawler_competitor_price_id': 28, 'ext_market_trend_id': 28, 'oms_order_item_id': 28}
INFO:app.services.data_generator:开始处理日期: 2025-10-23
INFO:app.services.data_generator:当天计划生成记录数: 1
INFO:app.services.data_generator:已清空外键缓存
INFO:app.services.data_generator:=== 阶段1：生成独立表 ===
INFO:app.services.data_generator:开始为独立表 crawler_competitor_price 生成数据
INFO:app.core.database:批量执行SQL，查询: INSERT INTO crawler_competitor_price (id, crawl_time, platform, competitor_name, product_name, product_sku, price, promotion_info, is_in_stock) VALUES ($1, $2, $3, $4, $5, $6, $7, $8, $9), 值数量: 1
INFO:app.core.database:连接数据库: 172.16.10.196:5432/db_house
INFO:app.core.database:批量执行SQL完成
INFO:app.services.data_generator:表 crawler_competitor_price 已插入剩余 1 条记录并缓存主键值
INFO:app.services.data_generator:独立表 crawler_competitor_price 生成完成，记录数: 1
INFO:app.services.data_generator:开始为独立表 crm_customer 生成数据
INFO:app.core.database:批量执行SQL，查询: INSERT INTO crm_customer (customer_id, name, gender, phone, email, birthday, address, create_time, update_time, is_deleted) VALUES ($1, $2, $3, $4, $5, $6, $7, $8, $9, $10), 值数量: 1
INFO:app.core.database:连接数据库: 172.16.10.196:5432/db_house
INFO:app.core.database:批量执行SQL完成
INFO:app.services.data_generator:表 crm_customer 已插入剩余 1 条记录并缓存主键值
INFO:app.services.data_generator:独立表 crm_customer 生成完成，记录数: 1
INFO:app.services.data_generator:开始为独立表 ext_market_trend 生成数据
INFO:app.core.database:批量执行SQL，查询: INSERT INTO ext_market_trend (id, period, region, category, market_size, growth_rate, data_source) VALUES ($1, $2, $3, $4, $5, $6, $7), 值数量: 1
INFO:app.core.database:连接数据库: 172.16.10.196:5432/db_house
INFO:app.core.database:批量执行SQL完成
INFO:app.services.data_generator:表 ext_market_trend 已插入剩余 1 条记录并缓存主键值
INFO:app.services.data_generator:独立表 ext_market_trend 生成完成，记录数: 1
INFO:app.services.data_generator:=== 阶段2：生成依赖表 ===
INFO:app.services.data_generator:表依赖排序结果: ['oms_order', 'lms_shipment', 'fms_financial_transaction', 'oms_order_item']
INFO:app.services.data_generator:排序后的依赖表: ['oms_order', 'lms_shipment', 'fms_financial_transaction', 'oms_order_item']
INFO:app.services.data_generator:开始为依赖表 oms_order 生成数据
INFO:app.core.database:批量执行SQL，查询: INSERT INTO oms_order (order_id, order_channel, customer_code, order_amount, discount_amount, pay_amount, order_status, province, city, district, detail_address, order_time) VALUES ($1, $2, $3, $4, $5, $6, $7, $8, $9, $10, $11, $12), 值数量: 1
INFO:app.core.database:连接数据库: 172.16.10.196:5432/db_house
INFO:app.core.database:批量执行SQL完成
INFO:app.services.data_generator:表 oms_order 已插入剩余 1 条记录并缓存主键值
INFO:app.services.data_generator:依赖表 oms_order 生成完成，记录数: 1
INFO:app.services.data_generator:开始为依赖表 lms_shipment 生成数据
INFO:app.core.database:批量执行SQL，查询: INSERT INTO lms_shipment (shipment_id, order_id, carrier, sender_address, receiver_info, current_status, shipping_time, estimated_delivery, actual_delivery) VALUES ($1, $2, $3, $4, $5, $6, $7, $8, $9), 值数量: 1
INFO:app.core.database:连接数据库: 172.16.10.196:5432/db_house
INFO:app.core.database:批量执行SQL完成
INFO:app.services.data_generator:表 lms_shipment 已插入剩余 1 条记录并缓存主键值
INFO:app.services.data_generator:依赖表 lms_shipment 生成完成，记录数: 1
INFO:app.services.data_generator:开始为依赖表 fms_financial_transaction 生成数据
INFO:app.core.database:批量执行SQL，查询: INSERT INTO fms_financial_transaction (transaction_id, order_id, payment_method, transaction_type, transaction_amount, transaction_status, transaction_time) VALUES ($1, $2, $3, $4, $5, $6, $7), 值数量: 1
INFO:app.core.database:连接数据库: 172.16.10.196:5432/db_house
INFO:app.core.database:批量执行SQL完成
INFO:app.services.data_generator:表 fms_financial_transaction 已插入剩余 1 条记录并缓存主键值
INFO:app.services.data_generator:依赖表 fms_financial_transaction 生成完成，记录数: 1
INFO:app.services.data_generator:开始为依赖表 oms_order_item 生成数据
INFO:app.core.database:批量执行SQL，查询: INSERT INTO oms_order_item (id, order_id, product_sku, product_name, quantity, price) VALUES ($1, $2, $3, $4, $5, $6), 值数量: 1
INFO:app.core.database:连接数据库: 172.16.10.196:5432/db_house
INFO:app.core.database:批量执行SQL完成
INFO:app.services.data_generator:表 oms_order_item 已插入剩余 1 条记录并缓存主键值
INFO:app.services.data_generator:依赖表 oms_order_item 生成完成，记录数: 1
INFO:app.services.data_generator:数据生成完成，总记录数: 7
INFO:app.services.data_generator:退出 generate_data_for_tables 方法
INFO:app.services.data_generator:开始 generate_data_for_tables 方法
INFO:app.services.data_generator:独立表（阶段1）: ['crawler_competitor_price', 'crm_customer', 'ext_market_trend']
INFO:app.services.data_generator:依赖表（阶段2）: ['oms_order', 'lms_shipment', 'fms_financial_transaction', 'oms_order_item']
INFO:app.services.data_generator:初始化数据库计数器
INFO:app.core.database:执行查询: SELECT MAX(id) FROM crawler_competitor_price, 参数: ()
INFO:app.core.database:连接数据库: 172.16.10.196:5432/db_house
INFO:app.core.database:查询执行成功
INFO:app.core.database:执行查询: SELECT MAX(id) FROM ext_market_trend, 参数: ()
INFO:app.core.database:连接数据库: 172.16.10.196:5432/db_house
INFO:app.core.database:查询执行成功
INFO:app.core.database:执行查询: SELECT MAX(id) FROM oms_order_item, 参数: ()
INFO:app.core.database:连接数据库: 172.16.10.196:5432/db_house
INFO:app.core.database:查询执行成功
INFO:app.services.data_generator:计数器初始化完成: {'crawler_competitor_price_id': 29, 'ext_market_trend_id': 29, 'oms_order_item_id': 29}
INFO:app.services.data_generator:开始处理日期: 2025-10-23
INFO:app.services.data_generator:当天计划生成记录数: 1
INFO:app.services.data_generator:已清空外键缓存
INFO:app.services.data_generator:=== 阶段1：生成独立表 ===
INFO:app.services.data_generator:开始为独立表 crawler_competitor_price 生成数据
INFO:app.core.database:批量执行SQL，查询: INSERT INTO crawler_competitor_price (id, crawl_time, platform, competitor_name, product_name, product_sku, price, promotion_info, is_in_stock) VALUES ($1, $2, $3, $4, $5, $6, $7, $8, $9), 值数量: 1
INFO:app.core.database:连接数据库: 172.16.10.196:5432/db_house
INFO:app.core.database:批量执行SQL完成
INFO:app.services.data_generator:表 crawler_competitor_price 已插入剩余 1 条记录并缓存主键值
INFO:app.services.data_generator:独立表 crawler_competitor_price 生成完成，记录数: 1
INFO:app.services.data_generator:开始为独立表 crm_customer 生成数据
INFO:app.core.database:批量执行SQL，查询: INSERT INTO crm_customer (customer_id, name, gender, phone, email, birthday, address, create_time, update_time, is_deleted) VALUES ($1, $2, $3, $4, $5, $6, $7, $8, $9, $10), 值数量: 1
INFO:app.core.database:连接数据库: 172.16.10.196:5432/db_house
INFO:app.core.database:批量执行SQL完成
INFO:app.services.data_generator:表 crm_customer 已插入剩余 1 条记录并缓存主键值
INFO:app.services.data_generator:独立表 crm_customer 生成完成，记录数: 1
INFO:app.services.data_generator:开始为独立表 ext_market_trend 生成数据
INFO:app.core.database:批量执行SQL，查询: INSERT INTO ext_market_trend (id, period, region, category, market_size, growth_rate, data_source) VALUES ($1, $2, $3, $4, $5, $6, $7), 值数量: 1
INFO:app.core.database:连接数据库: 172.16.10.196:5432/db_house
INFO:app.core.database:批量执行SQL完成
INFO:app.services.data_generator:表 ext_market_trend 已插入剩余 1 条记录并缓存主键值
INFO:app.services.data_generator:独立表 ext_market_trend 生成完成，记录数: 1
INFO:app.services.data_generator:=== 阶段2：生成依赖表 ===
INFO:app.services.data_generator:表依赖排序结果: ['oms_order', 'lms_shipment', 'fms_financial_transaction', 'oms_order_item']
INFO:app.services.data_generator:排序后的依赖表: ['oms_order', 'lms_shipment', 'fms_financial_transaction', 'oms_order_item']
INFO:app.services.data_generator:开始为依赖表 oms_order 生成数据
INFO:app.core.database:批量执行SQL，查询: INSERT INTO oms_order (order_id, order_channel, customer_code, order_amount, discount_amount, pay_amount, order_status, province, city, district, detail_address, order_time) VALUES ($1, $2, $3, $4, $5, $6, $7, $8, $9, $10, $11, $12), 值数量: 1
INFO:app.core.database:连接数据库: 172.16.10.196:5432/db_house
INFO:app.core.database:批量执行SQL完成
INFO:app.services.data_generator:表 oms_order 已插入剩余 1 条记录并缓存主键值
INFO:app.services.data_generator:依赖表 oms_order 生成完成，记录数: 1
INFO:app.services.data_generator:开始为依赖表 lms_shipment 生成数据
INFO:app.core.database:批量执行SQL，查询: INSERT INTO lms_shipment (shipment_id, order_id, carrier, sender_address, receiver_info, current_status, shipping_time, estimated_delivery, actual_delivery) VALUES ($1, $2, $3, $4, $5, $6, $7, $8, $9), 值数量: 1
INFO:app.core.database:连接数据库: 172.16.10.196:5432/db_house
INFO:app.core.database:批量执行SQL完成
INFO:app.services.data_generator:表 lms_shipment 已插入剩余 1 条记录并缓存主键值
INFO:app.services.data_generator:依赖表 lms_shipment 生成完成，记录数: 1
INFO:app.services.data_generator:开始为依赖表 fms_financial_transaction 生成数据
INFO:app.core.database:批量执行SQL，查询: INSERT INTO fms_financial_transaction (transaction_id, order_id, payment_method, transaction_type, transaction_amount, transaction_status, transaction_time) VALUES ($1, $2, $3, $4, $5, $6, $7), 值数量: 1
INFO:app.core.database:连接数据库: 172.16.10.196:5432/db_house
INFO:app.core.database:批量执行SQL完成
INFO:app.services.data_generator:表 fms_financial_transaction 已插入剩余 1 条记录并缓存主键值
INFO:app.services.data_generator:依赖表 fms_financial_transaction 生成完成，记录数: 1
INFO:app.services.data_generator:开始为依赖表 oms_order_item 生成数据
INFO:app.core.database:批量执行SQL，查询: INSERT INTO oms_order_item (id, order_id, product_sku, product_name, quantity, price) VALUES ($1, $2, $3, $4, $5, $6), 值数量: 1
INFO:app.core.database:连接数据库: 172.16.10.196:5432/db_house
INFO:app.core.database:批量执行SQL完成
INFO:app.services.data_generator:表 oms_order_item 已插入剩余 1 条记录并缓存主键值
INFO:app.services.data_generator:依赖表 oms_order_item 生成完成，记录数: 1
INFO:app.services.data_generator:数据生成完成，总记录数: 7
INFO:app.services.data_generator:退出 generate_data_for_tables 方法
INFO:app.services.data_generator:开始 generate_data_for_tables 方法
INFO:app.services.data_generator:独立表（阶段1）: ['crawler_competitor_price', 'crm_customer', 'ext_market_trend']
INFO:app.services.data_generator:依赖表（阶段2）: ['oms_order', 'lms_shipment', 'fms_financial_transaction', 'oms_order_item']
INFO:app.services.data_generator:初始化数据库计数器
INFO:app.core.database:执行查询: SELECT MAX(id) FROM crawler_competitor_price, 参数: ()
INFO:app.core.database:连接数据库: 172.16.10.196:5432/db_house
INFO:app.core.database:查询执行成功
INFO:app.core.database:执行查询: SELECT MAX(id) FROM ext_market_trend, 参数: ()
INFO:app.core.database:连接数据库: 172.16.10.196:5432/db_house
INFO:app.core.database:查询执行成功
INFO:app.core.database:执行查询: SELECT MAX(id) FROM oms_order_item, 参数: ()
INFO:app.core.database:连接数据库: 172.16.10.196:5432/db_house
INFO:app.core.database:查询执行成功
INFO:app.services.data_generator:计数器初始化完成: {'crawler_competitor_price_id': 30, 'ext_market_trend_id': 30, 'oms_order_item_id': 30}
INFO:app.services.data_generator:开始处理日期: 2025-10-23
INFO:app.services.data_generator:当天计划生成记录数: 1
INFO:app.services.data_generator:已清空外键缓存
INFO:app.services.data_generator:=== 阶段1：生成独立表 ===
INFO:app.services.data_generator:开始为独立表 crawler_competitor_price 生成数据
INFO:app.core.database:批量执行SQL，查询: INSERT INTO crawler_competitor_price (id, crawl_time, platform, competitor_name, product_name, product_sku, price, promotion_info, is_in_stock) VALUES ($1, $2, $3, $4, $5, $6, $7, $8, $9), 值数量: 1
INFO:app.core.database:连接数据库: 172.16.10.196:5432/db_house
INFO:app.core.database:批量执行SQL完成
INFO:app.services.data_generator:表 crawler_competitor_price 已插入剩余 1 条记录并缓存主键值
INFO:app.services.data_generator:独立表 crawler_competitor_price 生成完成，记录数: 1
INFO:app.services.data_generator:开始为独立表 crm_customer 生成数据
INFO:app.core.database:批量执行SQL，查询: INSERT INTO crm_customer (customer_id, name, gender, phone, email, birthday, address, create_time, update_time, is_deleted) VALUES ($1, $2, $3, $4, $5, $6, $7, $8, $9, $10), 值数量: 1
INFO:app.core.database:连接数据库: 172.16.10.196:5432/db_house
INFO:app.core.database:批量执行SQL完成
INFO:app.services.data_generator:表 crm_customer 已插入剩余 1 条记录并缓存主键值
INFO:app.services.data_generator:独立表 crm_customer 生成完成，记录数: 1
INFO:app.services.data_generator:开始为独立表 ext_market_trend 生成数据
INFO:app.core.database:批量执行SQL，查询: INSERT INTO ext_market_trend (id, period, region, category, market_size, growth_rate, data_source) VALUES ($1, $2, $3, $4, $5, $6, $7), 值数量: 1
INFO:app.core.database:连接数据库: 172.16.10.196:5432/db_house
INFO:app.core.database:批量执行SQL完成
INFO:app.services.data_generator:表 ext_market_trend 已插入剩余 1 条记录并缓存主键值
INFO:app.services.data_generator:独立表 ext_market_trend 生成完成，记录数: 1
INFO:app.services.data_generator:=== 阶段2：生成依赖表 ===
INFO:app.services.data_generator:表依赖排序结果: ['oms_order', 'lms_shipment', 'fms_financial_transaction', 'oms_order_item']
INFO:app.services.data_generator:排序后的依赖表: ['oms_order', 'lms_shipment', 'fms_financial_transaction', 'oms_order_item']
INFO:app.services.data_generator:开始为依赖表 oms_order 生成数据
INFO:app.core.database:批量执行SQL，查询: INSERT INTO oms_order (order_id, order_channel, customer_code, order_amount, discount_amount, pay_amount, order_status, province, city, district, detail_address, order_time) VALUES ($1, $2, $3, $4, $5, $6, $7, $8, $9, $10, $11, $12), 值数量: 1
INFO:app.core.database:连接数据库: 172.16.10.196:5432/db_house
INFO:app.core.database:批量执行SQL完成
INFO:app.services.data_generator:表 oms_order 已插入剩余 1 条记录并缓存主键值
INFO:app.services.data_generator:依赖表 oms_order 生成完成，记录数: 1
INFO:app.services.data_generator:开始为依赖表 lms_shipment 生成数据
INFO:app.core.database:批量执行SQL，查询: INSERT INTO lms_shipment (shipment_id, order_id, carrier, sender_address, receiver_info, current_status, shipping_time, estimated_delivery, actual_delivery) VALUES ($1, $2, $3, $4, $5, $6, $7, $8, $9), 值数量: 1
INFO:app.core.database:连接数据库: 172.16.10.196:5432/db_house
INFO:app.core.database:批量执行SQL完成
INFO:app.services.data_generator:表 lms_shipment 已插入剩余 1 条记录并缓存主键值
INFO:app.services.data_generator:依赖表 lms_shipment 生成完成，记录数: 1
INFO:app.services.data_generator:开始为依赖表 fms_financial_transaction 生成数据
INFO:app.core.database:批量执行SQL，查询: INSERT INTO fms_financial_transaction (transaction_id, order_id, payment_method, transaction_type, transaction_amount, transaction_status, transaction_time) VALUES ($1, $2, $3, $4, $5, $6, $7), 值数量: 1
INFO:app.core.database:连接数据库: 172.16.10.196:5432/db_house
INFO:app.core.database:批量执行SQL完成
INFO:app.services.data_generator:表 fms_financial_transaction 已插入剩余 1 条记录并缓存主键值
INFO:app.services.data_generator:依赖表 fms_financial_transaction 生成完成，记录数: 1
INFO:app.services.data_generator:开始为依赖表 oms_order_item 生成数据
INFO:app.core.database:批量执行SQL，查询: INSERT INTO oms_order_item (id, order_id, product_sku, product_name, quantity, price) VALUES ($1, $2, $3, $4, $5, $6), 值数量: 1
INFO:app.core.database:连接数据库: 172.16.10.196:5432/db_house
INFO:app.core.database:批量执行SQL完成
INFO:app.services.data_generator:表 oms_order_item 已插入剩余 1 条记录并缓存主键值
INFO:app.services.data_generator:依赖表 oms_order_item 生成完成，记录数: 1
INFO:app.services.data_generator:数据生成完成，总记录数: 7
INFO:app.services.data_generator:退出 generate_data_for_tables 方法
INFO:app.services.data_generator:开始 generate_data_for_tables 方法
INFO:app.services.data_generator:独立表（阶段1）: ['crawler_competitor_price', 'crm_customer', 'ext_market_trend']
INFO:app.services.data_generator:依赖表（阶段2）: ['oms_order', 'lms_shipment', 'fms_financial_transaction', 'oms_order_item']
INFO:app.services.data_generator:初始化数据库计数器
INFO:app.core.database:执行查询: SELECT MAX(id) FROM crawler_competitor_price, 参数: ()
INFO:app.core.database:连接数据库: 172.16.10.196:5432/db_house
INFO:app.core.database:查询执行成功
INFO:app.core.database:执行查询: SELECT MAX(id) FROM ext_market_trend, 参数: ()
INFO:app.core.database:连接数据库: 172.16.10.196:5432/db_house
INFO:app.core.database:查询执行成功
INFO:app.core.database:执行查询: SELECT MAX(id) FROM oms_order_item, 参数: ()
INFO:app.core.database:连接数据库: 172.16.10.196:5432/db_house
INFO:app.core.database:查询执行成功
INFO:app.services.data_generator:计数器初始化完成: {'crawler_competitor_price_id': 31, 'ext_market_trend_id': 31, 'oms_order_item_id': 31}
INFO:app.services.data_generator:开始处理日期: 2025-10-23
INFO:app.services.data_generator:当天计划生成记录数: 1
INFO:app.services.data_generator:已清空外键缓存
INFO:app.services.data_generator:=== 阶段1：生成独立表 ===
INFO:app.services.data_generator:开始为独立表 crawler_competitor_price 生成数据
INFO:app.core.database:批量执行SQL，查询: INSERT INTO crawler_competitor_price (id, crawl_time, platform, competitor_name, product_name, product_sku, price, promotion_info, is_in_stock) VALUES ($1, $2, $3, $4, $5, $6, $7, $8, $9), 值数量: 1
INFO:app.core.database:连接数据库: 172.16.10.196:5432/db_house
INFO:app.core.database:批量执行SQL完成
INFO:app.services.data_generator:表 crawler_competitor_price 已插入剩余 1 条记录并缓存主键值
INFO:app.services.data_generator:独立表 crawler_competitor_price 生成完成，记录数: 1
INFO:app.services.data_generator:开始为独立表 crm_customer 生成数据
INFO:app.core.database:批量执行SQL，查询: INSERT INTO crm_customer (customer_id, name, gender, phone, email, birthday, address, create_time, update_time, is_deleted) VALUES ($1, $2, $3, $4, $5, $6, $7, $8, $9, $10), 值数量: 1
INFO:app.core.database:连接数据库: 172.16.10.196:5432/db_house
INFO:app.core.database:批量执行SQL完成
INFO:app.services.data_generator:表 crm_customer 已插入剩余 1 条记录并缓存主键值
INFO:app.services.data_generator:独立表 crm_customer 生成完成，记录数: 1
INFO:app.services.data_generator:开始为独立表 ext_market_trend 生成数据
INFO:app.core.database:批量执行SQL，查询: INSERT INTO ext_market_trend (id, period, region, category, market_size, growth_rate, data_source) VALUES ($1, $2, $3, $4, $5, $6, $7), 值数量: 1
INFO:app.core.database:连接数据库: 172.16.10.196:5432/db_house
INFO:app.core.database:批量执行SQL完成
INFO:app.services.data_generator:表 ext_market_trend 已插入剩余 1 条记录并缓存主键值
INFO:app.services.data_generator:独立表 ext_market_trend 生成完成，记录数: 1
INFO:app.services.data_generator:=== 阶段2：生成依赖表 ===
INFO:app.services.data_generator:表依赖排序结果: ['oms_order', 'lms_shipment', 'fms_financial_transaction', 'oms_order_item']
INFO:app.services.data_generator:排序后的依赖表: ['oms_order', 'lms_shipment', 'fms_financial_transaction', 'oms_order_item']
INFO:app.services.data_generator:开始为依赖表 oms_order 生成数据
INFO:app.core.database:批量执行SQL，查询: INSERT INTO oms_order (order_id, order_channel, customer_code, order_amount, discount_amount, pay_amount, order_status, province, city, district, detail_address, order_time) VALUES ($1, $2, $3, $4, $5, $6, $7, $8, $9, $10, $11, $12), 值数量: 1
INFO:app.core.database:连接数据库: 172.16.10.196:5432/db_house
INFO:app.core.database:批量执行SQL完成
INFO:app.services.data_generator:表 oms_order 已插入剩余 1 条记录并缓存主键值
INFO:app.services.data_generator:依赖表 oms_order 生成完成，记录数: 1
INFO:app.services.data_generator:开始为依赖表 lms_shipment 生成数据
INFO:app.core.database:批量执行SQL，查询: INSERT INTO lms_shipment (shipment_id, order_id, carrier, sender_address, receiver_info, current_status, shipping_time, estimated_delivery, actual_delivery) VALUES ($1, $2, $3, $4, $5, $6, $7, $8, $9), 值数量: 1
INFO:app.core.database:连接数据库: 172.16.10.196:5432/db_house
INFO:app.core.database:批量执行SQL完成
INFO:app.services.data_generator:表 lms_shipment 已插入剩余 1 条记录并缓存主键值
INFO:app.services.data_generator:依赖表 lms_shipment 生成完成，记录数: 1
INFO:app.services.data_generator:开始为依赖表 fms_financial_transaction 生成数据
INFO:app.core.database:批量执行SQL，查询: INSERT INTO fms_financial_transaction (transaction_id, order_id, payment_method, transaction_type, transaction_amount, transaction_status, transaction_time) VALUES ($1, $2, $3, $4, $5, $6, $7), 值数量: 1
INFO:app.core.database:连接数据库: 172.16.10.196:5432/db_house
INFO:app.core.database:批量执行SQL完成
INFO:app.services.data_generator:表 fms_financial_transaction 已插入剩余 1 条记录并缓存主键值
INFO:app.services.data_generator:依赖表 fms_financial_transaction 生成完成，记录数: 1
INFO:app.services.data_generator:开始为依赖表 oms_order_item 生成数据
INFO:app.core.database:批量执行SQL，查询: INSERT INTO oms_order_item (id, order_id, product_sku, product_name, quantity, price) VALUES ($1, $2, $3, $4, $5, $6), 值数量: 1
INFO:app.core.database:连接数据库: 172.16.10.196:5432/db_house
INFO:app.core.database:批量执行SQL完成
INFO:app.services.data_generator:表 oms_order_item 已插入剩余 1 条记录并缓存主键值
INFO:app.services.data_generator:依赖表 oms_order_item 生成完成，记录数: 1
INFO:app.services.data_generator:数据生成完成，总记录数: 7
INFO:app.services.data_generator:退出 generate_data_for_tables 方法
数据库连接URL----: postgresql://isap_admin:113RfkdsDMDb6H7T@172.16.10.196:5432/db_house
[2025-10-23 16:31:25.748558] ✅ 成功连接到数据库: db_house
[2025-10-23 16:31:25.748571] 🚀 启动持续数据生成服务 (任务ID: 206f7d4a)
   表: oms_order, crawler_competitor_price, lms_shipment, crm_customer, fms_financial_transaction, ext_market_trend, oms_order_item
   间隔: 1 秒
   每批记录数: 1
   任务ID: 206f7d4a
   日志文件: logs/background_service_206f7d4a.log
   按 Ctrl+C 停止服务
[2025-10-23 16:31:25.748584] 📦 开始生成第 1 批数据...
[2025-10-23 16:31:27.055824] 📦 生成了 7 条记录
[2025-10-23 16:31:27.055857] ✅ 第 1 批数据生成完成
[2025-10-23 16:31:27.055866] ⏱️ 等待 1 秒后继续...
[2025-10-23 16:31:28.057043] 📦 开始生成第 2 批数据...
[2025-10-23 16:31:28.430689] 📦 生成了 7 条记录
[2025-10-23 16:31:28.430717] ✅ 第 2 批数据生成完成
[2025-10-23 16:31:28.430723] ⏱️ 等待 1 秒后继续...
[2025-10-23 16:31:29.432106] 📦 开始生成第 3 批数据...
[2025-10-23 16:31:29.722849] 📦 生成了 7 条记录
[2025-10-23 16:31:29.722865] ✅ 第 3 批数据生成完成
[2025-10-23 16:31:29.722870] ⏱️ 等待 1 秒后继续...
[2025-10-23 16:31:30.724058] 📦 开始生成第 4 批数据...
[2025-10-23 16:31:30.951354] 📦 生成了 7 条记录
[2025-10-23 16:31:30.951382] ✅ 第 4 批数据生成完成
[2025-10-23 16:31:30.951402] ⏱️ 等待 1 秒后继续...
[2025-10-23 16:31:31.952551] 📦 开始生成第 5 批数据...
[2025-10-23 16:31:32.526021] 📦 生成了 7 条记录
[2025-10-23 16:31:32.526044] ✅ 第 5 批数据生成完成
[2025-10-23 16:31:32.526051] ⏱️ 等待 1 秒后继续...
[2025-10-23 16:31:33.527250] 📦 开始生成第 6 批数据...
[2025-10-23 16:31:35.427383] 📦 生成了 7 条记录
[2025-10-23 16:31:35.427419] ✅ 第 6 批数据生成完成
[2025-10-23 16:31:35.427427] ⏱️ 等待 1 秒后继续...
[2025-10-23 16:31:36.428621] 📦 开始生成第 7 批数据...
[2025-10-23 16:31:36.574189] 📦 生成了 7 条记录
[2025-10-23 16:31:36.574216] ✅ 第 7 批数据生成完成
[2025-10-23 16:31:36.574225] ⏱️ 等待 1 秒后继续...
[2025-10-23 16:31:37.575391] 📦 开始生成第 8 批数据...
[2025-10-23 16:31:37.760861] 📦 生成了 7 条记录
[2025-10-23 16:31:37.760888] ✅ 第 8 批数据生成完成
[2025-10-23 16:31:37.760894] ⏱️ 等待 1 秒后继续...
[2025-10-23 16:31:38.761189] 📦 开始生成第 9 批数据...
[2025-10-23 16:31:40.687087] 📦 生成了 7 条记录
[2025-10-23 16:31:40.687115] ✅ 第 9 批数据生成完成
[2025-10-23 16:31:40.687125] ⏱️ 等待 1 秒后继续...
[2025-10-23 16:31:41.688366] 📦 开始生成第 10 批数据...
[2025-10-23 16:31:42.270413] 📦 生成了 7 条记录
[2025-10-23 16:31:42.270430] ✅ 第 10 批数据生成完成
[2025-10-23 16:31:42.270433] ⏱️ 等待 1 秒后继续...
[2025-10-23 16:31:43.271620] 📦 开始生成第 11 批数据...
[2025-10-23 16:31:43.402734] 📦 生成了 7 条记录
[2025-10-23 16:31:43.402752] ✅ 第 11 批数据生成完成
[2025-10-23 16:31:43.402758] ⏱️ 等待 1 秒后继续...
[2025-10-23 16:31:44.403918] 📦 开始生成第 12 批数据...
[2025-10-23 16:31:44.539146] 📦 生成了 7 条记录
[2025-10-23 16:31:44.539174] ✅ 第 12 批数据生成完成
[2025-10-23 16:31:44.539181] ⏱️ 等待 1 秒后继续...
[2025-10-23 16:31:45.540287] 📦 开始生成第 13 批数据...
[2025-10-23 16:31:47.030094] 📦 生成了 7 条记录
[2025-10-23 16:31:47.030170] ✅ 第 13 批数据生成完成
[2025-10-23 16:31:47.030175] ⏱️ 等待 1 秒后继续...
[2025-10-23 16:31:48.031411] 📦 开始生成第 14 批数据...
[2025-10-23 16:31:49.851926] 📦 生成了 7 条记录
[2025-10-23 16:31:49.851943] ✅ 第 14 批数据生成完成
[2025-10-23 16:31:49.851947] ⏱️ 等待 1 秒后继续...
[2025-10-23 16:31:50.853103] 📦 开始生成第 15 批数据...
[2025-10-23 16:31:51.497106] 📦 生成了 7 条记录
[2025-10-23 16:31:51.497134] ✅ 第 15 批数据生成完成
[2025-10-23 16:31:51.497142] ⏱️ 等待 1 秒后继续...
[2025-10-23 16:31:52.498307] 📦 开始生成第 16 批数据...
[2025-10-23 16:31:52.904400] 📦 生成了 7 条记录
[2025-10-23 16:31:52.904418] ✅ 第 16 批数据生成完成
[2025-10-23 16:31:52.904422] ⏱️ 等待 1 秒后继续...
[2025-10-23 16:31:53.905183] 📦 开始生成第 17 批数据...
[2025-10-23 16:31:55.103890] 📦 生成了 7 条记录
[2025-10-23 16:31:55.103919] ✅ 第 17 批数据生成完成
[2025-10-23 16:31:55.103927] ⏱️ 等待 1 秒后继续...
[2025-10-23 16:31:56.105112] 📦 开始生成第 18 批数据...
[2025-10-23 16:31:56.731962] 📦 生成了 7 条记录
[2025-10-23 16:31:56.731989] ✅ 第 18 批数据生成完成
[2025-10-23 16:31:56.731995] ⏱️ 等待 1 秒后继续...
[2025-10-23 16:31:57.733147] 📦 开始生成第 19 批数据...
[2025-10-23 16:31:58.046622] 📦 生成了 7 条记录
[2025-10-23 16:31:58.046647] ✅ 第 19 批数据生成完成
[2025-10-23 16:31:58.046655] ⏱️ 等待 1 秒后继续...
[2025-10-23 16:31:59.048096] 📦 开始生成第 20 批数据...
[2025-10-23 16:32:00.112828] 📦 生成了 7 条记录
[2025-10-23 16:32:00.112853] ✅ 第 20 批数据生成完成
[2025-10-23 16:32:00.112859] ⏱️ 等待 1 秒后继续...
[2025-10-23 16:32:01.114051] 📦 开始生成第 21 批数据...
[2025-10-23 16:32:01.257134] 📦 生成了 7 条记录
[2025-10-23 16:32:01.257155] ✅ 第 21 批数据生成完成
[2025-10-23 16:32:01.257161] ⏱️ 等待 1 秒后继续...
[2025-10-23 16:32:02.258350] 📦 开始生成第 22 批数据...
[2025-10-23 16:32:03.656110] 📦 生成了 7 条记录
[2025-10-23 16:32:03.656128] ✅ 第 22 批数据生成完成
[2025-10-23 16:32:03.656132] ⏱️ 等待 1 秒后继续...
[2025-10-23 16:32:04.657390] 📦 开始生成第 23 批数据...
[2025-10-23 16:32:04.865626] 📦 生成了 7 条记录
[2025-10-23 16:32:04.865645] ✅ 第 23 批数据生成完成
[2025-10-23 16:32:04.865648] ⏱️ 等待 1 秒后继续...
[2025-10-23 16:32:05.866848] 📦 开始生成第 24 批数据...
[2025-10-23 16:32:06.313770] 📦 生成了 7 条记录
[2025-10-23 16:32:06.313795] ✅ 第 24 批数据生成完成
[2025-10-23 16:32:06.313803] ⏱️ 等待 1 秒后继续...
[2025-10-23 16:32:07.315012] 📦 开始生成第 25 批数据...
[2025-10-23 16:32:07.449701] 📦 生成了 7 条记录
[2025-10-23 16:32:07.449732] ✅ 第 25 批数据生成完成
[2025-10-23 16:32:07.449741] ⏱️ 等待 1 秒后继续...
[2025-10-23 16:32:08.450898] 📦 开始生成第 26 批数据...
[2025-10-23 16:32:09.387876] 📦 生成了 7 条记录
[2025-10-23 16:32:09.387897] ✅ 第 26 批数据生成完成
[2025-10-23 16:32:09.387903] ⏱️ 等待 1 秒后继续...
[2025-10-23 16:32:10.389055] 📦 开始生成第 27 批数据...
[2025-10-23 16:32:10.946185] 📦 生成了 7 条记录
[2025-10-23 16:32:10.946203] ✅ 第 27 批数据生成完成
[2025-10-23 16:32:10.946207] ⏱️ 等待 1 秒后继续...
[2025-10-23 16:32:11.947379] 📦 开始生成第 28 批数据...
[2025-10-23 16:32:12.227165] 📦 生成了 7 条记录
[2025-10-23 16:32:12.227182] ✅ 第 28 批数据生成完成
[2025-10-23 16:32:12.227187] ⏱️ 等待 1 秒后继续...
[2025-10-23 16:32:13.228322] 📦 开始生成第 29 批数据...
[2025-10-23 16:32:13.555012] 📦 生成了 7 条记录
[2025-10-23 16:32:13.555026] ✅ 第 29 批数据生成完成
[2025-10-23 16:32:13.555030] ⏱️ 等待 1 秒后继续...
[2025-10-23 16:32:14.555375] 📦 开始生成第 30 批数据...
[2025-10-23 16:32:14.810811] 📦 生成了 7 条记录
[2025-10-23 16:32:14.810837] ✅ 第 30 批数据生成完成
[2025-10-23 16:32:14.810845] ⏱️ 等待 1 秒后继续...
[2025-10-23 16:32:15.811997] 📦 开始生成第 31 批数据...
[2025-10-23 16:32:15.941934] 📦 生成了 7 条记录
[2025-10-23 16:32:15.941965] ✅ 第 31 批数据生成完成
[2025-10-23 16:32:15.941974] ⏱️ 等待 1 秒后继续...
[2025-10-23 16:32:16.942770] 📦 开始生成第 32 批数据...
[2025-10-23 16:32:18.077635] 📦 生成了 7 条记录INFO:app.services.data_generator:开始 generate_data_for_tables 方法
INFO:app.services.data_generator:独立表（阶段1）: ['crawler_competitor_price', 'crm_customer', 'ext_market_trend']
INFO:app.services.data_generator:依赖表（阶段2）: ['oms_order', 'lms_shipment', 'fms_financial_transaction', 'oms_order_item']
INFO:app.services.data_generator:初始化数据库计数器
INFO:app.core.database:执行查询: SELECT MAX(id) FROM crawler_competitor_price, 参数: ()
INFO:app.core.database:连接数据库: 172.16.10.196:5432/db_house
INFO:app.core.database:查询执行成功
INFO:app.core.database:执行查询: SELECT MAX(id) FROM ext_market_trend, 参数: ()
INFO:app.core.database:连接数据库: 172.16.10.196:5432/db_house
INFO:app.core.database:查询执行成功
INFO:app.core.database:执行查询: SELECT MAX(id) FROM oms_order_item, 参数: ()
INFO:app.core.database:连接数据库: 172.16.10.196:5432/db_house
INFO:app.core.database:查询执行成功
INFO:app.services.data_generator:计数器初始化完成: {'crawler_competitor_price_id': 32, 'ext_market_trend_id': 32, 'oms_order_item_id': 32}
INFO:app.services.data_generator:开始处理日期: 2025-10-23
INFO:app.services.data_generator:当天计划生成记录数: 1
INFO:app.services.data_generator:已清空外键缓存
INFO:app.services.data_generator:=== 阶段1：生成独立表 ===
INFO:app.services.data_generator:开始为独立表 crawler_competitor_price 生成数据
INFO:app.core.database:批量执行SQL，查询: INSERT INTO crawler_competitor_price (id, crawl_time, platform, competitor_name, product_name, product_sku, price, promotion_info, is_in_stock) VALUES ($1, $2, $3, $4, $5, $6, $7, $8, $9), 值数量: 1
INFO:app.core.database:连接数据库: 172.16.10.196:5432/db_house
INFO:app.core.database:批量执行SQL完成
INFO:app.services.data_generator:表 crawler_competitor_price 已插入剩余 1 条记录并缓存主键值
INFO:app.services.data_generator:独立表 crawler_competitor_price 生成完成，记录数: 1
INFO:app.services.data_generator:开始为独立表 crm_customer 生成数据
INFO:app.core.database:批量执行SQL，查询: INSERT INTO crm_customer (customer_id, name, gender, phone, email, birthday, address, create_time, update_time, is_deleted) VALUES ($1, $2, $3, $4, $5, $6, $7, $8, $9, $10), 值数量: 1
INFO:app.core.database:连接数据库: 172.16.10.196:5432/db_house
INFO:app.core.database:批量执行SQL完成
INFO:app.services.data_generator:表 crm_customer 已插入剩余 1 条记录并缓存主键值
INFO:app.services.data_generator:独立表 crm_customer 生成完成，记录数: 1
INFO:app.services.data_generator:开始为独立表 ext_market_trend 生成数据
INFO:app.core.database:批量执行SQL，查询: INSERT INTO ext_market_trend (id, period, region, category, market_size, growth_rate, data_source) VALUES ($1, $2, $3, $4, $5, $6, $7), 值数量: 1
INFO:app.core.database:连接数据库: 172.16.10.196:5432/db_house
INFO:app.core.database:批量执行SQL完成
INFO:app.services.data_generator:表 ext_market_trend 已插入剩余 1 条记录并缓存主键值
INFO:app.services.data_generator:独立表 ext_market_trend 生成完成，记录数: 1
INFO:app.services.data_generator:=== 阶段2：生成依赖表 ===
INFO:app.services.data_generator:表依赖排序结果: ['oms_order', 'lms_shipment', 'fms_financial_transaction', 'oms_order_item']
INFO:app.services.data_generator:排序后的依赖表: ['oms_order', 'lms_shipment', 'fms_financial_transaction', 'oms_order_item']
INFO:app.services.data_generator:开始为依赖表 oms_order 生成数据
INFO:app.core.database:批量执行SQL，查询: INSERT INTO oms_order (order_id, order_channel, customer_code, order_amount, discount_amount, pay_amount, order_status, province, city, district, detail_address, order_time) VALUES ($1, $2, $3, $4, $5, $6, $7, $8, $9, $10, $11, $12), 值数量: 1
INFO:app.core.database:连接数据库: 172.16.10.196:5432/db_house
INFO:app.core.database:批量执行SQL完成
INFO:app.services.data_generator:表 oms_order 已插入剩余 1 条记录并缓存主键值
INFO:app.services.data_generator:依赖表 oms_order 生成完成，记录数: 1
INFO:app.services.data_generator:开始为依赖表 lms_shipment 生成数据
INFO:app.core.database:批量执行SQL，查询: INSERT INTO lms_shipment (shipment_id, order_id, carrier, sender_address, receiver_info, current_status, shipping_time, estimated_delivery, actual_delivery) VALUES ($1, $2, $3, $4, $5, $6, $7, $8, $9), 值数量: 1
INFO:app.core.database:连接数据库: 172.16.10.196:5432/db_house
INFO:app.core.database:批量执行SQL完成
INFO:app.services.data_generator:表 lms_shipment 已插入剩余 1 条记录并缓存主键值
INFO:app.services.data_generator:依赖表 lms_shipment 生成完成，记录数: 1
INFO:app.services.data_generator:开始为依赖表 fms_financial_transaction 生成数据
INFO:app.core.database:批量执行SQL，查询: INSERT INTO fms_financial_transaction (transaction_id, order_id, payment_method, transaction_type, transaction_amount, transaction_status, transaction_time) VALUES ($1, $2, $3, $4, $5, $6, $7), 值数量: 1
INFO:app.core.database:连接数据库: 172.16.10.196:5432/db_house
INFO:app.core.database:批量执行SQL完成
INFO:app.services.data_generator:表 fms_financial_transaction 已插入剩余 1 条记录并缓存主键值
INFO:app.services.data_generator:依赖表 fms_financial_transaction 生成完成，记录数: 1
INFO:app.services.data_generator:开始为依赖表 oms_order_item 生成数据
INFO:app.core.database:批量执行SQL，查询: INSERT INTO oms_order_item (id, order_id, product_sku, product_name, quantity, price) VALUES ($1, $2, $3, $4, $5, $6), 值数量: 1
INFO:app.core.database:连接数据库: 172.16.10.196:5432/db_house
INFO:app.core.database:批量执行SQL完成
INFO:app.services.data_generator:表 oms_order_item 已插入剩余 1 条记录并缓存主键值
INFO:app.services.data_generator:依赖表 oms_order_item 生成完成，记录数: 1
INFO:app.services.data_generator:数据生成完成，总记录数: 7
INFO:app.services.data_generator:退出 generate_data_for_tables 方法
INFO:app.services.data_generator:开始 generate_data_for_tables 方法
INFO:app.services.data_generator:独立表（阶段1）: ['crawler_competitor_price', 'crm_customer', 'ext_market_trend']
INFO:app.services.data_generator:依赖表（阶段2）: ['oms_order', 'lms_shipment', 'fms_financial_transaction', 'oms_order_item']
INFO:app.services.data_generator:初始化数据库计数器
INFO:app.core.database:执行查询: SELECT MAX(id) FROM crawler_competitor_price, 参数: ()
INFO:app.core.database:连接数据库: 172.16.10.196:5432/db_house
INFO:app.core.database:查询执行成功
INFO:app.core.database:执行查询: SELECT MAX(id) FROM ext_market_trend, 参数: ()
INFO:app.core.database:连接数据库: 172.16.10.196:5432/db_house
INFO:app.core.database:查询执行成功
INFO:app.core.database:执行查询: SELECT MAX(id) FROM oms_order_item, 参数: ()
INFO:app.core.database:连接数据库: 172.16.10.196:5432/db_house
INFO:app.core.database:查询执行成功
INFO:app.services.data_generator:计数器初始化完成: {'crawler_competitor_price_id': 33, 'ext_market_trend_id': 33, 'oms_order_item_id': 33}
INFO:app.services.data_generator:开始处理日期: 2025-10-23
INFO:app.services.data_generator:当天计划生成记录数: 1
INFO:app.services.data_generator:已清空外键缓存
INFO:app.services.data_generator:=== 阶段1：生成独立表 ===
INFO:app.services.data_generator:开始为独立表 crawler_competitor_price 生成数据
INFO:app.core.database:批量执行SQL，查询: INSERT INTO crawler_competitor_price (id, crawl_time, platform, competitor_name, product_name, product_sku, price, promotion_info, is_in_stock) VALUES ($1, $2, $3, $4, $5, $6, $7, $8, $9), 值数量: 1
INFO:app.core.database:连接数据库: 172.16.10.196:5432/db_house
INFO:app.core.database:批量执行SQL完成
INFO:app.services.data_generator:表 crawler_competitor_price 已插入剩余 1 条记录并缓存主键值
INFO:app.services.data_generator:独立表 crawler_competitor_price 生成完成，记录数: 1
INFO:app.services.data_generator:开始为独立表 crm_customer 生成数据
INFO:app.core.database:批量执行SQL，查询: INSERT INTO crm_customer (customer_id, name, gender, phone, email, birthday, address, create_time, update_time, is_deleted) VALUES ($1, $2, $3, $4, $5, $6, $7, $8, $9, $10), 值数量: 1
INFO:app.core.database:连接数据库: 172.16.10.196:5432/db_house
INFO:app.core.database:批量执行SQL完成
INFO:app.services.data_generator:表 crm_customer 已插入剩余 1 条记录并缓存主键值
INFO:app.services.data_generator:独立表 crm_customer 生成完成，记录数: 1
INFO:app.services.data_generator:开始为独立表 ext_market_trend 生成数据
INFO:app.core.database:批量执行SQL，查询: INSERT INTO ext_market_trend (id, period, region, category, market_size, growth_rate, data_source) VALUES ($1, $2, $3, $4, $5, $6, $7), 值数量: 1
INFO:app.core.database:连接数据库: 172.16.10.196:5432/db_house
INFO:app.core.database:批量执行SQL完成
INFO:app.services.data_generator:表 ext_market_trend 已插入剩余 1 条记录并缓存主键值
INFO:app.services.data_generator:独立表 ext_market_trend 生成完成，记录数: 1
INFO:app.services.data_generator:=== 阶段2：生成依赖表 ===
INFO:app.services.data_generator:表依赖排序结果: ['oms_order', 'lms_shipment', 'fms_financial_transaction', 'oms_order_item']
INFO:app.services.data_generator:排序后的依赖表: ['oms_order', 'lms_shipment', 'fms_financial_transaction', 'oms_order_item']
INFO:app.services.data_generator:开始为依赖表 oms_order 生成数据
INFO:app.core.database:批量执行SQL，查询: INSERT INTO oms_order (order_id, order_channel, customer_code, order_amount, discount_amount, pay_amount, order_status, province, city, district, detail_address, order_time) VALUES ($1, $2, $3, $4, $5, $6, $7, $8, $9, $10, $11, $12), 值数量: 1
INFO:app.core.database:连接数据库: 172.16.10.196:5432/db_house
INFO:app.core.database:批量执行SQL完成
INFO:app.services.data_generator:表 oms_order 已插入剩余 1 条记录并缓存主键值
INFO:app.services.data_generator:依赖表 oms_order 生成完成，记录数: 1
INFO:app.services.data_generator:开始为依赖表 lms_shipment 生成数据
INFO:app.core.database:批量执行SQL，查询: INSERT INTO lms_shipment (shipment_id, order_id, carrier, sender_address, receiver_info, current_status, shipping_time, estimated_delivery, actual_delivery) VALUES ($1, $2, $3, $4, $5, $6, $7, $8, $9), 值数量: 1
INFO:app.core.database:连接数据库: 172.16.10.196:5432/db_house
INFO:app.core.database:批量执行SQL完成
INFO:app.services.data_generator:表 lms_shipment 已插入剩余 1 条记录并缓存主键值
INFO:app.services.data_generator:依赖表 lms_shipment 生成完成，记录数: 1
INFO:app.services.data_generator:开始为依赖表 fms_financial_transaction 生成数据
INFO:app.core.database:批量执行SQL，查询: INSERT INTO fms_financial_transaction (transaction_id, order_id, payment_method, transaction_type, transaction_amount, transaction_status, transaction_time) VALUES ($1, $2, $3, $4, $5, $6, $7), 值数量: 1
INFO:app.core.database:连接数据库: 172.16.10.196:5432/db_house
INFO:app.core.database:批量执行SQL完成
INFO:app.services.data_generator:表 fms_financial_transaction 已插入剩余 1 条记录并缓存主键值
INFO:app.services.data_generator:依赖表 fms_financial_transaction 生成完成，记录数: 1
INFO:app.services.data_generator:开始为依赖表 oms_order_item 生成数据
INFO:app.core.database:批量执行SQL，查询: INSERT INTO oms_order_item (id, order_id, product_sku, product_name, quantity, price) VALUES ($1, $2, $3, $4, $5, $6), 值数量: 1
INFO:app.core.database:连接数据库: 172.16.10.196:5432/db_house
INFO:app.core.database:批量执行SQL完成
INFO:app.services.data_generator:表 oms_order_item 已插入剩余 1 条记录并缓存主键值
INFO:app.services.data_generator:依赖表 oms_order_item 生成完成，记录数: 1
INFO:app.services.data_generator:数据生成完成，总记录数: 7
INFO:app.services.data_generator:退出 generate_data_for_tables 方法
INFO:app.services.data_generator:开始 generate_data_for_tables 方法
INFO:app.services.data_generator:独立表（阶段1）: ['crawler_competitor_price', 'crm_customer', 'ext_market_trend']
INFO:app.services.data_generator:依赖表（阶段2）: ['oms_order', 'lms_shipment', 'fms_financial_transaction', 'oms_order_item']
INFO:app.services.data_generator:初始化数据库计数器
INFO:app.core.database:执行查询: SELECT MAX(id) FROM crawler_competitor_price, 参数: ()
INFO:app.core.database:连接数据库: 172.16.10.196:5432/db_house
INFO:app.core.database:查询执行成功
INFO:app.core.database:执行查询: SELECT MAX(id) FROM ext_market_trend, 参数: ()
INFO:app.core.database:连接数据库: 172.16.10.196:5432/db_house
INFO:app.core.database:查询执行成功
INFO:app.core.database:执行查询: SELECT MAX(id) FROM oms_order_item, 参数: ()
INFO:app.core.database:连接数据库: 172.16.10.196:5432/db_house
INFO:app.core.database:查询执行成功
INFO:app.services.data_generator:计数器初始化完成: {'crawler_competitor_price_id': 34, 'ext_market_trend_id': 34, 'oms_order_item_id': 34}
INFO:app.services.data_generator:开始处理日期: 2025-10-23
INFO:app.services.data_generator:当天计划生成记录数: 1
INFO:app.services.data_generator:已清空外键缓存
INFO:app.services.data_generator:=== 阶段1：生成独立表 ===
INFO:app.services.data_generator:开始为独立表 crawler_competitor_price 生成数据
INFO:app.core.database:批量执行SQL，查询: INSERT INTO crawler_competitor_price (id, crawl_time, platform, competitor_name, product_name, product_sku, price, promotion_info, is_in_stock) VALUES ($1, $2, $3, $4, $5, $6, $7, $8, $9), 值数量: 1
INFO:app.core.database:连接数据库: 172.16.10.196:5432/db_house
INFO:app.core.database:批量执行SQL完成
INFO:app.services.data_generator:表 crawler_competitor_price 已插入剩余 1 条记录并缓存主键值
INFO:app.services.data_generator:独立表 crawler_competitor_price 生成完成，记录数: 1
INFO:app.services.data_generator:开始为独立表 crm_customer 生成数据
INFO:app.core.database:批量执行SQL，查询: INSERT INTO crm_customer (customer_id, name, gender, phone, email, birthday, address, create_time, update_time, is_deleted) VALUES ($1, $2, $3, $4, $5, $6, $7, $8, $9, $10), 值数量: 1
INFO:app.core.database:连接数据库: 172.16.10.196:5432/db_house
INFO:app.core.database:批量执行SQL完成
INFO:app.services.data_generator:表 crm_customer 已插入剩余 1 条记录并缓存主键值
INFO:app.services.data_generator:独立表 crm_customer 生成完成，记录数: 1
INFO:app.services.data_generator:开始为独立表 ext_market_trend 生成数据
INFO:app.core.database:批量执行SQL，查询: INSERT INTO ext_market_trend (id, period, region, category, market_size, growth_rate, data_source) VALUES ($1, $2, $3, $4, $5, $6, $7), 值数量: 1
INFO:app.core.database:连接数据库: 172.16.10.196:5432/db_house
INFO:app.core.database:批量执行SQL完成
INFO:app.services.data_generator:表 ext_market_trend 已插入剩余 1 条记录并缓存主键值
INFO:app.services.data_generator:独立表 ext_market_trend 生成完成，记录数: 1
INFO:app.services.data_generator:=== 阶段2：生成依赖表 ===
INFO:app.services.data_generator:表依赖排序结果: ['oms_order', 'lms_shipment', 'fms_financial_transaction', 'oms_order_item']
INFO:app.services.data_generator:排序后的依赖表: ['oms_order', 'lms_shipment', 'fms_financial_transaction', 'oms_order_item']
INFO:app.services.data_generator:开始为依赖表 oms_order 生成数据
INFO:app.core.database:批量执行SQL，查询: INSERT INTO oms_order (order_id, order_channel, customer_code, order_amount, discount_amount, pay_amount, order_status, province, city, district, detail_address, order_time) VALUES ($1, $2, $3, $4, $5, $6, $7, $8, $9, $10, $11, $12), 值数量: 1
INFO:app.core.database:连接数据库: 172.16.10.196:5432/db_house
INFO:app.core.database:批量执行SQL完成
INFO:app.services.data_generator:表 oms_order 已插入剩余 1 条记录并缓存主键值
INFO:app.services.data_generator:依赖表 oms_order 生成完成，记录数: 1
INFO:app.services.data_generator:开始为依赖表 lms_shipment 生成数据
INFO:app.core.database:批量执行SQL，查询: INSERT INTO lms_shipment (shipment_id, order_id, carrier, sender_address, receiver_info, current_status, shipping_time, estimated_delivery, actual_delivery) VALUES ($1, $2, $3, $4, $5, $6, $7, $8, $9), 值数量: 1
INFO:app.core.database:连接数据库: 172.16.10.196:5432/db_house
INFO:app.core.database:批量执行SQL完成
INFO:app.services.data_generator:表 lms_shipment 已插入剩余 1 条记录并缓存主键值
INFO:app.services.data_generator:依赖表 lms_shipment 生成完成，记录数: 1
INFO:app.services.data_generator:开始为依赖表 fms_financial_transaction 生成数据
INFO:app.core.database:批量执行SQL，查询: INSERT INTO fms_financial_transaction (transaction_id, order_id, payment_method, transaction_type, transaction_amount, transaction_status, transaction_time) VALUES ($1, $2, $3, $4, $5, $6, $7), 值数量: 1
INFO:app.core.database:连接数据库: 172.16.10.196:5432/db_house
INFO:app.core.database:批量执行SQL完成
INFO:app.services.data_generator:表 fms_financial_transaction 已插入剩余 1 条记录并缓存主键值
INFO:app.services.data_generator:依赖表 fms_financial_transaction 生成完成，记录数: 1
INFO:app.services.data_generator:开始为依赖表 oms_order_item 生成数据
INFO:app.core.database:批量执行SQL，查询: INSERT INTO oms_order_item (id, order_id, product_sku, product_name, quantity, price) VALUES ($1, $2, $3, $4, $5, $6), 值数量: 1
INFO:app.core.database:连接数据库: 172.16.10.196:5432/db_house
INFO:app.core.database:批量执行SQL完成
INFO:app.services.data_generator:表 oms_order_item 已插入剩余 1 条记录并缓存主键值
INFO:app.services.data_generator:依赖表 oms_order_item 生成完成，记录数: 1
INFO:app.services.data_generator:数据生成完成，总记录数: 7
INFO:app.services.data_generator:退出 generate_data_for_tables 方法
INFO:app.services.data_generator:开始 generate_data_for_tables 方法
INFO:app.services.data_generator:独立表（阶段1）: ['crawler_competitor_price', 'crm_customer', 'ext_market_trend']
INFO:app.services.data_generator:依赖表（阶段2）: ['oms_order', 'lms_shipment', 'fms_financial_transaction', 'oms_order_item']
INFO:app.services.data_generator:初始化数据库计数器
INFO:app.core.database:执行查询: SELECT MAX(id) FROM crawler_competitor_price, 参数: ()
INFO:app.core.database:连接数据库: 172.16.10.196:5432/db_house
INFO:app.core.database:查询执行成功
INFO:app.core.database:执行查询: SELECT MAX(id) FROM ext_market_trend, 参数: ()
INFO:app.core.database:连接数据库: 172.16.10.196:5432/db_house
INFO:app.core.database:查询执行成功
INFO:app.core.database:执行查询: SELECT MAX(id) FROM oms_order_item, 参数: ()
INFO:app.core.database:连接数据库: 172.16.10.196:5432/db_house
INFO:app.core.database:查询执行成功
INFO:app.services.data_generator:计数器初始化完成: {'crawler_competitor_price_id': 35, 'ext_market_trend_id': 35, 'oms_order_item_id': 35}
INFO:app.services.data_generator:开始处理日期: 2025-10-23
INFO:app.services.data_generator:当天计划生成记录数: 1
INFO:app.services.data_generator:已清空外键缓存
INFO:app.services.data_generator:=== 阶段1：生成独立表 ===
INFO:app.services.data_generator:开始为独立表 crawler_competitor_price 生成数据
INFO:app.core.database:批量执行SQL，查询: INSERT INTO crawler_competitor_price (id, crawl_time, platform, competitor_name, product_name, product_sku, price, promotion_info, is_in_stock) VALUES ($1, $2, $3, $4, $5, $6, $7, $8, $9), 值数量: 1
INFO:app.core.database:连接数据库: 172.16.10.196:5432/db_house
INFO:app.core.database:批量执行SQL完成
INFO:app.services.data_generator:表 crawler_competitor_price 已插入剩余 1 条记录并缓存主键值
INFO:app.services.data_generator:独立表 crawler_competitor_price 生成完成，记录数: 1
INFO:app.services.data_generator:开始为独立表 crm_customer 生成数据
INFO:app.core.database:批量执行SQL，查询: INSERT INTO crm_customer (customer_id, name, gender, phone, email, birthday, address, create_time, update_time, is_deleted) VALUES ($1, $2, $3, $4, $5, $6, $7, $8, $9, $10), 值数量: 1
INFO:app.core.database:连接数据库: 172.16.10.196:5432/db_house
INFO:app.core.database:批量执行SQL完成
INFO:app.services.data_generator:表 crm_customer 已插入剩余 1 条记录并缓存主键值
INFO:app.services.data_generator:独立表 crm_customer 生成完成，记录数: 1
INFO:app.services.data_generator:开始为独立表 ext_market_trend 生成数据
INFO:app.core.database:批量执行SQL，查询: INSERT INTO ext_market_trend (id, period, region, category, market_size, growth_rate, data_source) VALUES ($1, $2, $3, $4, $5, $6, $7), 值数量: 1
INFO:app.core.database:连接数据库: 172.16.10.196:5432/db_house
INFO:app.core.database:批量执行SQL完成
INFO:app.services.data_generator:表 ext_market_trend 已插入剩余 1 条记录并缓存主键值
INFO:app.services.data_generator:独立表 ext_market_trend 生成完成，记录数: 1
INFO:app.services.data_generator:=== 阶段2：生成依赖表 ===
INFO:app.services.data_generator:表依赖排序结果: ['oms_order', 'lms_shipment', 'fms_financial_transaction', 'oms_order_item']
INFO:app.services.data_generator:排序后的依赖表: ['oms_order', 'lms_shipment', 'fms_financial_transaction', 'oms_order_item']
INFO:app.services.data_generator:开始为依赖表 oms_order 生成数据
INFO:app.core.database:批量执行SQL，查询: INSERT INTO oms_order (order_id, order_channel, customer_code, order_amount, discount_amount, pay_amount, order_status, province, city, district, detail_address, order_time) VALUES ($1, $2, $3, $4, $5, $6, $7, $8, $9, $10, $11, $12), 值数量: 1
INFO:app.core.database:连接数据库: 172.16.10.196:5432/db_house
INFO:app.core.database:批量执行SQL完成
INFO:app.services.data_generator:表 oms_order 已插入剩余 1 条记录并缓存主键值
INFO:app.services.data_generator:依赖表 oms_order 生成完成，记录数: 1
INFO:app.services.data_generator:开始为依赖表 lms_shipment 生成数据
INFO:app.core.database:批量执行SQL，查询: INSERT INTO lms_shipment (shipment_id, order_id, carrier, sender_address, receiver_info, current_status, shipping_time, estimated_delivery, actual_delivery) VALUES ($1, $2, $3, $4, $5, $6, $7, $8, $9), 值数量: 1
INFO:app.core.database:连接数据库: 172.16.10.196:5432/db_house
INFO:app.core.database:批量执行SQL完成
INFO:app.services.data_generator:表 lms_shipment 已插入剩余 1 条记录并缓存主键值
INFO:app.services.data_generator:依赖表 lms_shipment 生成完成，记录数: 1
INFO:app.services.data_generator:开始为依赖表 fms_financial_transaction 生成数据
INFO:app.core.database:批量执行SQL，查询: INSERT INTO fms_financial_transaction (transaction_id, order_id, payment_method, transaction_type, transaction_amount, transaction_status, transaction_time) VALUES ($1, $2, $3, $4, $5, $6, $7), 值数量: 1
INFO:app.core.database:连接数据库: 172.16.10.196:5432/db_house
INFO:app.core.database:批量执行SQL完成
INFO:app.services.data_generator:表 fms_financial_transaction 已插入剩余 1 条记录并缓存主键值
INFO:app.services.data_generator:依赖表 fms_financial_transaction 生成完成，记录数: 1
INFO:app.services.data_generator:开始为依赖表 oms_order_item 生成数据
INFO:app.core.database:批量执行SQL，查询: INSERT INTO oms_order_item (id, order_id, product_sku, product_name, quantity, price) VALUES ($1, $2, $3, $4, $5, $6), 值数量: 1
INFO:app.core.database:连接数据库: 172.16.10.196:5432/db_house
INFO:app.core.database:批量执行SQL完成
INFO:app.services.data_generator:表 oms_order_item 已插入剩余 1 条记录并缓存主键值
INFO:app.services.data_generator:依赖表 oms_order_item 生成完成，记录数: 1
INFO:app.services.data_generator:数据生成完成，总记录数: 7
INFO:app.services.data_generator:退出 generate_data_for_tables 方法
INFO:app.services.data_generator:开始 generate_data_for_tables 方法
INFO:app.services.data_generator:独立表（阶段1）: ['crawler_competitor_price', 'crm_customer', 'ext_market_trend']
INFO:app.services.data_generator:依赖表（阶段2）: ['oms_order', 'lms_shipment', 'fms_financial_transaction', 'oms_order_item']
INFO:app.services.data_generator:初始化数据库计数器
INFO:app.core.database:执行查询: SELECT MAX(id) FROM crawler_competitor_price, 参数: ()
INFO:app.core.database:连接数据库: 172.16.10.196:5432/db_house
INFO:app.core.database:查询执行成功
INFO:app.core.database:执行查询: SELECT MAX(id) FROM ext_market_trend, 参数: ()
INFO:app.core.database:连接数据库: 172.16.10.196:5432/db_house
INFO:app.core.database:查询执行成功
INFO:app.core.database:执行查询: SELECT MAX(id) FROM oms_order_item, 参数: ()
INFO:app.core.database:连接数据库: 172.16.10.196:5432/db_house
INFO:app.core.database:查询执行成功
INFO:app.services.data_generator:计数器初始化完成: {'crawler_competitor_price_id': 36, 'ext_market_trend_id': 36, 'oms_order_item_id': 36}
INFO:app.services.data_generator:开始处理日期: 2025-10-23
INFO:app.services.data_generator:当天计划生成记录数: 1
INFO:app.services.data_generator:已清空外键缓存
INFO:app.services.data_generator:=== 阶段1：生成独立表 ===
INFO:app.services.data_generator:开始为独立表 crawler_competitor_price 生成数据
INFO:app.core.database:批量执行SQL，查询: INSERT INTO crawler_competitor_price (id, crawl_time, platform, competitor_name, product_name, product_sku, price, promotion_info, is_in_stock) VALUES ($1, $2, $3, $4, $5, $6, $7, $8, $9), 值数量: 1
INFO:app.core.database:连接数据库: 172.16.10.196:5432/db_house
INFO:app.core.database:批量执行SQL完成
INFO:app.services.data_generator:表 crawler_competitor_price 已插入剩余 1 条记录并缓存主键值
INFO:app.services.data_generator:独立表 crawler_competitor_price 生成完成，记录数: 1
INFO:app.services.data_generator:开始为独立表 crm_customer 生成数据
INFO:app.core.database:批量执行SQL，查询: INSERT INTO crm_customer (customer_id, name, gender, phone, email, birthday, address, create_time, update_time, is_deleted) VALUES ($1, $2, $3, $4, $5, $6, $7, $8, $9, $10), 值数量: 1
INFO:app.core.database:连接数据库: 172.16.10.196:5432/db_house
INFO:app.core.database:批量执行SQL完成
INFO:app.services.data_generator:表 crm_customer 已插入剩余 1 条记录并缓存主键值
INFO:app.services.data_generator:独立表 crm_customer 生成完成，记录数: 1
INFO:app.services.data_generator:开始为独立表 ext_market_trend 生成数据
INFO:app.core.database:批量执行SQL，查询: INSERT INTO ext_market_trend (id, period, region, category, market_size, growth_rate, data_source) VALUES ($1, $2, $3, $4, $5, $6, $7), 值数量: 1
INFO:app.core.database:连接数据库: 172.16.10.196:5432/db_house
INFO:app.core.database:批量执行SQL完成
INFO:app.services.data_generator:表 ext_market_trend 已插入剩余 1 条记录并缓存主键值
INFO:app.services.data_generator:独立表 ext_market_trend 生成完成，记录数: 1
INFO:app.services.data_generator:=== 阶段2：生成依赖表 ===
INFO:app.services.data_generator:表依赖排序结果: ['oms_order', 'lms_shipment', 'fms_financial_transaction', 'oms_order_item']
INFO:app.services.data_generator:排序后的依赖表: ['oms_order', 'lms_shipment', 'fms_financial_transaction', 'oms_order_item']
INFO:app.services.data_generator:开始为依赖表 oms_order 生成数据
INFO:app.core.database:批量执行SQL，查询: INSERT INTO oms_order (order_id, order_channel, customer_code, order_amount, discount_amount, pay_amount, order_status, province, city, district, detail_address, order_time) VALUES ($1, $2, $3, $4, $5, $6, $7, $8, $9, $10, $11, $12), 值数量: 1
INFO:app.core.database:连接数据库: 172.16.10.196:5432/db_house
INFO:app.core.database:批量执行SQL完成
INFO:app.services.data_generator:表 oms_order 已插入剩余 1 条记录并缓存主键值
INFO:app.services.data_generator:依赖表 oms_order 生成完成，记录数: 1
INFO:app.services.data_generator:开始为依赖表 lms_shipment 生成数据
INFO:app.core.database:批量执行SQL，查询: INSERT INTO lms_shipment (shipment_id, order_id, carrier, sender_address, receiver_info, current_status, shipping_time, estimated_delivery, actual_delivery) VALUES ($1, $2, $3, $4, $5, $6, $7, $8, $9), 值数量: 1
INFO:app.core.database:连接数据库: 172.16.10.196:5432/db_house
INFO:app.core.database:批量执行SQL完成
INFO:app.services.data_generator:表 lms_shipment 已插入剩余 1 条记录并缓存主键值
INFO:app.services.data_generator:依赖表 lms_shipment 生成完成，记录数: 1
INFO:app.services.data_generator:开始为依赖表 fms_financial_transaction 生成数据
INFO:app.core.database:批量执行SQL，查询: INSERT INTO fms_financial_transaction (transaction_id, order_id, payment_method, transaction_type, transaction_amount, transaction_status, transaction_time) VALUES ($1, $2, $3, $4, $5, $6, $7), 值数量: 1
INFO:app.core.database:连接数据库: 172.16.10.196:5432/db_house
INFO:app.core.database:批量执行SQL完成
INFO:app.services.data_generator:表 fms_financial_transaction 已插入剩余 1 条记录并缓存主键值
INFO:app.services.data_generator:依赖表 fms_financial_transaction 生成完成，记录数: 1
INFO:app.services.data_generator:开始为依赖表 oms_order_item 生成数据
INFO:app.core.database:批量执行SQL，查询: INSERT INTO oms_order_item (id, order_id, product_sku, product_name, quantity, price) VALUES ($1, $2, $3, $4, $5, $6), 值数量: 1
INFO:app.core.database:连接数据库: 172.16.10.196:5432/db_house
INFO:app.core.database:批量执行SQL完成
INFO:app.services.data_generator:表 oms_order_item 已插入剩余 1 条记录并缓存主键值
INFO:app.services.data_generator:依赖表 oms_order_item 生成完成，记录数: 1
INFO:app.services.data_generator:数据生成完成，总记录数: 7
INFO:app.services.data_generator:退出 generate_data_for_tables 方法
INFO:app.services.data_generator:开始 generate_data_for_tables 方法
INFO:app.services.data_generator:独立表（阶段1）: ['crawler_competitor_price', 'crm_customer', 'ext_market_trend']
INFO:app.services.data_generator:依赖表（阶段2）: ['oms_order', 'lms_shipment', 'fms_financial_transaction', 'oms_order_item']
INFO:app.services.data_generator:初始化数据库计数器
INFO:app.core.database:执行查询: SELECT MAX(id) FROM crawler_competitor_price, 参数: ()
INFO:app.core.database:连接数据库: 172.16.10.196:5432/db_house
INFO:app.core.database:查询执行成功
INFO:app.core.database:执行查询: SELECT MAX(id) FROM ext_market_trend, 参数: ()
INFO:app.core.database:连接数据库: 172.16.10.196:5432/db_house
INFO:app.core.database:查询执行成功
INFO:app.core.database:执行查询: SELECT MAX(id) FROM oms_order_item, 参数: ()
INFO:app.core.database:连接数据库: 172.16.10.196:5432/db_house
INFO:app.core.database:查询执行成功
INFO:app.services.data_generator:计数器初始化完成: {'crawler_competitor_price_id': 37, 'ext_market_trend_id': 37, 'oms_order_item_id': 37}
INFO:app.services.data_generator:开始处理日期: 2025-10-23
INFO:app.services.data_generator:当天计划生成记录数: 1
INFO:app.services.data_generator:已清空外键缓存
INFO:app.services.data_generator:=== 阶段1：生成独立表 ===
INFO:app.services.data_generator:开始为独立表 crawler_competitor_price 生成数据
INFO:app.core.database:批量执行SQL，查询: INSERT INTO crawler_competitor_price (id, crawl_time, platform, competitor_name, product_name, product_sku, price, promotion_info, is_in_stock) VALUES ($1, $2, $3, $4, $5, $6, $7, $8, $9), 值数量: 1
INFO:app.core.database:连接数据库: 172.16.10.196:5432/db_house
INFO:app.core.database:批量执行SQL完成
INFO:app.services.data_generator:表 crawler_competitor_price 已插入剩余 1 条记录并缓存主键值
INFO:app.services.data_generator:独立表 crawler_competitor_price 生成完成，记录数: 1
INFO:app.services.data_generator:开始为独立表 crm_customer 生成数据
INFO:app.core.database:批量执行SQL，查询: INSERT INTO crm_customer (customer_id, name, gender, phone, email, birthday, address, create_time, update_time, is_deleted) VALUES ($1, $2, $3, $4, $5, $6, $7, $8, $9, $10), 值数量: 1
INFO:app.core.database:连接数据库: 172.16.10.196:5432/db_house
INFO:app.core.database:批量执行SQL完成
INFO:app.services.data_generator:表 crm_customer 已插入剩余 1 条记录并缓存主键值
INFO:app.services.data_generator:独立表 crm_customer 生成完成，记录数: 1
INFO:app.services.data_generator:开始为独立表 ext_market_trend 生成数据
INFO:app.core.database:批量执行SQL，查询: INSERT INTO ext_market_trend (id, period, region, category, market_size, growth_rate, data_source) VALUES ($1, $2, $3, $4, $5, $6, $7), 值数量: 1
INFO:app.core.database:连接数据库: 172.16.10.196:5432/db_house
INFO:app.core.database:批量执行SQL完成
INFO:app.services.data_generator:表 ext_market_trend 已插入剩余 1 条记录并缓存主键值
INFO:app.services.data_generator:独立表 ext_market_trend 生成完成，记录数: 1
INFO:app.services.data_generator:=== 阶段2：生成依赖表 ===
INFO:app.services.data_generator:表依赖排序结果: ['oms_order', 'lms_shipment', 'fms_financial_transaction', 'oms_order_item']
INFO:app.services.data_generator:排序后的依赖表: ['oms_order', 'lms_shipment', 'fms_financial_transaction', 'oms_order_item']
INFO:app.services.data_generator:开始为依赖表 oms_order 生成数据
INFO:app.core.database:批量执行SQL，查询: INSERT INTO oms_order (order_id, order_channel, customer_code, order_amount, discount_amount, pay_amount, order_status, province, city, district, detail_address, order_time) VALUES ($1, $2, $3, $4, $5, $6, $7, $8, $9, $10, $11, $12), 值数量: 1
INFO:app.core.database:连接数据库: 172.16.10.196:5432/db_house
INFO:app.core.database:批量执行SQL完成
INFO:app.services.data_generator:表 oms_order 已插入剩余 1 条记录并缓存主键值
INFO:app.services.data_generator:依赖表 oms_order 生成完成，记录数: 1
INFO:app.services.data_generator:开始为依赖表 lms_shipment 生成数据
INFO:app.core.database:批量执行SQL，查询: INSERT INTO lms_shipment (shipment_id, order_id, carrier, sender_address, receiver_info, current_status, shipping_time, estimated_delivery, actual_delivery) VALUES ($1, $2, $3, $4, $5, $6, $7, $8, $9), 值数量: 1
INFO:app.core.database:连接数据库: 172.16.10.196:5432/db_house
INFO:app.core.database:批量执行SQL完成
INFO:app.services.data_generator:表 lms_shipment 已插入剩余 1 条记录并缓存主键值
INFO:app.services.data_generator:依赖表 lms_shipment 生成完成，记录数: 1
INFO:app.services.data_generator:开始为依赖表 fms_financial_transaction 生成数据
INFO:app.core.database:批量执行SQL，查询: INSERT INTO fms_financial_transaction (transaction_id, order_id, payment_method, transaction_type, transaction_amount, transaction_status, transaction_time) VALUES ($1, $2, $3, $4, $5, $6, $7), 值数量: 1
INFO:app.core.database:连接数据库: 172.16.10.196:5432/db_house
INFO:app.core.database:批量执行SQL完成
INFO:app.services.data_generator:表 fms_financial_transaction 已插入剩余 1 条记录并缓存主键值
INFO:app.services.data_generator:依赖表 fms_financial_transaction 生成完成，记录数: 1
INFO:app.services.data_generator:开始为依赖表 oms_order_item 生成数据
INFO:app.core.database:批量执行SQL，查询: INSERT INTO oms_order_item (id, order_id, product_sku, product_name, quantity, price) VALUES ($1, $2, $3, $4, $5, $6), 值数量: 1
INFO:app.core.database:连接数据库: 172.16.10.196:5432/db_house
INFO:app.core.database:批量执行SQL完成
INFO:app.services.data_generator:表 oms_order_item 已插入剩余 1 条记录并缓存主键值
INFO:app.services.data_generator:依赖表 oms_order_item 生成完成，记录数: 1
INFO:app.services.data_generator:数据生成完成，总记录数: 7
INFO:app.services.data_generator:退出 generate_data_for_tables 方法
INFO:app.services.data_generator:开始 generate_data_for_tables 方法
INFO:app.services.data_generator:独立表（阶段1）: ['crawler_competitor_price', 'crm_customer', 'ext_market_trend']
INFO:app.services.data_generator:依赖表（阶段2）: ['oms_order', 'lms_shipment', 'fms_financial_transaction', 'oms_order_item']
INFO:app.services.data_generator:初始化数据库计数器
INFO:app.core.database:执行查询: SELECT MAX(id) FROM crawler_competitor_price, 参数: ()
INFO:app.core.database:连接数据库: 172.16.10.196:5432/db_house
INFO:app.core.database:查询执行成功
INFO:app.core.database:执行查询: SELECT MAX(id) FROM ext_market_trend, 参数: ()
INFO:app.core.database:连接数据库: 172.16.10.196:5432/db_house
INFO:app.core.database:查询执行成功
INFO:app.core.database:执行查询: SELECT MAX(id) FROM oms_order_item, 参数: ()
INFO:app.core.database:连接数据库: 172.16.10.196:5432/db_house
INFO:app.core.database:查询执行成功
INFO:app.services.data_generator:计数器初始化完成: {'crawler_competitor_price_id': 38, 'ext_market_trend_id': 38, 'oms_order_item_id': 38}
INFO:app.services.data_generator:开始处理日期: 2025-10-23
INFO:app.services.data_generator:当天计划生成记录数: 1
INFO:app.services.data_generator:已清空外键缓存
INFO:app.services.data_generator:=== 阶段1：生成独立表 ===
INFO:app.services.data_generator:开始为独立表 crawler_competitor_price 生成数据
INFO:app.core.database:批量执行SQL，查询: INSERT INTO crawler_competitor_price (id, crawl_time, platform, competitor_name, product_name, product_sku, price, promotion_info, is_in_stock) VALUES ($1, $2, $3, $4, $5, $6, $7, $8, $9), 值数量: 1
INFO:app.core.database:连接数据库: 172.16.10.196:5432/db_house
INFO:app.core.database:批量执行SQL完成
INFO:app.services.data_generator:表 crawler_competitor_price 已插入剩余 1 条记录并缓存主键值
INFO:app.services.data_generator:独立表 crawler_competitor_price 生成完成，记录数: 1
INFO:app.services.data_generator:开始为独立表 crm_customer 生成数据
INFO:app.core.database:批量执行SQL，查询: INSERT INTO crm_customer (customer_id, name, gender, phone, email, birthday, address, create_time, update_time, is_deleted) VALUES ($1, $2, $3, $4, $5, $6, $7, $8, $9, $10), 值数量: 1
INFO:app.core.database:连接数据库: 172.16.10.196:5432/db_house
INFO:app.core.database:批量执行SQL完成
INFO:app.services.data_generator:表 crm_customer 已插入剩余 1 条记录并缓存主键值
INFO:app.services.data_generator:独立表 crm_customer 生成完成，记录数: 1
INFO:app.services.data_generator:开始为独立表 ext_market_trend 生成数据
INFO:app.core.database:批量执行SQL，查询: INSERT INTO ext_market_trend (id, period, region, category, market_size, growth_rate, data_source) VALUES ($1, $2, $3, $4, $5, $6, $7), 值数量: 1
INFO:app.core.database:连接数据库: 172.16.10.196:5432/db_house
INFO:app.core.database:批量执行SQL完成
INFO:app.services.data_generator:表 ext_market_trend 已插入剩余 1 条记录并缓存主键值
INFO:app.services.data_generator:独立表 ext_market_trend 生成完成，记录数: 1
INFO:app.services.data_generator:=== 阶段2：生成依赖表 ===
INFO:app.services.data_generator:表依赖排序结果: ['oms_order', 'lms_shipment', 'fms_financial_transaction', 'oms_order_item']
INFO:app.services.data_generator:排序后的依赖表: ['oms_order', 'lms_shipment', 'fms_financial_transaction', 'oms_order_item']
INFO:app.services.data_generator:开始为依赖表 oms_order 生成数据
INFO:app.core.database:批量执行SQL，查询: INSERT INTO oms_order (order_id, order_channel, customer_code, order_amount, discount_amount, pay_amount, order_status, province, city, district, detail_address, order_time) VALUES ($1, $2, $3, $4, $5, $6, $7, $8, $9, $10, $11, $12), 值数量: 1
INFO:app.core.database:连接数据库: 172.16.10.196:5432/db_house
INFO:app.core.database:批量执行SQL完成
INFO:app.services.data_generator:表 oms_order 已插入剩余 1 条记录并缓存主键值
INFO:app.services.data_generator:依赖表 oms_order 生成完成，记录数: 1
INFO:app.services.data_generator:开始为依赖表 lms_shipment 生成数据
INFO:app.core.database:批量执行SQL，查询: INSERT INTO lms_shipment (shipment_id, order_id, carrier, sender_address, receiver_info, current_status, shipping_time, estimated_delivery, actual_delivery) VALUES ($1, $2, $3, $4, $5, $6, $7, $8, $9), 值数量: 1
INFO:app.core.database:连接数据库: 172.16.10.196:5432/db_house
INFO:app.core.database:批量执行SQL完成
INFO:app.services.data_generator:表 lms_shipment 已插入剩余 1 条记录并缓存主键值
INFO:app.services.data_generator:依赖表 lms_shipment 生成完成，记录数: 1
INFO:app.services.data_generator:开始为依赖表 fms_financial_transaction 生成数据
INFO:app.core.database:批量执行SQL，查询: INSERT INTO fms_financial_transaction (transaction_id, order_id, payment_method, transaction_type, transaction_amount, transaction_status, transaction_time) VALUES ($1, $2, $3, $4, $5, $6, $7), 值数量: 1
INFO:app.core.database:连接数据库: 172.16.10.196:5432/db_house
INFO:app.core.database:批量执行SQL完成
INFO:app.services.data_generator:表 fms_financial_transaction 已插入剩余 1 条记录并缓存主键值
INFO:app.services.data_generator:依赖表 fms_financial_transaction 生成完成，记录数: 1
INFO:app.services.data_generator:开始为依赖表 oms_order_item 生成数据
INFO:app.core.database:批量执行SQL，查询: INSERT INTO oms_order_item (id, order_id, product_sku, product_name, quantity, price) VALUES ($1, $2, $3, $4, $5, $6), 值数量: 1
INFO:app.core.database:连接数据库: 172.16.10.196:5432/db_house
INFO:app.core.database:批量执行SQL完成
INFO:app.services.data_generator:表 oms_order_item 已插入剩余 1 条记录并缓存主键值
INFO:app.services.data_generator:依赖表 oms_order_item 生成完成，记录数: 1
INFO:app.services.data_generator:数据生成完成，总记录数: 7
INFO:app.services.data_generator:退出 generate_data_for_tables 方法
INFO:app.services.data_generator:开始 generate_data_for_tables 方法
INFO:app.services.data_generator:独立表（阶段1）: ['crawler_competitor_price', 'crm_customer', 'ext_market_trend']
INFO:app.services.data_generator:依赖表（阶段2）: ['oms_order', 'lms_shipment', 'fms_financial_transaction', 'oms_order_item']
INFO:app.services.data_generator:初始化数据库计数器
INFO:app.core.database:执行查询: SELECT MAX(id) FROM crawler_competitor_price, 参数: ()
INFO:app.core.database:连接数据库: 172.16.10.196:5432/db_house
INFO:app.core.database:查询执行成功
INFO:app.core.database:执行查询: SELECT MAX(id) FROM ext_market_trend, 参数: ()
INFO:app.core.database:连接数据库: 172.16.10.196:5432/db_house
INFO:app.core.database:查询执行成功
INFO:app.core.database:执行查询: SELECT MAX(id) FROM oms_order_item, 参数: ()
INFO:app.core.database:连接数据库: 172.16.10.196:5432/db_house
INFO:app.core.database:查询执行成功
INFO:app.services.data_generator:计数器初始化完成: {'crawler_competitor_price_id': 39, 'ext_market_trend_id': 39, 'oms_order_item_id': 39}
INFO:app.services.data_generator:开始处理日期: 2025-10-23
INFO:app.services.data_generator:当天计划生成记录数: 1
INFO:app.services.data_generator:已清空外键缓存
INFO:app.services.data_generator:=== 阶段1：生成独立表 ===
INFO:app.services.data_generator:开始为独立表 crawler_competitor_price 生成数据
INFO:app.core.database:批量执行SQL，查询: INSERT INTO crawler_competitor_price (id, crawl_time, platform, competitor_name, product_name, product_sku, price, promotion_info, is_in_stock) VALUES ($1, $2, $3, $4, $5, $6, $7, $8, $9), 值数量: 1
INFO:app.core.database:连接数据库: 172.16.10.196:5432/db_house
INFO:app.core.database:批量执行SQL完成
INFO:app.services.data_generator:表 crawler_competitor_price 已插入剩余 1 条记录并缓存主键值
INFO:app.services.data_generator:独立表 crawler_competitor_price 生成完成，记录数: 1
INFO:app.services.data_generator:开始为独立表 crm_customer 生成数据
INFO:app.core.database:批量执行SQL，查询: INSERT INTO crm_customer (customer_id, name, gender, phone, email, birthday, address, create_time, update_time, is_deleted) VALUES ($1, $2, $3, $4, $5, $6, $7, $8, $9, $10), 值数量: 1
INFO:app.core.database:连接数据库: 172.16.10.196:5432/db_house
INFO:app.core.database:批量执行SQL完成
INFO:app.services.data_generator:表 crm_customer 已插入剩余 1 条记录并缓存主键值
INFO:app.services.data_generator:独立表 crm_customer 生成完成，记录数: 1
INFO:app.services.data_generator:开始为独立表 ext_market_trend 生成数据
INFO:app.core.database:批量执行SQL，查询: INSERT INTO ext_market_trend (id, period, region, category, market_size, growth_rate, data_source) VALUES ($1, $2, $3, $4, $5, $6, $7), 值数量: 1
INFO:app.core.database:连接数据库: 172.16.10.196:5432/db_house
INFO:app.core.database:批量执行SQL完成
INFO:app.services.data_generator:表 ext_market_trend 已插入剩余 1 条记录并缓存主键值
INFO:app.services.data_generator:独立表 ext_market_trend 生成完成，记录数: 1
INFO:app.services.data_generator:=== 阶段2：生成依赖表 ===
INFO:app.services.data_generator:表依赖排序结果: ['oms_order', 'lms_shipment', 'fms_financial_transaction', 'oms_order_item']
INFO:app.services.data_generator:排序后的依赖表: ['oms_order', 'lms_shipment', 'fms_financial_transaction', 'oms_order_item']
INFO:app.services.data_generator:开始为依赖表 oms_order 生成数据
INFO:app.core.database:批量执行SQL，查询: INSERT INTO oms_order (order_id, order_channel, customer_code, order_amount, discount_amount, pay_amount, order_status, province, city, district, detail_address, order_time) VALUES ($1, $2, $3, $4, $5, $6, $7, $8, $9, $10, $11, $12), 值数量: 1
INFO:app.core.database:连接数据库: 172.16.10.196:5432/db_house
INFO:app.core.database:批量执行SQL完成
INFO:app.services.data_generator:表 oms_order 已插入剩余 1 条记录并缓存主键值
INFO:app.services.data_generator:依赖表 oms_order 生成完成，记录数: 1
INFO:app.services.data_generator:开始为依赖表 lms_shipment 生成数据
INFO:app.core.database:批量执行SQL，查询: INSERT INTO lms_shipment (shipment_id, order_id, carrier, sender_address, receiver_info, current_status, shipping_time, estimated_delivery, actual_delivery) VALUES ($1, $2, $3, $4, $5, $6, $7, $8, $9), 值数量: 1
INFO:app.core.database:连接数据库: 172.16.10.196:5432/db_house
INFO:app.core.database:批量执行SQL完成
INFO:app.services.data_generator:表 lms_shipment 已插入剩余 1 条记录并缓存主键值
INFO:app.services.data_generator:依赖表 lms_shipment 生成完成，记录数: 1
INFO:app.services.data_generator:开始为依赖表 fms_financial_transaction 生成数据
INFO:app.core.database:批量执行SQL，查询: INSERT INTO fms_financial_transaction (transaction_id, order_id, payment_method, transaction_type, transaction_amount, transaction_status, transaction_time) VALUES ($1, $2, $3, $4, $5, $6, $7), 值数量: 1
INFO:app.core.database:连接数据库: 172.16.10.196:5432/db_house
INFO:app.core.database:批量执行SQL完成
INFO:app.services.data_generator:表 fms_financial_transaction 已插入剩余 1 条记录并缓存主键值
INFO:app.services.data_generator:依赖表 fms_financial_transaction 生成完成，记录数: 1
INFO:app.services.data_generator:开始为依赖表 oms_order_item 生成数据
INFO:app.core.database:批量执行SQL，查询: INSERT INTO oms_order_item (id, order_id, product_sku, product_name, quantity, price) VALUES ($1, $2, $3, $4, $5, $6), 值数量: 1
INFO:app.core.database:连接数据库: 172.16.10.196:5432/db_house
INFO:app.core.database:批量执行SQL完成
INFO:app.services.data_generator:表 oms_order_item 已插入剩余 1 条记录并缓存主键值
INFO:app.services.data_generator:依赖表 oms_order_item 生成完成，记录数: 1
INFO:app.services.data_generator:数据生成完成，总记录数: 7
INFO:app.services.data_generator:退出 generate_data_for_tables 方法
INFO:app.services.data_generator:开始 generate_data_for_tables 方法
INFO:app.services.data_generator:独立表（阶段1）: ['crawler_competitor_price', 'crm_customer', 'ext_market_trend']
INFO:app.services.data_generator:依赖表（阶段2）: ['oms_order', 'lms_shipment', 'fms_financial_transaction', 'oms_order_item']
INFO:app.services.data_generator:初始化数据库计数器
INFO:app.core.database:执行查询: SELECT MAX(id) FROM crawler_competitor_price, 参数: ()
INFO:app.core.database:连接数据库: 172.16.10.196:5432/db_house
INFO:app.core.database:查询执行成功
INFO:app.core.database:执行查询: SELECT MAX(id) FROM ext_market_trend, 参数: ()
INFO:app.core.database:连接数据库: 172.16.10.196:5432/db_house
INFO:app.core.database:查询执行成功
INFO:app.core.database:执行查询: SELECT MAX(id) FROM oms_order_item, 参数: ()
INFO:app.core.database:连接数据库: 172.16.10.196:5432/db_house
INFO:app.core.database:查询执行成功
INFO:app.services.data_generator:计数器初始化完成: {'crawler_competitor_price_id': 40, 'ext_market_trend_id': 40, 'oms_order_item_id': 40}
INFO:app.services.data_generator:开始处理日期: 2025-10-23
INFO:app.services.data_generator:当天计划生成记录数: 1
INFO:app.services.data_generator:已清空外键缓存
INFO:app.services.data_generator:=== 阶段1：生成独立表 ===
INFO:app.services.data_generator:开始为独立表 crawler_competitor_price 生成数据
INFO:app.core.database:批量执行SQL，查询: INSERT INTO crawler_competitor_price (id, crawl_time, platform, competitor_name, product_name, product_sku, price, promotion_info, is_in_stock) VALUES ($1, $2, $3, $4, $5, $6, $7, $8, $9), 值数量: 1
INFO:app.core.database:连接数据库: 172.16.10.196:5432/db_house
INFO:app.core.database:批量执行SQL完成
INFO:app.services.data_generator:表 crawler_competitor_price 已插入剩余 1 条记录并缓存主键值
INFO:app.services.data_generator:独立表 crawler_competitor_price 生成完成，记录数: 1
INFO:app.services.data_generator:开始为独立表 crm_customer 生成数据
INFO:app.core.database:批量执行SQL，查询: INSERT INTO crm_customer (customer_id, name, gender, phone, email, birthday, address, create_time, update_time, is_deleted) VALUES ($1, $2, $3, $4, $5, $6, $7, $8, $9, $10), 值数量: 1
INFO:app.core.database:连接数据库: 172.16.10.196:5432/db_house
INFO:app.core.database:批量执行SQL完成
INFO:app.services.data_generator:表 crm_customer 已插入剩余 1 条记录并缓存主键值
INFO:app.services.data_generator:独立表 crm_customer 生成完成，记录数: 1
INFO:app.services.data_generator:开始为独立表 ext_market_trend 生成数据
INFO:app.core.database:批量执行SQL，查询: INSERT INTO ext_market_trend (id, period, region, category, market_size, growth_rate, data_source) VALUES ($1, $2, $3, $4, $5, $6, $7), 值数量: 1
INFO:app.core.database:连接数据库: 172.16.10.196:5432/db_house
INFO:app.core.database:批量执行SQL完成
INFO:app.services.data_generator:表 ext_market_trend 已插入剩余 1 条记录并缓存主键值
INFO:app.services.data_generator:独立表 ext_market_trend 生成完成，记录数: 1
INFO:app.services.data_generator:=== 阶段2：生成依赖表 ===
INFO:app.services.data_generator:表依赖排序结果: ['oms_order', 'lms_shipment', 'fms_financial_transaction', 'oms_order_item']
INFO:app.services.data_generator:排序后的依赖表: ['oms_order', 'lms_shipment', 'fms_financial_transaction', 'oms_order_item']
INFO:app.services.data_generator:开始为依赖表 oms_order 生成数据
INFO:app.core.database:批量执行SQL，查询: INSERT INTO oms_order (order_id, order_channel, customer_code, order_amount, discount_amount, pay_amount, order_status, province, city, district, detail_address, order_time) VALUES ($1, $2, $3, $4, $5, $6, $7, $8, $9, $10, $11, $12), 值数量: 1
INFO:app.core.database:连接数据库: 172.16.10.196:5432/db_house
INFO:app.core.database:批量执行SQL完成
INFO:app.services.data_generator:表 oms_order 已插入剩余 1 条记录并缓存主键值
INFO:app.services.data_generator:依赖表 oms_order 生成完成，记录数: 1
INFO:app.services.data_generator:开始为依赖表 lms_shipment 生成数据
INFO:app.core.database:批量执行SQL，查询: INSERT INTO lms_shipment (shipment_id, order_id, carrier, sender_address, receiver_info, current_status, shipping_time, estimated_delivery, actual_delivery) VALUES ($1, $2, $3, $4, $5, $6, $7, $8, $9), 值数量: 1
INFO:app.core.database:连接数据库: 172.16.10.196:5432/db_house
INFO:app.core.database:批量执行SQL完成
INFO:app.services.data_generator:表 lms_shipment 已插入剩余 1 条记录并缓存主键值
INFO:app.services.data_generator:依赖表 lms_shipment 生成完成，记录数: 1
INFO:app.services.data_generator:开始为依赖表 fms_financial_transaction 生成数据
INFO:app.core.database:批量执行SQL，查询: INSERT INTO fms_financial_transaction (transaction_id, order_id, payment_method, transaction_type, transaction_amount, transaction_status, transaction_time) VALUES ($1, $2, $3, $4, $5, $6, $7), 值数量: 1
INFO:app.core.database:连接数据库: 172.16.10.196:5432/db_house
INFO:app.core.database:批量执行SQL完成
INFO:app.services.data_generator:表 fms_financial_transaction 已插入剩余 1 条记录并缓存主键值
INFO:app.services.data_generator:依赖表 fms_financial_transaction 生成完成，记录数: 1
INFO:app.services.data_generator:开始为依赖表 oms_order_item 生成数据
INFO:app.core.database:批量执行SQL，查询: INSERT INTO oms_order_item (id, order_id, product_sku, product_name, quantity, price) VALUES ($1, $2, $3, $4, $5, $6), 值数量: 1
INFO:app.core.database:连接数据库: 172.16.10.196:5432/db_house
INFO:app.core.database:批量执行SQL完成
INFO:app.services.data_generator:表 oms_order_item 已插入剩余 1 条记录并缓存主键值
INFO:app.services.data_generator:依赖表 oms_order_item 生成完成，记录数: 1
INFO:app.services.data_generator:数据生成完成，总记录数: 7
INFO:app.services.data_generator:退出 generate_data_for_tables 方法
INFO:app.services.data_generator:开始 generate_data_for_tables 方法
INFO:app.services.data_generator:独立表（阶段1）: ['crawler_competitor_price', 'crm_customer', 'ext_market_trend']
INFO:app.services.data_generator:依赖表（阶段2）: ['oms_order', 'lms_shipment', 'fms_financial_transaction', 'oms_order_item']
INFO:app.services.data_generator:初始化数据库计数器
INFO:app.core.database:执行查询: SELECT MAX(id) FROM crawler_competitor_price, 参数: ()
INFO:app.core.database:连接数据库: 172.16.10.196:5432/db_house
INFO:app.core.database:查询执行成功
INFO:app.core.database:执行查询: SELECT MAX(id) FROM ext_market_trend, 参数: ()
INFO:app.core.database:连接数据库: 172.16.10.196:5432/db_house
INFO:app.core.database:查询执行成功
INFO:app.core.database:执行查询: SELECT MAX(id) FROM oms_order_item, 参数: ()
INFO:app.core.database:连接数据库: 172.16.10.196:5432/db_house
INFO:app.core.database:查询执行成功
INFO:app.services.data_generator:计数器初始化完成: {'crawler_competitor_price_id': 41, 'ext_market_trend_id': 41, 'oms_order_item_id': 41}
INFO:app.services.data_generator:开始处理日期: 2025-10-23
INFO:app.services.data_generator:当天计划生成记录数: 1
INFO:app.services.data_generator:已清空外键缓存
INFO:app.services.data_generator:=== 阶段1：生成独立表 ===
INFO:app.services.data_generator:开始为独立表 crawler_competitor_price 生成数据
INFO:app.core.database:批量执行SQL，查询: INSERT INTO crawler_competitor_price (id, crawl_time, platform, competitor_name, product_name, product_sku, price, promotion_info, is_in_stock) VALUES ($1, $2, $3, $4, $5, $6, $7, $8, $9), 值数量: 1
INFO:app.core.database:连接数据库: 172.16.10.196:5432/db_house
INFO:app.core.database:批量执行SQL完成
INFO:app.services.data_generator:表 crawler_competitor_price 已插入剩余 1 条记录并缓存主键值
INFO:app.services.data_generator:独立表 crawler_competitor_price 生成完成，记录数: 1
INFO:app.services.data_generator:开始为独立表 crm_customer 生成数据
INFO:app.core.database:批量执行SQL，查询: INSERT INTO crm_customer (customer_id, name, gender, phone, email, birthday, address, create_time, update_time, is_deleted) VALUES ($1, $2, $3, $4, $5, $6, $7, $8, $9, $10), 值数量: 1
INFO:app.core.database:连接数据库: 172.16.10.196:5432/db_house
INFO:app.core.database:批量执行SQL完成
INFO:app.services.data_generator:表 crm_customer 已插入剩余 1 条记录并缓存主键值
INFO:app.services.data_generator:独立表 crm_customer 生成完成，记录数: 1
INFO:app.services.data_generator:开始为独立表 ext_market_trend 生成数据
INFO:app.core.database:批量执行SQL，查询: INSERT INTO ext_market_trend (id, period, region, category, market_size, growth_rate, data_source) VALUES ($1, $2, $3, $4, $5, $6, $7), 值数量: 1
INFO:app.core.database:连接数据库: 172.16.10.196:5432/db_house
INFO:app.core.database:批量执行SQL完成
INFO:app.services.data_generator:表 ext_market_trend 已插入剩余 1 条记录并缓存主键值
INFO:app.services.data_generator:独立表 ext_market_trend 生成完成，记录数: 1
INFO:app.services.data_generator:=== 阶段2：生成依赖表 ===
INFO:app.services.data_generator:表依赖排序结果: ['oms_order', 'lms_shipment', 'fms_financial_transaction', 'oms_order_item']
INFO:app.services.data_generator:排序后的依赖表: ['oms_order', 'lms_shipment', 'fms_financial_transaction', 'oms_order_item']
INFO:app.services.data_generator:开始为依赖表 oms_order 生成数据
INFO:app.core.database:批量执行SQL，查询: INSERT INTO oms_order (order_id, order_channel, customer_code, order_amount, discount_amount, pay_amount, order_status, province, city, district, detail_address, order_time) VALUES ($1, $2, $3, $4, $5, $6, $7, $8, $9, $10, $11, $12), 值数量: 1
INFO:app.core.database:连接数据库: 172.16.10.196:5432/db_house
INFO:app.core.database:批量执行SQL完成
INFO:app.services.data_generator:表 oms_order 已插入剩余 1 条记录并缓存主键值
INFO:app.services.data_generator:依赖表 oms_order 生成完成，记录数: 1
INFO:app.services.data_generator:开始为依赖表 lms_shipment 生成数据
INFO:app.core.database:批量执行SQL，查询: INSERT INTO lms_shipment (shipment_id, order_id, carrier, sender_address, receiver_info, current_status, shipping_time, estimated_delivery, actual_delivery) VALUES ($1, $2, $3, $4, $5, $6, $7, $8, $9), 值数量: 1
INFO:app.core.database:连接数据库: 172.16.10.196:5432/db_house
INFO:app.core.database:批量执行SQL完成
INFO:app.services.data_generator:表 lms_shipment 已插入剩余 1 条记录并缓存主键值
INFO:app.services.data_generator:依赖表 lms_shipment 生成完成，记录数: 1
INFO:app.services.data_generator:开始为依赖表 fms_financial_transaction 生成数据
INFO:app.core.database:批量执行SQL，查询: INSERT INTO fms_financial_transaction (transaction_id, order_id, payment_method, transaction_type, transaction_amount, transaction_status, transaction_time) VALUES ($1, $2, $3, $4, $5, $6, $7), 值数量: 1
INFO:app.core.database:连接数据库: 172.16.10.196:5432/db_house
INFO:app.core.database:批量执行SQL完成
INFO:app.services.data_generator:表 fms_financial_transaction 已插入剩余 1 条记录并缓存主键值
INFO:app.services.data_generator:依赖表 fms_financial_transaction 生成完成，记录数: 1
INFO:app.services.data_generator:开始为依赖表 oms_order_item 生成数据
INFO:app.core.database:批量执行SQL，查询: INSERT INTO oms_order_item (id, order_id, product_sku, product_name, quantity, price) VALUES ($1, $2, $3, $4, $5, $6), 值数量: 1
INFO:app.core.database:连接数据库: 172.16.10.196:5432/db_house
INFO:app.core.database:批量执行SQL完成
INFO:app.services.data_generator:表 oms_order_item 已插入剩余 1 条记录并缓存主键值
INFO:app.services.data_generator:依赖表 oms_order_item 生成完成，记录数: 1
INFO:app.services.data_generator:数据生成完成，总记录数: 7
INFO:app.services.data_generator:退出 generate_data_for_tables 方法
INFO:app.services.data_generator:开始 generate_data_for_tables 方法
INFO:app.services.data_generator:独立表（阶段1）: ['crawler_competitor_price', 'crm_customer', 'ext_market_trend']
INFO:app.services.data_generator:依赖表（阶段2）: ['oms_order', 'lms_shipment', 'fms_financial_transaction', 'oms_order_item']
INFO:app.services.data_generator:初始化数据库计数器
INFO:app.core.database:执行查询: SELECT MAX(id) FROM crawler_competitor_price, 参数: ()
INFO:app.core.database:连接数据库: 172.16.10.196:5432/db_house
INFO:app.core.database:查询执行成功
INFO:app.core.database:执行查询: SELECT MAX(id) FROM ext_market_trend, 参数: ()
INFO:app.core.database:连接数据库: 172.16.10.196:5432/db_house
INFO:app.core.database:查询执行成功
INFO:app.core.database:执行查询: SELECT MAX(id) FROM oms_order_item, 参数: ()
INFO:app.core.database:连接数据库: 172.16.10.196:5432/db_house
INFO:app.core.database:查询执行成功
INFO:app.services.data_generator:计数器初始化完成: {'crawler_competitor_price_id': 42, 'ext_market_trend_id': 42, 'oms_order_item_id': 42}
INFO:app.services.data_generator:开始处理日期: 2025-10-23
INFO:app.services.data_generator:当天计划生成记录数: 1
INFO:app.services.data_generator:已清空外键缓存
INFO:app.services.data_generator:=== 阶段1：生成独立表 ===
INFO:app.services.data_generator:开始为独立表 crawler_competitor_price 生成数据
INFO:app.core.database:批量执行SQL，查询: INSERT INTO crawler_competitor_price (id, crawl_time, platform, competitor_name, product_name, product_sku, price, promotion_info, is_in_stock) VALUES ($1, $2, $3, $4, $5, $6, $7, $8, $9), 值数量: 1
INFO:app.core.database:连接数据库: 172.16.10.196:5432/db_house
INFO:app.core.database:批量执行SQL完成
INFO:app.services.data_generator:表 crawler_competitor_price 已插入剩余 1 条记录并缓存主键值
INFO:app.services.data_generator:独立表 crawler_competitor_price 生成完成，记录数: 1
INFO:app.services.data_generator:开始为独立表 crm_customer 生成数据
INFO:app.core.database:批量执行SQL，查询: INSERT INTO crm_customer (customer_id, name, gender, phone, email, birthday, address, create_time, update_time, is_deleted) VALUES ($1, $2, $3, $4, $5, $6, $7, $8, $9, $10), 值数量: 1
INFO:app.core.database:连接数据库: 172.16.10.196:5432/db_house
INFO:app.core.database:批量执行SQL完成
INFO:app.services.data_generator:表 crm_customer 已插入剩余 1 条记录并缓存主键值
INFO:app.services.data_generator:独立表 crm_customer 生成完成，记录数: 1
INFO:app.services.data_generator:开始为独立表 ext_market_trend 生成数据
INFO:app.core.database:批量执行SQL，查询: INSERT INTO ext_market_trend (id, period, region, category, market_size, growth_rate, data_source) VALUES ($1, $2, $3, $4, $5, $6, $7), 值数量: 1
INFO:app.core.database:连接数据库: 172.16.10.196:5432/db_house
INFO:app.core.database:批量执行SQL完成
INFO:app.services.data_generator:表 ext_market_trend 已插入剩余 1 条记录并缓存主键值
INFO:app.services.data_generator:独立表 ext_market_trend 生成完成，记录数: 1
INFO:app.services.data_generator:=== 阶段2：生成依赖表 ===
INFO:app.services.data_generator:表依赖排序结果: ['oms_order', 'lms_shipment', 'fms_financial_transaction', 'oms_order_item']
INFO:app.services.data_generator:排序后的依赖表: ['oms_order', 'lms_shipment', 'fms_financial_transaction', 'oms_order_item']
INFO:app.services.data_generator:开始为依赖表 oms_order 生成数据
INFO:app.core.database:批量执行SQL，查询: INSERT INTO oms_order (order_id, order_channel, customer_code, order_amount, discount_amount, pay_amount, order_status, province, city, district, detail_address, order_time) VALUES ($1, $2, $3, $4, $5, $6, $7, $8, $9, $10, $11, $12), 值数量: 1
INFO:app.core.database:连接数据库: 172.16.10.196:5432/db_house
INFO:app.core.database:批量执行SQL完成
INFO:app.services.data_generator:表 oms_order 已插入剩余 1 条记录并缓存主键值
INFO:app.services.data_generator:依赖表 oms_order 生成完成，记录数: 1
INFO:app.services.data_generator:开始为依赖表 lms_shipment 生成数据
INFO:app.core.database:批量执行SQL，查询: INSERT INTO lms_shipment (shipment_id, order_id, carrier, sender_address, receiver_info, current_status, shipping_time, estimated_delivery, actual_delivery) VALUES ($1, $2, $3, $4, $5, $6, $7, $8, $9), 值数量: 1
INFO:app.core.database:连接数据库: 172.16.10.196:5432/db_house
INFO:app.core.database:批量执行SQL完成
INFO:app.services.data_generator:表 lms_shipment 已插入剩余 1 条记录并缓存主键值
INFO:app.services.data_generator:依赖表 lms_shipment 生成完成，记录数: 1
INFO:app.services.data_generator:开始为依赖表 fms_financial_transaction 生成数据
INFO:app.core.database:批量执行SQL，查询: INSERT INTO fms_financial_transaction (transaction_id, order_id, payment_method, transaction_type, transaction_amount, transaction_status, transaction_time) VALUES ($1, $2, $3, $4, $5, $6, $7), 值数量: 1
INFO:app.core.database:连接数据库: 172.16.10.196:5432/db_house
INFO:app.core.database:批量执行SQL完成
INFO:app.services.data_generator:表 fms_financial_transaction 已插入剩余 1 条记录并缓存主键值
INFO:app.services.data_generator:依赖表 fms_financial_transaction 生成完成，记录数: 1
INFO:app.services.data_generator:开始为依赖表 oms_order_item 生成数据
INFO:app.core.database:批量执行SQL，查询: INSERT INTO oms_order_item (id, order_id, product_sku, product_name, quantity, price) VALUES ($1, $2, $3, $4, $5, $6), 值数量: 1
INFO:app.core.database:连接数据库: 172.16.10.196:5432/db_house
INFO:app.core.database:批量执行SQL完成
INFO:app.services.data_generator:表 oms_order_item 已插入剩余 1 条记录并缓存主键值
INFO:app.services.data_generator:依赖表 oms_order_item 生成完成，记录数: 1
INFO:app.services.data_generator:数据生成完成，总记录数: 7
INFO:app.services.data_generator:退出 generate_data_for_tables 方法
INFO:app.services.data_generator:开始 generate_data_for_tables 方法
INFO:app.services.data_generator:独立表（阶段1）: ['crawler_competitor_price', 'crm_customer', 'ext_market_trend']
INFO:app.services.data_generator:依赖表（阶段2）: ['oms_order', 'lms_shipment', 'fms_financial_transaction', 'oms_order_item']
INFO:app.services.data_generator:初始化数据库计数器
INFO:app.core.database:执行查询: SELECT MAX(id) FROM crawler_competitor_price, 参数: ()
INFO:app.core.database:连接数据库: 172.16.10.196:5432/db_house
INFO:app.core.database:查询执行成功
INFO:app.core.database:执行查询: SELECT MAX(id) FROM ext_market_trend, 参数: ()
INFO:app.core.database:连接数据库: 172.16.10.196:5432/db_house
INFO:app.core.database:查询执行成功
INFO:app.core.database:执行查询: SELECT MAX(id) FROM oms_order_item, 参数: ()
INFO:app.core.database:连接数据库: 172.16.10.196:5432/db_house
INFO:app.core.database:查询执行成功
INFO:app.services.data_generator:计数器初始化完成: {'crawler_competitor_price_id': 43, 'ext_market_trend_id': 43, 'oms_order_item_id': 43}
INFO:app.services.data_generator:开始处理日期: 2025-10-23
INFO:app.services.data_generator:当天计划生成记录数: 1
INFO:app.services.data_generator:已清空外键缓存
INFO:app.services.data_generator:=== 阶段1：生成独立表 ===
INFO:app.services.data_generator:开始为独立表 crawler_competitor_price 生成数据
INFO:app.core.database:批量执行SQL，查询: INSERT INTO crawler_competitor_price (id, crawl_time, platform, competitor_name, product_name, product_sku, price, promotion_info, is_in_stock) VALUES ($1, $2, $3, $4, $5, $6, $7, $8, $9), 值数量: 1
INFO:app.core.database:连接数据库: 172.16.10.196:5432/db_house
INFO:app.core.database:批量执行SQL完成
INFO:app.services.data_generator:表 crawler_competitor_price 已插入剩余 1 条记录并缓存主键值
INFO:app.services.data_generator:独立表 crawler_competitor_price 生成完成，记录数: 1
INFO:app.services.data_generator:开始为独立表 crm_customer 生成数据
INFO:app.core.database:批量执行SQL，查询: INSERT INTO crm_customer (customer_id, name, gender, phone, email, birthday, address, create_time, update_time, is_deleted) VALUES ($1, $2, $3, $4, $5, $6, $7, $8, $9, $10), 值数量: 1
INFO:app.core.database:连接数据库: 172.16.10.196:5432/db_house
INFO:app.core.database:批量执行SQL完成
INFO:app.services.data_generator:表 crm_customer 已插入剩余 1 条记录并缓存主键值
INFO:app.services.data_generator:独立表 crm_customer 生成完成，记录数: 1
INFO:app.services.data_generator:开始为独立表 ext_market_trend 生成数据
INFO:app.core.database:批量执行SQL，查询: INSERT INTO ext_market_trend (id, period, region, category, market_size, growth_rate, data_source) VALUES ($1, $2, $3, $4, $5, $6, $7), 值数量: 1
INFO:app.core.database:连接数据库: 172.16.10.196:5432/db_house
INFO:app.core.database:批量执行SQL完成
INFO:app.services.data_generator:表 ext_market_trend 已插入剩余 1 条记录并缓存主键值
INFO:app.services.data_generator:独立表 ext_market_trend 生成完成，记录数: 1
INFO:app.services.data_generator:=== 阶段2：生成依赖表 ===
INFO:app.services.data_generator:表依赖排序结果: ['oms_order', 'lms_shipment', 'fms_financial_transaction', 'oms_order_item']
INFO:app.services.data_generator:排序后的依赖表: ['oms_order', 'lms_shipment', 'fms_financial_transaction', 'oms_order_item']
INFO:app.services.data_generator:开始为依赖表 oms_order 生成数据
INFO:app.core.database:批量执行SQL，查询: INSERT INTO oms_order (order_id, order_channel, customer_code, order_amount, discount_amount, pay_amount, order_status, province, city, district, detail_address, order_time) VALUES ($1, $2, $3, $4, $5, $6, $7, $8, $9, $10, $11, $12), 值数量: 1
INFO:app.core.database:连接数据库: 172.16.10.196:5432/db_house
INFO:app.core.database:批量执行SQL完成
INFO:app.services.data_generator:表 oms_order 已插入剩余 1 条记录并缓存主键值
INFO:app.services.data_generator:依赖表 oms_order 生成完成，记录数: 1
INFO:app.services.data_generator:开始为依赖表 lms_shipment 生成数据
INFO:app.core.database:批量执行SQL，查询: INSERT INTO lms_shipment (shipment_id, order_id, carrier, sender_address, receiver_info, current_status, shipping_time, estimated_delivery, actual_delivery) VALUES ($1, $2, $3, $4, $5, $6, $7, $8, $9), 值数量: 1
INFO:app.core.database:连接数据库: 172.16.10.196:5432/db_house
INFO:app.core.database:批量执行SQL完成
INFO:app.services.data_generator:表 lms_shipment 已插入剩余 1 条记录并缓存主键值
INFO:app.services.data_generator:依赖表 lms_shipment 生成完成，记录数: 1
INFO:app.services.data_generator:开始为依赖表 fms_financial_transaction 生成数据
INFO:app.core.database:批量执行SQL，查询: INSERT INTO fms_financial_transaction (transaction_id, order_id, payment_method, transaction_type, transaction_amount, transaction_status, transaction_time) VALUES ($1, $2, $3, $4, $5, $6, $7), 值数量: 1
INFO:app.core.database:连接数据库: 172.16.10.196:5432/db_house
INFO:app.core.database:批量执行SQL完成
INFO:app.services.data_generator:表 fms_financial_transaction 已插入剩余 1 条记录并缓存主键值
INFO:app.services.data_generator:依赖表 fms_financial_transaction 生成完成，记录数: 1
INFO:app.services.data_generator:开始为依赖表 oms_order_item 生成数据
INFO:app.core.database:批量执行SQL，查询: INSERT INTO oms_order_item (id, order_id, product_sku, product_name, quantity, price) VALUES ($1, $2, $3, $4, $5, $6), 值数量: 1
INFO:app.core.database:连接数据库: 172.16.10.196:5432/db_house
INFO:app.core.database:批量执行SQL完成
INFO:app.services.data_generator:表 oms_order_item 已插入剩余 1 条记录并缓存主键值
INFO:app.services.data_generator:依赖表 oms_order_item 生成完成，记录数: 1
INFO:app.services.data_generator:数据生成完成，总记录数: 7
INFO:app.services.data_generator:退出 generate_data_for_tables 方法
INFO:app.services.data_generator:开始 generate_data_for_tables 方法
INFO:app.services.data_generator:独立表（阶段1）: ['crawler_competitor_price', 'crm_customer', 'ext_market_trend']
INFO:app.services.data_generator:依赖表（阶段2）: ['oms_order', 'lms_shipment', 'fms_financial_transaction', 'oms_order_item']
INFO:app.services.data_generator:初始化数据库计数器
INFO:app.core.database:执行查询: SELECT MAX(id) FROM crawler_competitor_price, 参数: ()
INFO:app.core.database:连接数据库: 172.16.10.196:5432/db_house
INFO:app.core.database:查询执行成功
INFO:app.core.database:执行查询: SELECT MAX(id) FROM ext_market_trend, 参数: ()
INFO:app.core.database:连接数据库: 172.16.10.196:5432/db_house
INFO:app.core.database:查询执行成功
INFO:app.core.database:执行查询: SELECT MAX(id) FROM oms_order_item, 参数: ()
INFO:app.core.database:连接数据库: 172.16.10.196:5432/db_house
INFO:app.core.database:查询执行成功
INFO:app.services.data_generator:计数器初始化完成: {'crawler_competitor_price_id': 44, 'ext_market_trend_id': 44, 'oms_order_item_id': 44}
INFO:app.services.data_generator:开始处理日期: 2025-10-23
INFO:app.services.data_generator:当天计划生成记录数: 1
INFO:app.services.data_generator:已清空外键缓存
INFO:app.services.data_generator:=== 阶段1：生成独立表 ===
INFO:app.services.data_generator:开始为独立表 crawler_competitor_price 生成数据
INFO:app.core.database:批量执行SQL，查询: INSERT INTO crawler_competitor_price (id, crawl_time, platform, competitor_name, product_name, product_sku, price, promotion_info, is_in_stock) VALUES ($1, $2, $3, $4, $5, $6, $7, $8, $9), 值数量: 1
INFO:app.core.database:连接数据库: 172.16.10.196:5432/db_house
INFO:app.core.database:批量执行SQL完成
INFO:app.services.data_generator:表 crawler_competitor_price 已插入剩余 1 条记录并缓存主键值
INFO:app.services.data_generator:独立表 crawler_competitor_price 生成完成，记录数: 1
INFO:app.services.data_generator:开始为独立表 crm_customer 生成数据
INFO:app.core.database:批量执行SQL，查询: INSERT INTO crm_customer (customer_id, name, gender, phone, email, birthday, address, create_time, update_time, is_deleted) VALUES ($1, $2, $3, $4, $5, $6, $7, $8, $9, $10), 值数量: 1
INFO:app.core.database:连接数据库: 172.16.10.196:5432/db_house
INFO:app.core.database:批量执行SQL完成
INFO:app.services.data_generator:表 crm_customer 已插入剩余 1 条记录并缓存主键值
INFO:app.services.data_generator:独立表 crm_customer 生成完成，记录数: 1
INFO:app.services.data_generator:开始为独立表 ext_market_trend 生成数据
INFO:app.core.database:批量执行SQL，查询: INSERT INTO ext_market_trend (id, period, region, category, market_size, growth_rate, data_source) VALUES ($1, $2, $3, $4, $5, $6, $7), 值数量: 1
INFO:app.core.database:连接数据库: 172.16.10.196:5432/db_house
INFO:app.core.database:批量执行SQL完成
INFO:app.services.data_generator:表 ext_market_trend 已插入剩余 1 条记录并缓存主键值
INFO:app.services.data_generator:独立表 ext_market_trend 生成完成，记录数: 1
INFO:app.services.data_generator:=== 阶段2：生成依赖表 ===
INFO:app.services.data_generator:表依赖排序结果: ['oms_order', 'lms_shipment', 'fms_financial_transaction', 'oms_order_item']
INFO:app.services.data_generator:排序后的依赖表: ['oms_order', 'lms_shipment', 'fms_financial_transaction', 'oms_order_item']
INFO:app.services.data_generator:开始为依赖表 oms_order 生成数据
INFO:app.core.database:批量执行SQL，查询: INSERT INTO oms_order (order_id, order_channel, customer_code, order_amount, discount_amount, pay_amount, order_status, province, city, district, detail_address, order_time) VALUES ($1, $2, $3, $4, $5, $6, $7, $8, $9, $10, $11, $12), 值数量: 1
INFO:app.core.database:连接数据库: 172.16.10.196:5432/db_house
INFO:app.core.database:批量执行SQL完成
INFO:app.services.data_generator:表 oms_order 已插入剩余 1 条记录并缓存主键值
INFO:app.services.data_generator:依赖表 oms_order 生成完成，记录数: 1
INFO:app.services.data_generator:开始为依赖表 lms_shipment 生成数据
INFO:app.core.database:批量执行SQL，查询: INSERT INTO lms_shipment (shipment_id, order_id, carrier, sender_address, receiver_info, current_status, shipping_time, estimated_delivery, actual_delivery) VALUES ($1, $2, $3, $4, $5, $6, $7, $8, $9), 值数量: 1
INFO:app.core.database:连接数据库: 172.16.10.196:5432/db_house
INFO:app.core.database:批量执行SQL完成
INFO:app.services.data_generator:表 lms_shipment 已插入剩余 1 条记录并缓存主键值
INFO:app.services.data_generator:依赖表 lms_shipment 生成完成，记录数: 1
INFO:app.services.data_generator:开始为依赖表 fms_financial_transaction 生成数据
INFO:app.core.database:批量执行SQL，查询: INSERT INTO fms_financial_transaction (transaction_id, order_id, payment_method, transaction_type, transaction_amount, transaction_status, transaction_time) VALUES ($1, $2, $3, $4, $5, $6, $7), 值数量: 1
INFO:app.core.database:连接数据库: 172.16.10.196:5432/db_house
INFO:app.core.database:批量执行SQL完成
INFO:app.services.data_generator:表 fms_financial_transaction 已插入剩余 1 条记录并缓存主键值
INFO:app.services.data_generator:依赖表 fms_financial_transaction 生成完成，记录数: 1
INFO:app.services.data_generator:开始为依赖表 oms_order_item 生成数据
INFO:app.core.database:批量执行SQL，查询: INSERT INTO oms_order_item (id, order_id, product_sku, product_name, quantity, price) VALUES ($1, $2, $3, $4, $5, $6), 值数量: 1
INFO:app.core.database:连接数据库: 172.16.10.196:5432/db_house
INFO:app.core.database:批量执行SQL完成
INFO:app.services.data_generator:表 oms_order_item 已插入剩余 1 条记录并缓存主键值
INFO:app.services.data_generator:依赖表 oms_order_item 生成完成，记录数: 1
INFO:app.services.data_generator:数据生成完成，总记录数: 7
INFO:app.services.data_generator:退出 generate_data_for_tables 方法
INFO:app.services.data_generator:开始 generate_data_for_tables 方法
INFO:app.services.data_generator:独立表（阶段1）: ['crawler_competitor_price', 'crm_customer', 'ext_market_trend']
INFO:app.services.data_generator:依赖表（阶段2）: ['oms_order', 'lms_shipment', 'fms_financial_transaction', 'oms_order_item']
INFO:app.services.data_generator:初始化数据库计数器
INFO:app.core.database:执行查询: SELECT MAX(id) FROM crawler_competitor_price, 参数: ()
INFO:app.core.database:连接数据库: 172.16.10.196:5432/db_house
INFO:app.core.database:查询执行成功
INFO:app.core.database:执行查询: SELECT MAX(id) FROM ext_market_trend, 参数: ()
INFO:app.core.database:连接数据库: 172.16.10.196:5432/db_house
INFO:app.core.database:查询执行成功
INFO:app.core.database:执行查询: SELECT MAX(id) FROM oms_order_item, 参数: ()
INFO:app.core.database:连接数据库: 172.16.10.196:5432/db_house
INFO:app.core.database:查询执行成功
INFO:app.services.data_generator:计数器初始化完成: {'crawler_competitor_price_id': 45, 'ext_market_trend_id': 45, 'oms_order_item_id': 45}
INFO:app.services.data_generator:开始处理日期: 2025-10-23
INFO:app.services.data_generator:当天计划生成记录数: 1
INFO:app.services.data_generator:已清空外键缓存
INFO:app.services.data_generator:=== 阶段1：生成独立表 ===
INFO:app.services.data_generator:开始为独立表 crawler_competitor_price 生成数据
INFO:app.core.database:批量执行SQL，查询: INSERT INTO crawler_competitor_price (id, crawl_time, platform, competitor_name, product_name, product_sku, price, promotion_info, is_in_stock) VALUES ($1, $2, $3, $4, $5, $6, $7, $8, $9), 值数量: 1
INFO:app.core.database:连接数据库: 172.16.10.196:5432/db_house
INFO:app.core.database:批量执行SQL完成
INFO:app.services.data_generator:表 crawler_competitor_price 已插入剩余 1 条记录并缓存主键值
INFO:app.services.data_generator:独立表 crawler_competitor_price 生成完成，记录数: 1
INFO:app.services.data_generator:开始为独立表 crm_customer 生成数据
INFO:app.core.database:批量执行SQL，查询: INSERT INTO crm_customer (customer_id, name, gender, phone, email, birthday, address, create_time, update_time, is_deleted) VALUES ($1, $2, $3, $4, $5, $6, $7, $8, $9, $10), 值数量: 1
INFO:app.core.database:连接数据库: 172.16.10.196:5432/db_house
INFO:app.core.database:批量执行SQL完成
INFO:app.services.data_generator:表 crm_customer 已插入剩余 1 条记录并缓存主键值
INFO:app.services.data_generator:独立表 crm_customer 生成完成，记录数: 1
INFO:app.services.data_generator:开始为独立表 ext_market_trend 生成数据
INFO:app.core.database:批量执行SQL，查询: INSERT INTO ext_market_trend (id, period, region, category, market_size, growth_rate, data_source) VALUES ($1, $2, $3, $4, $5, $6, $7), 值数量: 1
INFO:app.core.database:连接数据库: 172.16.10.196:5432/db_house
INFO:app.core.database:批量执行SQL完成
INFO:app.services.data_generator:表 ext_market_trend 已插入剩余 1 条记录并缓存主键值
INFO:app.services.data_generator:独立表 ext_market_trend 生成完成，记录数: 1
INFO:app.services.data_generator:=== 阶段2：生成依赖表 ===
INFO:app.services.data_generator:表依赖排序结果: ['oms_order', 'lms_shipment', 'fms_financial_transaction', 'oms_order_item']
INFO:app.services.data_generator:排序后的依赖表: ['oms_order', 'lms_shipment', 'fms_financial_transaction', 'oms_order_item']
INFO:app.services.data_generator:开始为依赖表 oms_order 生成数据
INFO:app.core.database:批量执行SQL，查询: INSERT INTO oms_order (order_id, order_channel, customer_code, order_amount, discount_amount, pay_amount, order_status, province, city, district, detail_address, order_time) VALUES ($1, $2, $3, $4, $5, $6, $7, $8, $9, $10, $11, $12), 值数量: 1
INFO:app.core.database:连接数据库: 172.16.10.196:5432/db_house
INFO:app.core.database:批量执行SQL完成
INFO:app.services.data_generator:表 oms_order 已插入剩余 1 条记录并缓存主键值
INFO:app.services.data_generator:依赖表 oms_order 生成完成，记录数: 1
INFO:app.services.data_generator:开始为依赖表 lms_shipment 生成数据
INFO:app.core.database:批量执行SQL，查询: INSERT INTO lms_shipment (shipment_id, order_id, carrier, sender_address, receiver_info, current_status, shipping_time, estimated_delivery, actual_delivery) VALUES ($1, $2, $3, $4, $5, $6, $7, $8, $9), 值数量: 1
INFO:app.core.database:连接数据库: 172.16.10.196:5432/db_house
INFO:app.core.database:批量执行SQL完成
INFO:app.services.data_generator:表 lms_shipment 已插入剩余 1 条记录并缓存主键值
INFO:app.services.data_generator:依赖表 lms_shipment 生成完成，记录数: 1
INFO:app.services.data_generator:开始为依赖表 fms_financial_transaction 生成数据
INFO:app.core.database:批量执行SQL，查询: INSERT INTO fms_financial_transaction (transaction_id, order_id, payment_method, transaction_type, transaction_amount, transaction_status, transaction_time) VALUES ($1, $2, $3, $4, $5, $6, $7), 值数量: 1
INFO:app.core.database:连接数据库: 172.16.10.196:5432/db_house
INFO:app.core.database:批量执行SQL完成
INFO:app.services.data_generator:表 fms_financial_transaction 已插入剩余 1 条记录并缓存主键值
INFO:app.services.data_generator:依赖表 fms_financial_transaction 生成完成，记录数: 1
INFO:app.services.data_generator:开始为依赖表 oms_order_item 生成数据
INFO:app.core.database:批量执行SQL，查询: INSERT INTO oms_order_item (id, order_id, product_sku, product_name, quantity, price) VALUES ($1, $2, $3, $4, $5, $6), 值数量: 1
INFO:app.core.database:连接数据库: 172.16.10.196:5432/db_house
INFO:app.core.database:批量执行SQL完成
INFO:app.services.data_generator:表 oms_order_item 已插入剩余 1 条记录并缓存主键值
INFO:app.services.data_generator:依赖表 oms_order_item 生成完成，记录数: 1
INFO:app.services.data_generator:数据生成完成，总记录数: 7
INFO:app.services.data_generator:退出 generate_data_for_tables 方法
INFO:app.services.data_generator:开始 generate_data_for_tables 方法
INFO:app.services.data_generator:独立表（阶段1）: ['crawler_competitor_price', 'crm_customer', 'ext_market_trend']
INFO:app.services.data_generator:依赖表（阶段2）: ['oms_order', 'lms_shipment', 'fms_financial_transaction', 'oms_order_item']
INFO:app.services.data_generator:初始化数据库计数器
INFO:app.core.database:执行查询: SELECT MAX(id) FROM crawler_competitor_price, 参数: ()
INFO:app.core.database:连接数据库: 172.16.10.196:5432/db_house
INFO:app.core.database:查询执行成功
INFO:app.core.database:执行查询: SELECT MAX(id) FROM ext_market_trend, 参数: ()
INFO:app.core.database:连接数据库: 172.16.10.196:5432/db_house
INFO:app.core.database:查询执行成功
INFO:app.core.database:执行查询: SELECT MAX(id) FROM oms_order_item, 参数: ()
INFO:app.core.database:连接数据库: 172.16.10.196:5432/db_house
INFO:app.core.database:查询执行成功
INFO:app.services.data_generator:计数器初始化完成: {'crawler_competitor_price_id': 46, 'ext_market_trend_id': 46, 'oms_order_item_id': 46}
INFO:app.services.data_generator:开始处理日期: 2025-10-23
INFO:app.services.data_generator:当天计划生成记录数: 1
INFO:app.services.data_generator:已清空外键缓存
INFO:app.services.data_generator:=== 阶段1：生成独立表 ===
INFO:app.services.data_generator:开始为独立表 crawler_competitor_price 生成数据
INFO:app.core.database:批量执行SQL，查询: INSERT INTO crawler_competitor_price (id, crawl_time, platform, competitor_name, product_name, product_sku, price, promotion_info, is_in_stock) VALUES ($1, $2, $3, $4, $5, $6, $7, $8, $9), 值数量: 1
INFO:app.core.database:连接数据库: 172.16.10.196:5432/db_house
INFO:app.core.database:批量执行SQL完成
INFO:app.services.data_generator:表 crawler_competitor_price 已插入剩余 1 条记录并缓存主键值
INFO:app.services.data_generator:独立表 crawler_competitor_price 生成完成，记录数: 1
INFO:app.services.data_generator:开始为独立表 crm_customer 生成数据
INFO:app.core.database:批量执行SQL，查询: INSERT INTO crm_customer (customer_id, name, gender, phone, email, birthday, address, create_time, update_time, is_deleted) VALUES ($1, $2, $3, $4, $5, $6, $7, $8, $9, $10), 值数量: 1
INFO:app.core.database:连接数据库: 172.16.10.196:5432/db_house
INFO:app.core.database:批量执行SQL完成
INFO:app.services.data_generator:表 crm_customer 已插入剩余 1 条记录并缓存主键值
INFO:app.services.data_generator:独立表 crm_customer 生成完成，记录数: 1
INFO:app.services.data_generator:开始为独立表 ext_market_trend 生成数据
INFO:app.core.database:批量执行SQL，查询: INSERT INTO ext_market_trend (id, period, region, category, market_size, growth_rate, data_source) VALUES ($1, $2, $3, $4, $5, $6, $7), 值数量: 1
INFO:app.core.database:连接数据库: 172.16.10.196:5432/db_house
INFO:app.core.database:批量执行SQL完成
INFO:app.services.data_generator:表 ext_market_trend 已插入剩余 1 条记录并缓存主键值
INFO:app.services.data_generator:独立表 ext_market_trend 生成完成，记录数: 1
INFO:app.services.data_generator:=== 阶段2：生成依赖表 ===
INFO:app.services.data_generator:表依赖排序结果: ['oms_order', 'lms_shipment', 'fms_financial_transaction', 'oms_order_item']
INFO:app.services.data_generator:排序后的依赖表: ['oms_order', 'lms_shipment', 'fms_financial_transaction', 'oms_order_item']
INFO:app.services.data_generator:开始为依赖表 oms_order 生成数据
INFO:app.core.database:批量执行SQL，查询: INSERT INTO oms_order (order_id, order_channel, customer_code, order_amount, discount_amount, pay_amount, order_status, province, city, district, detail_address, order_time) VALUES ($1, $2, $3, $4, $5, $6, $7, $8, $9, $10, $11, $12), 值数量: 1
INFO:app.core.database:连接数据库: 172.16.10.196:5432/db_house
INFO:app.core.database:批量执行SQL完成
INFO:app.services.data_generator:表 oms_order 已插入剩余 1 条记录并缓存主键值
INFO:app.services.data_generator:依赖表 oms_order 生成完成，记录数: 1
INFO:app.services.data_generator:开始为依赖表 lms_shipment 生成数据
INFO:app.core.database:批量执行SQL，查询: INSERT INTO lms_shipment (shipment_id, order_id, carrier, sender_address, receiver_info, current_status, shipping_time, estimated_delivery, actual_delivery) VALUES ($1, $2, $3, $4, $5, $6, $7, $8, $9), 值数量: 1
INFO:app.core.database:连接数据库: 172.16.10.196:5432/db_house
INFO:app.core.database:批量执行SQL完成
INFO:app.services.data_generator:表 lms_shipment 已插入剩余 1 条记录并缓存主键值
INFO:app.services.data_generator:依赖表 lms_shipment 生成完成，记录数: 1
INFO:app.services.data_generator:开始为依赖表 fms_financial_transaction 生成数据
INFO:app.core.database:批量执行SQL，查询: INSERT INTO fms_financial_transaction (transaction_id, order_id, payment_method, transaction_type, transaction_amount, transaction_status, transaction_time) VALUES ($1, $2, $3, $4, $5, $6, $7), 值数量: 1
INFO:app.core.database:连接数据库: 172.16.10.196:5432/db_house
INFO:app.core.database:批量执行SQL完成
INFO:app.services.data_generator:表 fms_financial_transaction 已插入剩余 1 条记录并缓存主键值
INFO:app.services.data_generator:依赖表 fms_financial_transaction 生成完成，记录数: 1
INFO:app.services.data_generator:开始为依赖表 oms_order_item 生成数据
INFO:app.core.database:批量执行SQL，查询: INSERT INTO oms_order_item (id, order_id, product_sku, product_name, quantity, price) VALUES ($1, $2, $3, $4, $5, $6), 值数量: 1
INFO:app.core.database:连接数据库: 172.16.10.196:5432/db_house
INFO:app.core.database:批量执行SQL完成
INFO:app.services.data_generator:表 oms_order_item 已插入剩余 1 条记录并缓存主键值
INFO:app.services.data_generator:依赖表 oms_order_item 生成完成，记录数: 1
INFO:app.services.data_generator:数据生成完成，总记录数: 7
INFO:app.services.data_generator:退出 generate_data_for_tables 方法
INFO:app.services.data_generator:开始 generate_data_for_tables 方法
INFO:app.services.data_generator:独立表（阶段1）: ['crawler_competitor_price', 'crm_customer', 'ext_market_trend']
INFO:app.services.data_generator:依赖表（阶段2）: ['oms_order', 'lms_shipment', 'fms_financial_transaction', 'oms_order_item']
INFO:app.services.data_generator:初始化数据库计数器
INFO:app.core.database:执行查询: SELECT MAX(id) FROM crawler_competitor_price, 参数: ()
INFO:app.core.database:连接数据库: 172.16.10.196:5432/db_house
INFO:app.core.database:查询执行成功
INFO:app.core.database:执行查询: SELECT MAX(id) FROM ext_market_trend, 参数: ()
INFO:app.core.database:连接数据库: 172.16.10.196:5432/db_house
INFO:app.core.database:查询执行成功
INFO:app.core.database:执行查询: SELECT MAX(id) FROM oms_order_item, 参数: ()
INFO:app.core.database:连接数据库: 172.16.10.196:5432/db_house
INFO:app.core.database:查询执行成功
INFO:app.services.data_generator:计数器初始化完成: {'crawler_competitor_price_id': 47, 'ext_market_trend_id': 47, 'oms_order_item_id': 47}
INFO:app.services.data_generator:开始处理日期: 2025-10-23
INFO:app.services.data_generator:当天计划生成记录数: 1
INFO:app.services.data_generator:已清空外键缓存
INFO:app.services.data_generator:=== 阶段1：生成独立表 ===
INFO:app.services.data_generator:开始为独立表 crawler_competitor_price 生成数据
INFO:app.core.database:批量执行SQL，查询: INSERT INTO crawler_competitor_price (id, crawl_time, platform, competitor_name, product_name, product_sku, price, promotion_info, is_in_stock) VALUES ($1, $2, $3, $4, $5, $6, $7, $8, $9), 值数量: 1
INFO:app.core.database:连接数据库: 172.16.10.196:5432/db_house
INFO:app.core.database:批量执行SQL完成
INFO:app.services.data_generator:表 crawler_competitor_price 已插入剩余 1 条记录并缓存主键值
INFO:app.services.data_generator:独立表 crawler_competitor_price 生成完成，记录数: 1
INFO:app.services.data_generator:开始为独立表 crm_customer 生成数据
INFO:app.core.database:批量执行SQL，查询: INSERT INTO crm_customer (customer_id, name, gender, phone, email, birthday, address, create_time, update_time, is_deleted) VALUES ($1, $2, $3, $4, $5, $6, $7, $8, $9, $10), 值数量: 1
INFO:app.core.database:连接数据库: 172.16.10.196:5432/db_house
INFO:app.core.database:批量执行SQL完成
INFO:app.services.data_generator:表 crm_customer 已插入剩余 1 条记录并缓存主键值
INFO:app.services.data_generator:独立表 crm_customer 生成完成，记录数: 1
INFO:app.services.data_generator:开始为独立表 ext_market_trend 生成数据
INFO:app.core.database:批量执行SQL，查询: INSERT INTO ext_market_trend (id, period, region, category, market_size, growth_rate, data_source) VALUES ($1, $2, $3, $4, $5, $6, $7), 值数量: 1
INFO:app.core.database:连接数据库: 172.16.10.196:5432/db_house
INFO:app.core.database:批量执行SQL完成
INFO:app.services.data_generator:表 ext_market_trend 已插入剩余 1 条记录并缓存主键值
INFO:app.services.data_generator:独立表 ext_market_trend 生成完成，记录数: 1
INFO:app.services.data_generator:=== 阶段2：生成依赖表 ===
INFO:app.services.data_generator:表依赖排序结果: ['oms_order', 'lms_shipment', 'fms_financial_transaction', 'oms_order_item']
INFO:app.services.data_generator:排序后的依赖表: ['oms_order', 'lms_shipment', 'fms_financial_transaction', 'oms_order_item']
INFO:app.services.data_generator:开始为依赖表 oms_order 生成数据
INFO:app.core.database:批量执行SQL，查询: INSERT INTO oms_order (order_id, order_channel, customer_code, order_amount, discount_amount, pay_amount, order_status, province, city, district, detail_address, order_time) VALUES ($1, $2, $3, $4, $5, $6, $7, $8, $9, $10, $11, $12), 值数量: 1
INFO:app.core.database:连接数据库: 172.16.10.196:5432/db_house
INFO:app.core.database:批量执行SQL完成
INFO:app.services.data_generator:表 oms_order 已插入剩余 1 条记录并缓存主键值
INFO:app.services.data_generator:依赖表 oms_order 生成完成，记录数: 1
INFO:app.services.data_generator:开始为依赖表 lms_shipment 生成数据
INFO:app.core.database:批量执行SQL，查询: INSERT INTO lms_shipment (shipment_id, order_id, carrier, sender_address, receiver_info, current_status, shipping_time, estimated_delivery, actual_delivery) VALUES ($1, $2, $3, $4, $5, $6, $7, $8, $9), 值数量: 1
INFO:app.core.database:连接数据库: 172.16.10.196:5432/db_house
INFO:app.core.database:批量执行SQL完成
INFO:app.services.data_generator:表 lms_shipment 已插入剩余 1 条记录并缓存主键值
INFO:app.services.data_generator:依赖表 lms_shipment 生成完成，记录数: 1
INFO:app.services.data_generator:开始为依赖表 fms_financial_transaction 生成数据
INFO:app.core.database:批量执行SQL，查询: INSERT INTO fms_financial_transaction (transaction_id, order_id, payment_method, transaction_type, transaction_amount, transaction_status, transaction_time) VALUES ($1, $2, $3, $4, $5, $6, $7), 值数量: 1
INFO:app.core.database:连接数据库: 172.16.10.196:5432/db_house
INFO:app.core.database:批量执行SQL完成
INFO:app.services.data_generator:表 fms_financial_transaction 已插入剩余 1 条记录并缓存主键值
INFO:app.services.data_generator:依赖表 fms_financial_transaction 生成完成，记录数: 1
INFO:app.services.data_generator:开始为依赖表 oms_order_item 生成数据
INFO:app.core.database:批量执行SQL，查询: INSERT INTO oms_order_item (id, order_id, product_sku, product_name, quantity, price) VALUES ($1, $2, $3, $4, $5, $6), 值数量: 1
INFO:app.core.database:连接数据库: 172.16.10.196:5432/db_house
INFO:app.core.database:批量执行SQL完成
INFO:app.services.data_generator:表 oms_order_item 已插入剩余 1 条记录并缓存主键值
INFO:app.services.data_generator:依赖表 oms_order_item 生成完成，记录数: 1
INFO:app.services.data_generator:数据生成完成，总记录数: 7
INFO:app.services.data_generator:退出 generate_data_for_tables 方法
INFO:app.services.data_generator:开始 generate_data_for_tables 方法
INFO:app.services.data_generator:独立表（阶段1）: ['crawler_competitor_price', 'crm_customer', 'ext_market_trend']
INFO:app.services.data_generator:依赖表（阶段2）: ['oms_order', 'lms_shipment', 'fms_financial_transaction', 'oms_order_item']
INFO:app.services.data_generator:初始化数据库计数器
INFO:app.core.database:执行查询: SELECT MAX(id) FROM crawler_competitor_price, 参数: ()
INFO:app.core.database:连接数据库: 172.16.10.196:5432/db_house
INFO:app.core.database:查询执行成功
INFO:app.core.database:执行查询: SELECT MAX(id) FROM ext_market_trend, 参数: ()
INFO:app.core.database:连接数据库: 172.16.10.196:5432/db_house
INFO:app.core.database:查询执行成功
INFO:app.core.database:执行查询: SELECT MAX(id) FROM oms_order_item, 参数: ()
INFO:app.core.database:连接数据库: 172.16.10.196:5432/db_house
INFO:app.core.database:查询执行成功
INFO:app.services.data_generator:计数器初始化完成: {'crawler_competitor_price_id': 48, 'ext_market_trend_id': 48, 'oms_order_item_id': 48}
INFO:app.services.data_generator:开始处理日期: 2025-10-23
INFO:app.services.data_generator:当天计划生成记录数: 1
INFO:app.services.data_generator:已清空外键缓存
INFO:app.services.data_generator:=== 阶段1：生成独立表 ===
INFO:app.services.data_generator:开始为独立表 crawler_competitor_price 生成数据
INFO:app.core.database:批量执行SQL，查询: INSERT INTO crawler_competitor_price (id, crawl_time, platform, competitor_name, product_name, product_sku, price, promotion_info, is_in_stock) VALUES ($1, $2, $3, $4, $5, $6, $7, $8, $9), 值数量: 1
INFO:app.core.database:连接数据库: 172.16.10.196:5432/db_house
INFO:app.core.database:批量执行SQL完成
INFO:app.services.data_generator:表 crawler_competitor_price 已插入剩余 1 条记录并缓存主键值
INFO:app.services.data_generator:独立表 crawler_competitor_price 生成完成，记录数: 1
INFO:app.services.data_generator:开始为独立表 crm_customer 生成数据
INFO:app.core.database:批量执行SQL，查询: INSERT INTO crm_customer (customer_id, name, gender, phone, email, birthday, address, create_time, update_time, is_deleted) VALUES ($1, $2, $3, $4, $5, $6, $7, $8, $9, $10), 值数量: 1
INFO:app.core.database:连接数据库: 172.16.10.196:5432/db_house
INFO:app.core.database:批量执行SQL完成
INFO:app.services.data_generator:表 crm_customer 已插入剩余 1 条记录并缓存主键值
INFO:app.services.data_generator:独立表 crm_customer 生成完成，记录数: 1
INFO:app.services.data_generator:开始为独立表 ext_market_trend 生成数据
INFO:app.core.database:批量执行SQL，查询: INSERT INTO ext_market_trend (id, period, region, category, market_size, growth_rate, data_source) VALUES ($1, $2, $3, $4, $5, $6, $7), 值数量: 1
INFO:app.core.database:连接数据库: 172.16.10.196:5432/db_house
INFO:app.core.database:批量执行SQL完成
INFO:app.services.data_generator:表 ext_market_trend 已插入剩余 1 条记录并缓存主键值
INFO:app.services.data_generator:独立表 ext_market_trend 生成完成，记录数: 1
INFO:app.services.data_generator:=== 阶段2：生成依赖表 ===
INFO:app.services.data_generator:表依赖排序结果: ['oms_order', 'lms_shipment', 'fms_financial_transaction', 'oms_order_item']
INFO:app.services.data_generator:排序后的依赖表: ['oms_order', 'lms_shipment', 'fms_financial_transaction', 'oms_order_item']
INFO:app.services.data_generator:开始为依赖表 oms_order 生成数据
INFO:app.core.database:批量执行SQL，查询: INSERT INTO oms_order (order_id, order_channel, customer_code, order_amount, discount_amount, pay_amount, order_status, province, city, district, detail_address, order_time) VALUES ($1, $2, $3, $4, $5, $6, $7, $8, $9, $10, $11, $12), 值数量: 1
INFO:app.core.database:连接数据库: 172.16.10.196:5432/db_house
INFO:app.core.database:批量执行SQL完成
INFO:app.services.data_generator:表 oms_order 已插入剩余 1 条记录并缓存主键值
INFO:app.services.data_generator:依赖表 oms_order 生成完成，记录数: 1
INFO:app.services.data_generator:开始为依赖表 lms_shipment 生成数据
INFO:app.core.database:批量执行SQL，查询: INSERT INTO lms_shipment (shipment_id, order_id, carrier, sender_address, receiver_info, current_status, shipping_time, estimated_delivery, actual_delivery) VALUES ($1, $2, $3, $4, $5, $6, $7, $8, $9), 值数量: 1
INFO:app.core.database:连接数据库: 172.16.10.196:5432/db_house
INFO:app.core.database:批量执行SQL完成
INFO:app.services.data_generator:表 lms_shipment 已插入剩余 1 条记录并缓存主键值
INFO:app.services.data_generator:依赖表 lms_shipment 生成完成，记录数: 1
INFO:app.services.data_generator:开始为依赖表 fms_financial_transaction 生成数据
INFO:app.core.database:批量执行SQL，查询: INSERT INTO fms_financial_transaction (transaction_id, order_id, payment_method, transaction_type, transaction_amount, transaction_status, transaction_time) VALUES ($1, $2, $3, $4, $5, $6, $7), 值数量: 1
INFO:app.core.database:连接数据库: 172.16.10.196:5432/db_house
INFO:app.core.database:批量执行SQL完成
INFO:app.services.data_generator:表 fms_financial_transaction 已插入剩余 1 条记录并缓存主键值
INFO:app.services.data_generator:依赖表 fms_financial_transaction 生成完成，记录数: 1
INFO:app.services.data_generator:开始为依赖表 oms_order_item 生成数据
INFO:app.core.database:批量执行SQL，查询: INSERT INTO oms_order_item (id, order_id, product_sku, product_name, quantity, price) VALUES ($1, $2, $3, $4, $5, $6), 值数量: 1
INFO:app.core.database:连接数据库: 172.16.10.196:5432/db_house
INFO:app.core.database:批量执行SQL完成
INFO:app.services.data_generator:表 oms_order_item 已插入剩余 1 条记录并缓存主键值
INFO:app.services.data_generator:依赖表 oms_order_item 生成完成，记录数: 1
INFO:app.services.data_generator:数据生成完成，总记录数: 7
INFO:app.services.data_generator:退出 generate_data_for_tables 方法
INFO:app.services.data_generator:开始 generate_data_for_tables 方法
INFO:app.services.data_generator:独立表（阶段1）: ['crawler_competitor_price', 'crm_customer', 'ext_market_trend']
INFO:app.services.data_generator:依赖表（阶段2）: ['oms_order', 'lms_shipment', 'fms_financial_transaction', 'oms_order_item']
INFO:app.services.data_generator:初始化数据库计数器
INFO:app.core.database:执行查询: SELECT MAX(id) FROM crawler_competitor_price, 参数: ()
INFO:app.core.database:连接数据库: 172.16.10.196:5432/db_house
INFO:app.core.database:查询执行成功
INFO:app.core.database:执行查询: SELECT MAX(id) FROM ext_market_trend, 参数: ()
INFO:app.core.database:连接数据库: 172.16.10.196:5432/db_house
INFO:app.core.database:查询执行成功
INFO:app.core.database:执行查询: SELECT MAX(id) FROM oms_order_item, 参数: ()
INFO:app.core.database:连接数据库: 172.16.10.196:5432/db_house
INFO:app.core.database:查询执行成功
INFO:app.services.data_generator:计数器初始化完成: {'crawler_competitor_price_id': 49, 'ext_market_trend_id': 49, 'oms_order_item_id': 49}
INFO:app.services.data_generator:开始处理日期: 2025-10-23
INFO:app.services.data_generator:当天计划生成记录数: 1
INFO:app.services.data_generator:已清空外键缓存
INFO:app.services.data_generator:=== 阶段1：生成独立表 ===
INFO:app.services.data_generator:开始为独立表 crawler_competitor_price 生成数据
INFO:app.core.database:批量执行SQL，查询: INSERT INTO crawler_competitor_price (id, crawl_time, platform, competitor_name, product_name, product_sku, price, promotion_info, is_in_stock) VALUES ($1, $2, $3, $4, $5, $6, $7, $8, $9), 值数量: 1
INFO:app.core.database:连接数据库: 172.16.10.196:5432/db_house
INFO:app.core.database:批量执行SQL完成
INFO:app.services.data_generator:表 crawler_competitor_price 已插入剩余 1 条记录并缓存主键值
INFO:app.services.data_generator:独立表 crawler_competitor_price 生成完成，记录数: 1
INFO:app.services.data_generator:开始为独立表 crm_customer 生成数据
INFO:app.core.database:批量执行SQL，查询: INSERT INTO crm_customer (customer_id, name, gender, phone, email, birthday, address, create_time, update_time, is_deleted) VALUES ($1, $2, $3, $4, $5, $6, $7, $8, $9, $10), 值数量: 1
INFO:app.core.database:连接数据库: 172.16.10.196:5432/db_house
INFO:app.core.database:批量执行SQL完成
INFO:app.services.data_generator:表 crm_customer 已插入剩余 1 条记录并缓存主键值
INFO:app.services.data_generator:独立表 crm_customer 生成完成，记录数: 1
INFO:app.services.data_generator:开始为独立表 ext_market_trend 生成数据
INFO:app.core.database:批量执行SQL，查询: INSERT INTO ext_market_trend (id, period, region, category, market_size, growth_rate, data_source) VALUES ($1, $2, $3, $4, $5, $6, $7), 值数量: 1
INFO:app.core.database:连接数据库: 172.16.10.196:5432/db_house
INFO:app.core.database:批量执行SQL完成
INFO:app.services.data_generator:表 ext_market_trend 已插入剩余 1 条记录并缓存主键值
INFO:app.services.data_generator:独立表 ext_market_trend 生成完成，记录数: 1
INFO:app.services.data_generator:=== 阶段2：生成依赖表 ===
INFO:app.services.data_generator:表依赖排序结果: ['oms_order', 'lms_shipment', 'fms_financial_transaction', 'oms_order_item']
INFO:app.services.data_generator:排序后的依赖表: ['oms_order', 'lms_shipment', 'fms_financial_transaction', 'oms_order_item']
INFO:app.services.data_generator:开始为依赖表 oms_order 生成数据
INFO:app.core.database:批量执行SQL，查询: INSERT INTO oms_order (order_id, order_channel, customer_code, order_amount, discount_amount, pay_amount, order_status, province, city, district, detail_address, order_time) VALUES ($1, $2, $3, $4, $5, $6, $7, $8, $9, $10, $11, $12), 值数量: 1
INFO:app.core.database:连接数据库: 172.16.10.196:5432/db_house
INFO:app.core.database:批量执行SQL完成
INFO:app.services.data_generator:表 oms_order 已插入剩余 1 条记录并缓存主键值
INFO:app.services.data_generator:依赖表 oms_order 生成完成，记录数: 1
INFO:app.services.data_generator:开始为依赖表 lms_shipment 生成数据
INFO:app.core.database:批量执行SQL，查询: INSERT INTO lms_shipment (shipment_id, order_id, carrier, sender_address, receiver_info, current_status, shipping_time, estimated_delivery, actual_delivery) VALUES ($1, $2, $3, $4, $5, $6, $7, $8, $9), 值数量: 1
INFO:app.core.database:连接数据库: 172.16.10.196:5432/db_house
INFO:app.core.database:批量执行SQL完成
INFO:app.services.data_generator:表 lms_shipment 已插入剩余 1 条记录并缓存主键值
INFO:app.services.data_generator:依赖表 lms_shipment 生成完成，记录数: 1
INFO:app.services.data_generator:开始为依赖表 fms_financial_transaction 生成数据
INFO:app.core.database:批量执行SQL，查询: INSERT INTO fms_financial_transaction (transaction_id, order_id, payment_method, transaction_type, transaction_amount, transaction_status, transaction_time) VALUES ($1, $2, $3, $4, $5, $6, $7), 值数量: 1
INFO:app.core.database:连接数据库: 172.16.10.196:5432/db_house
INFO:app.core.database:批量执行SQL完成
INFO:app.services.data_generator:表 fms_financial_transaction 已插入剩余 1 条记录并缓存主键值
INFO:app.services.data_generator:依赖表 fms_financial_transaction 生成完成，记录数: 1
INFO:app.services.data_generator:开始为依赖表 oms_order_item 生成数据
INFO:app.core.database:批量执行SQL，查询: INSERT INTO oms_order_item (id, order_id, product_sku, product_name, quantity, price) VALUES ($1, $2, $3, $4, $5, $6), 值数量: 1
INFO:app.core.database:连接数据库: 172.16.10.196:5432/db_house
INFO:app.core.database:批量执行SQL完成
INFO:app.services.data_generator:表 oms_order_item 已插入剩余 1 条记录并缓存主键值
INFO:app.services.data_generator:依赖表 oms_order_item 生成完成，记录数: 1
INFO:app.services.data_generator:数据生成完成，总记录数: 7
INFO:app.services.data_generator:退出 generate_data_for_tables 方法
INFO:app.services.data_generator:开始 generate_data_for_tables 方法
INFO:app.services.data_generator:独立表（阶段1）: ['crawler_competitor_price', 'crm_customer', 'ext_market_trend']
INFO:app.services.data_generator:依赖表（阶段2）: ['oms_order', 'lms_shipment', 'fms_financial_transaction', 'oms_order_item']
INFO:app.services.data_generator:初始化数据库计数器
INFO:app.core.database:执行查询: SELECT MAX(id) FROM crawler_competitor_price, 参数: ()
INFO:app.core.database:连接数据库: 172.16.10.196:5432/db_house
INFO:app.core.database:查询执行成功
INFO:app.core.database:执行查询: SELECT MAX(id) FROM ext_market_trend, 参数: ()
INFO:app.core.database:连接数据库: 172.16.10.196:5432/db_house
INFO:app.core.database:查询执行成功
INFO:app.core.database:执行查询: SELECT MAX(id) FROM oms_order_item, 参数: ()
INFO:app.core.database:连接数据库: 172.16.10.196:5432/db_house
INFO:app.core.database:查询执行成功
INFO:app.services.data_generator:计数器初始化完成: {'crawler_competitor_price_id': 50, 'ext_market_trend_id': 50, 'oms_order_item_id': 50}
INFO:app.services.data_generator:开始处理日期: 2025-10-23
INFO:app.services.data_generator:当天计划生成记录数: 1
INFO:app.services.data_generator:已清空外键缓存
INFO:app.services.data_generator:=== 阶段1：生成独立表 ===
INFO:app.services.data_generator:开始为独立表 crawler_competitor_price 生成数据
INFO:app.core.database:批量执行SQL，查询: INSERT INTO crawler_competitor_price (id, crawl_time, platform, competitor_name, product_name, product_sku, price, promotion_info, is_in_stock) VALUES ($1, $2, $3, $4, $5, $6, $7, $8, $9), 值数量: 1
INFO:app.core.database:连接数据库: 172.16.10.196:5432/db_house
INFO:app.core.database:批量执行SQL完成
INFO:app.services.data_generator:表 crawler_competitor_price 已插入剩余 1 条记录并缓存主键值
INFO:app.services.data_generator:独立表 crawler_competitor_price 生成完成，记录数: 1
INFO:app.services.data_generator:开始为独立表 crm_customer 生成数据
INFO:app.core.database:批量执行SQL，查询: INSERT INTO crm_customer (customer_id, name, gender, phone, email, birthday, address, create_time, update_time, is_deleted) VALUES ($1, $2, $3, $4, $5, $6, $7, $8, $9, $10), 值数量: 1
INFO:app.core.database:连接数据库: 172.16.10.196:5432/db_house
INFO:app.core.database:批量执行SQL完成
INFO:app.services.data_generator:表 crm_customer 已插入剩余 1 条记录并缓存主键值
INFO:app.services.data_generator:独立表 crm_customer 生成完成，记录数: 1
INFO:app.services.data_generator:开始为独立表 ext_market_trend 生成数据
INFO:app.core.database:批量执行SQL，查询: INSERT INTO ext_market_trend (id, period, region, category, market_size, growth_rate, data_source) VALUES ($1, $2, $3, $4, $5, $6, $7), 值数量: 1
INFO:app.core.database:连接数据库: 172.16.10.196:5432/db_house
INFO:app.core.database:批量执行SQL完成
INFO:app.services.data_generator:表 ext_market_trend 已插入剩余 1 条记录并缓存主键值
INFO:app.services.data_generator:独立表 ext_market_trend 生成完成，记录数: 1
INFO:app.services.data_generator:=== 阶段2：生成依赖表 ===
INFO:app.services.data_generator:表依赖排序结果: ['oms_order', 'lms_shipment', 'fms_financial_transaction', 'oms_order_item']
INFO:app.services.data_generator:排序后的依赖表: ['oms_order', 'lms_shipment', 'fms_financial_transaction', 'oms_order_item']
INFO:app.services.data_generator:开始为依赖表 oms_order 生成数据
INFO:app.core.database:批量执行SQL，查询: INSERT INTO oms_order (order_id, order_channel, customer_code, order_amount, discount_amount, pay_amount, order_status, province, city, district, detail_address, order_time) VALUES ($1, $2, $3, $4, $5, $6, $7, $8, $9, $10, $11, $12), 值数量: 1
INFO:app.core.database:连接数据库: 172.16.10.196:5432/db_house
INFO:app.core.database:批量执行SQL完成
INFO:app.services.data_generator:表 oms_order 已插入剩余 1 条记录并缓存主键值
INFO:app.services.data_generator:依赖表 oms_order 生成完成，记录数: 1
INFO:app.services.data_generator:开始为依赖表 lms_shipment 生成数据
INFO:app.core.database:批量执行SQL，查询: INSERT INTO lms_shipment (shipment_id, order_id, carrier, sender_address, receiver_info, current_status, shipping_time, estimated_delivery, actual_delivery) VALUES ($1, $2, $3, $4, $5, $6, $7, $8, $9), 值数量: 1
INFO:app.core.database:连接数据库: 172.16.10.196:5432/db_house
INFO:app.core.database:批量执行SQL完成
INFO:app.services.data_generator:表 lms_shipment 已插入剩余 1 条记录并缓存主键值
INFO:app.services.data_generator:依赖表 lms_shipment 生成完成，记录数: 1
INFO:app.services.data_generator:开始为依赖表 fms_financial_transaction 生成数据
INFO:app.core.database:批量执行SQL，查询: INSERT INTO fms_financial_transaction (transaction_id, order_id, payment_method, transaction_type, transaction_amount, transaction_status, transaction_time) VALUES ($1, $2, $3, $4, $5, $6, $7), 值数量: 1
INFO:app.core.database:连接数据库: 172.16.10.196:5432/db_house
INFO:app.core.database:批量执行SQL完成
INFO:app.services.data_generator:表 fms_financial_transaction 已插入剩余 1 条记录并缓存主键值
INFO:app.services.data_generator:依赖表 fms_financial_transaction 生成完成，记录数: 1
INFO:app.services.data_generator:开始为依赖表 oms_order_item 生成数据
INFO:app.core.database:批量执行SQL，查询: INSERT INTO oms_order_item (id, order_id, product_sku, product_name, quantity, price) VALUES ($1, $2, $3, $4, $5, $6), 值数量: 1
INFO:app.core.database:连接数据库: 172.16.10.196:5432/db_house
INFO:app.core.database:批量执行SQL完成
INFO:app.services.data_generator:表 oms_order_item 已插入剩余 1 条记录并缓存主键值
INFO:app.services.data_generator:依赖表 oms_order_item 生成完成，记录数: 1
INFO:app.services.data_generator:数据生成完成，总记录数: 7
INFO:app.services.data_generator:退出 generate_data_for_tables 方法
INFO:app.services.data_generator:开始 generate_data_for_tables 方法
INFO:app.services.data_generator:独立表（阶段1）: ['crawler_competitor_price', 'crm_customer', 'ext_market_trend']
INFO:app.services.data_generator:依赖表（阶段2）: ['oms_order', 'lms_shipment', 'fms_financial_transaction', 'oms_order_item']
INFO:app.services.data_generator:初始化数据库计数器
INFO:app.core.database:执行查询: SELECT MAX(id) FROM crawler_competitor_price, 参数: ()
INFO:app.core.database:连接数据库: 172.16.10.196:5432/db_house
INFO:app.core.database:查询执行成功
INFO:app.core.database:执行查询: SELECT MAX(id) FROM ext_market_trend, 参数: ()
INFO:app.core.database:连接数据库: 172.16.10.196:5432/db_house
INFO:app.core.database:查询执行成功
INFO:app.core.database:执行查询: SELECT MAX(id) FROM oms_order_item, 参数: ()
INFO:app.core.database:连接数据库: 172.16.10.196:5432/db_house
INFO:app.core.database:查询执行成功
INFO:app.services.data_generator:计数器初始化完成: {'crawler_competitor_price_id': 51, 'ext_market_trend_id': 51, 'oms_order_item_id': 51}
INFO:app.services.data_generator:开始处理日期: 2025-10-23
INFO:app.services.data_generator:当天计划生成记录数: 1
INFO:app.services.data_generator:已清空外键缓存
INFO:app.services.data_generator:=== 阶段1：生成独立表 ===
INFO:app.services.data_generator:开始为独立表 crawler_competitor_price 生成数据
INFO:app.core.database:批量执行SQL，查询: INSERT INTO crawler_competitor_price (id, crawl_time, platform, competitor_name, product_name, product_sku, price, promotion_info, is_in_stock) VALUES ($1, $2, $3, $4, $5, $6, $7, $8, $9), 值数量: 1
INFO:app.core.database:连接数据库: 172.16.10.196:5432/db_house
INFO:app.core.database:批量执行SQL完成
INFO:app.services.data_generator:表 crawler_competitor_price 已插入剩余 1 条记录并缓存主键值
INFO:app.services.data_generator:独立表 crawler_competitor_price 生成完成，记录数: 1
INFO:app.services.data_generator:开始为独立表 crm_customer 生成数据
INFO:app.core.database:批量执行SQL，查询: INSERT INTO crm_customer (customer_id, name, gender, phone, email, birthday, address, create_time, update_time, is_deleted) VALUES ($1, $2, $3, $4, $5, $6, $7, $8, $9, $10), 值数量: 1
INFO:app.core.database:连接数据库: 172.16.10.196:5432/db_house
INFO:app.core.database:批量执行SQL完成
INFO:app.services.data_generator:表 crm_customer 已插入剩余 1 条记录并缓存主键值
INFO:app.services.data_generator:独立表 crm_customer 生成完成，记录数: 1
INFO:app.services.data_generator:开始为独立表 ext_market_trend 生成数据
INFO:app.core.database:批量执行SQL，查询: INSERT INTO ext_market_trend (id, period, region, category, market_size, growth_rate, data_source) VALUES ($1, $2, $3, $4, $5, $6, $7), 值数量: 1
INFO:app.core.database:连接数据库: 172.16.10.196:5432/db_house
INFO:app.core.database:批量执行SQL完成
INFO:app.services.data_generator:表 ext_market_trend 已插入剩余 1 条记录并缓存主键值
INFO:app.services.data_generator:独立表 ext_market_trend 生成完成，记录数: 1
INFO:app.services.data_generator:=== 阶段2：生成依赖表 ===
INFO:app.services.data_generator:表依赖排序结果: ['oms_order', 'lms_shipment', 'fms_financial_transaction', 'oms_order_item']
INFO:app.services.data_generator:排序后的依赖表: ['oms_order', 'lms_shipment', 'fms_financial_transaction', 'oms_order_item']
INFO:app.services.data_generator:开始为依赖表 oms_order 生成数据
INFO:app.core.database:批量执行SQL，查询: INSERT INTO oms_order (order_id, order_channel, customer_code, order_amount, discount_amount, pay_amount, order_status, province, city, district, detail_address, order_time) VALUES ($1, $2, $3, $4, $5, $6, $7, $8, $9, $10, $11, $12), 值数量: 1
INFO:app.core.database:连接数据库: 172.16.10.196:5432/db_house
INFO:app.core.database:批量执行SQL完成
INFO:app.services.data_generator:表 oms_order 已插入剩余 1 条记录并缓存主键值
INFO:app.services.data_generator:依赖表 oms_order 生成完成，记录数: 1
INFO:app.services.data_generator:开始为依赖表 lms_shipment 生成数据
INFO:app.core.database:批量执行SQL，查询: INSERT INTO lms_shipment (shipment_id, order_id, carrier, sender_address, receiver_info, current_status, shipping_time, estimated_delivery, actual_delivery) VALUES ($1, $2, $3, $4, $5, $6, $7, $8, $9), 值数量: 1
INFO:app.core.database:连接数据库: 172.16.10.196:5432/db_house
INFO:app.core.database:批量执行SQL完成
INFO:app.services.data_generator:表 lms_shipment 已插入剩余 1 条记录并缓存主键值
INFO:app.services.data_generator:依赖表 lms_shipment 生成完成，记录数: 1
INFO:app.services.data_generator:开始为依赖表 fms_financial_transaction 生成数据
INFO:app.core.database:批量执行SQL，查询: INSERT INTO fms_financial_transaction (transaction_id, order_id, payment_method, transaction_type, transaction_amount, transaction_status, transaction_time) VALUES ($1, $2, $3, $4, $5, $6, $7), 值数量: 1
INFO:app.core.database:连接数据库: 172.16.10.196:5432/db_house
INFO:app.core.database:批量执行SQL完成
INFO:app.services.data_generator:表 fms_financial_transaction 已插入剩余 1 条记录并缓存主键值
INFO:app.services.data_generator:依赖表 fms_financial_transaction 生成完成，记录数: 1
INFO:app.services.data_generator:开始为依赖表 oms_order_item 生成数据
INFO:app.core.database:批量执行SQL，查询: INSERT INTO oms_order_item (id, order_id, product_sku, product_name, quantity, price) VALUES ($1, $2, $3, $4, $5, $6), 值数量: 1
INFO:app.core.database:连接数据库: 172.16.10.196:5432/db_house
INFO:app.core.database:批量执行SQL完成
INFO:app.services.data_generator:表 oms_order_item 已插入剩余 1 条记录并缓存主键值
INFO:app.services.data_generator:依赖表 oms_order_item 生成完成，记录数: 1
INFO:app.services.data_generator:数据生成完成，总记录数: 7
INFO:app.services.data_generator:退出 generate_data_for_tables 方法
INFO:app.services.data_generator:开始 generate_data_for_tables 方法
INFO:app.services.data_generator:独立表（阶段1）: ['crawler_competitor_price', 'crm_customer', 'ext_market_trend']
INFO:app.services.data_generator:依赖表（阶段2）: ['oms_order', 'lms_shipment', 'fms_financial_transaction', 'oms_order_item']
INFO:app.services.data_generator:初始化数据库计数器
INFO:app.core.database:执行查询: SELECT MAX(id) FROM crawler_competitor_price, 参数: ()
INFO:app.core.database:连接数据库: 172.16.10.196:5432/db_house
INFO:app.core.database:查询执行成功
INFO:app.core.database:执行查询: SELECT MAX(id) FROM ext_market_trend, 参数: ()
INFO:app.core.database:连接数据库: 172.16.10.196:5432/db_house
INFO:app.core.database:查询执行成功
INFO:app.core.database:执行查询: SELECT MAX(id) FROM oms_order_item, 参数: ()
INFO:app.core.database:连接数据库: 172.16.10.196:5432/db_house
INFO:app.core.database:查询执行成功
INFO:app.services.data_generator:计数器初始化完成: {'crawler_competitor_price_id': 52, 'ext_market_trend_id': 52, 'oms_order_item_id': 52}
INFO:app.services.data_generator:开始处理日期: 2025-10-23
INFO:app.services.data_generator:当天计划生成记录数: 1
INFO:app.services.data_generator:已清空外键缓存
INFO:app.services.data_generator:=== 阶段1：生成独立表 ===
INFO:app.services.data_generator:开始为独立表 crawler_competitor_price 生成数据
INFO:app.core.database:批量执行SQL，查询: INSERT INTO crawler_competitor_price (id, crawl_time, platform, competitor_name, product_name, product_sku, price, promotion_info, is_in_stock) VALUES ($1, $2, $3, $4, $5, $6, $7, $8, $9), 值数量: 1
INFO:app.core.database:连接数据库: 172.16.10.196:5432/db_house
INFO:app.core.database:批量执行SQL完成
INFO:app.services.data_generator:表 crawler_competitor_price 已插入剩余 1 条记录并缓存主键值
INFO:app.services.data_generator:独立表 crawler_competitor_price 生成完成，记录数: 1
INFO:app.services.data_generator:开始为独立表 crm_customer 生成数据
INFO:app.core.database:批量执行SQL，查询: INSERT INTO crm_customer (customer_id, name, gender, phone, email, birthday, address, create_time, update_time, is_deleted) VALUES ($1, $2, $3, $4, $5, $6, $7, $8, $9, $10), 值数量: 1
INFO:app.core.database:连接数据库: 172.16.10.196:5432/db_house
INFO:app.core.database:批量执行SQL完成
INFO:app.services.data_generator:表 crm_customer 已插入剩余 1 条记录并缓存主键值
INFO:app.services.data_generator:独立表 crm_customer 生成完成，记录数: 1
INFO:app.services.data_generator:开始为独立表 ext_market_trend 生成数据
INFO:app.core.database:批量执行SQL，查询: INSERT INTO ext_market_trend (id, period, region, category, market_size, growth_rate, data_source) VALUES ($1, $2, $3, $4, $5, $6, $7), 值数量: 1
INFO:app.core.database:连接数据库: 172.16.10.196:5432/db_house
INFO:app.core.database:批量执行SQL完成
INFO:app.services.data_generator:表 ext_market_trend 已插入剩余 1 条记录并缓存主键值
INFO:app.services.data_generator:独立表 ext_market_trend 生成完成，记录数: 1
INFO:app.services.data_generator:=== 阶段2：生成依赖表 ===
INFO:app.services.data_generator:表依赖排序结果: ['oms_order', 'lms_shipment', 'fms_financial_transaction', 'oms_order_item']
INFO:app.services.data_generator:排序后的依赖表: ['oms_order', 'lms_shipment', 'fms_financial_transaction', 'oms_order_item']
INFO:app.services.data_generator:开始为依赖表 oms_order 生成数据
INFO:app.core.database:批量执行SQL，查询: INSERT INTO oms_order (order_id, order_channel, customer_code, order_amount, discount_amount, pay_amount, order_status, province, city, district, detail_address, order_time) VALUES ($1, $2, $3, $4, $5, $6, $7, $8, $9, $10, $11, $12), 值数量: 1
INFO:app.core.database:连接数据库: 172.16.10.196:5432/db_house
INFO:app.core.database:批量执行SQL完成
INFO:app.services.data_generator:表 oms_order 已插入剩余 1 条记录并缓存主键值
INFO:app.services.data_generator:依赖表 oms_order 生成完成，记录数: 1
INFO:app.services.data_generator:开始为依赖表 lms_shipment 生成数据
INFO:app.core.database:批量执行SQL，查询: INSERT INTO lms_shipment (shipment_id, order_id, carrier, sender_address, receiver_info, current_status, shipping_time, estimated_delivery, actual_delivery) VALUES ($1, $2, $3, $4, $5, $6, $7, $8, $9), 值数量: 1
INFO:app.core.database:连接数据库: 172.16.10.196:5432/db_house
INFO:app.core.database:批量执行SQL完成
INFO:app.services.data_generator:表 lms_shipment 已插入剩余 1 条记录并缓存主键值
INFO:app.services.data_generator:依赖表 lms_shipment 生成完成，记录数: 1
INFO:app.services.data_generator:开始为依赖表 fms_financial_transaction 生成数据
INFO:app.core.database:批量执行SQL，查询: INSERT INTO fms_financial_transaction (transaction_id, order_id, payment_method, transaction_type, transaction_amount, transaction_status, transaction_time) VALUES ($1, $2, $3, $4, $5, $6, $7), 值数量: 1
INFO:app.core.database:连接数据库: 172.16.10.196:5432/db_house
INFO:app.core.database:批量执行SQL完成
INFO:app.services.data_generator:表 fms_financial_transaction 已插入剩余 1 条记录并缓存主键值
INFO:app.services.data_generator:依赖表 fms_financial_transaction 生成完成，记录数: 1
INFO:app.services.data_generator:开始为依赖表 oms_order_item 生成数据
INFO:app.core.database:批量执行SQL，查询: INSERT INTO oms_order_item (id, order_id, product_sku, product_name, quantity, price) VALUES ($1, $2, $3, $4, $5, $6), 值数量: 1
INFO:app.core.database:连接数据库: 172.16.10.196:5432/db_house
INFO:app.core.database:批量执行SQL完成
INFO:app.services.data_generator:表 oms_order_item 已插入剩余 1 条记录并缓存主键值
INFO:app.services.data_generator:依赖表 oms_order_item 生成完成，记录数: 1
INFO:app.services.data_generator:数据生成完成，总记录数: 7
INFO:app.services.data_generator:退出 generate_data_for_tables 方法
INFO:app.services.data_generator:开始 generate_data_for_tables 方法
INFO:app.services.data_generator:独立表（阶段1）: ['crawler_competitor_price', 'crm_customer', 'ext_market_trend']
INFO:app.services.data_generator:依赖表（阶段2）: ['oms_order', 'lms_shipment', 'fms_financial_transaction', 'oms_order_item']
INFO:app.services.data_generator:初始化数据库计数器
INFO:app.core.database:执行查询: SELECT MAX(id) FROM crawler_competitor_price, 参数: ()
INFO:app.core.database:连接数据库: 172.16.10.196:5432/db_house
INFO:app.core.database:查询执行成功
INFO:app.core.database:执行查询: SELECT MAX(id) FROM ext_market_trend, 参数: ()
INFO:app.core.database:连接数据库: 172.16.10.196:5432/db_house
INFO:app.core.database:查询执行成功
INFO:app.core.database:执行查询: SELECT MAX(id) FROM oms_order_item, 参数: ()
INFO:app.core.database:连接数据库: 172.16.10.196:5432/db_house
INFO:app.core.database:查询执行成功
INFO:app.services.data_generator:计数器初始化完成: {'crawler_competitor_price_id': 53, 'ext_market_trend_id': 53, 'oms_order_item_id': 53}
INFO:app.services.data_generator:开始处理日期: 2025-10-23
INFO:app.services.data_generator:当天计划生成记录数: 1
INFO:app.services.data_generator:已清空外键缓存
INFO:app.services.data_generator:=== 阶段1：生成独立表 ===
INFO:app.services.data_generator:开始为独立表 crawler_competitor_price 生成数据
INFO:app.core.database:批量执行SQL，查询: INSERT INTO crawler_competitor_price (id, crawl_time, platform, competitor_name, product_name, product_sku, price, promotion_info, is_in_stock) VALUES ($1, $2, $3, $4, $5, $6, $7, $8, $9), 值数量: 1
INFO:app.core.database:连接数据库: 172.16.10.196:5432/db_house
INFO:app.core.database:批量执行SQL完成
INFO:app.services.data_generator:表 crawler_competitor_price 已插入剩余 1 条记录并缓存主键值
INFO:app.services.data_generator:独立表 crawler_competitor_price 生成完成，记录数: 1
INFO:app.services.data_generator:开始为独立表 crm_customer 生成数据
INFO:app.core.database:批量执行SQL，查询: INSERT INTO crm_customer (customer_id, name, gender, phone, email, birthday, address, create_time, update_time, is_deleted) VALUES ($1, $2, $3, $4, $5, $6, $7, $8, $9, $10), 值数量: 1
INFO:app.core.database:连接数据库: 172.16.10.196:5432/db_house
INFO:app.core.database:批量执行SQL完成
INFO:app.services.data_generator:表 crm_customer 已插入剩余 1 条记录并缓存主键值
INFO:app.services.data_generator:独立表 crm_customer 生成完成，记录数: 1
INFO:app.services.data_generator:开始为独立表 ext_market_trend 生成数据
INFO:app.core.database:批量执行SQL，查询: INSERT INTO ext_market_trend (id, period, region, category, market_size, growth_rate, data_source) VALUES ($1, $2, $3, $4, $5, $6, $7), 值数量: 1
INFO:app.core.database:连接数据库: 172.16.10.196:5432/db_house
INFO:app.core.database:批量执行SQL完成
INFO:app.services.data_generator:表 ext_market_trend 已插入剩余 1 条记录并缓存主键值
INFO:app.services.data_generator:独立表 ext_market_trend 生成完成，记录数: 1
INFO:app.services.data_generator:=== 阶段2：生成依赖表 ===
INFO:app.services.data_generator:表依赖排序结果: ['oms_order', 'lms_shipment', 'fms_financial_transaction', 'oms_order_item']
INFO:app.services.data_generator:排序后的依赖表: ['oms_order', 'lms_shipment', 'fms_financial_transaction', 'oms_order_item']
INFO:app.services.data_generator:开始为依赖表 oms_order 生成数据
INFO:app.core.database:批量执行SQL，查询: INSERT INTO oms_order (order_id, order_channel, customer_code, order_amount, discount_amount, pay_amount, order_status, province, city, district, detail_address, order_time) VALUES ($1, $2, $3, $4, $5, $6, $7, $8, $9, $10, $11, $12), 值数量: 1
INFO:app.core.database:连接数据库: 172.16.10.196:5432/db_house
INFO:app.core.database:批量执行SQL完成
INFO:app.services.data_generator:表 oms_order 已插入剩余 1 条记录并缓存主键值
INFO:app.services.data_generator:依赖表 oms_order 生成完成，记录数: 1
INFO:app.services.data_generator:开始为依赖表 lms_shipment 生成数据
INFO:app.core.database:批量执行SQL，查询: INSERT INTO lms_shipment (shipment_id, order_id, carrier, sender_address, receiver_info, current_status, shipping_time, estimated_delivery, actual_delivery) VALUES ($1, $2, $3, $4, $5, $6, $7, $8, $9), 值数量: 1
INFO:app.core.database:连接数据库: 172.16.10.196:5432/db_house
INFO:app.core.database:批量执行SQL完成
INFO:app.services.data_generator:表 lms_shipment 已插入剩余 1 条记录并缓存主键值
INFO:app.services.data_generator:依赖表 lms_shipment 生成完成，记录数: 1
INFO:app.services.data_generator:开始为依赖表 fms_financial_transaction 生成数据
INFO:app.core.database:批量执行SQL，查询: INSERT INTO fms_financial_transaction (transaction_id, order_id, payment_method, transaction_type, transaction_amount, transaction_status, transaction_time) VALUES ($1, $2, $3, $4, $5, $6, $7), 值数量: 1
INFO:app.core.database:连接数据库: 172.16.10.196:5432/db_house
INFO:app.core.database:批量执行SQL完成
INFO:app.services.data_generator:表 fms_financial_transaction 已插入剩余 1 条记录并缓存主键值
INFO:app.services.data_generator:依赖表 fms_financial_transaction 生成完成，记录数: 1
INFO:app.services.data_generator:开始为依赖表 oms_order_item 生成数据
INFO:app.core.database:批量执行SQL，查询: INSERT INTO oms_order_item (id, order_id, product_sku, product_name, quantity, price) VALUES ($1, $2, $3, $4, $5, $6), 值数量: 1
INFO:app.core.database:连接数据库: 172.16.10.196:5432/db_house
INFO:app.core.database:批量执行SQL完成
INFO:app.services.data_generator:表 oms_order_item 已插入剩余 1 条记录并缓存主键值
INFO:app.services.data_generator:依赖表 oms_order_item 生成完成，记录数: 1
INFO:app.services.data_generator:数据生成完成，总记录数: 7
INFO:app.services.data_generator:退出 generate_data_for_tables 方法
INFO:app.services.data_generator:开始 generate_data_for_tables 方法
INFO:app.services.data_generator:独立表（阶段1）: ['crawler_competitor_price', 'crm_customer', 'ext_market_trend']
INFO:app.services.data_generator:依赖表（阶段2）: ['oms_order', 'lms_shipment', 'fms_financial_transaction', 'oms_order_item']
INFO:app.services.data_generator:初始化数据库计数器
INFO:app.core.database:执行查询: SELECT MAX(id) FROM crawler_competitor_price, 参数: ()
INFO:app.core.database:连接数据库: 172.16.10.196:5432/db_house
INFO:app.core.database:查询执行成功
INFO:app.core.database:执行查询: SELECT MAX(id) FROM ext_market_trend, 参数: ()
INFO:app.core.database:连接数据库: 172.16.10.196:5432/db_house
INFO:app.core.database:查询执行成功
INFO:app.core.database:执行查询: SELECT MAX(id) FROM oms_order_item, 参数: ()
INFO:app.core.database:连接数据库: 172.16.10.196:5432/db_house
INFO:app.core.database:查询执行成功
INFO:app.services.data_generator:计数器初始化完成: {'crawler_competitor_price_id': 54, 'ext_market_trend_id': 54, 'oms_order_item_id': 54}
INFO:app.services.data_generator:开始处理日期: 2025-10-23
INFO:app.services.data_generator:当天计划生成记录数: 1
INFO:app.services.data_generator:已清空外键缓存
INFO:app.services.data_generator:=== 阶段1：生成独立表 ===
INFO:app.services.data_generator:开始为独立表 crawler_competitor_price 生成数据
INFO:app.core.database:批量执行SQL，查询: INSERT INTO crawler_competitor_price (id, crawl_time, platform, competitor_name, product_name, product_sku, price, promotion_info, is_in_stock) VALUES ($1, $2, $3, $4, $5, $6, $7, $8, $9), 值数量: 1
INFO:app.core.database:连接数据库: 172.16.10.196:5432/db_house
INFO:app.core.database:批量执行SQL完成
INFO:app.services.data_generator:表 crawler_competitor_price 已插入剩余 1 条记录并缓存主键值
INFO:app.services.data_generator:独立表 crawler_competitor_price 生成完成，记录数: 1
INFO:app.services.data_generator:开始为独立表 crm_customer 生成数据
INFO:app.core.database:批量执行SQL，查询: INSERT INTO crm_customer (customer_id, name, gender, phone, email, birthday, address, create_time, update_time, is_deleted) VALUES ($1, $2, $3, $4, $5, $6, $7, $8, $9, $10), 值数量: 1
INFO:app.core.database:连接数据库: 172.16.10.196:5432/db_house
INFO:app.core.database:批量执行SQL完成
INFO:app.services.data_generator:表 crm_customer 已插入剩余 1 条记录并缓存主键值
INFO:app.services.data_generator:独立表 crm_customer 生成完成，记录数: 1
INFO:app.services.data_generator:开始为独立表 ext_market_trend 生成数据
INFO:app.core.database:批量执行SQL，查询: INSERT INTO ext_market_trend (id, period, region, category, market_size, growth_rate, data_source) VALUES ($1, $2, $3, $4, $5, $6, $7), 值数量: 1
INFO:app.core.database:连接数据库: 172.16.10.196:5432/db_house
INFO:app.core.database:批量执行SQL完成
INFO:app.services.data_generator:表 ext_market_trend 已插入剩余 1 条记录并缓存主键值
INFO:app.services.data_generator:独立表 ext_market_trend 生成完成，记录数: 1
INFO:app.services.data_generator:=== 阶段2：生成依赖表 ===
INFO:app.services.data_generator:表依赖排序结果: ['oms_order', 'lms_shipment', 'fms_financial_transaction', 'oms_order_item']
INFO:app.services.data_generator:排序后的依赖表: ['oms_order', 'lms_shipment', 'fms_financial_transaction', 'oms_order_item']
INFO:app.services.data_generator:开始为依赖表 oms_order 生成数据
INFO:app.core.database:批量执行SQL，查询: INSERT INTO oms_order (order_id, order_channel, customer_code, order_amount, discount_amount, pay_amount, order_status, province, city, district, detail_address, order_time) VALUES ($1, $2, $3, $4, $5, $6, $7, $8, $9, $10, $11, $12), 值数量: 1
INFO:app.core.database:连接数据库: 172.16.10.196:5432/db_house
INFO:app.core.database:批量执行SQL完成
INFO:app.services.data_generator:表 oms_order 已插入剩余 1 条记录并缓存主键值
INFO:app.services.data_generator:依赖表 oms_order 生成完成，记录数: 1
INFO:app.services.data_generator:开始为依赖表 lms_shipment 生成数据
INFO:app.core.database:批量执行SQL，查询: INSERT INTO lms_shipment (shipment_id, order_id, carrier, sender_address, receiver_info, current_status, shipping_time, estimated_delivery, actual_delivery) VALUES ($1, $2, $3, $4, $5, $6, $7, $8, $9), 值数量: 1
INFO:app.core.database:连接数据库: 172.16.10.196:5432/db_house
INFO:app.core.database:批量执行SQL完成
INFO:app.services.data_generator:表 lms_shipment 已插入剩余 1 条记录并缓存主键值
INFO:app.services.data_generator:依赖表 lms_shipment 生成完成，记录数: 1
INFO:app.services.data_generator:开始为依赖表 fms_financial_transaction 生成数据
INFO:app.core.database:批量执行SQL，查询: INSERT INTO fms_financial_transaction (transaction_id, order_id, payment_method, transaction_type, transaction_amount, transaction_status, transaction_time) VALUES ($1, $2, $3, $4, $5, $6, $7), 值数量: 1
INFO:app.core.database:连接数据库: 172.16.10.196:5432/db_house
INFO:app.core.database:批量执行SQL完成
INFO:app.services.data_generator:表 fms_financial_transaction 已插入剩余 1 条记录并缓存主键值
INFO:app.services.data_generator:依赖表 fms_financial_transaction 生成完成，记录数: 1
INFO:app.services.data_generator:开始为依赖表 oms_order_item 生成数据
INFO:app.core.database:批量执行SQL，查询: INSERT INTO oms_order_item (id, order_id, product_sku, product_name, quantity, price) VALUES ($1, $2, $3, $4, $5, $6), 值数量: 1
INFO:app.core.database:连接数据库: 172.16.10.196:5432/db_house
INFO:app.core.database:批量执行SQL完成
INFO:app.services.data_generator:表 oms_order_item 已插入剩余 1 条记录并缓存主键值
INFO:app.services.data_generator:依赖表 oms_order_item 生成完成，记录数: 1
INFO:app.services.data_generator:数据生成完成，总记录数: 7
INFO:app.services.data_generator:退出 generate_data_for_tables 方法
INFO:app.services.data_generator:开始 generate_data_for_tables 方法
INFO:app.services.data_generator:独立表（阶段1）: ['crawler_competitor_price', 'crm_customer', 'ext_market_trend']
INFO:app.services.data_generator:依赖表（阶段2）: ['oms_order', 'lms_shipment', 'fms_financial_transaction', 'oms_order_item']
INFO:app.services.data_generator:初始化数据库计数器
INFO:app.core.database:执行查询: SELECT MAX(id) FROM crawler_competitor_price, 参数: ()
INFO:app.core.database:连接数据库: 172.16.10.196:5432/db_house
INFO:app.core.database:查询执行成功
INFO:app.core.database:执行查询: SELECT MAX(id) FROM ext_market_trend, 参数: ()
INFO:app.core.database:连接数据库: 172.16.10.196:5432/db_house
INFO:app.core.database:查询执行成功
INFO:app.core.database:执行查询: SELECT MAX(id) FROM oms_order_item, 参数: ()
INFO:app.core.database:连接数据库: 172.16.10.196:5432/db_house
INFO:app.core.database:查询执行成功
INFO:app.services.data_generator:计数器初始化完成: {'crawler_competitor_price_id': 55, 'ext_market_trend_id': 55, 'oms_order_item_id': 55}
INFO:app.services.data_generator:开始处理日期: 2025-10-23
INFO:app.services.data_generator:当天计划生成记录数: 1
INFO:app.services.data_generator:已清空外键缓存
INFO:app.services.data_generator:=== 阶段1：生成独立表 ===
INFO:app.services.data_generator:开始为独立表 crawler_competitor_price 生成数据
INFO:app.core.database:批量执行SQL，查询: INSERT INTO crawler_competitor_price (id, crawl_time, platform, competitor_name, product_name, product_sku, price, promotion_info, is_in_stock) VALUES ($1, $2, $3, $4, $5, $6, $7, $8, $9), 值数量: 1
INFO:app.core.database:连接数据库: 172.16.10.196:5432/db_house
INFO:app.core.database:批量执行SQL完成
INFO:app.services.data_generator:表 crawler_competitor_price 已插入剩余 1 条记录并缓存主键值
INFO:app.services.data_generator:独立表 crawler_competitor_price 生成完成，记录数: 1
INFO:app.services.data_generator:开始为独立表 crm_customer 生成数据
INFO:app.core.database:批量执行SQL，查询: INSERT INTO crm_customer (customer_id, name, gender, phone, email, birthday, address, create_time, update_time, is_deleted) VALUES ($1, $2, $3, $4, $5, $6, $7, $8, $9, $10), 值数量: 1
INFO:app.core.database:连接数据库: 172.16.10.196:5432/db_house
INFO:app.core.database:批量执行SQL完成
INFO:app.services.data_generator:表 crm_customer 已插入剩余 1 条记录并缓存主键值
INFO:app.services.data_generator:独立表 crm_customer 生成完成，记录数: 1
INFO:app.services.data_generator:开始为独立表 ext_market_trend 生成数据
INFO:app.core.database:批量执行SQL，查询: INSERT INTO ext_market_trend (id, period, region, category, market_size, growth_rate, data_source) VALUES ($1, $2, $3, $4, $5, $6, $7), 值数量: 1
INFO:app.core.database:连接数据库: 172.16.10.196:5432/db_house
INFO:app.core.database:批量执行SQL完成
INFO:app.services.data_generator:表 ext_market_trend 已插入剩余 1 条记录并缓存主键值
INFO:app.services.data_generator:独立表 ext_market_trend 生成完成，记录数: 1
INFO:app.services.data_generator:=== 阶段2：生成依赖表 ===
INFO:app.services.data_generator:表依赖排序结果: ['oms_order', 'lms_shipment', 'fms_financial_transaction', 'oms_order_item']
INFO:app.services.data_generator:排序后的依赖表: ['oms_order', 'lms_shipment', 'fms_financial_transaction', 'oms_order_item']
INFO:app.services.data_generator:开始为依赖表 oms_order 生成数据
INFO:app.core.database:批量执行SQL，查询: INSERT INTO oms_order (order_id, order_channel, customer_code, order_amount, discount_amount, pay_amount, order_status, province, city, district, detail_address, order_time) VALUES ($1, $2, $3, $4, $5, $6, $7, $8, $9, $10, $11, $12), 值数量: 1
INFO:app.core.database:连接数据库: 172.16.10.196:5432/db_house
INFO:app.core.database:批量执行SQL完成
INFO:app.services.data_generator:表 oms_order 已插入剩余 1 条记录并缓存主键值
INFO:app.services.data_generator:依赖表 oms_order 生成完成，记录数: 1
INFO:app.services.data_generator:开始为依赖表 lms_shipment 生成数据
INFO:app.core.database:批量执行SQL，查询: INSERT INTO lms_shipment (shipment_id, order_id, carrier, sender_address, receiver_info, current_status, shipping_time, estimated_delivery, actual_delivery) VALUES ($1, $2, $3, $4, $5, $6, $7, $8, $9), 值数量: 1
INFO:app.core.database:连接数据库: 172.16.10.196:5432/db_house
INFO:app.core.database:批量执行SQL完成
INFO:app.services.data_generator:表 lms_shipment 已插入剩余 1 条记录并缓存主键值
INFO:app.services.data_generator:依赖表 lms_shipment 生成完成，记录数: 1
INFO:app.services.data_generator:开始为依赖表 fms_financial_transaction 生成数据
INFO:app.core.database:批量执行SQL，查询: INSERT INTO fms_financial_transaction (transaction_id, order_id, payment_method, transaction_type, transaction_amount, transaction_status, transaction_time) VALUES ($1, $2, $3, $4, $5, $6, $7), 值数量: 1
INFO:app.core.database:连接数据库: 172.16.10.196:5432/db_house
INFO:app.core.database:批量执行SQL完成
INFO:app.services.data_generator:表 fms_financial_transaction 已插入剩余 1 条记录并缓存主键值
INFO:app.services.data_generator:依赖表 fms_financial_transaction 生成完成，记录数: 1
INFO:app.services.data_generator:开始为依赖表 oms_order_item 生成数据
INFO:app.core.database:批量执行SQL，查询: INSERT INTO oms_order_item (id, order_id, product_sku, product_name, quantity, price) VALUES ($1, $2, $3, $4, $5, $6), 值数量: 1
INFO:app.core.database:连接数据库: 172.16.10.196:5432/db_house
INFO:app.core.database:批量执行SQL完成
INFO:app.services.data_generator:表 oms_order_item 已插入剩余 1 条记录并缓存主键值
INFO:app.services.data_generator:依赖表 oms_order_item 生成完成，记录数: 1
INFO:app.services.data_generator:数据生成完成，总记录数: 7
INFO:app.services.data_generator:退出 generate_data_for_tables 方法
INFO:app.services.data_generator:开始 generate_data_for_tables 方法
INFO:app.services.data_generator:独立表（阶段1）: ['crawler_competitor_price', 'crm_customer', 'ext_market_trend']
INFO:app.services.data_generator:依赖表（阶段2）: ['oms_order', 'lms_shipment', 'fms_financial_transaction', 'oms_order_item']
INFO:app.services.data_generator:初始化数据库计数器
INFO:app.core.database:执行查询: SELECT MAX(id) FROM crawler_competitor_price, 参数: ()
INFO:app.core.database:连接数据库: 172.16.10.196:5432/db_house
INFO:app.core.database:查询执行成功
INFO:app.core.database:执行查询: SELECT MAX(id) FROM ext_market_trend, 参数: ()
INFO:app.core.database:连接数据库: 172.16.10.196:5432/db_house
INFO:app.core.database:查询执行成功
INFO:app.core.database:执行查询: SELECT MAX(id) FROM oms_order_item, 参数: ()
INFO:app.core.database:连接数据库: 172.16.10.196:5432/db_house
INFO:app.core.database:查询执行成功
INFO:app.services.data_generator:计数器初始化完成: {'crawler_competitor_price_id': 56, 'ext_market_trend_id': 56, 'oms_order_item_id': 56}
INFO:app.services.data_generator:开始处理日期: 2025-10-23
INFO:app.services.data_generator:当天计划生成记录数: 1
INFO:app.services.data_generator:已清空外键缓存
INFO:app.services.data_generator:=== 阶段1：生成独立表 ===
INFO:app.services.data_generator:开始为独立表 crawler_competitor_price 生成数据
INFO:app.core.database:批量执行SQL，查询: INSERT INTO crawler_competitor_price (id, crawl_time, platform, competitor_name, product_name, product_sku, price, promotion_info, is_in_stock) VALUES ($1, $2, $3, $4, $5, $6, $7, $8, $9), 值数量: 1
INFO:app.core.database:连接数据库: 172.16.10.196:5432/db_house
INFO:app.core.database:批量执行SQL完成
INFO:app.services.data_generator:表 crawler_competitor_price 已插入剩余 1 条记录并缓存主键值
INFO:app.services.data_generator:独立表 crawler_competitor_price 生成完成，记录数: 1
INFO:app.services.data_generator:开始为独立表 crm_customer 生成数据
INFO:app.core.database:批量执行SQL，查询: INSERT INTO crm_customer (customer_id, name, gender, phone, email, birthday, address, create_time, update_time, is_deleted) VALUES ($1, $2, $3, $4, $5, $6, $7, $8, $9, $10), 值数量: 1
INFO:app.core.database:连接数据库: 172.16.10.196:5432/db_house
INFO:app.core.database:批量执行SQL完成
INFO:app.services.data_generator:表 crm_customer 已插入剩余 1 条记录并缓存主键值
INFO:app.services.data_generator:独立表 crm_customer 生成完成，记录数: 1
INFO:app.services.data_generator:开始为独立表 ext_market_trend 生成数据
INFO:app.core.database:批量执行SQL，查询: INSERT INTO ext_market_trend (id, period, region, category, market_size, growth_rate, data_source) VALUES ($1, $2, $3, $4, $5, $6, $7), 值数量: 1
INFO:app.core.database:连接数据库: 172.16.10.196:5432/db_house
INFO:app.core.database:批量执行SQL完成
INFO:app.services.data_generator:表 ext_market_trend 已插入剩余 1 条记录并缓存主键值
INFO:app.services.data_generator:独立表 ext_market_trend 生成完成，记录数: 1
INFO:app.services.data_generator:=== 阶段2：生成依赖表 ===
INFO:app.services.data_generator:表依赖排序结果: ['oms_order', 'lms_shipment', 'fms_financial_transaction', 'oms_order_item']
INFO:app.services.data_generator:排序后的依赖表: ['oms_order', 'lms_shipment', 'fms_financial_transaction', 'oms_order_item']
INFO:app.services.data_generator:开始为依赖表 oms_order 生成数据
INFO:app.core.database:批量执行SQL，查询: INSERT INTO oms_order (order_id, order_channel, customer_code, order_amount, discount_amount, pay_amount, order_status, province, city, district, detail_address, order_time) VALUES ($1, $2, $3, $4, $5, $6, $7, $8, $9, $10, $11, $12), 值数量: 1
INFO:app.core.database:连接数据库: 172.16.10.196:5432/db_house
INFO:app.core.database:批量执行SQL完成
INFO:app.services.data_generator:表 oms_order 已插入剩余 1 条记录并缓存主键值
INFO:app.services.data_generator:依赖表 oms_order 生成完成，记录数: 1
INFO:app.services.data_generator:开始为依赖表 lms_shipment 生成数据
INFO:app.core.database:批量执行SQL，查询: INSERT INTO lms_shipment (shipment_id, order_id, carrier, sender_address, receiver_info, current_status, shipping_time, estimated_delivery, actual_delivery) VALUES ($1, $2, $3, $4, $5, $6, $7, $8, $9), 值数量: 1
INFO:app.core.database:连接数据库: 172.16.10.196:5432/db_house
INFO:app.core.database:批量执行SQL完成
INFO:app.services.data_generator:表 lms_shipment 已插入剩余 1 条记录并缓存主键值
INFO:app.services.data_generator:依赖表 lms_shipment 生成完成，记录数: 1
INFO:app.services.data_generator:开始为依赖表 fms_financial_transaction 生成数据
INFO:app.core.database:批量执行SQL，查询: INSERT INTO fms_financial_transaction (transaction_id, order_id, payment_method, transaction_type, transaction_amount, transaction_status, transaction_time) VALUES ($1, $2, $3, $4, $5, $6, $7), 值数量: 1
INFO:app.core.database:连接数据库: 172.16.10.196:5432/db_house
INFO:app.core.database:批量执行SQL完成
INFO:app.services.data_generator:表 fms_financial_transaction 已插入剩余 1 条记录并缓存主键值
INFO:app.services.data_generator:依赖表 fms_financial_transaction 生成完成，记录数: 1
INFO:app.services.data_generator:开始为依赖表 oms_order_item 生成数据
INFO:app.core.database:批量执行SQL，查询: INSERT INTO oms_order_item (id, order_id, product_sku, product_name, quantity, price) VALUES ($1, $2, $3, $4, $5, $6), 值数量: 1
INFO:app.core.database:连接数据库: 172.16.10.196:5432/db_house
INFO:app.core.database:批量执行SQL完成
INFO:app.services.data_generator:表 oms_order_item 已插入剩余 1 条记录并缓存主键值
INFO:app.services.data_generator:依赖表 oms_order_item 生成完成，记录数: 1
INFO:app.services.data_generator:数据生成完成，总记录数: 7
INFO:app.services.data_generator:退出 generate_data_for_tables 方法
INFO:app.services.data_generator:开始 generate_data_for_tables 方法
INFO:app.services.data_generator:独立表（阶段1）: ['crawler_competitor_price', 'crm_customer', 'ext_market_trend']
INFO:app.services.data_generator:依赖表（阶段2）: ['oms_order', 'lms_shipment', 'fms_financial_transaction', 'oms_order_item']
INFO:app.services.data_generator:初始化数据库计数器
INFO:app.core.database:执行查询: SELECT MAX(id) FROM crawler_competitor_price, 参数: ()
INFO:app.core.database:连接数据库: 172.16.10.196:5432/db_house
INFO:app.core.database:查询执行成功
INFO:app.core.database:执行查询: SELECT MAX(id) FROM ext_market_trend, 参数: ()
INFO:app.core.database:连接数据库: 172.16.10.196:5432/db_house
INFO:app.core.database:查询执行成功
INFO:app.core.database:执行查询: SELECT MAX(id) FROM oms_order_item, 参数: ()
INFO:app.core.database:连接数据库: 172.16.10.196:5432/db_house
INFO:app.core.database:查询执行成功
INFO:app.services.data_generator:计数器初始化完成: {'crawler_competitor_price_id': 57, 'ext_market_trend_id': 57, 'oms_order_item_id': 57}
INFO:app.services.data_generator:开始处理日期: 2025-10-23
INFO:app.services.data_generator:当天计划生成记录数: 1
INFO:app.services.data_generator:已清空外键缓存
INFO:app.services.data_generator:=== 阶段1：生成独立表 ===
INFO:app.services.data_generator:开始为独立表 crawler_competitor_price 生成数据
INFO:app.core.database:批量执行SQL，查询: INSERT INTO crawler_competitor_price (id, crawl_time, platform, competitor_name, product_name, product_sku, price, promotion_info, is_in_stock) VALUES ($1, $2, $3, $4, $5, $6, $7, $8, $9), 值数量: 1
INFO:app.core.database:连接数据库: 172.16.10.196:5432/db_house
INFO:app.core.database:批量执行SQL完成
INFO:app.services.data_generator:表 crawler_competitor_price 已插入剩余 1 条记录并缓存主键值
INFO:app.services.data_generator:独立表 crawler_competitor_price 生成完成，记录数: 1
INFO:app.services.data_generator:开始为独立表 crm_customer 生成数据
INFO:app.core.database:批量执行SQL，查询: INSERT INTO crm_customer (customer_id, name, gender, phone, email, birthday, address, create_time, update_time, is_deleted) VALUES ($1, $2, $3, $4, $5, $6, $7, $8, $9, $10), 值数量: 1
INFO:app.core.database:连接数据库: 172.16.10.196:5432/db_house
INFO:app.core.database:批量执行SQL完成
INFO:app.services.data_generator:表 crm_customer 已插入剩余 1 条记录并缓存主键值
INFO:app.services.data_generator:独立表 crm_customer 生成完成，记录数: 1
INFO:app.services.data_generator:开始为独立表 ext_market_trend 生成数据
INFO:app.core.database:批量执行SQL，查询: INSERT INTO ext_market_trend (id, period, region, category, market_size, growth_rate, data_source) VALUES ($1, $2, $3, $4, $5, $6, $7), 值数量: 1
INFO:app.core.database:连接数据库: 172.16.10.196:5432/db_house
INFO:app.core.database:批量执行SQL完成
INFO:app.services.data_generator:表 ext_market_trend 已插入剩余 1 条记录并缓存主键值
INFO:app.services.data_generator:独立表 ext_market_trend 生成完成，记录数: 1
INFO:app.services.data_generator:=== 阶段2：生成依赖表 ===
INFO:app.services.data_generator:表依赖排序结果: ['oms_order', 'lms_shipment', 'fms_financial_transaction', 'oms_order_item']
INFO:app.services.data_generator:排序后的依赖表: ['oms_order', 'lms_shipment', 'fms_financial_transaction', 'oms_order_item']
INFO:app.services.data_generator:开始为依赖表 oms_order 生成数据
INFO:app.core.database:批量执行SQL，查询: INSERT INTO oms_order (order_id, order_channel, customer_code, order_amount, discount_amount, pay_amount, order_status, province, city, district, detail_address, order_time) VALUES ($1, $2, $3, $4, $5, $6, $7, $8, $9, $10, $11, $12), 值数量: 1
INFO:app.core.database:连接数据库: 172.16.10.196:5432/db_house
INFO:app.core.database:批量执行SQL完成
INFO:app.services.data_generator:表 oms_order 已插入剩余 1 条记录并缓存主键值
INFO:app.services.data_generator:依赖表 oms_order 生成完成，记录数: 1
INFO:app.services.data_generator:开始为依赖表 lms_shipment 生成数据
INFO:app.core.database:批量执行SQL，查询: INSERT INTO lms_shipment (shipment_id, order_id, carrier, sender_address, receiver_info, current_status, shipping_time, estimated_delivery, actual_delivery) VALUES ($1, $2, $3, $4, $5, $6, $7, $8, $9), 值数量: 1
INFO:app.core.database:连接数据库: 172.16.10.196:5432/db_house
INFO:app.core.database:批量执行SQL完成
INFO:app.services.data_generator:表 lms_shipment 已插入剩余 1 条记录并缓存主键值
INFO:app.services.data_generator:依赖表 lms_shipment 生成完成，记录数: 1
INFO:app.services.data_generator:开始为依赖表 fms_financial_transaction 生成数据
INFO:app.core.database:批量执行SQL，查询: INSERT INTO fms_financial_transaction (transaction_id, order_id, payment_method, transaction_type, transaction_amount, transaction_status, transaction_time) VALUES ($1, $2, $3, $4, $5, $6, $7), 值数量: 1
INFO:app.core.database:连接数据库: 172.16.10.196:5432/db_house
INFO:app.core.database:批量执行SQL完成
INFO:app.services.data_generator:表 fms_financial_transaction 已插入剩余 1 条记录并缓存主键值
INFO:app.services.data_generator:依赖表 fms_financial_transaction 生成完成，记录数: 1
INFO:app.services.data_generator:开始为依赖表 oms_order_item 生成数据
INFO:app.core.database:批量执行SQL，查询: INSERT INTO oms_order_item (id, order_id, product_sku, product_name, quantity, price) VALUES ($1, $2, $3, $4, $5, $6), 值数量: 1
INFO:app.core.database:连接数据库: 172.16.10.196:5432/db_house
INFO:app.core.database:批量执行SQL完成
INFO:app.services.data_generator:表 oms_order_item 已插入剩余 1 条记录并缓存主键值
INFO:app.services.data_generator:依赖表 oms_order_item 生成完成，记录数: 1
INFO:app.services.data_generator:数据生成完成，总记录数: 7
INFO:app.services.data_generator:退出 generate_data_for_tables 方法
INFO:app.services.data_generator:开始 generate_data_for_tables 方法
INFO:app.services.data_generator:独立表（阶段1）: ['crawler_competitor_price', 'crm_customer', 'ext_market_trend']
INFO:app.services.data_generator:依赖表（阶段2）: ['oms_order', 'lms_shipment', 'fms_financial_transaction', 'oms_order_item']
INFO:app.services.data_generator:初始化数据库计数器
INFO:app.core.database:执行查询: SELECT MAX(id) FROM crawler_competitor_price, 参数: ()
INFO:app.core.database:连接数据库: 172.16.10.196:5432/db_house
INFO:app.core.database:查询执行成功
INFO:app.core.database:执行查询: SELECT MAX(id) FROM ext_market_trend, 参数: ()
INFO:app.core.database:连接数据库: 172.16.10.196:5432/db_house
INFO:app.core.database:查询执行成功
INFO:app.core.database:执行查询: SELECT MAX(id) FROM oms_order_item, 参数: ()
INFO:app.core.database:连接数据库: 172.16.10.196:5432/db_house
INFO:app.core.database:查询执行成功
INFO:app.services.data_generator:计数器初始化完成: {'crawler_competitor_price_id': 58, 'ext_market_trend_id': 58, 'oms_order_item_id': 58}
INFO:app.services.data_generator:开始处理日期: 2025-10-23
INFO:app.services.data_generator:当天计划生成记录数: 1
INFO:app.services.data_generator:已清空外键缓存
INFO:app.services.data_generator:=== 阶段1：生成独立表 ===
INFO:app.services.data_generator:开始为独立表 crawler_competitor_price 生成数据
INFO:app.core.database:批量执行SQL，查询: INSERT INTO crawler_competitor_price (id, crawl_time, platform, competitor_name, product_name, product_sku, price, promotion_info, is_in_stock) VALUES ($1, $2, $3, $4, $5, $6, $7, $8, $9), 值数量: 1
INFO:app.core.database:连接数据库: 172.16.10.196:5432/db_house
INFO:app.core.database:批量执行SQL完成
INFO:app.services.data_generator:表 crawler_competitor_price 已插入剩余 1 条记录并缓存主键值
INFO:app.services.data_generator:独立表 crawler_competitor_price 生成完成，记录数: 1
INFO:app.services.data_generator:开始为独立表 crm_customer 生成数据
INFO:app.core.database:批量执行SQL，查询: INSERT INTO crm_customer (customer_id, name, gender, phone, email, birthday, address, create_time, update_time, is_deleted) VALUES ($1, $2, $3, $4, $5, $6, $7, $8, $9, $10), 值数量: 1
INFO:app.core.database:连接数据库: 172.16.10.196:5432/db_house
INFO:app.core.database:批量执行SQL完成
INFO:app.services.data_generator:表 crm_customer 已插入剩余 1 条记录并缓存主键值
INFO:app.services.data_generator:独立表 crm_customer 生成完成，记录数: 1
INFO:app.services.data_generator:开始为独立表 ext_market_trend 生成数据
INFO:app.core.database:批量执行SQL，查询: INSERT INTO ext_market_trend (id, period, region, category, market_size, growth_rate, data_source) VALUES ($1, $2, $3, $4, $5, $6, $7), 值数量: 1
INFO:app.core.database:连接数据库: 172.16.10.196:5432/db_house
INFO:app.core.database:批量执行SQL完成
INFO:app.services.data_generator:表 ext_market_trend 已插入剩余 1 条记录并缓存主键值
INFO:app.services.data_generator:独立表 ext_market_trend 生成完成，记录数: 1
INFO:app.services.data_generator:=== 阶段2：生成依赖表 ===
INFO:app.services.data_generator:表依赖排序结果: ['oms_order', 'lms_shipment', 'fms_financial_transaction', 'oms_order_item']
INFO:app.services.data_generator:排序后的依赖表: ['oms_order', 'lms_shipment', 'fms_financial_transaction', 'oms_order_item']
INFO:app.services.data_generator:开始为依赖表 oms_order 生成数据
INFO:app.core.database:批量执行SQL，查询: INSERT INTO oms_order (order_id, order_channel, customer_code, order_amount, discount_amount, pay_amount, order_status, province, city, district, detail_address, order_time) VALUES ($1, $2, $3, $4, $5, $6, $7, $8, $9, $10, $11, $12), 值数量: 1
INFO:app.core.database:连接数据库: 172.16.10.196:5432/db_house
INFO:app.core.database:批量执行SQL完成
INFO:app.services.data_generator:表 oms_order 已插入剩余 1 条记录并缓存主键值
INFO:app.services.data_generator:依赖表 oms_order 生成完成，记录数: 1
INFO:app.services.data_generator:开始为依赖表 lms_shipment 生成数据
INFO:app.core.database:批量执行SQL，查询: INSERT INTO lms_shipment (shipment_id, order_id, carrier, sender_address, receiver_info, current_status, shipping_time, estimated_delivery, actual_delivery) VALUES ($1, $2, $3, $4, $5, $6, $7, $8, $9), 值数量: 1
INFO:app.core.database:连接数据库: 172.16.10.196:5432/db_house
INFO:app.core.database:批量执行SQL完成
INFO:app.services.data_generator:表 lms_shipment 已插入剩余 1 条记录并缓存主键值
INFO:app.services.data_generator:依赖表 lms_shipment 生成完成，记录数: 1
INFO:app.services.data_generator:开始为依赖表 fms_financial_transaction 生成数据
INFO:app.core.database:批量执行SQL，查询: INSERT INTO fms_financial_transaction (transaction_id, order_id, payment_method, transaction_type, transaction_amount, transaction_status, transaction_time) VALUES ($1, $2, $3, $4, $5, $6, $7), 值数量: 1
INFO:app.core.database:连接数据库: 172.16.10.196:5432/db_house
INFO:app.core.database:批量执行SQL完成
INFO:app.services.data_generator:表 fms_financial_transaction 已插入剩余 1 条记录并缓存主键值
INFO:app.services.data_generator:依赖表 fms_financial_transaction 生成完成，记录数: 1
INFO:app.services.data_generator:开始为依赖表 oms_order_item 生成数据
INFO:app.core.database:批量执行SQL，查询: INSERT INTO oms_order_item (id, order_id, product_sku, product_name, quantity, price) VALUES ($1, $2, $3, $4, $5, $6), 值数量: 1
INFO:app.core.database:连接数据库: 172.16.10.196:5432/db_house
INFO:app.core.database:批量执行SQL完成
INFO:app.services.data_generator:表 oms_order_item 已插入剩余 1 条记录并缓存主键值
INFO:app.services.data_generator:依赖表 oms_order_item 生成完成，记录数: 1
INFO:app.services.data_generator:数据生成完成，总记录数: 7
INFO:app.services.data_generator:退出 generate_data_for_tables 方法
INFO:app.services.data_generator:开始 generate_data_for_tables 方法
INFO:app.services.data_generator:独立表（阶段1）: ['crawler_competitor_price', 'crm_customer', 'ext_market_trend']
INFO:app.services.data_generator:依赖表（阶段2）: ['oms_order', 'lms_shipment', 'fms_financial_transaction', 'oms_order_item']
INFO:app.services.data_generator:初始化数据库计数器
INFO:app.core.database:执行查询: SELECT MAX(id) FROM crawler_competitor_price, 参数: ()
INFO:app.core.database:连接数据库: 172.16.10.196:5432/db_house
INFO:app.core.database:查询执行成功
INFO:app.core.database:执行查询: SELECT MAX(id) FROM ext_market_trend, 参数: ()
INFO:app.core.database:连接数据库: 172.16.10.196:5432/db_house
INFO:app.core.database:查询执行成功
INFO:app.core.database:执行查询: SELECT MAX(id) FROM oms_order_item, 参数: ()
INFO:app.core.database:连接数据库: 172.16.10.196:5432/db_house
INFO:app.core.database:查询执行成功
INFO:app.services.data_generator:计数器初始化完成: {'crawler_competitor_price_id': 59, 'ext_market_trend_id': 59, 'oms_order_item_id': 59}
INFO:app.services.data_generator:开始处理日期: 2025-10-23
INFO:app.services.data_generator:当天计划生成记录数: 1
INFO:app.services.data_generator:已清空外键缓存
INFO:app.services.data_generator:=== 阶段1：生成独立表 ===
INFO:app.services.data_generator:开始为独立表 crawler_competitor_price 生成数据
INFO:app.core.database:批量执行SQL，查询: INSERT INTO crawler_competitor_price (id, crawl_time, platform, competitor_name, product_name, product_sku, price, promotion_info, is_in_stock) VALUES ($1, $2, $3, $4, $5, $6, $7, $8, $9), 值数量: 1
INFO:app.core.database:连接数据库: 172.16.10.196:5432/db_house
INFO:app.core.database:批量执行SQL完成
INFO:app.services.data_generator:表 crawler_competitor_price 已插入剩余 1 条记录并缓存主键值
INFO:app.services.data_generator:独立表 crawler_competitor_price 生成完成，记录数: 1
INFO:app.services.data_generator:开始为独立表 crm_customer 生成数据
INFO:app.core.database:批量执行SQL，查询: INSERT INTO crm_customer (customer_id, name, gender, phone, email, birthday, address, create_time, update_time, is_deleted) VALUES ($1, $2, $3, $4, $5, $6, $7, $8, $9, $10), 值数量: 1
INFO:app.core.database:连接数据库: 172.16.10.196:5432/db_house
INFO:app.core.database:批量执行SQL完成
INFO:app.services.data_generator:表 crm_customer 已插入剩余 1 条记录并缓存主键值
INFO:app.services.data_generator:独立表 crm_customer 生成完成，记录数: 1
INFO:app.services.data_generator:开始为独立表 ext_market_trend 生成数据
INFO:app.core.database:批量执行SQL，查询: INSERT INTO ext_market_trend (id, period, region, category, market_size, growth_rate, data_source) VALUES ($1, $2, $3, $4, $5, $6, $7), 值数量: 1
INFO:app.core.database:连接数据库: 172.16.10.196:5432/db_house
INFO:app.core.database:批量执行SQL完成
INFO:app.services.data_generator:表 ext_market_trend 已插入剩余 1 条记录并缓存主键值
INFO:app.services.data_generator:独立表 ext_market_trend 生成完成，记录数: 1
INFO:app.services.data_generator:=== 阶段2：生成依赖表 ===
INFO:app.services.data_generator:表依赖排序结果: ['oms_order', 'lms_shipment', 'fms_financial_transaction', 'oms_order_item']
INFO:app.services.data_generator:排序后的依赖表: ['oms_order', 'lms_shipment', 'fms_financial_transaction', 'oms_order_item']
INFO:app.services.data_generator:开始为依赖表 oms_order 生成数据
INFO:app.core.database:批量执行SQL，查询: INSERT INTO oms_order (order_id, order_channel, customer_code, order_amount, discount_amount, pay_amount, order_status, province, city, district, detail_address, order_time) VALUES ($1, $2, $3, $4, $5, $6, $7, $8, $9, $10, $11, $12), 值数量: 1
INFO:app.core.database:连接数据库: 172.16.10.196:5432/db_house
INFO:app.core.database:批量执行SQL完成
INFO:app.services.data_generator:表 oms_order 已插入剩余 1 条记录并缓存主键值
INFO:app.services.data_generator:依赖表 oms_order 生成完成，记录数: 1
INFO:app.services.data_generator:开始为依赖表 lms_shipment 生成数据
INFO:app.core.database:批量执行SQL，查询: INSERT INTO lms_shipment (shipment_id, order_id, carrier, sender_address, receiver_info, current_status, shipping_time, estimated_delivery, actual_delivery) VALUES ($1, $2, $3, $4, $5, $6, $7, $8, $9), 值数量: 1
INFO:app.core.database:连接数据库: 172.16.10.196:5432/db_house
INFO:app.core.database:批量执行SQL完成
INFO:app.services.data_generator:表 lms_shipment 已插入剩余 1 条记录并缓存主键值
INFO:app.services.data_generator:依赖表 lms_shipment 生成完成，记录数: 1
INFO:app.services.data_generator:开始为依赖表 fms_financial_transaction 生成数据
INFO:app.core.database:批量执行SQL，查询: INSERT INTO fms_financial_transaction (transaction_id, order_id, payment_method, transaction_type, transaction_amount, transaction_status, transaction_time) VALUES ($1, $2, $3, $4, $5, $6, $7), 值数量: 1
INFO:app.core.database:连接数据库: 172.16.10.196:5432/db_house
INFO:app.core.database:批量执行SQL完成
INFO:app.services.data_generator:表 fms_financial_transaction 已插入剩余 1 条记录并缓存主键值
INFO:app.services.data_generator:依赖表 fms_financial_transaction 生成完成，记录数: 1
INFO:app.services.data_generator:开始为依赖表 oms_order_item 生成数据
INFO:app.core.database:批量执行SQL，查询: INSERT INTO oms_order_item (id, order_id, product_sku, product_name, quantity, price) VALUES ($1, $2, $3, $4, $5, $6), 值数量: 1
INFO:app.core.database:连接数据库: 172.16.10.196:5432/db_house
INFO:app.core.database:批量执行SQL完成
INFO:app.services.data_generator:表 oms_order_item 已插入剩余 1 条记录并缓存主键值
INFO:app.services.data_generator:依赖表 oms_order_item 生成完成，记录数: 1
INFO:app.services.data_generator:数据生成完成，总记录数: 7
INFO:app.services.data_generator:退出 generate_data_for_tables 方法
INFO:app.services.data_generator:开始 generate_data_for_tables 方法
INFO:app.services.data_generator:独立表（阶段1）: ['crawler_competitor_price', 'crm_customer', 'ext_market_trend']
INFO:app.services.data_generator:依赖表（阶段2）: ['oms_order', 'lms_shipment', 'fms_financial_transaction', 'oms_order_item']
INFO:app.services.data_generator:初始化数据库计数器
INFO:app.core.database:执行查询: SELECT MAX(id) FROM crawler_competitor_price, 参数: ()
INFO:app.core.database:连接数据库: 172.16.10.196:5432/db_house
INFO:app.core.database:查询执行成功
INFO:app.core.database:执行查询: SELECT MAX(id) FROM ext_market_trend, 参数: ()
INFO:app.core.database:连接数据库: 172.16.10.196:5432/db_house
INFO:app.core.database:查询执行成功
INFO:app.core.database:执行查询: SELECT MAX(id) FROM oms_order_item, 参数: ()
INFO:app.core.database:连接数据库: 172.16.10.196:5432/db_house
INFO:app.core.database:查询执行成功
INFO:app.services.data_generator:计数器初始化完成: {'crawler_competitor_price_id': 60, 'ext_market_trend_id': 60, 'oms_order_item_id': 60}
INFO:app.services.data_generator:开始处理日期: 2025-10-23
INFO:app.services.data_generator:当天计划生成记录数: 1
INFO:app.services.data_generator:已清空外键缓存
INFO:app.services.data_generator:=== 阶段1：生成独立表 ===
INFO:app.services.data_generator:开始为独立表 crawler_competitor_price 生成数据
INFO:app.core.database:批量执行SQL，查询: INSERT INTO crawler_competitor_price (id, crawl_time, platform, competitor_name, product_name, product_sku, price, promotion_info, is_in_stock) VALUES ($1, $2, $3, $4, $5, $6, $7, $8, $9), 值数量: 1
INFO:app.core.database:连接数据库: 172.16.10.196:5432/db_house
INFO:app.core.database:批量执行SQL完成
INFO:app.services.data_generator:表 crawler_competitor_price 已插入剩余 1 条记录并缓存主键值
INFO:app.services.data_generator:独立表 crawler_competitor_price 生成完成，记录数: 1
INFO:app.services.data_generator:开始为独立表 crm_customer 生成数据
INFO:app.core.database:批量执行SQL，查询: INSERT INTO crm_customer (customer_id, name, gender, phone, email, birthday, address, create_time, update_time, is_deleted) VALUES ($1, $2, $3, $4, $5, $6, $7, $8, $9, $10), 值数量: 1
INFO:app.core.database:连接数据库: 172.16.10.196:5432/db_house
INFO:app.core.database:批量执行SQL完成
INFO:app.services.data_generator:表 crm_customer 已插入剩余 1 条记录并缓存主键值
INFO:app.services.data_generator:独立表 crm_customer 生成完成，记录数: 1
INFO:app.services.data_generator:开始为独立表 ext_market_trend 生成数据
INFO:app.core.database:批量执行SQL，查询: INSERT INTO ext_market_trend (id, period, region, category, market_size, growth_rate, data_source) VALUES ($1, $2, $3, $4, $5, $6, $7), 值数量: 1
INFO:app.core.database:连接数据库: 172.16.10.196:5432/db_house
INFO:app.core.database:批量执行SQL完成
INFO:app.services.data_generator:表 ext_market_trend 已插入剩余 1 条记录并缓存主键值
INFO:app.services.data_generator:独立表 ext_market_trend 生成完成，记录数: 1
INFO:app.services.data_generator:=== 阶段2：生成依赖表 ===
INFO:app.services.data_generator:表依赖排序结果: ['oms_order', 'lms_shipment', 'fms_financial_transaction', 'oms_order_item']
INFO:app.services.data_generator:排序后的依赖表: ['oms_order', 'lms_shipment', 'fms_financial_transaction', 'oms_order_item']
INFO:app.services.data_generator:开始为依赖表 oms_order 生成数据
INFO:app.core.database:批量执行SQL，查询: INSERT INTO oms_order (order_id, order_channel, customer_code, order_amount, discount_amount, pay_amount, order_status, province, city, district, detail_address, order_time) VALUES ($1, $2, $3, $4, $5, $6, $7, $8, $9, $10, $11, $12), 值数量: 1
INFO:app.core.database:连接数据库: 172.16.10.196:5432/db_house
INFO:app.core.database:批量执行SQL完成
INFO:app.services.data_generator:表 oms_order 已插入剩余 1 条记录并缓存主键值
INFO:app.services.data_generator:依赖表 oms_order 生成完成，记录数: 1
INFO:app.services.data_generator:开始为依赖表 lms_shipment 生成数据
INFO:app.core.database:批量执行SQL，查询: INSERT INTO lms_shipment (shipment_id, order_id, carrier, sender_address, receiver_info, current_status, shipping_time, estimated_delivery, actual_delivery) VALUES ($1, $2, $3, $4, $5, $6, $7, $8, $9), 值数量: 1
INFO:app.core.database:连接数据库: 172.16.10.196:5432/db_house
INFO:app.core.database:批量执行SQL完成
INFO:app.services.data_generator:表 lms_shipment 已插入剩余 1 条记录并缓存主键值
INFO:app.services.data_generator:依赖表 lms_shipment 生成完成，记录数: 1
INFO:app.services.data_generator:开始为依赖表 fms_financial_transaction 生成数据
INFO:app.core.database:批量执行SQL，查询: INSERT INTO fms_financial_transaction (transaction_id, order_id, payment_method, transaction_type, transaction_amount, transaction_status, transaction_time) VALUES ($1, $2, $3, $4, $5, $6, $7), 值数量: 1
INFO:app.core.database:连接数据库: 172.16.10.196:5432/db_house
INFO:app.core.database:批量执行SQL完成
INFO:app.services.data_generator:表 fms_financial_transaction 已插入剩余 1 条记录并缓存主键值
INFO:app.services.data_generator:依赖表 fms_financial_transaction 生成完成，记录数: 1
INFO:app.services.data_generator:开始为依赖表 oms_order_item 生成数据
INFO:app.core.database:批量执行SQL，查询: INSERT INTO oms_order_item (id, order_id, product_sku, product_name, quantity, price) VALUES ($1, $2, $3, $4, $5, $6), 值数量: 1
INFO:app.core.database:连接数据库: 172.16.10.196:5432/db_house
INFO:app.core.database:批量执行SQL完成
INFO:app.services.data_generator:表 oms_order_item 已插入剩余 1 条记录并缓存主键值
INFO:app.services.data_generator:依赖表 oms_order_item 生成完成，记录数: 1
INFO:app.services.data_generator:数据生成完成，总记录数: 7
INFO:app.services.data_generator:退出 generate_data_for_tables 方法
INFO:app.services.data_generator:开始 generate_data_for_tables 方法
INFO:app.services.data_generator:独立表（阶段1）: ['crawler_competitor_price', 'crm_customer', 'ext_market_trend']
INFO:app.services.data_generator:依赖表（阶段2）: ['oms_order', 'lms_shipment', 'fms_financial_transaction', 'oms_order_item']
INFO:app.services.data_generator:初始化数据库计数器
INFO:app.core.database:执行查询: SELECT MAX(id) FROM crawler_competitor_price, 参数: ()
INFO:app.core.database:连接数据库: 172.16.10.196:5432/db_house
INFO:app.core.database:查询执行成功
INFO:app.core.database:执行查询: SELECT MAX(id) FROM ext_market_trend, 参数: ()
INFO:app.core.database:连接数据库: 172.16.10.196:5432/db_house
INFO:app.core.database:查询执行成功
INFO:app.core.database:执行查询: SELECT MAX(id) FROM oms_order_item, 参数: ()
INFO:app.core.database:连接数据库: 172.16.10.196:5432/db_house
INFO:app.core.database:查询执行成功
INFO:app.services.data_generator:计数器初始化完成: {'crawler_competitor_price_id': 61, 'ext_market_trend_id': 61, 'oms_order_item_id': 61}
INFO:app.services.data_generator:开始处理日期: 2025-10-23
INFO:app.services.data_generator:当天计划生成记录数: 1
INFO:app.services.data_generator:已清空外键缓存
INFO:app.services.data_generator:=== 阶段1：生成独立表 ===
INFO:app.services.data_generator:开始为独立表 crawler_competitor_price 生成数据
INFO:app.core.database:批量执行SQL，查询: INSERT INTO crawler_competitor_price (id, crawl_time, platform, competitor_name, product_name, product_sku, price, promotion_info, is_in_stock) VALUES ($1, $2, $3, $4, $5, $6, $7, $8, $9), 值数量: 1
INFO:app.core.database:连接数据库: 172.16.10.196:5432/db_house
INFO:app.core.database:批量执行SQL完成
INFO:app.services.data_generator:表 crawler_competitor_price 已插入剩余 1 条记录并缓存主键值
INFO:app.services.data_generator:独立表 crawler_competitor_price 生成完成，记录数: 1
INFO:app.services.data_generator:开始为独立表 crm_customer 生成数据
INFO:app.core.database:批量执行SQL，查询: INSERT INTO crm_customer (customer_id, name, gender, phone, email, birthday, address, create_time, update_time, is_deleted) VALUES ($1, $2, $3, $4, $5, $6, $7, $8, $9, $10), 值数量: 1
INFO:app.core.database:连接数据库: 172.16.10.196:5432/db_house
INFO:app.core.database:批量执行SQL完成
INFO:app.services.data_generator:表 crm_customer 已插入剩余 1 条记录并缓存主键值
INFO:app.services.data_generator:独立表 crm_customer 生成完成，记录数: 1
INFO:app.services.data_generator:开始为独立表 ext_market_trend 生成数据
INFO:app.core.database:批量执行SQL，查询: INSERT INTO ext_market_trend (id, period, region, category, market_size, growth_rate, data_source) VALUES ($1, $2, $3, $4, $5, $6, $7), 值数量: 1
INFO:app.core.database:连接数据库: 172.16.10.196:5432/db_house
INFO:app.core.database:批量执行SQL完成
INFO:app.services.data_generator:表 ext_market_trend 已插入剩余 1 条记录并缓存主键值
INFO:app.services.data_generator:独立表 ext_market_trend 生成完成，记录数: 1
INFO:app.services.data_generator:=== 阶段2：生成依赖表 ===
INFO:app.services.data_generator:表依赖排序结果: ['oms_order', 'lms_shipment', 'fms_financial_transaction', 'oms_order_item']
INFO:app.services.data_generator:排序后的依赖表: ['oms_order', 'lms_shipment', 'fms_financial_transaction', 'oms_order_item']
INFO:app.services.data_generator:开始为依赖表 oms_order 生成数据
INFO:app.core.database:批量执行SQL，查询: INSERT INTO oms_order (order_id, order_channel, customer_code, order_amount, discount_amount, pay_amount, order_status, province, city, district, detail_address, order_time) VALUES ($1, $2, $3, $4, $5, $6, $7, $8, $9, $10, $11, $12), 值数量: 1
INFO:app.core.database:连接数据库: 172.16.10.196:5432/db_house
INFO:app.core.database:批量执行SQL完成
INFO:app.services.data_generator:表 oms_order 已插入剩余 1 条记录并缓存主键值
INFO:app.services.data_generator:依赖表 oms_order 生成完成，记录数: 1
INFO:app.services.data_generator:开始为依赖表 lms_shipment 生成数据
INFO:app.core.database:批量执行SQL，查询: INSERT INTO lms_shipment (shipment_id, order_id, carrier, sender_address, receiver_info, current_status, shipping_time, estimated_delivery, actual_delivery) VALUES ($1, $2, $3, $4, $5, $6, $7, $8, $9), 值数量: 1
INFO:app.core.database:连接数据库: 172.16.10.196:5432/db_house
INFO:app.core.database:批量执行SQL完成
INFO:app.services.data_generator:表 lms_shipment 已插入剩余 1 条记录并缓存主键值
INFO:app.services.data_generator:依赖表 lms_shipment 生成完成，记录数: 1
INFO:app.services.data_generator:开始为依赖表 fms_financial_transaction 生成数据
INFO:app.core.database:批量执行SQL，查询: INSERT INTO fms_financial_transaction (transaction_id, order_id, payment_method, transaction_type, transaction_amount, transaction_status, transaction_time) VALUES ($1, $2, $3, $4, $5, $6, $7), 值数量: 1
INFO:app.core.database:连接数据库: 172.16.10.196:5432/db_house
INFO:app.core.database:批量执行SQL完成
INFO:app.services.data_generator:表 fms_financial_transaction 已插入剩余 1 条记录并缓存主键值
INFO:app.services.data_generator:依赖表 fms_financial_transaction 生成完成，记录数: 1
INFO:app.services.data_generator:开始为依赖表 oms_order_item 生成数据
INFO:app.core.database:批量执行SQL，查询: INSERT INTO oms_order_item (id, order_id, product_sku, product_name, quantity, price) VALUES ($1, $2, $3, $4, $5, $6), 值数量: 1
INFO:app.core.database:连接数据库: 172.16.10.196:5432/db_house
INFO:app.core.database:批量执行SQL完成
INFO:app.services.data_generator:表 oms_order_item 已插入剩余 1 条记录并缓存主键值
INFO:app.services.data_generator:依赖表 oms_order_item 生成完成，记录数: 1
INFO:app.services.data_generator:数据生成完成，总记录数: 7
INFO:app.services.data_generator:退出 generate_data_for_tables 方法
INFO:app.services.data_generator:开始 generate_data_for_tables 方法
INFO:app.services.data_generator:独立表（阶段1）: ['crawler_competitor_price', 'crm_customer', 'ext_market_trend']
INFO:app.services.data_generator:依赖表（阶段2）: ['oms_order', 'lms_shipment', 'fms_financial_transaction', 'oms_order_item']
INFO:app.services.data_generator:初始化数据库计数器
INFO:app.core.database:执行查询: SELECT MAX(id) FROM crawler_competitor_price, 参数: ()
INFO:app.core.database:连接数据库: 172.16.10.196:5432/db_house
INFO:app.core.database:查询执行成功
INFO:app.core.database:执行查询: SELECT MAX(id) FROM ext_market_trend, 参数: ()
INFO:app.core.database:连接数据库: 172.16.10.196:5432/db_house
INFO:app.core.database:查询执行成功
INFO:app.core.database:执行查询: SELECT MAX(id) FROM oms_order_item, 参数: ()
INFO:app.core.database:连接数据库: 172.16.10.196:5432/db_house
INFO:app.core.database:查询执行成功
INFO:app.services.data_generator:计数器初始化完成: {'crawler_competitor_price_id': 62, 'ext_market_trend_id': 62, 'oms_order_item_id': 62}
INFO:app.services.data_generator:开始处理日期: 2025-10-23
INFO:app.services.data_generator:当天计划生成记录数: 1
INFO:app.services.data_generator:已清空外键缓存
INFO:app.services.data_generator:=== 阶段1：生成独立表 ===
INFO:app.services.data_generator:开始为独立表 crawler_competitor_price 生成数据
INFO:app.core.database:批量执行SQL，查询: INSERT INTO crawler_competitor_price (id, crawl_time, platform, competitor_name, product_name, product_sku, price, promotion_info, is_in_stock) VALUES ($1, $2, $3, $4, $5, $6, $7, $8, $9), 值数量: 1
INFO:app.core.database:连接数据库: 172.16.10.196:5432/db_house
INFO:app.core.database:批量执行SQL完成
INFO:app.services.data_generator:表 crawler_competitor_price 已插入剩余 1 条记录并缓存主键值
INFO:app.services.data_generator:独立表 crawler_competitor_price 生成完成，记录数: 1
INFO:app.services.data_generator:开始为独立表 crm_customer 生成数据
INFO:app.core.database:批量执行SQL，查询: INSERT INTO crm_customer (customer_id, name, gender, phone, email, birthday, address, create_time, update_time, is_deleted) VALUES ($1, $2, $3, $4, $5, $6, $7, $8, $9, $10), 值数量: 1
INFO:app.core.database:连接数据库: 172.16.10.196:5432/db_house
INFO:app.core.database:批量执行SQL完成
INFO:app.services.data_generator:表 crm_customer 已插入剩余 1 条记录并缓存主键值
INFO:app.services.data_generator:独立表 crm_customer 生成完成，记录数: 1
INFO:app.services.data_generator:开始为独立表 ext_market_trend 生成数据
INFO:app.core.database:批量执行SQL，查询: INSERT INTO ext_market_trend (id, period, region, category, market_size, growth_rate, data_source) VALUES ($1, $2, $3, $4, $5, $6, $7), 值数量: 1
INFO:app.core.database:连接数据库: 172.16.10.196:5432/db_house
INFO:app.core.database:批量执行SQL完成
INFO:app.services.data_generator:表 ext_market_trend 已插入剩余 1 条记录并缓存主键值
INFO:app.services.data_generator:独立表 ext_market_trend 生成完成，记录数: 1
INFO:app.services.data_generator:=== 阶段2：生成依赖表 ===
INFO:app.services.data_generator:表依赖排序结果: ['oms_order', 'lms_shipment', 'fms_financial_transaction', 'oms_order_item']
INFO:app.services.data_generator:排序后的依赖表: ['oms_order', 'lms_shipment', 'fms_financial_transaction', 'oms_order_item']
INFO:app.services.data_generator:开始为依赖表 oms_order 生成数据
INFO:app.core.database:批量执行SQL，查询: INSERT INTO oms_order (order_id, order_channel, customer_code, order_amount, discount_amount, pay_amount, order_status, province, city, district, detail_address, order_time) VALUES ($1, $2, $3, $4, $5, $6, $7, $8, $9, $10, $11, $12), 值数量: 1
INFO:app.core.database:连接数据库: 172.16.10.196:5432/db_house
INFO:app.core.database:批量执行SQL完成
INFO:app.services.data_generator:表 oms_order 已插入剩余 1 条记录并缓存主键值
INFO:app.services.data_generator:依赖表 oms_order 生成完成，记录数: 1
INFO:app.services.data_generator:开始为依赖表 lms_shipment 生成数据
INFO:app.core.database:批量执行SQL，查询: INSERT INTO lms_shipment (shipment_id, order_id, carrier, sender_address, receiver_info, current_status, shipping_time, estimated_delivery, actual_delivery) VALUES ($1, $2, $3, $4, $5, $6, $7, $8, $9), 值数量: 1
INFO:app.core.database:连接数据库: 172.16.10.196:5432/db_house
INFO:app.core.database:批量执行SQL完成
INFO:app.services.data_generator:表 lms_shipment 已插入剩余 1 条记录并缓存主键值
INFO:app.services.data_generator:依赖表 lms_shipment 生成完成，记录数: 1
INFO:app.services.data_generator:开始为依赖表 fms_financial_transaction 生成数据
INFO:app.core.database:批量执行SQL，查询: INSERT INTO fms_financial_transaction (transaction_id, order_id, payment_method, transaction_type, transaction_amount, transaction_status, transaction_time) VALUES ($1, $2, $3, $4, $5, $6, $7), 值数量: 1
INFO:app.core.database:连接数据库: 172.16.10.196:5432/db_house
INFO:app.core.database:批量执行SQL完成
INFO:app.services.data_generator:表 fms_financial_transaction 已插入剩余 1 条记录并缓存主键值
INFO:app.services.data_generator:依赖表 fms_financial_transaction 生成完成，记录数: 1
INFO:app.services.data_generator:开始为依赖表 oms_order_item 生成数据
INFO:app.core.database:批量执行SQL，查询: INSERT INTO oms_order_item (id, order_id, product_sku, product_name, quantity, price) VALUES ($1, $2, $3, $4, $5, $6), 值数量: 1
INFO:app.core.database:连接数据库: 172.16.10.196:5432/db_house
INFO:app.core.database:批量执行SQL完成
INFO:app.services.data_generator:表 oms_order_item 已插入剩余 1 条记录并缓存主键值
INFO:app.services.data_generator:依赖表 oms_order_item 生成完成，记录数: 1
INFO:app.services.data_generator:数据生成完成，总记录数: 7
INFO:app.services.data_generator:退出 generate_data_for_tables 方法
INFO:app.services.data_generator:开始 generate_data_for_tables 方法
INFO:app.services.data_generator:独立表（阶段1）: ['crawler_competitor_price', 'crm_customer', 'ext_market_trend']
INFO:app.services.data_generator:依赖表（阶段2）: ['oms_order', 'lms_shipment', 'fms_financial_transaction', 'oms_order_item']
INFO:app.services.data_generator:初始化数据库计数器
INFO:app.core.database:执行查询: SELECT MAX(id) FROM crawler_competitor_price, 参数: ()
INFO:app.core.database:连接数据库: 172.16.10.196:5432/db_house
INFO:app.core.database:查询执行成功
INFO:app.core.database:执行查询: SELECT MAX(id) FROM ext_market_trend, 参数: ()
INFO:app.core.database:连接数据库: 172.16.10.196:5432/db_house
INFO:app.core.database:查询执行成功
INFO:app.core.database:执行查询: SELECT MAX(id) FROM oms_order_item, 参数: ()
INFO:app.core.database:连接数据库: 172.16.10.196:5432/db_house
INFO:app.core.database:查询执行成功
INFO:app.services.data_generator:计数器初始化完成: {'crawler_competitor_price_id': 63, 'ext_market_trend_id': 63, 'oms_order_item_id': 63}
INFO:app.services.data_generator:开始处理日期: 2025-10-23
INFO:app.services.data_generator:当天计划生成记录数: 1
INFO:app.services.data_generator:已清空外键缓存
INFO:app.services.data_generator:=== 阶段1：生成独立表 ===
INFO:app.services.data_generator:开始为独立表 crawler_competitor_price 生成数据
INFO:app.core.database:批量执行SQL，查询: INSERT INTO crawler_competitor_price (id, crawl_time, platform, competitor_name, product_name, product_sku, price, promotion_info, is_in_stock) VALUES ($1, $2, $3, $4, $5, $6, $7, $8, $9), 值数量: 1
INFO:app.core.database:连接数据库: 172.16.10.196:5432/db_house
INFO:app.core.database:批量执行SQL完成
INFO:app.services.data_generator:表 crawler_competitor_price 已插入剩余 1 条记录并缓存主键值
INFO:app.services.data_generator:独立表 crawler_competitor_price 生成完成，记录数: 1
INFO:app.services.data_generator:开始为独立表 crm_customer 生成数据
INFO:app.core.database:批量执行SQL，查询: INSERT INTO crm_customer (customer_id, name, gender, phone, email, birthday, address, create_time, update_time, is_deleted) VALUES ($1, $2, $3, $4, $5, $6, $7, $8, $9, $10), 值数量: 1
INFO:app.core.database:连接数据库: 172.16.10.196:5432/db_house
INFO:app.core.database:批量执行SQL完成
INFO:app.services.data_generator:表 crm_customer 已插入剩余 1 条记录并缓存主键值
INFO:app.services.data_generator:独立表 crm_customer 生成完成，记录数: 1
INFO:app.services.data_generator:开始为独立表 ext_market_trend 生成数据
INFO:app.core.database:批量执行SQL，查询: INSERT INTO ext_market_trend (id, period, region, category, market_size, growth_rate, data_source) VALUES ($1, $2, $3, $4, $5, $6, $7), 值数量: 1
INFO:app.core.database:连接数据库: 172.16.10.196:5432/db_house
INFO:app.core.database:批量执行SQL完成
INFO:app.services.data_generator:表 ext_market_trend 已插入剩余 1 条记录并缓存主键值
INFO:app.services.data_generator:独立表 ext_market_trend 生成完成，记录数: 1
INFO:app.services.data_generator:=== 阶段2：生成依赖表 ===
INFO:app.services.data_generator:表依赖排序结果: ['oms_order', 'lms_shipment', 'fms_financial_transaction', 'oms_order_item']
INFO:app.services.data_generator:排序后的依赖表: ['oms_order', 'lms_shipment', 'fms_financial_transaction', 'oms_order_item']
INFO:app.services.data_generator:开始为依赖表 oms_order 生成数据
INFO:app.core.database:批量执行SQL，查询: INSERT INTO oms_order (order_id, order_channel, customer_code, order_amount, discount_amount, pay_amount, order_status, province, city, district, detail_address, order_time) VALUES ($1, $2, $3, $4, $5, $6, $7, $8, $9, $10, $11, $12), 值数量: 1
INFO:app.core.database:连接数据库: 172.16.10.196:5432/db_house
INFO:app.core.database:批量执行SQL完成
INFO:app.services.data_generator:表 oms_order 已插入剩余 1 条记录并缓存主键值
INFO:app.services.data_generator:依赖表 oms_order 生成完成，记录数: 1
INFO:app.services.data_generator:开始为依赖表 lms_shipment 生成数据
INFO:app.core.database:批量执行SQL，查询: INSERT INTO lms_shipment (shipment_id, order_id, carrier, sender_address, receiver_info, current_status, shipping_time, estimated_delivery, actual_delivery) VALUES ($1, $2, $3, $4, $5, $6, $7, $8, $9), 值数量: 1
INFO:app.core.database:连接数据库: 172.16.10.196:5432/db_house
INFO:app.core.database:批量执行SQL完成
INFO:app.services.data_generator:表 lms_shipment 已插入剩余 1 条记录并缓存主键值
INFO:app.services.data_generator:依赖表 lms_shipment 生成完成，记录数: 1
INFO:app.services.data_generator:开始为依赖表 fms_financial_transaction 生成数据
INFO:app.core.database:批量执行SQL，查询: INSERT INTO fms_financial_transaction (transaction_id, order_id, payment_method, transaction_type, transaction_amount, transaction_status, transaction_time) VALUES ($1, $2, $3, $4, $5, $6, $7), 值数量: 1
INFO:app.core.database:连接数据库: 172.16.10.196:5432/db_house
INFO:app.core.database:批量执行SQL完成
INFO:app.services.data_generator:表 fms_financial_transaction 已插入剩余 1 条记录并缓存主键值
INFO:app.services.data_generator:依赖表 fms_financial_transaction 生成完成，记录数: 1
INFO:app.services.data_generator:开始为依赖表 oms_order_item 生成数据
INFO:app.core.database:批量执行SQL，查询: INSERT INTO oms_order_item (id, order_id, product_sku, product_name, quantity, price) VALUES ($1, $2, $3, $4, $5, $6), 值数量: 1
INFO:app.core.database:连接数据库: 172.16.10.196:5432/db_house
INFO:app.core.database:批量执行SQL完成
INFO:app.services.data_generator:表 oms_order_item 已插入剩余 1 条记录并缓存主键值
INFO:app.services.data_generator:依赖表 oms_order_item 生成完成，记录数: 1
INFO:app.services.data_generator:数据生成完成，总记录数: 7
INFO:app.services.data_generator:退出 generate_data_for_tables 方法
INFO:app.services.data_generator:开始 generate_data_for_tables 方法
INFO:app.services.data_generator:独立表（阶段1）: ['crawler_competitor_price', 'crm_customer', 'ext_market_trend']
INFO:app.services.data_generator:依赖表（阶段2）: ['oms_order', 'lms_shipment', 'fms_financial_transaction', 'oms_order_item']
INFO:app.services.data_generator:初始化数据库计数器
INFO:app.core.database:执行查询: SELECT MAX(id) FROM crawler_competitor_price, 参数: ()
INFO:app.core.database:连接数据库: 172.16.10.196:5432/db_house
INFO:app.core.database:查询执行成功
INFO:app.core.database:执行查询: SELECT MAX(id) FROM ext_market_trend, 参数: ()
INFO:app.core.database:连接数据库: 172.16.10.196:5432/db_house
INFO:app.core.database:查询执行成功
INFO:app.core.database:执行查询: SELECT MAX(id) FROM oms_order_item, 参数: ()
INFO:app.core.database:连接数据库: 172.16.10.196:5432/db_house
INFO:app.core.database:查询执行成功
INFO:app.services.data_generator:计数器初始化完成: {'crawler_competitor_price_id': 64, 'ext_market_trend_id': 64, 'oms_order_item_id': 64}
INFO:app.services.data_generator:开始处理日期: 2025-10-23
INFO:app.services.data_generator:当天计划生成记录数: 1
INFO:app.services.data_generator:已清空外键缓存
INFO:app.services.data_generator:=== 阶段1：生成独立表 ===
INFO:app.services.data_generator:开始为独立表 crawler_competitor_price 生成数据
INFO:app.core.database:批量执行SQL，查询: INSERT INTO crawler_competitor_price (id, crawl_time, platform, competitor_name, product_name, product_sku, price, promotion_info, is_in_stock) VALUES ($1, $2, $3, $4, $5, $6, $7, $8, $9), 值数量: 1
INFO:app.core.database:连接数据库: 172.16.10.196:5432/db_house
INFO:app.core.database:批量执行SQL完成
INFO:app.services.data_generator:表 crawler_competitor_price 已插入剩余 1 条记录并缓存主键值
INFO:app.services.data_generator:独立表 crawler_competitor_price 生成完成，记录数: 1
INFO:app.services.data_generator:开始为独立表 crm_customer 生成数据
INFO:app.core.database:批量执行SQL，查询: INSERT INTO crm_customer (customer_id, name, gender, phone, email, birthday, address, create_time, update_time, is_deleted) VALUES ($1, $2, $3, $4, $5, $6, $7, $8, $9, $10), 值数量: 1
INFO:app.core.database:连接数据库: 172.16.10.196:5432/db_house
INFO:app.core.database:批量执行SQL完成
INFO:app.services.data_generator:表 crm_customer 已插入剩余 1 条记录并缓存主键值
INFO:app.services.data_generator:独立表 crm_customer 生成完成，记录数: 1
INFO:app.services.data_generator:开始为独立表 ext_market_trend 生成数据
INFO:app.core.database:批量执行SQL，查询: INSERT INTO ext_market_trend (id, period, region, category, market_size, growth_rate, data_source) VALUES ($1, $2, $3, $4, $5, $6, $7), 值数量: 1
INFO:app.core.database:连接数据库: 172.16.10.196:5432/db_house
INFO:app.core.database:批量执行SQL完成
INFO:app.services.data_generator:表 ext_market_trend 已插入剩余 1 条记录并缓存主键值
INFO:app.services.data_generator:独立表 ext_market_trend 生成完成，记录数: 1
INFO:app.services.data_generator:=== 阶段2：生成依赖表 ===
INFO:app.services.data_generator:表依赖排序结果: ['oms_order', 'lms_shipment', 'fms_financial_transaction', 'oms_order_item']
INFO:app.services.data_generator:排序后的依赖表: ['oms_order', 'lms_shipment', 'fms_financial_transaction', 'oms_order_item']
INFO:app.services.data_generator:开始为依赖表 oms_order 生成数据
INFO:app.core.database:批量执行SQL，查询: INSERT INTO oms_order (order_id, order_channel, customer_code, order_amount, discount_amount, pay_amount, order_status, province, city, district, detail_address, order_time) VALUES ($1, $2, $3, $4, $5, $6, $7, $8, $9, $10, $11, $12), 值数量: 1
INFO:app.core.database:连接数据库: 172.16.10.196:5432/db_house
INFO:app.core.database:批量执行SQL完成
INFO:app.services.data_generator:表 oms_order 已插入剩余 1 条记录并缓存主键值
INFO:app.services.data_generator:依赖表 oms_order 生成完成，记录数: 1
INFO:app.services.data_generator:开始为依赖表 lms_shipment 生成数据
INFO:app.core.database:批量执行SQL，查询: INSERT INTO lms_shipment (shipment_id, order_id, carrier, sender_address, receiver_info, current_status, shipping_time, estimated_delivery, actual_delivery) VALUES ($1, $2, $3, $4, $5, $6, $7, $8, $9), 值数量: 1
INFO:app.core.database:连接数据库: 172.16.10.196:5432/db_house
INFO:app.core.database:批量执行SQL完成
INFO:app.services.data_generator:表 lms_shipment 已插入剩余 1 条记录并缓存主键值
INFO:app.services.data_generator:依赖表 lms_shipment 生成完成，记录数: 1
INFO:app.services.data_generator:开始为依赖表 fms_financial_transaction 生成数据
INFO:app.core.database:批量执行SQL，查询: INSERT INTO fms_financial_transaction (transaction_id, order_id, payment_method, transaction_type, transaction_amount, transaction_status, transaction_time) VALUES ($1, $2, $3, $4, $5, $6, $7), 值数量: 1
INFO:app.core.database:连接数据库: 172.16.10.196:5432/db_house
INFO:app.core.database:批量执行SQL完成
INFO:app.services.data_generator:表 fms_financial_transaction 已插入剩余 1 条记录并缓存主键值
INFO:app.services.data_generator:依赖表 fms_financial_transaction 生成完成，记录数: 1
INFO:app.services.data_generator:开始为依赖表 oms_order_item 生成数据
INFO:app.core.database:批量执行SQL，查询: INSERT INTO oms_order_item (id, order_id, product_sku, product_name, quantity, price) VALUES ($1, $2, $3, $4, $5, $6), 值数量: 1
INFO:app.core.database:连接数据库: 172.16.10.196:5432/db_house
INFO:app.core.database:批量执行SQL完成
INFO:app.services.data_generator:表 oms_order_item 已插入剩余 1 条记录并缓存主键值
INFO:app.services.data_generator:依赖表 oms_order_item 生成完成，记录数: 1
INFO:app.services.data_generator:数据生成完成，总记录数: 7
INFO:app.services.data_generator:退出 generate_data_for_tables 方法

[2025-10-23 16:32:18.077702] ✅ 第 32 批数据生成完成
[2025-10-23 16:32:18.077709] ⏱️ 等待 1 秒后继续...
[2025-10-23 16:32:19.078640] 📦 开始生成第 33 批数据...
[2025-10-23 16:32:20.417064] 📦 生成了 7 条记录
[2025-10-23 16:32:20.417076] ✅ 第 33 批数据生成完成
[2025-10-23 16:32:20.417079] ⏱️ 等待 1 秒后继续...
[2025-10-23 16:32:21.418225] 📦 开始生成第 34 批数据...
[2025-10-23 16:32:21.546259] 📦 生成了 7 条记录
[2025-10-23 16:32:21.546283] ✅ 第 34 批数据生成完成
[2025-10-23 16:32:21.546291] ⏱️ 等待 1 秒后继续...
[2025-10-23 16:32:22.547466] 📦 开始生成第 35 批数据...
[2025-10-23 16:32:23.610747] 📦 生成了 7 条记录
[2025-10-23 16:32:23.610806] ✅ 第 35 批数据生成完成
[2025-10-23 16:32:23.610812] ⏱️ 等待 1 秒后继续...
[2025-10-23 16:32:24.611729] 📦 开始生成第 36 批数据...
[2025-10-23 16:32:25.949924] 📦 生成了 7 条记录
[2025-10-23 16:32:25.949945] ✅ 第 36 批数据生成完成
[2025-10-23 16:32:25.949950] ⏱️ 等待 1 秒后继续...
[2025-10-23 16:32:26.951069] 📦 开始生成第 37 批数据...
[2025-10-23 16:32:27.712311] 📦 生成了 7 条记录
[2025-10-23 16:32:27.712327] ✅ 第 37 批数据生成完成
[2025-10-23 16:32:27.712330] ⏱️ 等待 1 秒后继续...
[2025-10-23 16:32:28.713434] 📦 开始生成第 38 批数据...
[2025-10-23 16:32:28.872457] 📦 生成了 7 条记录
[2025-10-23 16:32:28.872475] ✅ 第 38 批数据生成完成
[2025-10-23 16:32:28.872479] ⏱️ 等待 1 秒后继续...
[2025-10-23 16:32:29.873588] 📦 开始生成第 39 批数据...
[2025-10-23 16:32:31.888441] 📦 生成了 7 条记录
[2025-10-23 16:32:31.888459] ✅ 第 39 批数据生成完成
[2025-10-23 16:32:31.888464] ⏱️ 等待 1 秒后继续...
[2025-10-23 16:32:32.888884] 📦 开始生成第 40 批数据...
[2025-10-23 16:32:33.064219] 📦 生成了 7 条记录
[2025-10-23 16:32:33.064243] ✅ 第 40 批数据生成完成
[2025-10-23 16:32:33.064247] ⏱️ 等待 1 秒后继续...
[2025-10-23 16:32:34.065376] 📦 开始生成第 41 批数据...
[2025-10-23 16:32:34.611364] 📦 生成了 7 条记录
[2025-10-23 16:32:34.611386] ✅ 第 41 批数据生成完成
[2025-10-23 16:32:34.611391] ⏱️ 等待 1 秒后继续...
[2025-10-23 16:32:35.612544] 📦 开始生成第 42 批数据...
[2025-10-23 16:32:35.931668] 📦 生成了 7 条记录
[2025-10-23 16:32:35.931688] ✅ 第 42 批数据生成完成
[2025-10-23 16:32:35.931692] ⏱️ 等待 1 秒后继续...
[2025-10-23 16:32:36.932888] 📦 开始生成第 43 批数据...
[2025-10-23 16:32:37.492619] 📦 生成了 7 条记录
[2025-10-23 16:32:37.492641] ✅ 第 43 批数据生成完成
[2025-10-23 16:32:37.492649] ⏱️ 等待 1 秒后继续...
[2025-10-23 16:32:38.493816] 📦 开始生成第 44 批数据...
[2025-10-23 16:32:38.985708] 📦 生成了 7 条记录
[2025-10-23 16:32:38.985736] ✅ 第 44 批数据生成完成
[2025-10-23 16:32:38.985745] ⏱️ 等待 1 秒后继续...
[2025-10-23 16:32:39.986911] 📦 开始生成第 45 批数据...
[2025-10-23 16:32:40.383492] 📦 生成了 7 条记录
[2025-10-23 16:32:40.383508] ✅ 第 45 批数据生成完成
[2025-10-23 16:32:40.383512] ⏱️ 等待 1 秒后继续...
[2025-10-23 16:32:41.384673] 📦 开始生成第 46 批数据...
[2025-10-23 16:32:41.933925] 📦 生成了 7 条记录
[2025-10-23 16:32:41.933942] ✅ 第 46 批数据生成完成
[2025-10-23 16:32:41.933947] ⏱️ 等待 1 秒后继续...
[2025-10-23 16:32:42.935115] 📦 开始生成第 47 批数据...
[2025-10-23 16:32:43.609574] 📦 生成了 7 条记录
[2025-10-23 16:32:43.609599] ✅ 第 47 批数据生成完成
[2025-10-23 16:32:43.609607] ⏱️ 等待 1 秒后继续...
[2025-10-23 16:32:44.610513] 📦 开始生成第 48 批数据...
[2025-10-23 16:32:44.749797] 📦 生成了 7 条记录
[2025-10-23 16:32:44.749811] ✅ 第 48 批数据生成完成
[2025-10-23 16:32:44.749814] ⏱️ 等待 1 秒后继续...
[2025-10-23 16:32:45.750917] 📦 开始生成第 49 批数据...
[2025-10-23 16:32:46.916999] 📦 生成了 7 条记录
[2025-10-23 16:32:46.917014] ✅ 第 49 批数据生成完成
[2025-10-23 16:32:46.917019] ⏱️ 等待 1 秒后继续...
[2025-10-23 16:32:47.917708] 📦 开始生成第 50 批数据...
[2025-10-23 16:32:48.257722] 📦 生成了 7 条记录
[2025-10-23 16:32:48.257735] ✅ 第 50 批数据生成完成
[2025-10-23 16:32:48.257738] ⏱️ 等待 1 秒后继续...
[2025-10-23 16:32:49.258881] 📦 开始生成第 51 批数据...
[2025-10-23 16:32:49.392399] 📦 生成了 7 条记录
[2025-10-23 16:32:49.392422] ✅ 第 51 批数据生成完成
[2025-10-23 16:32:49.392429] ⏱️ 等待 1 秒后继续...
[2025-10-23 16:32:50.393587] 📦 开始生成第 52 批数据...
[2025-10-23 16:32:50.764773] 📦 生成了 7 条记录
[2025-10-23 16:32:50.764797] ✅ 第 52 批数据生成完成
[2025-10-23 16:32:50.764805] ⏱️ 等待 1 秒后继续...
[2025-10-23 16:32:51.765986] 📦 开始生成第 53 批数据...
[2025-10-23 16:32:52.384426] 📦 生成了 7 条记录
[2025-10-23 16:32:52.384439] ✅ 第 53 批数据生成完成
[2025-10-23 16:32:52.384442] ⏱️ 等待 1 秒后继续...
[2025-10-23 16:32:53.385115] 📦 开始生成第 54 批数据...
[2025-10-23 16:32:53.972014] 📦 生成了 7 条记录
[2025-10-23 16:32:53.972027] ✅ 第 54 批数据生成完成
[2025-10-23 16:32:53.972030] ⏱️ 等待 1 秒后继续...
[2025-10-23 16:32:54.973147] 📦 开始生成第 55 批数据...
[2025-10-23 16:32:56.004627] 📦 生成了 7 条记录
[2025-10-23 16:32:56.004645] ✅ 第 55 批数据生成完成
[2025-10-23 16:32:56.004648] ⏱️ 等待 1 秒后继续...
[2025-10-23 16:32:57.005795] 📦 开始生成第 56 批数据...
[2025-10-23 16:32:57.176237] 📦 生成了 7 条记录
[2025-10-23 16:32:57.176262] ✅ 第 56 批数据生成完成
[2025-10-23 16:32:57.176270] ⏱️ 等待 1 秒后继续...
[2025-10-23 16:32:58.177412] 📦 开始生成第 57 批数据...
[2025-10-23 16:32:58.787669] 📦 生成了 7 条记录
[2025-10-23 16:32:58.787698] ✅ 第 57 批数据生成完成
[2025-10-23 16:32:58.787706] ⏱️ 等待 1 秒后继续...
[2025-10-23 16:32:59.789202] 📦 开始生成第 58 批数据...
[2025-10-23 16:33:00.386982] 📦 生成了 7 条记录
[2025-10-23 16:33:00.387012] ✅ 第 58 批数据生成完成
[2025-10-23 16:33:00.387020] ⏱️ 等待 1 秒后继续...
[2025-10-23 16:33:01.388144] 📦 开始生成第 59 批数据...
[2025-10-23 16:33:02.066109] 📦 生成了 7 条记录
[2025-10-23 16:33:02.066137] ✅ 第 59 批数据生成完成
[2025-10-23 16:33:02.066145] ⏱️ 等待 1 秒后继续...
[2025-10-23 16:33:03.067264] 📦 开始生成第 60 批数据...
[2025-10-23 16:33:04.166513] 📦 生成了 7 条记录
[2025-10-23 16:33:04.166543] ✅ 第 60 批数据生成完成
[2025-10-23 16:33:04.166551] ⏱️ 等待 1 秒后继续...
[2025-10-23 16:33:05.167669] 📦 开始生成第 61 批数据...
[2025-10-23 16:33:05.675764] 📦 生成了 7 条记录
[2025-10-23 16:33:05.675787] ✅ 第 61 批数据生成完成
[2025-10-23 16:33:05.675794] ⏱️ 等待 1 秒后继续...
[2025-10-23 16:33:06.676942] 📦 开始生成第 62 批数据...
[2025-10-23 16:33:07.658216] 📦 生成了 7 条记录
[2025-10-23 16:33:07.658246] ✅ 第 62 批数据生成完成
[2025-10-23 16:33:07.658256] ⏱️ 等待 1 秒后继续...
[2025-10-23 16:33:08.658447] 📦 开始生成第 63 批数据...
[2025-10-23 16:33:08.788041] 📦 生成了 7 条记录
[2025-10-23 16:33:08.788067] ✅ 第 63 批数据生成完成
[2025-10-23 16:33:08.788076] ⏱️ 等待 1 秒后继续...
[2025-10-23 16:33:09.789110] 📦 开始生成第 64 批数据...
[2025-10-23 16:33:09.923116] 📦 生成了 7 条记录
[2025-10-23 16:33:09.923132] ✅ 第 64 批数据生成完成
[2025-10-23 16:33:09.923136] ⏱️ 等待 1 秒后继续...
[2025-10-23 16:33:10.923761] 📦 开始生成第 65 批数据...
[2025-10-23 16:33:11.284869] 📦 生成了 7 条记录
[2025-10-23 16:33:11.284885] ✅ 第 65 批数据生成完成
[2025-10-23 16:33:11.284888] ⏱️ 等待 1 秒后继续...INFO:app.services.data_generator:开始 generate_data_for_tables 方法
INFO:app.services.data_generator:独立表（阶段1）: ['crawler_competitor_price', 'crm_customer', 'ext_market_trend']
INFO:app.services.data_generator:依赖表（阶段2）: ['oms_order', 'lms_shipment', 'fms_financial_transaction', 'oms_order_item']
INFO:app.services.data_generator:初始化数据库计数器
INFO:app.core.database:执行查询: SELECT MAX(id) FROM crawler_competitor_price, 参数: ()
INFO:app.core.database:连接数据库: 172.16.10.196:5432/db_house
INFO:app.core.database:查询执行成功
INFO:app.core.database:执行查询: SELECT MAX(id) FROM ext_market_trend, 参数: ()
INFO:app.core.database:连接数据库: 172.16.10.196:5432/db_house
INFO:app.core.database:查询执行成功
INFO:app.core.database:执行查询: SELECT MAX(id) FROM oms_order_item, 参数: ()
INFO:app.core.database:连接数据库: 172.16.10.196:5432/db_house
INFO:app.core.database:查询执行成功
INFO:app.services.data_generator:计数器初始化完成: {'crawler_competitor_price_id': 65, 'ext_market_trend_id': 65, 'oms_order_item_id': 65}
INFO:app.services.data_generator:开始处理日期: 2025-10-23
INFO:app.services.data_generator:当天计划生成记录数: 1
INFO:app.services.data_generator:已清空外键缓存
INFO:app.services.data_generator:=== 阶段1：生成独立表 ===
INFO:app.services.data_generator:开始为独立表 crawler_competitor_price 生成数据
INFO:app.core.database:批量执行SQL，查询: INSERT INTO crawler_competitor_price (id, crawl_time, platform, competitor_name, product_name, product_sku, price, promotion_info, is_in_stock) VALUES ($1, $2, $3, $4, $5, $6, $7, $8, $9), 值数量: 1
INFO:app.core.database:连接数据库: 172.16.10.196:5432/db_house
INFO:app.core.database:批量执行SQL完成
INFO:app.services.data_generator:表 crawler_competitor_price 已插入剩余 1 条记录并缓存主键值
INFO:app.services.data_generator:独立表 crawler_competitor_price 生成完成，记录数: 1
INFO:app.services.data_generator:开始为独立表 crm_customer 生成数据
INFO:app.core.database:批量执行SQL，查询: INSERT INTO crm_customer (customer_id, name, gender, phone, email, birthday, address, create_time, update_time, is_deleted) VALUES ($1, $2, $3, $4, $5, $6, $7, $8, $9, $10), 值数量: 1
INFO:app.core.database:连接数据库: 172.16.10.196:5432/db_house
INFO:app.core.database:批量执行SQL完成
INFO:app.services.data_generator:表 crm_customer 已插入剩余 1 条记录并缓存主键值
INFO:app.services.data_generator:独立表 crm_customer 生成完成，记录数: 1
INFO:app.services.data_generator:开始为独立表 ext_market_trend 生成数据
INFO:app.core.database:批量执行SQL，查询: INSERT INTO ext_market_trend (id, period, region, category, market_size, growth_rate, data_source) VALUES ($1, $2, $3, $4, $5, $6, $7), 值数量: 1
INFO:app.core.database:连接数据库: 172.16.10.196:5432/db_house
INFO:app.core.database:批量执行SQL完成
INFO:app.services.data_generator:表 ext_market_trend 已插入剩余 1 条记录并缓存主键值
INFO:app.services.data_generator:独立表 ext_market_trend 生成完成，记录数: 1
INFO:app.services.data_generator:=== 阶段2：生成依赖表 ===
INFO:app.services.data_generator:表依赖排序结果: ['oms_order', 'lms_shipment', 'fms_financial_transaction', 'oms_order_item']
INFO:app.services.data_generator:排序后的依赖表: ['oms_order', 'lms_shipment', 'fms_financial_transaction', 'oms_order_item']
INFO:app.services.data_generator:开始为依赖表 oms_order 生成数据
INFO:app.core.database:批量执行SQL，查询: INSERT INTO oms_order (order_id, order_channel, customer_code, order_amount, discount_amount, pay_amount, order_status, province, city, district, detail_address, order_time) VALUES ($1, $2, $3, $4, $5, $6, $7, $8, $9, $10, $11, $12), 值数量: 1
INFO:app.core.database:连接数据库: 172.16.10.196:5432/db_house
INFO:app.core.database:批量执行SQL完成
INFO:app.services.data_generator:表 oms_order 已插入剩余 1 条记录并缓存主键值
INFO:app.services.data_generator:依赖表 oms_order 生成完成，记录数: 1
INFO:app.services.data_generator:开始为依赖表 lms_shipment 生成数据
INFO:app.core.database:批量执行SQL，查询: INSERT INTO lms_shipment (shipment_id, order_id, carrier, sender_address, receiver_info, current_status, shipping_time, estimated_delivery, actual_delivery) VALUES ($1, $2, $3, $4, $5, $6, $7, $8, $9), 值数量: 1
INFO:app.core.database:连接数据库: 172.16.10.196:5432/db_house
INFO:app.core.database:批量执行SQL完成
INFO:app.services.data_generator:表 lms_shipment 已插入剩余 1 条记录并缓存主键值
INFO:app.services.data_generator:依赖表 lms_shipment 生成完成，记录数: 1
INFO:app.services.data_generator:开始为依赖表 fms_financial_transaction 生成数据
INFO:app.core.database:批量执行SQL，查询: INSERT INTO fms_financial_transaction (transaction_id, order_id, payment_method, transaction_type, transaction_amount, transaction_status, transaction_time) VALUES ($1, $2, $3, $4, $5, $6, $7), 值数量: 1
INFO:app.core.database:连接数据库: 172.16.10.196:5432/db_house
INFO:app.core.database:批量执行SQL完成
INFO:app.services.data_generator:表 fms_financial_transaction 已插入剩余 1 条记录并缓存主键值
INFO:app.services.data_generator:依赖表 fms_financial_transaction 生成完成，记录数: 1
INFO:app.services.data_generator:开始为依赖表 oms_order_item 生成数据
INFO:app.core.database:批量执行SQL，查询: INSERT INTO oms_order_item (id, order_id, product_sku, product_name, quantity, price) VALUES ($1, $2, $3, $4, $5, $6), 值数量: 1
INFO:app.core.database:连接数据库: 172.16.10.196:5432/db_house
INFO:app.core.database:批量执行SQL完成
INFO:app.services.data_generator:表 oms_order_item 已插入剩余 1 条记录并缓存主键值
INFO:app.services.data_generator:依赖表 oms_order_item 生成完成，记录数: 1
INFO:app.services.data_generator:数据生成完成，总记录数: 7
INFO:app.services.data_generator:退出 generate_data_for_tables 方法
INFO:app.services.data_generator:开始 generate_data_for_tables 方法
INFO:app.services.data_generator:独立表（阶段1）: ['crawler_competitor_price', 'crm_customer', 'ext_market_trend']
INFO:app.services.data_generator:依赖表（阶段2）: ['oms_order', 'lms_shipment', 'fms_financial_transaction', 'oms_order_item']
INFO:app.services.data_generator:初始化数据库计数器
INFO:app.core.database:执行查询: SELECT MAX(id) FROM crawler_competitor_price, 参数: ()
INFO:app.core.database:连接数据库: 172.16.10.196:5432/db_house
INFO:app.core.database:查询执行成功
INFO:app.core.database:执行查询: SELECT MAX(id) FROM ext_market_trend, 参数: ()
INFO:app.core.database:连接数据库: 172.16.10.196:5432/db_house
INFO:app.core.database:查询执行成功
INFO:app.core.database:执行查询: SELECT MAX(id) FROM oms_order_item, 参数: ()
INFO:app.core.database:连接数据库: 172.16.10.196:5432/db_house
INFO:app.core.database:查询执行成功
INFO:app.services.data_generator:计数器初始化完成: {'crawler_competitor_price_id': 66, 'ext_market_trend_id': 66, 'oms_order_item_id': 66}
INFO:app.services.data_generator:开始处理日期: 2025-10-23
INFO:app.services.data_generator:当天计划生成记录数: 1
INFO:app.services.data_generator:已清空外键缓存
INFO:app.services.data_generator:=== 阶段1：生成独立表 ===
INFO:app.services.data_generator:开始为独立表 crawler_competitor_price 生成数据
INFO:app.core.database:批量执行SQL，查询: INSERT INTO crawler_competitor_price (id, crawl_time, platform, competitor_name, product_name, product_sku, price, promotion_info, is_in_stock) VALUES ($1, $2, $3, $4, $5, $6, $7, $8, $9), 值数量: 1
INFO:app.core.database:连接数据库: 172.16.10.196:5432/db_house
INFO:app.core.database:批量执行SQL完成
INFO:app.services.data_generator:表 crawler_competitor_price 已插入剩余 1 条记录并缓存主键值
INFO:app.services.data_generator:独立表 crawler_competitor_price 生成完成，记录数: 1
INFO:app.services.data_generator:开始为独立表 crm_customer 生成数据
INFO:app.core.database:批量执行SQL，查询: INSERT INTO crm_customer (customer_id, name, gender, phone, email, birthday, address, create_time, update_time, is_deleted) VALUES ($1, $2, $3, $4, $5, $6, $7, $8, $9, $10), 值数量: 1
INFO:app.core.database:连接数据库: 172.16.10.196:5432/db_house
INFO:app.core.database:批量执行SQL完成
INFO:app.services.data_generator:表 crm_customer 已插入剩余 1 条记录并缓存主键值
INFO:app.services.data_generator:独立表 crm_customer 生成完成，记录数: 1
INFO:app.services.data_generator:开始为独立表 ext_market_trend 生成数据
INFO:app.core.database:批量执行SQL，查询: INSERT INTO ext_market_trend (id, period, region, category, market_size, growth_rate, data_source) VALUES ($1, $2, $3, $4, $5, $6, $7), 值数量: 1
INFO:app.core.database:连接数据库: 172.16.10.196:5432/db_house
INFO:app.core.database:批量执行SQL完成
INFO:app.services.data_generator:表 ext_market_trend 已插入剩余 1 条记录并缓存主键值
INFO:app.services.data_generator:独立表 ext_market_trend 生成完成，记录数: 1
INFO:app.services.data_generator:=== 阶段2：生成依赖表 ===
INFO:app.services.data_generator:表依赖排序结果: ['oms_order', 'lms_shipment', 'fms_financial_transaction', 'oms_order_item']
INFO:app.services.data_generator:排序后的依赖表: ['oms_order', 'lms_shipment', 'fms_financial_transaction', 'oms_order_item']
INFO:app.services.data_generator:开始为依赖表 oms_order 生成数据
INFO:app.core.database:批量执行SQL，查询: INSERT INTO oms_order (order_id, order_channel, customer_code, order_amount, discount_amount, pay_amount, order_status, province, city, district, detail_address, order_time) VALUES ($1, $2, $3, $4, $5, $6, $7, $8, $9, $10, $11, $12), 值数量: 1
INFO:app.core.database:连接数据库: 172.16.10.196:5432/db_house
INFO:app.core.database:批量执行SQL完成
INFO:app.services.data_generator:表 oms_order 已插入剩余 1 条记录并缓存主键值
INFO:app.services.data_generator:依赖表 oms_order 生成完成，记录数: 1
INFO:app.services.data_generator:开始为依赖表 lms_shipment 生成数据
INFO:app.core.database:批量执行SQL，查询: INSERT INTO lms_shipment (shipment_id, order_id, carrier, sender_address, receiver_info, current_status, shipping_time, estimated_delivery, actual_delivery) VALUES ($1, $2, $3, $4, $5, $6, $7, $8, $9), 值数量: 1
INFO:app.core.database:连接数据库: 172.16.10.196:5432/db_house
INFO:app.core.database:批量执行SQL完成
INFO:app.services.data_generator:表 lms_shipment 已插入剩余 1 条记录并缓存主键值
INFO:app.services.data_generator:依赖表 lms_shipment 生成完成，记录数: 1
INFO:app.services.data_generator:开始为依赖表 fms_financial_transaction 生成数据
INFO:app.core.database:批量执行SQL，查询: INSERT INTO fms_financial_transaction (transaction_id, order_id, payment_method, transaction_type, transaction_amount, transaction_status, transaction_time) VALUES ($1, $2, $3, $4, $5, $6, $7), 值数量: 1
INFO:app.core.database:连接数据库: 172.16.10.196:5432/db_house
INFO:app.core.database:批量执行SQL完成
INFO:app.services.data_generator:表 fms_financial_transaction 已插入剩余 1 条记录并缓存主键值
INFO:app.services.data_generator:依赖表 fms_financial_transaction 生成完成，记录数: 1
INFO:app.services.data_generator:开始为依赖表 oms_order_item 生成数据
INFO:app.core.database:批量执行SQL，查询: INSERT INTO oms_order_item (id, order_id, product_sku, product_name, quantity, price) VALUES ($1, $2, $3, $4, $5, $6), 值数量: 1
INFO:app.core.database:连接数据库: 172.16.10.196:5432/db_house
INFO:app.core.database:批量执行SQL完成
INFO:app.services.data_generator:表 oms_order_item 已插入剩余 1 条记录并缓存主键值
INFO:app.services.data_generator:依赖表 oms_order_item 生成完成，记录数: 1
INFO:app.services.data_generator:数据生成完成，总记录数: 7
INFO:app.services.data_generator:退出 generate_data_for_tables 方法
INFO:app.services.data_generator:开始 generate_data_for_tables 方法
INFO:app.services.data_generator:独立表（阶段1）: ['crawler_competitor_price', 'crm_customer', 'ext_market_trend']
INFO:app.services.data_generator:依赖表（阶段2）: ['oms_order', 'lms_shipment', 'fms_financial_transaction', 'oms_order_item']
INFO:app.services.data_generator:初始化数据库计数器
INFO:app.core.database:执行查询: SELECT MAX(id) FROM crawler_competitor_price, 参数: ()
INFO:app.core.database:连接数据库: 172.16.10.196:5432/db_house
INFO:app.core.database:查询执行成功
INFO:app.core.database:执行查询: SELECT MAX(id) FROM ext_market_trend, 参数: ()
INFO:app.core.database:连接数据库: 172.16.10.196:5432/db_house
INFO:app.core.database:查询执行成功
INFO:app.core.database:执行查询: SELECT MAX(id) FROM oms_order_item, 参数: ()
INFO:app.core.database:连接数据库: 172.16.10.196:5432/db_house
INFO:app.core.database:查询执行成功
INFO:app.services.data_generator:计数器初始化完成: {'crawler_competitor_price_id': 67, 'ext_market_trend_id': 67, 'oms_order_item_id': 67}
INFO:app.services.data_generator:开始处理日期: 2025-10-23
INFO:app.services.data_generator:当天计划生成记录数: 1
INFO:app.services.data_generator:已清空外键缓存
INFO:app.services.data_generator:=== 阶段1：生成独立表 ===
INFO:app.services.data_generator:开始为独立表 crawler_competitor_price 生成数据
INFO:app.core.database:批量执行SQL，查询: INSERT INTO crawler_competitor_price (id, crawl_time, platform, competitor_name, product_name, product_sku, price, promotion_info, is_in_stock) VALUES ($1, $2, $3, $4, $5, $6, $7, $8, $9), 值数量: 1
INFO:app.core.database:连接数据库: 172.16.10.196:5432/db_house
INFO:app.core.database:批量执行SQL完成
INFO:app.services.data_generator:表 crawler_competitor_price 已插入剩余 1 条记录并缓存主键值
INFO:app.services.data_generator:独立表 crawler_competitor_price 生成完成，记录数: 1
INFO:app.services.data_generator:开始为独立表 crm_customer 生成数据
INFO:app.core.database:批量执行SQL，查询: INSERT INTO crm_customer (customer_id, name, gender, phone, email, birthday, address, create_time, update_time, is_deleted) VALUES ($1, $2, $3, $4, $5, $6, $7, $8, $9, $10), 值数量: 1
INFO:app.core.database:连接数据库: 172.16.10.196:5432/db_house
INFO:app.core.database:批量执行SQL完成
INFO:app.services.data_generator:表 crm_customer 已插入剩余 1 条记录并缓存主键值
INFO:app.services.data_generator:独立表 crm_customer 生成完成，记录数: 1
INFO:app.services.data_generator:开始为独立表 ext_market_trend 生成数据
INFO:app.core.database:批量执行SQL，查询: INSERT INTO ext_market_trend (id, period, region, category, market_size, growth_rate, data_source) VALUES ($1, $2, $3, $4, $5, $6, $7), 值数量: 1
INFO:app.core.database:连接数据库: 172.16.10.196:5432/db_house
INFO:app.core.database:批量执行SQL完成
INFO:app.services.data_generator:表 ext_market_trend 已插入剩余 1 条记录并缓存主键值
INFO:app.services.data_generator:独立表 ext_market_trend 生成完成，记录数: 1
INFO:app.services.data_generator:=== 阶段2：生成依赖表 ===
INFO:app.services.data_generator:表依赖排序结果: ['oms_order', 'lms_shipment', 'fms_financial_transaction', 'oms_order_item']
INFO:app.services.data_generator:排序后的依赖表: ['oms_order', 'lms_shipment', 'fms_financial_transaction', 'oms_order_item']
INFO:app.services.data_generator:开始为依赖表 oms_order 生成数据
INFO:app.core.database:批量执行SQL，查询: INSERT INTO oms_order (order_id, order_channel, customer_code, order_amount, discount_amount, pay_amount, order_status, province, city, district, detail_address, order_time) VALUES ($1, $2, $3, $4, $5, $6, $7, $8, $9, $10, $11, $12), 值数量: 1
INFO:app.core.database:连接数据库: 172.16.10.196:5432/db_house
INFO:app.core.database:批量执行SQL完成
INFO:app.services.data_generator:表 oms_order 已插入剩余 1 条记录并缓存主键值
INFO:app.services.data_generator:依赖表 oms_order 生成完成，记录数: 1
INFO:app.services.data_generator:开始为依赖表 lms_shipment 生成数据
INFO:app.core.database:批量执行SQL，查询: INSERT INTO lms_shipment (shipment_id, order_id, carrier, sender_address, receiver_info, current_status, shipping_time, estimated_delivery, actual_delivery) VALUES ($1, $2, $3, $4, $5, $6, $7, $8, $9), 值数量: 1
INFO:app.core.database:连接数据库: 172.16.10.196:5432/db_house
INFO:app.core.database:批量执行SQL完成
INFO:app.services.data_generator:表 lms_shipment 已插入剩余 1 条记录并缓存主键值
INFO:app.services.data_generator:依赖表 lms_shipment 生成完成，记录数: 1
INFO:app.services.data_generator:开始为依赖表 fms_financial_transaction 生成数据
INFO:app.core.database:批量执行SQL，查询: INSERT INTO fms_financial_transaction (transaction_id, order_id, payment_method, transaction_type, transaction_amount, transaction_status, transaction_time) VALUES ($1, $2, $3, $4, $5, $6, $7), 值数量: 1
INFO:app.core.database:连接数据库: 172.16.10.196:5432/db_house
INFO:app.core.database:批量执行SQL完成
INFO:app.services.data_generator:表 fms_financial_transaction 已插入剩余 1 条记录并缓存主键值
INFO:app.services.data_generator:依赖表 fms_financial_transaction 生成完成，记录数: 1
INFO:app.services.data_generator:开始为依赖表 oms_order_item 生成数据
INFO:app.core.database:批量执行SQL，查询: INSERT INTO oms_order_item (id, order_id, product_sku, product_name, quantity, price) VALUES ($1, $2, $3, $4, $5, $6), 值数量: 1
INFO:app.core.database:连接数据库: 172.16.10.196:5432/db_house
INFO:app.core.database:批量执行SQL完成
INFO:app.services.data_generator:表 oms_order_item 已插入剩余 1 条记录并缓存主键值
INFO:app.services.data_generator:依赖表 oms_order_item 生成完成，记录数: 1
INFO:app.services.data_generator:数据生成完成，总记录数: 7
INFO:app.services.data_generator:退出 generate_data_for_tables 方法
INFO:app.services.data_generator:开始 generate_data_for_tables 方法
INFO:app.services.data_generator:独立表（阶段1）: ['crawler_competitor_price', 'crm_customer', 'ext_market_trend']
INFO:app.services.data_generator:依赖表（阶段2）: ['oms_order', 'lms_shipment', 'fms_financial_transaction', 'oms_order_item']
INFO:app.services.data_generator:初始化数据库计数器
INFO:app.core.database:执行查询: SELECT MAX(id) FROM crawler_competitor_price, 参数: ()
INFO:app.core.database:连接数据库: 172.16.10.196:5432/db_house
INFO:app.core.database:查询执行成功
INFO:app.core.database:执行查询: SELECT MAX(id) FROM ext_market_trend, 参数: ()
INFO:app.core.database:连接数据库: 172.16.10.196:5432/db_house
INFO:app.core.database:查询执行成功
INFO:app.core.database:执行查询: SELECT MAX(id) FROM oms_order_item, 参数: ()
INFO:app.core.database:连接数据库: 172.16.10.196:5432/db_house
INFO:app.core.database:查询执行成功
INFO:app.services.data_generator:计数器初始化完成: {'crawler_competitor_price_id': 68, 'ext_market_trend_id': 68, 'oms_order_item_id': 68}
INFO:app.services.data_generator:开始处理日期: 2025-10-23
INFO:app.services.data_generator:当天计划生成记录数: 1
INFO:app.services.data_generator:已清空外键缓存
INFO:app.services.data_generator:=== 阶段1：生成独立表 ===
INFO:app.services.data_generator:开始为独立表 crawler_competitor_price 生成数据
INFO:app.core.database:批量执行SQL，查询: INSERT INTO crawler_competitor_price (id, crawl_time, platform, competitor_name, product_name, product_sku, price, promotion_info, is_in_stock) VALUES ($1, $2, $3, $4, $5, $6, $7, $8, $9), 值数量: 1
INFO:app.core.database:连接数据库: 172.16.10.196:5432/db_house
INFO:app.core.database:批量执行SQL完成
INFO:app.services.data_generator:表 crawler_competitor_price 已插入剩余 1 条记录并缓存主键值
INFO:app.services.data_generator:独立表 crawler_competitor_price 生成完成，记录数: 1
INFO:app.services.data_generator:开始为独立表 crm_customer 生成数据
INFO:app.core.database:批量执行SQL，查询: INSERT INTO crm_customer (customer_id, name, gender, phone, email, birthday, address, create_time, update_time, is_deleted) VALUES ($1, $2, $3, $4, $5, $6, $7, $8, $9, $10), 值数量: 1
INFO:app.core.database:连接数据库: 172.16.10.196:5432/db_house
INFO:app.core.database:批量执行SQL完成
INFO:app.services.data_generator:表 crm_customer 已插入剩余 1 条记录并缓存主键值
INFO:app.services.data_generator:独立表 crm_customer 生成完成，记录数: 1
INFO:app.services.data_generator:开始为独立表 ext_market_trend 生成数据
INFO:app.core.database:批量执行SQL，查询: INSERT INTO ext_market_trend (id, period, region, category, market_size, growth_rate, data_source) VALUES ($1, $2, $3, $4, $5, $6, $7), 值数量: 1
INFO:app.core.database:连接数据库: 172.16.10.196:5432/db_house
INFO:app.core.database:批量执行SQL完成
INFO:app.services.data_generator:表 ext_market_trend 已插入剩余 1 条记录并缓存主键值
INFO:app.services.data_generator:独立表 ext_market_trend 生成完成，记录数: 1
INFO:app.services.data_generator:=== 阶段2：生成依赖表 ===
INFO:app.services.data_generator:表依赖排序结果: ['oms_order', 'lms_shipment', 'fms_financial_transaction', 'oms_order_item']
INFO:app.services.data_generator:排序后的依赖表: ['oms_order', 'lms_shipment', 'fms_financial_transaction', 'oms_order_item']
INFO:app.services.data_generator:开始为依赖表 oms_order 生成数据
INFO:app.core.database:批量执行SQL，查询: INSERT INTO oms_order (order_id, order_channel, customer_code, order_amount, discount_amount, pay_amount, order_status, province, city, district, detail_address, order_time) VALUES ($1, $2, $3, $4, $5, $6, $7, $8, $9, $10, $11, $12), 值数量: 1
INFO:app.core.database:连接数据库: 172.16.10.196:5432/db_house
INFO:app.core.database:批量执行SQL完成
INFO:app.services.data_generator:表 oms_order 已插入剩余 1 条记录并缓存主键值
INFO:app.services.data_generator:依赖表 oms_order 生成完成，记录数: 1
INFO:app.services.data_generator:开始为依赖表 lms_shipment 生成数据
INFO:app.core.database:批量执行SQL，查询: INSERT INTO lms_shipment (shipment_id, order_id, carrier, sender_address, receiver_info, current_status, shipping_time, estimated_delivery, actual_delivery) VALUES ($1, $2, $3, $4, $5, $6, $7, $8, $9), 值数量: 1
INFO:app.core.database:连接数据库: 172.16.10.196:5432/db_house
INFO:app.core.database:批量执行SQL完成
INFO:app.services.data_generator:表 lms_shipment 已插入剩余 1 条记录并缓存主键值
INFO:app.services.data_generator:依赖表 lms_shipment 生成完成，记录数: 1
INFO:app.services.data_generator:开始为依赖表 fms_financial_transaction 生成数据
INFO:app.core.database:批量执行SQL，查询: INSERT INTO fms_financial_transaction (transaction_id, order_id, payment_method, transaction_type, transaction_amount, transaction_status, transaction_time) VALUES ($1, $2, $3, $4, $5, $6, $7), 值数量: 1
INFO:app.core.database:连接数据库: 172.16.10.196:5432/db_house
INFO:app.core.database:批量执行SQL完成
INFO:app.services.data_generator:表 fms_financial_transaction 已插入剩余 1 条记录并缓存主键值
INFO:app.services.data_generator:依赖表 fms_financial_transaction 生成完成，记录数: 1
INFO:app.services.data_generator:开始为依赖表 oms_order_item 生成数据
INFO:app.core.database:批量执行SQL，查询: INSERT INTO oms_order_item (id, order_id, product_sku, product_name, quantity, price) VALUES ($1, $2, $3, $4, $5, $6), 值数量: 1
INFO:app.core.database:连接数据库: 172.16.10.196:5432/db_house
INFO:app.core.database:批量执行SQL完成
INFO:app.services.data_generator:表 oms_order_item 已插入剩余 1 条记录并缓存主键值
INFO:app.services.data_generator:依赖表 oms_order_item 生成完成，记录数: 1
INFO:app.services.data_generator:数据生成完成，总记录数: 7
INFO:app.services.data_generator:退出 generate_data_for_tables 方法
INFO:app.services.data_generator:开始 generate_data_for_tables 方法
INFO:app.services.data_generator:独立表（阶段1）: ['crawler_competitor_price', 'crm_customer', 'ext_market_trend']
INFO:app.services.data_generator:依赖表（阶段2）: ['oms_order', 'lms_shipment', 'fms_financial_transaction', 'oms_order_item']
INFO:app.services.data_generator:初始化数据库计数器
INFO:app.core.database:执行查询: SELECT MAX(id) FROM crawler_competitor_price, 参数: ()
INFO:app.core.database:连接数据库: 172.16.10.196:5432/db_house
INFO:app.core.database:查询执行成功
INFO:app.core.database:执行查询: SELECT MAX(id) FROM ext_market_trend, 参数: ()
INFO:app.core.database:连接数据库: 172.16.10.196:5432/db_house
INFO:app.core.database:查询执行成功
INFO:app.core.database:执行查询: SELECT MAX(id) FROM oms_order_item, 参数: ()
INFO:app.core.database:连接数据库: 172.16.10.196:5432/db_house
INFO:app.core.database:查询执行成功
INFO:app.services.data_generator:计数器初始化完成: {'crawler_competitor_price_id': 79, 'ext_market_trend_id': 69, 'oms_order_item_id': 69}
INFO:app.services.data_generator:开始处理日期: 2025-10-23
INFO:app.services.data_generator:当天计划生成记录数: 1
INFO:app.services.data_generator:已清空外键缓存
INFO:app.services.data_generator:=== 阶段1：生成独立表 ===
INFO:app.services.data_generator:开始为独立表 crawler_competitor_price 生成数据
INFO:app.core.database:批量执行SQL，查询: INSERT INTO crawler_competitor_price (id, crawl_time, platform, competitor_name, product_name, product_sku, price, promotion_info, is_in_stock) VALUES ($1, $2, $3, $4, $5, $6, $7, $8, $9), 值数量: 1
INFO:app.core.database:连接数据库: 172.16.10.196:5432/db_house
INFO:app.core.database:批量执行SQL完成
INFO:app.services.data_generator:表 crawler_competitor_price 已插入剩余 1 条记录并缓存主键值
INFO:app.services.data_generator:独立表 crawler_competitor_price 生成完成，记录数: 1
INFO:app.services.data_generator:开始为独立表 crm_customer 生成数据
INFO:app.core.database:批量执行SQL，查询: INSERT INTO crm_customer (customer_id, name, gender, phone, email, birthday, address, create_time, update_time, is_deleted) VALUES ($1, $2, $3, $4, $5, $6, $7, $8, $9, $10), 值数量: 1
INFO:app.core.database:连接数据库: 172.16.10.196:5432/db_house
INFO:app.core.database:批量执行SQL完成
INFO:app.services.data_generator:表 crm_customer 已插入剩余 1 条记录并缓存主键值
INFO:app.services.data_generator:独立表 crm_customer 生成完成，记录数: 1
INFO:app.services.data_generator:开始为独立表 ext_market_trend 生成数据
INFO:app.core.database:批量执行SQL，查询: INSERT INTO ext_market_trend (id, period, region, category, market_size, growth_rate, data_source) VALUES ($1, $2, $3, $4, $5, $6, $7), 值数量: 1
INFO:app.core.database:连接数据库: 172.16.10.196:5432/db_house
INFO:app.core.database:批量执行SQL完成
INFO:app.services.data_generator:表 ext_market_trend 已插入剩余 1 条记录并缓存主键值
INFO:app.services.data_generator:独立表 ext_market_trend 生成完成，记录数: 1
INFO:app.services.data_generator:=== 阶段2：生成依赖表 ===
INFO:app.services.data_generator:表依赖排序结果: ['oms_order', 'lms_shipment', 'fms_financial_transaction', 'oms_order_item']
INFO:app.services.data_generator:排序后的依赖表: ['oms_order', 'lms_shipment', 'fms_financial_transaction', 'oms_order_item']
INFO:app.services.data_generator:开始为依赖表 oms_order 生成数据
INFO:app.core.database:批量执行SQL，查询: INSERT INTO oms_order (order_id, order_channel, customer_code, order_amount, discount_amount, pay_amount, order_status, province, city, district, detail_address, order_time) VALUES ($1, $2, $3, $4, $5, $6, $7, $8, $9, $10, $11, $12), 值数量: 1
INFO:app.core.database:连接数据库: 172.16.10.196:5432/db_house
INFO:app.core.database:批量执行SQL完成
INFO:app.services.data_generator:表 oms_order 已插入剩余 1 条记录并缓存主键值
INFO:app.services.data_generator:依赖表 oms_order 生成完成，记录数: 1
INFO:app.services.data_generator:开始为依赖表 lms_shipment 生成数据
INFO:app.core.database:批量执行SQL，查询: INSERT INTO lms_shipment (shipment_id, order_id, carrier, sender_address, receiver_info, current_status, shipping_time, estimated_delivery, actual_delivery) VALUES ($1, $2, $3, $4, $5, $6, $7, $8, $9), 值数量: 1
INFO:app.core.database:连接数据库: 172.16.10.196:5432/db_house
INFO:app.core.database:批量执行SQL完成
INFO:app.services.data_generator:表 lms_shipment 已插入剩余 1 条记录并缓存主键值
INFO:app.services.data_generator:依赖表 lms_shipment 生成完成，记录数: 1
INFO:app.services.data_generator:开始为依赖表 fms_financial_transaction 生成数据
INFO:app.core.database:批量执行SQL，查询: INSERT INTO fms_financial_transaction (transaction_id, order_id, payment_method, transaction_type, transaction_amount, transaction_status, transaction_time) VALUES ($1, $2, $3, $4, $5, $6, $7), 值数量: 1
INFO:app.core.database:连接数据库: 172.16.10.196:5432/db_house
INFO:app.core.database:批量执行SQL完成
INFO:app.services.data_generator:表 fms_financial_transaction 已插入剩余 1 条记录并缓存主键值
INFO:app.services.data_generator:依赖表 fms_financial_transaction 生成完成，记录数: 1
INFO:app.services.data_generator:开始为依赖表 oms_order_item 生成数据
INFO:app.core.database:批量执行SQL，查询: INSERT INTO oms_order_item (id, order_id, product_sku, product_name, quantity, price) VALUES ($1, $2, $3, $4, $5, $6), 值数量: 1
INFO:app.core.database:连接数据库: 172.16.10.196:5432/db_house
INFO:app.core.database:批量执行SQL完成
INFO:app.services.data_generator:表 oms_order_item 已插入剩余 1 条记录并缓存主键值
INFO:app.services.data_generator:依赖表 oms_order_item 生成完成，记录数: 1
INFO:app.services.data_generator:数据生成完成，总记录数: 7
INFO:app.services.data_generator:退出 generate_data_for_tables 方法
INFO:app.services.data_generator:开始 generate_data_for_tables 方法
INFO:app.services.data_generator:独立表（阶段1）: ['crawler_competitor_price', 'crm_customer', 'ext_market_trend']
INFO:app.services.data_generator:依赖表（阶段2）: ['oms_order', 'lms_shipment', 'fms_financial_transaction', 'oms_order_item']
INFO:app.services.data_generator:初始化数据库计数器
INFO:app.core.database:执行查询: SELECT MAX(id) FROM crawler_competitor_price, 参数: ()
INFO:app.core.database:连接数据库: 172.16.10.196:5432/db_house
INFO:app.core.database:查询执行成功
INFO:app.core.database:执行查询: SELECT MAX(id) FROM ext_market_trend, 参数: ()
INFO:app.core.database:连接数据库: 172.16.10.196:5432/db_house
INFO:app.core.database:查询执行成功
INFO:app.core.database:执行查询: SELECT MAX(id) FROM oms_order_item, 参数: ()
INFO:app.core.database:连接数据库: 172.16.10.196:5432/db_house
INFO:app.core.database:查询执行成功
INFO:app.services.data_generator:计数器初始化完成: {'crawler_competitor_price_id': 80, 'ext_market_trend_id': 70, 'oms_order_item_id': 70}
INFO:app.services.data_generator:开始处理日期: 2025-10-23
INFO:app.services.data_generator:当天计划生成记录数: 1
INFO:app.services.data_generator:已清空外键缓存
INFO:app.services.data_generator:=== 阶段1：生成独立表 ===
INFO:app.services.data_generator:开始为独立表 crawler_competitor_price 生成数据
INFO:app.core.database:批量执行SQL，查询: INSERT INTO crawler_competitor_price (id, crawl_time, platform, competitor_name, product_name, product_sku, price, promotion_info, is_in_stock) VALUES ($1, $2, $3, $4, $5, $6, $7, $8, $9), 值数量: 1
INFO:app.core.database:连接数据库: 172.16.10.196:5432/db_house
INFO:app.core.database:批量执行SQL完成
INFO:app.services.data_generator:表 crawler_competitor_price 已插入剩余 1 条记录并缓存主键值
INFO:app.services.data_generator:独立表 crawler_competitor_price 生成完成，记录数: 1
INFO:app.services.data_generator:开始为独立表 crm_customer 生成数据
INFO:app.core.database:批量执行SQL，查询: INSERT INTO crm_customer (customer_id, name, gender, phone, email, birthday, address, create_time, update_time, is_deleted) VALUES ($1, $2, $3, $4, $5, $6, $7, $8, $9, $10), 值数量: 1
INFO:app.core.database:连接数据库: 172.16.10.196:5432/db_house
INFO:app.core.database:批量执行SQL完成
INFO:app.services.data_generator:表 crm_customer 已插入剩余 1 条记录并缓存主键值
INFO:app.services.data_generator:独立表 crm_customer 生成完成，记录数: 1
INFO:app.services.data_generator:开始为独立表 ext_market_trend 生成数据
INFO:app.core.database:批量执行SQL，查询: INSERT INTO ext_market_trend (id, period, region, category, market_size, growth_rate, data_source) VALUES ($1, $2, $3, $4, $5, $6, $7), 值数量: 1
INFO:app.core.database:连接数据库: 172.16.10.196:5432/db_house
INFO:app.core.database:批量执行SQL完成
INFO:app.services.data_generator:表 ext_market_trend 已插入剩余 1 条记录并缓存主键值
INFO:app.services.data_generator:独立表 ext_market_trend 生成完成，记录数: 1
INFO:app.services.data_generator:=== 阶段2：生成依赖表 ===
INFO:app.services.data_generator:表依赖排序结果: ['oms_order', 'lms_shipment', 'fms_financial_transaction', 'oms_order_item']
INFO:app.services.data_generator:排序后的依赖表: ['oms_order', 'lms_shipment', 'fms_financial_transaction', 'oms_order_item']
INFO:app.services.data_generator:开始为依赖表 oms_order 生成数据
INFO:app.core.database:批量执行SQL，查询: INSERT INTO oms_order (order_id, order_channel, customer_code, order_amount, discount_amount, pay_amount, order_status, province, city, district, detail_address, order_time) VALUES ($1, $2, $3, $4, $5, $6, $7, $8, $9, $10, $11, $12), 值数量: 1
INFO:app.core.database:连接数据库: 172.16.10.196:5432/db_house
INFO:app.core.database:批量执行SQL完成
INFO:app.services.data_generator:表 oms_order 已插入剩余 1 条记录并缓存主键值
INFO:app.services.data_generator:依赖表 oms_order 生成完成，记录数: 1
INFO:app.services.data_generator:开始为依赖表 lms_shipment 生成数据
INFO:app.core.database:批量执行SQL，查询: INSERT INTO lms_shipment (shipment_id, order_id, carrier, sender_address, receiver_info, current_status, shipping_time, estimated_delivery, actual_delivery) VALUES ($1, $2, $3, $4, $5, $6, $7, $8, $9), 值数量: 1
INFO:app.core.database:连接数据库: 172.16.10.196:5432/db_house
INFO:app.core.database:批量执行SQL完成
INFO:app.services.data_generator:表 lms_shipment 已插入剩余 1 条记录并缓存主键值
INFO:app.services.data_generator:依赖表 lms_shipment 生成完成，记录数: 1
INFO:app.services.data_generator:开始为依赖表 fms_financial_transaction 生成数据
INFO:app.core.database:批量执行SQL，查询: INSERT INTO fms_financial_transaction (transaction_id, order_id, payment_method, transaction_type, transaction_amount, transaction_status, transaction_time) VALUES ($1, $2, $3, $4, $5, $6, $7), 值数量: 1
INFO:app.core.database:连接数据库: 172.16.10.196:5432/db_house
INFO:app.core.database:批量执行SQL完成
INFO:app.services.data_generator:表 fms_financial_transaction 已插入剩余 1 条记录并缓存主键值
INFO:app.services.data_generator:依赖表 fms_financial_transaction 生成完成，记录数: 1
INFO:app.services.data_generator:开始为依赖表 oms_order_item 生成数据
INFO:app.core.database:批量执行SQL，查询: INSERT INTO oms_order_item (id, order_id, product_sku, product_name, quantity, price) VALUES ($1, $2, $3, $4, $5, $6), 值数量: 1
INFO:app.core.database:连接数据库: 172.16.10.196:5432/db_house
INFO:app.core.database:批量执行SQL完成
INFO:app.services.data_generator:表 oms_order_item 已插入剩余 1 条记录并缓存主键值
INFO:app.services.data_generator:依赖表 oms_order_item 生成完成，记录数: 1
INFO:app.services.data_generator:数据生成完成，总记录数: 7
INFO:app.services.data_generator:退出 generate_data_for_tables 方法
INFO:app.core.database:数据库连接已关闭

[2025-10-23 16:33:12.286035] 📦 开始生成第 66 批数据...
[2025-10-23 16:33:12.572218] 📦 生成了 7 条记录
[2025-10-23 16:33:12.572235] ✅ 第 66 批数据生成完成
[2025-10-23 16:33:12.572239] ⏱️ 等待 1 秒后继续...
[2025-10-23 16:33:13.572463] 📦 开始生成第 67 批数据...
[2025-10-23 16:33:15.927893] 📦 生成了 7 条记录
[2025-10-23 16:33:15.927921] ✅ 第 67 批数据生成完成
[2025-10-23 16:33:15.927930] ⏱️ 等待 1 秒后继续...
[2025-10-23 16:33:16.928608] 📦 开始生成第 68 批数据...
[2025-10-23 16:33:17.120187] 📦 生成了 7 条记录
[2025-10-23 16:33:17.120209] ✅ 第 68 批数据生成完成
[2025-10-23 16:33:17.120216] ⏱️ 等待 1 秒后继续...
[2025-10-23 16:33:18.120750] 📦 开始生成第 69 批数据...
[2025-10-23 16:33:18.651424] 📦 生成了 7 条记录
[2025-10-23 16:33:18.651441] ✅ 第 69 批数据生成完成
[2025-10-23 16:33:18.651444] ⏱️ 等待 1 秒后继续...
[2025-10-23 16:33:19.652577] 📦 开始生成第 70 批数据...
[2025-10-23 16:33:19.786968] 📦 生成了 7 条记录
[2025-10-23 16:33:19.786995] ✅ 第 70 批数据生成完成
[2025-10-23 16:33:19.787003] ⏱️ 等待 1 秒后继续...
[2025-10-23 16:33:20.788155] 📦 开始生成第 71 批数据...

[2025-10-23 16:33:20.892626] 🛑 收到停止信号，正在关闭...
[2025-10-23 16:33:21.970333] 📦 生成了 7 条记录
[2025-10-23 16:33:21.970359] ✅ 第 71 批数据生成完成
[2025-10-23 16:33:21.970366] ⏱️ 等待 1 秒后继续...
[2025-10-23 16:33:21.970376] 🛑 持续数据生成服务已停止
[2025-10-23 16:33:21.975786] 🔌 已断开数据库连接
