INFO:app.core.database:连接数据库: 172.16.10.196:5432/db_house
INFO:app.core.database:数据库连接成功
INFO:app.services.data_generator:开始 generate_data_for_tables 方法
INFO:app.services.data_generator:独立表（阶段1）: ['oms_order', 'crawler_competitor_price', 'crm_customer', 'ext_market_trend']
INFO:app.services.data_generator:依赖表（阶段2）: ['lms_shipment', 'fms_financial_transaction', 'oms_order_item']
INFO:app.services.data_generator:初始化数据库计数器
INFO:app.core.database:执行查询: SELECT MAX(id) FROM crawler_competitor_price, 参数: ()
INFO:app.core.database:连接数据库: 172.16.10.196:5432/db_house
INFO:app.core.database:查询执行成功
INFO:app.core.database:执行查询: SELECT MAX(id) FROM ext_market_trend, 参数: ()
INFO:app.core.database:连接数据库: 172.16.10.196:5432/db_house
INFO:app.core.database:查询执行成功
INFO:app.core.database:执行查询: SELECT MAX(id) FROM oms_order_item, 参数: ()
INFO:app.core.database:连接数据库: 172.16.10.196:5432/db_house
INFO:app.core.database:查询执行成功
INFO:app.services.data_generator:计数器初始化完成: {'crawler_competitor_price_id': 30, 'ext_market_trend_id': 30, 'oms_order_item_id': 121}
INFO:app.services.data_generator:开始处理日期: 2025-10-15
INFO:app.services.data_generator:当天计划生成记录数: 1
INFO:app.services.data_generator:已清空外键缓存
INFO:app.services.data_generator:=== 阶段1：生成独立表 ===
INFO:app.services.data_generator:开始为独立表 oms_order 生成数据
INFO:app.core.database:批量执行SQL，查询: INSERT INTO oms_order (order_id, order_channel, customer_code, order_amount, discount_amount, pay_amount, order_status, province, city, district, detail_address, order_time) VALUES ($1, $2, $3, $4, $5, $6, $7, $8, $9, $10, $11, $12), 值数量: 1
INFO:app.core.database:连接数据库: 172.16.10.196:5432/db_house
INFO:app.core.database:批量执行SQL完成
INFO:app.services.data_generator:表 oms_order 已插入剩余 1 条记录并缓存主键值
INFO:app.services.data_generator:独立表 oms_order 生成完成，记录数: 1
INFO:app.services.data_generator:开始为独立表 crawler_competitor_price 生成数据
INFO:app.core.database:批量执行SQL，查询: INSERT INTO crawler_competitor_price (id, crawl_time, platform, competitor_name, product_name, product_sku, price, promotion_info, is_in_stock) VALUES ($1, $2, $3, $4, $5, $6, $7, $8, $9), 值数量: 1
INFO:app.core.database:连接数据库: 172.16.10.196:5432/db_house
INFO:app.core.database:批量执行SQL完成
INFO:app.services.data_generator:表 crawler_competitor_price 已插入剩余 1 条记录并缓存主键值
INFO:app.services.data_generator:独立表 crawler_competitor_price 生成完成，记录数: 1
INFO:app.services.data_generator:开始为独立表 crm_customer 生成数据
INFO:app.core.database:批量执行SQL，查询: INSERT INTO crm_customer (customer_id, name, gender, phone, email, birthday, address, create_time, update_time, is_deleted) VALUES ($1, $2, $3, $4, $5, $6, $7, $8, $9, $10), 值数量: 1
INFO:app.core.database:连接数据库: 172.16.10.196:5432/db_house
INFO:app.core.database:批量执行SQL完成
INFO:app.services.data_generator:表 crm_customer 已插入剩余 1 条记录并缓存主键值
INFO:app.services.data_generator:独立表 crm_customer 生成完成，记录数: 1
INFO:app.services.data_generator:开始为独立表 ext_market_trend 生成数据
INFO:app.core.database:批量执行SQL，查询: INSERT INTO ext_market_trend (id, period, region, category, market_size, growth_rate, data_source) VALUES ($1, $2, $3, $4, $5, $6, $7), 值数量: 1
INFO:app.core.database:连接数据库: 172.16.10.196:5432/db_house
INFO:app.core.database:批量执行SQL完成
INFO:app.services.data_generator:表 ext_market_trend 已插入剩余 1 条记录并缓存主键值
INFO:app.services.data_generator:独立表 ext_market_trend 生成完成，记录数: 1
INFO:app.services.data_generator:=== 阶段2：生成依赖表 ===
INFO:app.services.data_generator:表依赖排序结果: ['lms_shipment', 'fms_financial_transaction', 'oms_order_item']
INFO:app.services.data_generator:排序后的依赖表: ['lms_shipment', 'fms_financial_transaction', 'oms_order_item']
INFO:app.services.data_generator:开始为依赖表 lms_shipment 生成数据
INFO:app.core.database:批量执行SQL，查询: INSERT INTO lms_shipment (shipment_id, order_id, carrier, sender_address, receiver_info, current_status, shipping_time, estimated_delivery, actual_delivery) VALUES ($1, $2, $3, $4, $5, $6, $7, $8, $9), 值数量: 1
INFO:app.core.database:连接数据库: 172.16.10.196:5432/db_house
INFO:app.core.database:批量执行SQL完成
INFO:app.services.data_generator:表 lms_shipment 已插入剩余 1 条记录并缓存主键值
INFO:app.services.data_generator:依赖表 lms_shipment 生成完成，记录数: 1
INFO:app.services.data_generator:开始为依赖表 fms_financial_transaction 生成数据
INFO:app.core.database:批量执行SQL，查询: INSERT INTO fms_financial_transaction (transaction_id, order_id, payment_method, transaction_type, transaction_amount, transaction_status, transaction_time) VALUES ($1, $2, $3, $4, $5, $6, $7), 值数量: 1
INFO:app.core.database:连接数据库: 172.16.10.196:5432/db_house
INFO:app.core.database:批量执行SQL完成
INFO:app.services.data_generator:表 fms_financial_transaction 已插入剩余 1 条记录并缓存主键值
INFO:app.services.data_generator:依赖表 fms_financial_transaction 生成完成，记录数: 1
INFO:app.services.data_generator:开始为依赖表 oms_order_item 生成数据
INFO:app.core.database:批量执行SQL，查询: INSERT INTO oms_order_item (id, order_id, product_sku, product_name, quantity, price) VALUES ($1, $2, $3, $4, $5, $6), 值数量: 1
INFO:app.core.database:连接数据库: 172.16.10.196:5432/db_house
INFO:app.core.database:批量执行SQL完成
INFO:app.services.data_generator:表 oms_order_item 已插入剩余 1 条记录并缓存主键值
INFO:app.services.data_generator:依赖表 oms_order_item 生成完成，记录数: 1
INFO:app.services.data_generator:数据生成完成，总记录数: 7
INFO:app.services.data_generator:退出 generate_data_for_tables 方法
INFO:app.services.data_generator:开始 generate_data_for_tables 方法
INFO:app.services.data_generator:独立表（阶段1）: ['oms_order', 'crawler_competitor_price', 'crm_customer', 'ext_market_trend']
INFO:app.services.data_generator:依赖表（阶段2）: ['lms_shipment', 'fms_financial_transaction', 'oms_order_item']
INFO:app.services.data_generator:初始化数据库计数器
INFO:app.core.database:执行查询: SELECT MAX(id) FROM crawler_competitor_price, 参数: ()
INFO:app.core.database:连接数据库: 172.16.10.196:5432/db_house
INFO:app.core.database:查询执行成功
INFO:app.core.database:执行查询: SELECT MAX(id) FROM ext_market_trend, 参数: ()
INFO:app.core.database:连接数据库: 172.16.10.196:5432/db_house
INFO:app.core.database:查询执行成功
INFO:app.core.database:执行查询: SELECT MAX(id) FROM oms_order_item, 参数: ()
INFO:app.core.database:连接数据库: 172.16.10.196:5432/db_house
INFO:app.core.database:查询执行成功
INFO:app.services.data_generator:计数器初始化完成: {'crawler_competitor_price_id': 31, 'ext_market_trend_id': 31, 'oms_order_item_id': 122}
INFO:app.services.data_generator:开始处理日期: 2025-10-15
INFO:app.services.data_generator:当天计划生成记录数: 1
INFO:app.services.data_generator:已清空外键缓存
INFO:app.services.data_generator:=== 阶段1：生成独立表 ===
INFO:app.services.data_generator:开始为独立表 oms_order 生成数据
INFO:app.core.database:批量执行SQL，查询: INSERT INTO oms_order (order_id, order_channel, customer_code, order_amount, discount_amount, pay_amount, order_status, province, city, district, detail_address, order_time) VALUES ($1, $2, $3, $4, $5, $6, $7, $8, $9, $10, $11, $12), 值数量: 1
INFO:app.core.database:连接数据库: 172.16.10.196:5432/db_house
INFO:app.core.database:批量执行SQL完成
INFO:app.services.data_generator:表 oms_order 已插入剩余 1 条记录并缓存主键值
INFO:app.services.data_generator:独立表 oms_order 生成完成，记录数: 1
INFO:app.services.data_generator:开始为独立表 crawler_competitor_price 生成数据
INFO:app.core.database:批量执行SQL，查询: INSERT INTO crawler_competitor_price (id, crawl_time, platform, competitor_name, product_name, product_sku, price, promotion_info, is_in_stock) VALUES ($1, $2, $3, $4, $5, $6, $7, $8, $9), 值数量: 1
INFO:app.core.database:连接数据库: 172.16.10.196:5432/db_house
INFO:app.core.database:批量执行SQL完成
INFO:app.services.data_generator:表 crawler_competitor_price 已插入剩余 1 条记录并缓存主键值
INFO:app.services.data_generator:独立表 crawler_competitor_price 生成完成，记录数: 1
INFO:app.services.data_generator:开始为独立表 crm_customer 生成数据
INFO:app.core.database:批量执行SQL，查询: INSERT INTO crm_customer (customer_id, name, gender, phone, email, birthday, address, create_time, update_time, is_deleted) VALUES ($1, $2, $3, $4, $5, $6, $7, $8, $9, $10), 值数量: 1
INFO:app.core.database:连接数据库: 172.16.10.196:5432/db_house
INFO:app.core.database:批量执行SQL完成
INFO:app.services.data_generator:表 crm_customer 已插入剩余 1 条记录并缓存主键值
INFO:app.services.data_generator:独立表 crm_customer 生成完成，记录数: 1
INFO:app.services.data_generator:开始为独立表 ext_market_trend 生成数据
INFO:app.core.database:批量执行SQL，查询: INSERT INTO ext_market_trend (id, period, region, category, market_size, growth_rate, data_source) VALUES ($1, $2, $3, $4, $5, $6, $7), 值数量: 1
INFO:app.core.database:连接数据库: 172.16.10.196:5432/db_house
INFO:app.core.database:批量执行SQL完成
INFO:app.services.data_generator:表 ext_market_trend 已插入剩余 1 条记录并缓存主键值
INFO:app.services.data_generator:独立表 ext_market_trend 生成完成，记录数: 1
INFO:app.services.data_generator:=== 阶段2：生成依赖表 ===
INFO:app.services.data_generator:表依赖排序结果: ['lms_shipment', 'fms_financial_transaction', 'oms_order_item']
INFO:app.services.data_generator:排序后的依赖表: ['lms_shipment', 'fms_financial_transaction', 'oms_order_item']
INFO:app.services.data_generator:开始为依赖表 lms_shipment 生成数据
INFO:app.core.database:批量执行SQL，查询: INSERT INTO lms_shipment (shipment_id, order_id, carrier, sender_address, receiver_info, current_status, shipping_time, estimated_delivery, actual_delivery) VALUES ($1, $2, $3, $4, $5, $6, $7, $8, $9), 值数量: 1
INFO:app.core.database:连接数据库: 172.16.10.196:5432/db_house
INFO:app.core.database:批量执行SQL完成
INFO:app.services.data_generator:表 lms_shipment 已插入剩余 1 条记录并缓存主键值
INFO:app.services.data_generator:依赖表 lms_shipment 生成完成，记录数: 1
INFO:app.services.data_generator:开始为依赖表 fms_financial_transaction 生成数据
INFO:app.core.database:批量执行SQL，查询: INSERT INTO fms_financial_transaction (transaction_id, order_id, payment_method, transaction_type, transaction_amount, transaction_status, transaction_time) VALUES ($1, $2, $3, $4, $5, $6, $7), 值数量: 1
INFO:app.core.database:连接数据库: 172.16.10.196:5432/db_house
INFO:app.core.database:批量执行SQL完成
INFO:app.services.data_generator:表 fms_financial_transaction 已插入剩余 1 条记录并缓存主键值
INFO:app.services.data_generator:依赖表 fms_financial_transaction 生成完成，记录数: 1
INFO:app.services.data_generator:开始为依赖表 oms_order_item 生成数据
INFO:app.core.database:批量执行SQL，查询: INSERT INTO oms_order_item (id, order_id, product_sku, product_name, quantity, price) VALUES ($1, $2, $3, $4, $5, $6), 值数量: 1
INFO:app.core.database:连接数据库: 172.16.10.196:5432/db_house
INFO:app.core.database:批量执行SQL完成
INFO:app.services.data_generator:表 oms_order_item 已插入剩余 1 条记录并缓存主键值
INFO:app.services.data_generator:依赖表 oms_order_item 生成完成，记录数: 1
INFO:app.services.data_generator:数据生成完成，总记录数: 7
INFO:app.services.data_generator:退出 generate_data_for_tables 方法
INFO:app.services.data_generator:开始 generate_data_for_tables 方法
INFO:app.services.data_generator:独立表（阶段1）: ['oms_order', 'crawler_competitor_price', 'crm_customer', 'ext_market_trend']
INFO:app.services.data_generator:依赖表（阶段2）: ['lms_shipment', 'fms_financial_transaction', 'oms_order_item']
INFO:app.services.data_generator:初始化数据库计数器
INFO:app.core.database:执行查询: SELECT MAX(id) FROM crawler_competitor_price, 参数: ()
INFO:app.core.database:连接数据库: 172.16.10.196:5432/db_house
INFO:app.core.database:查询执行成功
INFO:app.core.database:执行查询: SELECT MAX(id) FROM ext_market_trend, 参数: ()
INFO:app.core.database:连接数据库: 172.16.10.196:5432/db_house
INFO:app.core.database:查询执行成功
INFO:app.core.database:执行查询: SELECT MAX(id) FROM oms_order_item, 参数: ()
INFO:app.core.database:连接数据库: 172.16.10.196:5432/db_house
INFO:app.core.database:查询执行成功
INFO:app.services.data_generator:计数器初始化完成: {'crawler_competitor_price_id': 32, 'ext_market_trend_id': 32, 'oms_order_item_id': 123}
INFO:app.services.data_generator:开始处理日期: 2025-10-15
INFO:app.services.data_generator:当天计划生成记录数: 1
INFO:app.services.data_generator:已清空外键缓存
INFO:app.services.data_generator:=== 阶段1：生成独立表 ===
INFO:app.services.data_generator:开始为独立表 oms_order 生成数据
INFO:app.core.database:批量执行SQL，查询: INSERT INTO oms_order (order_id, order_channel, customer_code, order_amount, discount_amount, pay_amount, order_status, province, city, district, detail_address, order_time) VALUES ($1, $2, $3, $4, $5, $6, $7, $8, $9, $10, $11, $12), 值数量: 1
INFO:app.core.database:连接数据库: 172.16.10.196:5432/db_house
INFO:app.core.database:批量执行SQL完成
INFO:app.services.data_generator:表 oms_order 已插入剩余 1 条记录并缓存主键值
INFO:app.services.data_generator:独立表 oms_order 生成完成，记录数: 1
INFO:app.services.data_generator:开始为独立表 crawler_competitor_price 生成数据
INFO:app.core.database:批量执行SQL，查询: INSERT INTO crawler_competitor_price (id, crawl_time, platform, competitor_name, product_name, product_sku, price, promotion_info, is_in_stock) VALUES ($1, $2, $3, $4, $5, $6, $7, $8, $9), 值数量: 1
INFO:app.core.database:连接数据库: 172.16.10.196:5432/db_house
INFO:app.core.database:批量执行SQL完成
INFO:app.services.data_generator:表 crawler_competitor_price 已插入剩余 1 条记录并缓存主键值
INFO:app.services.data_generator:独立表 crawler_competitor_price 生成完成，记录数: 1
INFO:app.services.data_generator:开始为独立表 crm_customer 生成数据
INFO:app.core.database:批量执行SQL，查询: INSERT INTO crm_customer (customer_id, name, gender, phone, email, birthday, address, create_time, update_time, is_deleted) VALUES ($1, $2, $3, $4, $5, $6, $7, $8, $9, $10), 值数量: 1
INFO:app.core.database:连接数据库: 172.16.10.196:5432/db_house
INFO:app.core.database:批量执行SQL完成
INFO:app.services.data_generator:表 crm_customer 已插入剩余 1 条记录并缓存主键值
INFO:app.services.data_generator:独立表 crm_customer 生成完成，记录数: 1
INFO:app.services.data_generator:开始为独立表 ext_market_trend 生成数据
INFO:app.core.database:批量执行SQL，查询: INSERT INTO ext_market_trend (id, period, region, category, market_size, growth_rate, data_source) VALUES ($1, $2, $3, $4, $5, $6, $7), 值数量: 1
INFO:app.core.database:连接数据库: 172.16.10.196:5432/db_house
INFO:app.core.database:批量执行SQL完成
INFO:app.services.data_generator:表 ext_market_trend 已插入剩余 1 条记录并缓存主键值
INFO:app.services.data_generator:独立表 ext_market_trend 生成完成，记录数: 1
INFO:app.services.data_generator:=== 阶段2：生成依赖表 ===
INFO:app.services.data_generator:表依赖排序结果: ['lms_shipment', 'fms_financial_transaction', 'oms_order_item']
INFO:app.services.data_generator:排序后的依赖表: ['lms_shipment', 'fms_financial_transaction', 'oms_order_item']
INFO:app.services.data_generator:开始为依赖表 lms_shipment 生成数据
INFO:app.core.database:批量执行SQL，查询: INSERT INTO lms_shipment (shipment_id, order_id, carrier, sender_address, receiver_info, current_status, shipping_time, estimated_delivery, actual_delivery) VALUES ($1, $2, $3, $4, $5, $6, $7, $8, $9), 值数量: 1
INFO:app.core.database:连接数据库: 172.16.10.196:5432/db_house
INFO:app.core.database:批量执行SQL完成
INFO:app.services.data_generator:表 lms_shipment 已插入剩余 1 条记录并缓存主键值
INFO:app.services.data_generator:依赖表 lms_shipment 生成完成，记录数: 1
INFO:app.services.data_generator:开始为依赖表 fms_financial_transaction 生成数据
INFO:app.core.database:批量执行SQL，查询: INSERT INTO fms_financial_transaction (transaction_id, order_id, payment_method, transaction_type, transaction_amount, transaction_status, transaction_time) VALUES ($1, $2, $3, $4, $5, $6, $7), 值数量: 1
INFO:app.core.database:连接数据库: 172.16.10.196:5432/db_house
INFO:app.core.database:批量执行SQL完成
INFO:app.services.data_generator:表 fms_financial_transaction 已插入剩余 1 条记录并缓存主键值
INFO:app.services.data_generator:依赖表 fms_financial_transaction 生成完成，记录数: 1
INFO:app.services.data_generator:开始为依赖表 oms_order_item 生成数据
INFO:app.core.database:批量执行SQL，查询: INSERT INTO oms_order_item (id, order_id, product_sku, product_name, quantity, price) VALUES ($1, $2, $3, $4, $5, $6), 值数量: 1
INFO:app.core.database:连接数据库: 172.16.10.196:5432/db_house
INFO:app.core.database:批量执行SQL完成
INFO:app.services.data_generator:表 oms_order_item 已插入剩余 1 条记录并缓存主键值
INFO:app.services.data_generator:依赖表 oms_order_item 生成完成，记录数: 1
INFO:app.services.data_generator:数据生成完成，总记录数: 7
INFO:app.services.data_generator:退出 generate_data_for_tables 方法
INFO:app.services.data_generator:开始 generate_data_for_tables 方法
INFO:app.services.data_generator:独立表（阶段1）: ['oms_order', 'crawler_competitor_price', 'crm_customer', 'ext_market_trend']
INFO:app.services.data_generator:依赖表（阶段2）: ['lms_shipment', 'fms_financial_transaction', 'oms_order_item']
INFO:app.services.data_generator:初始化数据库计数器
INFO:app.core.database:执行查询: SELECT MAX(id) FROM crawler_competitor_price, 参数: ()
INFO:app.core.database:连接数据库: 172.16.10.196:5432/db_house
INFO:app.core.database:查询执行成功
INFO:app.core.database:执行查询: SELECT MAX(id) FROM ext_market_trend, 参数: ()
INFO:app.core.database:连接数据库: 172.16.10.196:5432/db_house
INFO:app.core.database:查询执行成功
INFO:app.core.database:执行查询: SELECT MAX(id) FROM oms_order_item, 参数: ()
INFO:app.core.database:连接数据库: 172.16.10.196:5432/db_house
INFO:app.core.database:查询执行成功
INFO:app.services.data_generator:计数器初始化完成: {'crawler_competitor_price_id': 33, 'ext_market_trend_id': 33, 'oms_order_item_id': 124}
INFO:app.services.data_generator:开始处理日期: 2025-10-15
INFO:app.services.data_generator:当天计划生成记录数: 1
INFO:app.services.data_generator:已清空外键缓存
INFO:app.services.data_generator:=== 阶段1：生成独立表 ===
INFO:app.services.data_generator:开始为独立表 oms_order 生成数据
INFO:app.core.database:批量执行SQL，查询: INSERT INTO oms_order (order_id, order_channel, customer_code, order_amount, discount_amount, pay_amount, order_status, province, city, district, detail_address, order_time) VALUES ($1, $2, $3, $4, $5, $6, $7, $8, $9, $10, $11, $12), 值数量: 1
INFO:app.core.database:连接数据库: 172.16.10.196:5432/db_house
INFO:app.core.database:批量执行SQL完成
INFO:app.services.data_generator:表 oms_order 已插入剩余 1 条记录并缓存主键值
INFO:app.services.data_generator:独立表 oms_order 生成完成，记录数: 1
INFO:app.services.data_generator:开始为独立表 crawler_competitor_price 生成数据
INFO:app.core.database:批量执行SQL，查询: INSERT INTO crawler_competitor_price (id, crawl_time, platform, competitor_name, product_name, product_sku, price, promotion_info, is_in_stock) VALUES ($1, $2, $3, $4, $5, $6, $7, $8, $9), 值数量: 1
INFO:app.core.database:连接数据库: 172.16.10.196:5432/db_house
INFO:app.core.database:批量执行SQL完成
INFO:app.services.data_generator:表 crawler_competitor_price 已插入剩余 1 条记录并缓存主键值
INFO:app.services.data_generator:独立表 crawler_competitor_price 生成完成，记录数: 1
INFO:app.services.data_generator:开始为独立表 crm_customer 生成数据
INFO:app.core.database:批量执行SQL，查询: INSERT INTO crm_customer (customer_id, name, gender, phone, email, birthday, address, create_time, update_time, is_deleted) VALUES ($1, $2, $3, $4, $5, $6, $7, $8, $9, $10), 值数量: 1
INFO:app.core.database:连接数据库: 172.16.10.196:5432/db_house
INFO:app.core.database:批量执行SQL完成
INFO:app.services.data_generator:表 crm_customer 已插入剩余 1 条记录并缓存主键值
INFO:app.services.data_generator:独立表 crm_customer 生成完成，记录数: 1
INFO:app.services.data_generator:开始为独立表 ext_market_trend 生成数据
INFO:app.core.database:批量执行SQL，查询: INSERT INTO ext_market_trend (id, period, region, category, market_size, growth_rate, data_source) VALUES ($1, $2, $3, $4, $5, $6, $7), 值数量: 1
INFO:app.core.database:连接数据库: 172.16.10.196:5432/db_house
INFO:app.core.database:批量执行SQL完成
INFO:app.services.data_generator:表 ext_market_trend 已插入剩余 1 条记录并缓存主键值
INFO:app.services.data_generator:独立表 ext_market_trend 生成完成，记录数: 1
INFO:app.services.data_generator:=== 阶段2：生成依赖表 ===
INFO:app.services.data_generator:表依赖排序结果: ['lms_shipment', 'fms_financial_transaction', 'oms_order_item']
INFO:app.services.data_generator:排序后的依赖表: ['lms_shipment', 'fms_financial_transaction', 'oms_order_item']
INFO:app.services.data_generator:开始为依赖表 lms_shipment 生成数据
INFO:app.core.database:批量执行SQL，查询: INSERT INTO lms_shipment (shipment_id, order_id, carrier, sender_address, receiver_info, current_status, shipping_time, estimated_delivery, actual_delivery) VALUES ($1, $2, $3, $4, $5, $6, $7, $8, $9), 值数量: 1
INFO:app.core.database:连接数据库: 172.16.10.196:5432/db_house
INFO:app.core.database:批量执行SQL完成
INFO:app.services.data_generator:表 lms_shipment 已插入剩余 1 条记录并缓存主键值
INFO:app.services.data_generator:依赖表 lms_shipment 生成完成，记录数: 1
INFO:app.services.data_generator:开始为依赖表 fms_financial_transaction 生成数据
INFO:app.core.database:批量执行SQL，查询: INSERT INTO fms_financial_transaction (transaction_id, order_id, payment_method, transaction_type, transaction_amount, transaction_status, transaction_time) VALUES ($1, $2, $3, $4, $5, $6, $7), 值数量: 1
INFO:app.core.database:连接数据库: 172.16.10.196:5432/db_house
INFO:app.core.database:批量执行SQL完成
INFO:app.services.data_generator:表 fms_financial_transaction 已插入剩余 1 条记录并缓存主键值
INFO:app.services.data_generator:依赖表 fms_financial_transaction 生成完成，记录数: 1
INFO:app.services.data_generator:开始为依赖表 oms_order_item 生成数据
INFO:app.core.database:批量执行SQL，查询: INSERT INTO oms_order_item (id, order_id, product_sku, product_name, quantity, price) VALUES ($1, $2, $3, $4, $5, $6), 值数量: 1
INFO:app.core.database:连接数据库: 172.16.10.196:5432/db_house
INFO:app.core.database:批量执行SQL完成
INFO:app.services.data_generator:表 oms_order_item 已插入剩余 1 条记录并缓存主键值
INFO:app.services.data_generator:依赖表 oms_order_item 生成完成，记录数: 1
INFO:app.services.data_generator:数据生成完成，总记录数: 7
INFO:app.services.data_generator:退出 generate_data_for_tables 方法
INFO:app.services.data_generator:开始 generate_data_for_tables 方法
INFO:app.services.data_generator:独立表（阶段1）: ['oms_order', 'crawler_competitor_price', 'crm_customer', 'ext_market_trend']
INFO:app.services.data_generator:依赖表（阶段2）: ['lms_shipment', 'fms_financial_transaction', 'oms_order_item']
INFO:app.services.data_generator:初始化数据库计数器
INFO:app.core.database:执行查询: SELECT MAX(id) FROM crawler_competitor_price, 参数: ()
INFO:app.core.database:连接数据库: 172.16.10.196:5432/db_house
INFO:app.core.database:查询执行成功
INFO:app.core.database:执行查询: SELECT MAX(id) FROM ext_market_trend, 参数: ()
INFO:app.core.database:连接数据库: 172.16.10.196:5432/db_house
INFO:app.core.database:查询执行成功
INFO:app.core.database:执行查询: SELECT MAX(id) FROM oms_order_item, 参数: ()
INFO:app.core.database:连接数据库: 172.16.10.196:5432/db_house
INFO:app.core.database:查询执行成功
INFO:app.services.data_generator:计数器初始化完成: {'crawler_competitor_price_id': 34, 'ext_market_trend_id': 34, 'oms_order_item_id': 125}
INFO:app.services.data_generator:开始处理日期: 2025-10-15
INFO:app.services.data_generator:当天计划生成记录数: 1
INFO:app.services.data_generator:已清空外键缓存
INFO:app.services.data_generator:=== 阶段1：生成独立表 ===
INFO:app.services.data_generator:开始为独立表 oms_order 生成数据
INFO:app.core.database:批量执行SQL，查询: INSERT INTO oms_order (order_id, order_channel, customer_code, order_amount, discount_amount, pay_amount, order_status, province, city, district, detail_address, order_time) VALUES ($1, $2, $3, $4, $5, $6, $7, $8, $9, $10, $11, $12), 值数量: 1
INFO:app.core.database:连接数据库: 172.16.10.196:5432/db_house
INFO:app.core.database:批量执行SQL完成
INFO:app.services.data_generator:表 oms_order 已插入剩余 1 条记录并缓存主键值
INFO:app.services.data_generator:独立表 oms_order 生成完成，记录数: 1
INFO:app.services.data_generator:开始为独立表 crawler_competitor_price 生成数据
INFO:app.core.database:批量执行SQL，查询: INSERT INTO crawler_competitor_price (id, crawl_time, platform, competitor_name, product_name, product_sku, price, promotion_info, is_in_stock) VALUES ($1, $2, $3, $4, $5, $6, $7, $8, $9), 值数量: 1
INFO:app.core.database:连接数据库: 172.16.10.196:5432/db_house
INFO:app.core.database:批量执行SQL完成
INFO:app.services.data_generator:表 crawler_competitor_price 已插入剩余 1 条记录并缓存主键值
INFO:app.services.data_generator:独立表 crawler_competitor_price 生成完成，记录数: 1
INFO:app.services.data_generator:开始为独立表 crm_customer 生成数据
INFO:app.core.database:批量执行SQL，查询: INSERT INTO crm_customer (customer_id, name, gender, phone, email, birthday, address, create_time, update_time, is_deleted) VALUES ($1, $2, $3, $4, $5, $6, $7, $8, $9, $10), 值数量: 1
INFO:app.core.database:连接数据库: 172.16.10.196:5432/db_house
INFO:app.core.database:批量执行SQL完成
INFO:app.services.data_generator:表 crm_customer 已插入剩余 1 条记录并缓存主键值
INFO:app.services.data_generator:独立表 crm_customer 生成完成，记录数: 1
INFO:app.services.data_generator:开始为独立表 ext_market_trend 生成数据
INFO:app.core.database:批量执行SQL，查询: INSERT INTO ext_market_trend (id, period, region, category, market_size, growth_rate, data_source) VALUES ($1, $2, $3, $4, $5, $6, $7), 值数量: 1
INFO:app.core.database:连接数据库: 172.16.10.196:5432/db_house
INFO:app.core.database:批量执行SQL完成
INFO:app.services.data_generator:表 ext_market_trend 已插入剩余 1 条记录并缓存主键值
INFO:app.services.data_generator:独立表 ext_market_trend 生成完成，记录数: 1
INFO:app.services.data_generator:=== 阶段2：生成依赖表 ===
INFO:app.services.data_generator:表依赖排序结果: ['lms_shipment', 'fms_financial_transaction', 'oms_order_item']
INFO:app.services.data_generator:排序后的依赖表: ['lms_shipment', 'fms_financial_transaction', 'oms_order_item']
INFO:app.services.data_generator:开始为依赖表 lms_shipment 生成数据
INFO:app.core.database:批量执行SQL，查询: INSERT INTO lms_shipment (shipment_id, order_id, carrier, sender_address, receiver_info, current_status, shipping_time, estimated_delivery, actual_delivery) VALUES ($1, $2, $3, $4, $5, $6, $7, $8, $9), 值数量: 1
INFO:app.core.database:连接数据库: 172.16.10.196:5432/db_house
INFO:app.core.database:批量执行SQL完成
INFO:app.services.data_generator:表 lms_shipment 已插入剩余 1 条记录并缓存主键值
INFO:app.services.data_generator:依赖表 lms_shipment 生成完成，记录数: 1
INFO:app.services.data_generator:开始为依赖表 fms_financial_transaction 生成数据
INFO:app.core.database:批量执行SQL，查询: INSERT INTO fms_financial_transaction (transaction_id, order_id, payment_method, transaction_type, transaction_amount, transaction_status, transaction_time) VALUES ($1, $2, $3, $4, $5, $6, $7), 值数量: 1
INFO:app.core.database:连接数据库: 172.16.10.196:5432/db_house
INFO:app.core.database:批量执行SQL完成
INFO:app.services.data_generator:表 fms_financial_transaction 已插入剩余 1 条记录并缓存主键值
INFO:app.services.data_generator:依赖表 fms_financial_transaction 生成完成，记录数: 1
INFO:app.services.data_generator:开始为依赖表 oms_order_item 生成数据
INFO:app.core.database:批量执行SQL，查询: INSERT INTO oms_order_item (id, order_id, product_sku, product_name, quantity, price) VALUES ($1, $2, $3, $4, $5, $6), 值数量: 1
INFO:app.core.database:连接数据库: 172.16.10.196:5432/db_house
INFO:app.core.database:批量执行SQL完成
INFO:app.services.data_generator:表 oms_order_item 已插入剩余 1 条记录并缓存主键值
INFO:app.services.data_generator:依赖表 oms_order_item 生成完成，记录数: 1
INFO:app.services.data_generator:数据生成完成，总记录数: 7
INFO:app.services.data_generator:退出 generate_data_for_tables 方法
INFO:app.services.data_generator:开始 generate_data_for_tables 方法
INFO:app.services.data_generator:独立表（阶段1）: ['oms_order', 'crawler_competitor_price', 'crm_customer', 'ext_market_trend']
INFO:app.services.data_generator:依赖表（阶段2）: ['lms_shipment', 'fms_financial_transaction', 'oms_order_item']
INFO:app.services.data_generator:初始化数据库计数器
INFO:app.core.database:执行查询: SELECT MAX(id) FROM crawler_competitor_price, 参数: ()
INFO:app.core.database:连接数据库: 172.16.10.196:5432/db_house
INFO:app.core.database:查询执行成功
INFO:app.core.database:执行查询: SELECT MAX(id) FROM ext_market_trend, 参数: ()
INFO:app.core.database:连接数据库: 172.16.10.196:5432/db_house
INFO:app.core.database:查询执行成功
INFO:app.core.database:执行查询: SELECT MAX(id) FROM oms_order_item, 参数: ()
INFO:app.core.database:连接数据库: 172.16.10.196:5432/db_house
INFO:app.core.database:查询执行成功
INFO:app.services.data_generator:计数器初始化完成: {'crawler_competitor_price_id': 35, 'ext_market_trend_id': 35, 'oms_order_item_id': 126}
INFO:app.services.data_generator:开始处理日期: 2025-10-15
INFO:app.services.data_generator:当天计划生成记录数: 1
INFO:app.services.data_generator:已清空外键缓存
INFO:app.services.data_generator:=== 阶段1：生成独立表 ===
INFO:app.services.data_generator:开始为独立表 oms_order 生成数据
INFO:app.core.database:批量执行SQL，查询: INSERT INTO oms_order (order_id, order_channel, customer_code, order_amount, discount_amount, pay_amount, order_status, province, city, district, detail_address, order_time) VALUES ($1, $2, $3, $4, $5, $6, $7, $8, $9, $10, $11, $12), 值数量: 1
INFO:app.core.database:连接数据库: 172.16.10.196:5432/db_house
INFO:app.core.database:批量执行SQL完成
INFO:app.services.data_generator:表 oms_order 已插入剩余 1 条记录并缓存主键值
INFO:app.services.data_generator:独立表 oms_order 生成完成，记录数: 1
INFO:app.services.data_generator:开始为独立表 crawler_competitor_price 生成数据
INFO:app.core.database:批量执行SQL，查询: INSERT INTO crawler_competitor_price (id, crawl_time, platform, competitor_name, product_name, product_sku, price, promotion_info, is_in_stock) VALUES ($1, $2, $3, $4, $5, $6, $7, $8, $9), 值数量: 1
INFO:app.core.database:连接数据库: 172.16.10.196:5432/db_house
INFO:app.core.database:批量执行SQL完成
INFO:app.services.data_generator:表 crawler_competitor_price 已插入剩余 1 条记录并缓存主键值
INFO:app.services.data_generator:独立表 crawler_competitor_price 生成完成，记录数: 1
INFO:app.services.data_generator:开始为独立表 crm_customer 生成数据
INFO:app.core.database:批量执行SQL，查询: INSERT INTO crm_customer (customer_id, name, gender, phone, email, birthday, address, create_time, update_time, is_deleted) VALUES ($1, $2, $3, $4, $5, $6, $7, $8, $9, $10), 值数量: 1
INFO:app.core.database:连接数据库: 172.16.10.196:5432/db_house
INFO:app.core.database:批量执行SQL完成
INFO:app.services.data_generator:表 crm_customer 已插入剩余 1 条记录并缓存主键值
INFO:app.services.data_generator:独立表 crm_customer 生成完成，记录数: 1
INFO:app.services.data_generator:开始为独立表 ext_market_trend 生成数据
INFO:app.core.database:批量执行SQL，查询: INSERT INTO ext_market_trend (id, period, region, category, market_size, growth_rate, data_source) VALUES ($1, $2, $3, $4, $5, $6, $7), 值数量: 1
INFO:app.core.database:连接数据库: 172.16.10.196:5432/db_house
INFO:app.core.database:批量执行SQL完成
INFO:app.services.data_generator:表 ext_market_trend 已插入剩余 1 条记录并缓存主键值
INFO:app.services.data_generator:独立表 ext_market_trend 生成完成，记录数: 1
INFO:app.services.data_generator:=== 阶段2：生成依赖表 ===
INFO:app.services.data_generator:表依赖排序结果: ['lms_shipment', 'fms_financial_transaction', 'oms_order_item']
INFO:app.services.data_generator:排序后的依赖表: ['lms_shipment', 'fms_financial_transaction', 'oms_order_item']
INFO:app.services.data_generator:开始为依赖表 lms_shipment 生成数据
INFO:app.core.database:批量执行SQL，查询: INSERT INTO lms_shipment (shipment_id, order_id, carrier, sender_address, receiver_info, current_status, shipping_time, estimated_delivery, actual_delivery) VALUES ($1, $2, $3, $4, $5, $6, $7, $8, $9), 值数量: 1
INFO:app.core.database:连接数据库: 172.16.10.196:5432/db_house
INFO:app.core.database:批量执行SQL完成
INFO:app.services.data_generator:表 lms_shipment 已插入剩余 1 条记录并缓存主键值
INFO:app.services.data_generator:依赖表 lms_shipment 生成完成，记录数: 1
INFO:app.services.data_generator:开始为依赖表 fms_financial_transaction 生成数据
INFO:app.core.database:批量执行SQL，查询: INSERT INTO fms_financial_transaction (transaction_id, order_id, payment_method, transaction_type, transaction_amount, transaction_status, transaction_time) VALUES ($1, $2, $3, $4, $5, $6, $7), 值数量: 1
INFO:app.core.database:连接数据库: 172.16.10.196:5432/db_house
INFO:app.core.database:批量执行SQL完成
INFO:app.services.data_generator:表 fms_financial_transaction 已插入剩余 1 条记录并缓存主键值
INFO:app.services.data_generator:依赖表 fms_financial_transaction 生成完成，记录数: 1
INFO:app.services.data_generator:开始为依赖表 oms_order_item 生成数据
INFO:app.core.database:批量执行SQL，查询: INSERT INTO oms_order_item (id, order_id, product_sku, product_name, quantity, price) VALUES ($1, $2, $3, $4, $5, $6), 值数量: 1
INFO:app.core.database:连接数据库: 172.16.10.196:5432/db_house
INFO:app.core.database:批量执行SQL完成
INFO:app.services.data_generator:表 oms_order_item 已插入剩余 1 条记录并缓存主键值
INFO:app.services.data_generator:依赖表 oms_order_item 生成完成，记录数: 1
INFO:app.services.data_generator:数据生成完成，总记录数: 7
INFO:app.services.data_generator:退出 generate_data_for_tables 方法
INFO:app.services.data_generator:开始 generate_data_for_tables 方法
INFO:app.services.data_generator:独立表（阶段1）: ['oms_order', 'crawler_competitor_price', 'crm_customer', 'ext_market_trend']
INFO:app.services.data_generator:依赖表（阶段2）: ['lms_shipment', 'fms_financial_transaction', 'oms_order_item']
INFO:app.services.data_generator:初始化数据库计数器
INFO:app.core.database:执行查询: SELECT MAX(id) FROM crawler_competitor_price, 参数: ()
INFO:app.core.database:连接数据库: 172.16.10.196:5432/db_house
INFO:app.core.database:查询执行成功
INFO:app.core.database:执行查询: SELECT MAX(id) FROM ext_market_trend, 参数: ()
INFO:app.core.database:连接数据库: 172.16.10.196:5432/db_house
INFO:app.core.database:查询执行成功
INFO:app.core.database:执行查询: SELECT MAX(id) FROM oms_order_item, 参数: ()
INFO:app.core.database:连接数据库: 172.16.10.196:5432/db_house
INFO:app.core.database:查询执行成功
INFO:app.services.data_generator:计数器初始化完成: {'crawler_competitor_price_id': 36, 'ext_market_trend_id': 36, 'oms_order_item_id': 127}
INFO:app.services.data_generator:开始处理日期: 2025-10-15
INFO:app.services.data_generator:当天计划生成记录数: 1
INFO:app.services.data_generator:已清空外键缓存
INFO:app.services.data_generator:=== 阶段1：生成独立表 ===
INFO:app.services.data_generator:开始为独立表 oms_order 生成数据
INFO:app.core.database:批量执行SQL，查询: INSERT INTO oms_order (order_id, order_channel, customer_code, order_amount, discount_amount, pay_amount, order_status, province, city, district, detail_address, order_time) VALUES ($1, $2, $3, $4, $5, $6, $7, $8, $9, $10, $11, $12), 值数量: 1
INFO:app.core.database:连接数据库: 172.16.10.196:5432/db_house
INFO:app.core.database:批量执行SQL完成
INFO:app.services.data_generator:表 oms_order 已插入剩余 1 条记录并缓存主键值
INFO:app.services.data_generator:独立表 oms_order 生成完成，记录数: 1
INFO:app.services.data_generator:开始为独立表 crawler_competitor_price 生成数据
INFO:app.core.database:批量执行SQL，查询: INSERT INTO crawler_competitor_price (id, crawl_time, platform, competitor_name, product_name, product_sku, price, promotion_info, is_in_stock) VALUES ($1, $2, $3, $4, $5, $6, $7, $8, $9), 值数量: 1
INFO:app.core.database:连接数据库: 172.16.10.196:5432/db_house
INFO:app.core.database:批量执行SQL完成
INFO:app.services.data_generator:表 crawler_competitor_price 已插入剩余 1 条记录并缓存主键值
INFO:app.services.data_generator:独立表 crawler_competitor_price 生成完成，记录数: 1
INFO:app.services.data_generator:开始为独立表 crm_customer 生成数据
INFO:app.core.database:批量执行SQL，查询: INSERT INTO crm_customer (customer_id, name, gender, phone, email, birthday, address, create_time, update_time, is_deleted) VALUES ($1, $2, $3, $4, $5, $6, $7, $8, $9, $10), 值数量: 1
INFO:app.core.database:连接数据库: 172.16.10.196:5432/db_house
INFO:app.core.database:批量执行SQL完成
INFO:app.services.data_generator:表 crm_customer 已插入剩余 1 条记录并缓存主键值
INFO:app.services.data_generator:独立表 crm_customer 生成完成，记录数: 1
INFO:app.services.data_generator:开始为独立表 ext_market_trend 生成数据
INFO:app.core.database:批量执行SQL，查询: INSERT INTO ext_market_trend (id, period, region, category, market_size, growth_rate, data_source) VALUES ($1, $2, $3, $4, $5, $6, $7), 值数量: 1
INFO:app.core.database:连接数据库: 172.16.10.196:5432/db_house
INFO:app.core.database:批量执行SQL完成
INFO:app.services.data_generator:表 ext_market_trend 已插入剩余 1 条记录并缓存主键值
INFO:app.services.data_generator:独立表 ext_market_trend 生成完成，记录数: 1
INFO:app.services.data_generator:=== 阶段2：生成依赖表 ===
INFO:app.services.data_generator:表依赖排序结果: ['lms_shipment', 'fms_financial_transaction', 'oms_order_item']
INFO:app.services.data_generator:排序后的依赖表: ['lms_shipment', 'fms_financial_transaction', 'oms_order_item']
INFO:app.services.data_generator:开始为依赖表 lms_shipment 生成数据
INFO:app.core.database:批量执行SQL，查询: INSERT INTO lms_shipment (shipment_id, order_id, carrier, sender_address, receiver_info, current_status, shipping_time, estimated_delivery, actual_delivery) VALUES ($1, $2, $3, $4, $5, $6, $7, $8, $9), 值数量: 1
INFO:app.core.database:连接数据库: 172.16.10.196:5432/db_house
INFO:app.core.database:批量执行SQL完成
INFO:app.services.data_generator:表 lms_shipment 已插入剩余 1 条记录并缓存主键值
INFO:app.services.data_generator:依赖表 lms_shipment 生成完成，记录数: 1
INFO:app.services.data_generator:开始为依赖表 fms_financial_transaction 生成数据
INFO:app.core.database:批量执行SQL，查询: INSERT INTO fms_financial_transaction (transaction_id, order_id, payment_method, transaction_type, transaction_amount, transaction_status, transaction_time) VALUES ($1, $2, $3, $4, $5, $6, $7), 值数量: 1
INFO:app.core.database:连接数据库: 172.16.10.196:5432/db_house
INFO:app.core.database:批量执行SQL完成
INFO:app.services.data_generator:表 fms_financial_transaction 已插入剩余 1 条记录并缓存主键值
INFO:app.services.data_generator:依赖表 fms_financial_transaction 生成完成，记录数: 1
INFO:app.services.data_generator:开始为依赖表 oms_order_item 生成数据
INFO:app.core.database:批量执行SQL，查询: INSERT INTO oms_order_item (id, order_id, product_sku, product_name, quantity, price) VALUES ($1, $2, $3, $4, $5, $6), 值数量: 1
INFO:app.core.database:连接数据库: 172.16.10.196:5432/db_house
INFO:app.core.database:批量执行SQL完成
INFO:app.services.data_generator:表 oms_order_item 已插入剩余 1 条记录并缓存主键值
INFO:app.services.data_generator:依赖表 oms_order_item 生成完成，记录数: 1
INFO:app.services.data_generator:数据生成完成，总记录数: 7
INFO:app.services.data_generator:退出 generate_data_for_tables 方法
INFO:app.services.data_generator:开始 generate_data_for_tables 方法
INFO:app.services.data_generator:独立表（阶段1）: ['oms_order', 'crawler_competitor_price', 'crm_customer', 'ext_market_trend']
INFO:app.services.data_generator:依赖表（阶段2）: ['lms_shipment', 'fms_financial_transaction', 'oms_order_item']
INFO:app.services.data_generator:初始化数据库计数器
INFO:app.core.database:执行查询: SELECT MAX(id) FROM crawler_competitor_price, 参数: ()
INFO:app.core.database:连接数据库: 172.16.10.196:5432/db_house
INFO:app.core.database:查询执行成功
INFO:app.core.database:执行查询: SELECT MAX(id) FROM ext_market_trend, 参数: ()
INFO:app.core.database:连接数据库: 172.16.10.196:5432/db_house
INFO:app.core.database:查询执行成功
INFO:app.core.database:执行查询: SELECT MAX(id) FROM oms_order_item, 参数: ()
INFO:app.core.database:连接数据库: 172.16.10.196:5432/db_house
INFO:app.core.database:查询执行成功
INFO:app.services.data_generator:计数器初始化完成: {'crawler_competitor_price_id': 37, 'ext_market_trend_id': 37, 'oms_order_item_id': 128}
INFO:app.services.data_generator:开始处理日期: 2025-10-15
INFO:app.services.data_generator:当天计划生成记录数: 1
INFO:app.services.data_generator:已清空外键缓存
INFO:app.services.data_generator:=== 阶段1：生成独立表 ===
INFO:app.services.data_generator:开始为独立表 oms_order 生成数据
INFO:app.core.database:批量执行SQL，查询: INSERT INTO oms_order (order_id, order_channel, customer_code, order_amount, discount_amount, pay_amount, order_status, province, city, district, detail_address, order_time) VALUES ($1, $2, $3, $4, $5, $6, $7, $8, $9, $10, $11, $12), 值数量: 1
INFO:app.core.database:连接数据库: 172.16.10.196:5432/db_house
INFO:app.core.database:批量执行SQL完成
INFO:app.services.data_generator:表 oms_order 已插入剩余 1 条记录并缓存主键值
INFO:app.services.data_generator:独立表 oms_order 生成完成，记录数: 1
INFO:app.services.data_generator:开始为独立表 crawler_competitor_price 生成数据
INFO:app.core.database:批量执行SQL，查询: INSERT INTO crawler_competitor_price (id, crawl_time, platform, competitor_name, product_name, product_sku, price, promotion_info, is_in_stock) VALUES ($1, $2, $3, $4, $5, $6, $7, $8, $9), 值数量: 1
INFO:app.core.database:连接数据库: 172.16.10.196:5432/db_house
INFO:app.core.database:批量执行SQL完成
INFO:app.services.data_generator:表 crawler_competitor_price 已插入剩余 1 条记录并缓存主键值
INFO:app.services.data_generator:独立表 crawler_competitor_price 生成完成，记录数: 1
INFO:app.services.data_generator:开始为独立表 crm_customer 生成数据
INFO:app.core.database:批量执行SQL，查询: INSERT INTO crm_customer (customer_id, name, gender, phone, email, birthday, address, create_time, update_time, is_deleted) VALUES ($1, $2, $3, $4, $5, $6, $7, $8, $9, $10), 值数量: 1
INFO:app.core.database:连接数据库: 172.16.10.196:5432/db_house
INFO:app.core.database:批量执行SQL完成
INFO:app.services.data_generator:表 crm_customer 已插入剩余 1 条记录并缓存主键值
INFO:app.services.data_generator:独立表 crm_customer 生成完成，记录数: 1
INFO:app.services.data_generator:开始为独立表 ext_market_trend 生成数据
INFO:app.core.database:批量执行SQL，查询: INSERT INTO ext_market_trend (id, period, region, category, market_size, growth_rate, data_source) VALUES ($1, $2, $3, $4, $5, $6, $7), 值数量: 1
INFO:app.core.database:连接数据库: 172.16.10.196:5432/db_house
INFO:app.core.database:批量执行SQL完成
INFO:app.services.data_generator:表 ext_market_trend 已插入剩余 1 条记录并缓存主键值
INFO:app.services.data_generator:独立表 ext_market_trend 生成完成，记录数: 1
INFO:app.services.data_generator:=== 阶段2：生成依赖表 ===
INFO:app.services.data_generator:表依赖排序结果: ['lms_shipment', 'fms_financial_transaction', 'oms_order_item']
INFO:app.services.data_generator:排序后的依赖表: ['lms_shipment', 'fms_financial_transaction', 'oms_order_item']
INFO:app.services.data_generator:开始为依赖表 lms_shipment 生成数据
INFO:app.core.database:批量执行SQL，查询: INSERT INTO lms_shipment (shipment_id, order_id, carrier, sender_address, receiver_info, current_status, shipping_time, estimated_delivery, actual_delivery) VALUES ($1, $2, $3, $4, $5, $6, $7, $8, $9), 值数量: 1
INFO:app.core.database:连接数据库: 172.16.10.196:5432/db_house
INFO:app.core.database:批量执行SQL完成
INFO:app.services.data_generator:表 lms_shipment 已插入剩余 1 条记录并缓存主键值
INFO:app.services.data_generator:依赖表 lms_shipment 生成完成，记录数: 1
INFO:app.services.data_generator:开始为依赖表 fms_financial_transaction 生成数据
INFO:app.core.database:批量执行SQL，查询: INSERT INTO fms_financial_transaction (transaction_id, order_id, payment_method, transaction_type, transaction_amount, transaction_status, transaction_time) VALUES ($1, $2, $3, $4, $5, $6, $7), 值数量: 1
INFO:app.core.database:连接数据库: 172.16.10.196:5432/db_house
INFO:app.core.database:批量执行SQL完成
INFO:app.services.data_generator:表 fms_financial_transaction 已插入剩余 1 条记录并缓存主键值
INFO:app.services.data_generator:依赖表 fms_financial_transaction 生成完成，记录数: 1
INFO:app.services.data_generator:开始为依赖表 oms_order_item 生成数据
INFO:app.core.database:批量执行SQL，查询: INSERT INTO oms_order_item (id, order_id, product_sku, product_name, quantity, price) VALUES ($1, $2, $3, $4, $5, $6), 值数量: 1
INFO:app.core.database:连接数据库: 172.16.10.196:5432/db_house
INFO:app.core.database:批量执行SQL完成
INFO:app.services.data_generator:表 oms_order_item 已插入剩余 1 条记录并缓存主键值
INFO:app.services.data_generator:依赖表 oms_order_item 生成完成，记录数: 1
INFO:app.services.data_generator:数据生成完成，总记录数: 7
INFO:app.services.data_generator:退出 generate_data_for_tables 方法
INFO:app.services.data_generator:开始 generate_data_for_tables 方法
INFO:app.services.data_generator:独立表（阶段1）: ['oms_order', 'crawler_competitor_price', 'crm_customer', 'ext_market_trend']
INFO:app.services.data_generator:依赖表（阶段2）: ['lms_shipment', 'fms_financial_transaction', 'oms_order_item']
INFO:app.services.data_generator:初始化数据库计数器
INFO:app.core.database:执行查询: SELECT MAX(id) FROM crawler_competitor_price, 参数: ()
INFO:app.core.database:连接数据库: 172.16.10.196:5432/db_house
INFO:app.core.database:查询执行成功
INFO:app.core.database:执行查询: SELECT MAX(id) FROM ext_market_trend, 参数: ()
INFO:app.core.database:连接数据库: 172.16.10.196:5432/db_house
INFO:app.core.database:查询执行成功
INFO:app.core.database:执行查询: SELECT MAX(id) FROM oms_order_item, 参数: ()
INFO:app.core.database:连接数据库: 172.16.10.196:5432/db_house
INFO:app.core.database:查询执行成功
INFO:app.services.data_generator:计数器初始化完成: {'crawler_competitor_price_id': 38, 'ext_market_trend_id': 38, 'oms_order_item_id': 129}
INFO:app.services.data_generator:开始处理日期: 2025-10-15
INFO:app.services.data_generator:当天计划生成记录数: 1
INFO:app.services.data_generator:已清空外键缓存
INFO:app.services.data_generator:=== 阶段1：生成独立表 ===
INFO:app.services.data_generator:开始为独立表 oms_order 生成数据
INFO:app.core.database:批量执行SQL，查询: INSERT INTO oms_order (order_id, order_channel, customer_code, order_amount, discount_amount, pay_amount, order_status, province, city, district, detail_address, order_time) VALUES ($1, $2, $3, $4, $5, $6, $7, $8, $9, $10, $11, $12), 值数量: 1
INFO:app.core.database:连接数据库: 172.16.10.196:5432/db_house
INFO:app.core.database:批量执行SQL完成
INFO:app.services.data_generator:表 oms_order 已插入剩余 1 条记录并缓存主键值
INFO:app.services.data_generator:独立表 oms_order 生成完成，记录数: 1
INFO:app.services.data_generator:开始为独立表 crawler_competitor_price 生成数据
INFO:app.core.database:批量执行SQL，查询: INSERT INTO crawler_competitor_price (id, crawl_time, platform, competitor_name, product_name, product_sku, price, promotion_info, is_in_stock) VALUES ($1, $2, $3, $4, $5, $6, $7, $8, $9), 值数量: 1
INFO:app.core.database:连接数据库: 172.16.10.196:5432/db_house
INFO:app.core.database:批量执行SQL完成
INFO:app.services.data_generator:表 crawler_competitor_price 已插入剩余 1 条记录并缓存主键值
INFO:app.services.data_generator:独立表 crawler_competitor_price 生成完成，记录数: 1
INFO:app.services.data_generator:开始为独立表 crm_customer 生成数据
INFO:app.core.database:批量执行SQL，查询: INSERT INTO crm_customer (customer_id, name, gender, phone, email, birthday, address, create_time, update_time, is_deleted) VALUES ($1, $2, $3, $4, $5, $6, $7, $8, $9, $10), 值数量: 1
INFO:app.core.database:连接数据库: 172.16.10.196:5432/db_house
INFO:app.core.database:批量执行SQL完成
INFO:app.services.data_generator:表 crm_customer 已插入剩余 1 条记录并缓存主键值
INFO:app.services.data_generator:独立表 crm_customer 生成完成，记录数: 1
INFO:app.services.data_generator:开始为独立表 ext_market_trend 生成数据
INFO:app.core.database:批量执行SQL，查询: INSERT INTO ext_market_trend (id, period, region, category, market_size, growth_rate, data_source) VALUES ($1, $2, $3, $4, $5, $6, $7), 值数量: 1
INFO:app.core.database:连接数据库: 172.16.10.196:5432/db_house
INFO:app.core.database:批量执行SQL完成
INFO:app.services.data_generator:表 ext_market_trend 已插入剩余 1 条记录并缓存主键值
INFO:app.services.data_generator:独立表 ext_market_trend 生成完成，记录数: 1
INFO:app.services.data_generator:=== 阶段2：生成依赖表 ===
INFO:app.services.data_generator:表依赖排序结果: ['lms_shipment', 'fms_financial_transaction', 'oms_order_item']
INFO:app.services.data_generator:排序后的依赖表: ['lms_shipment', 'fms_financial_transaction', 'oms_order_item']
INFO:app.services.data_generator:开始为依赖表 lms_shipment 生成数据
INFO:app.core.database:批量执行SQL，查询: INSERT INTO lms_shipment (shipment_id, order_id, carrier, sender_address, receiver_info, current_status, shipping_time, estimated_delivery, actual_delivery) VALUES ($1, $2, $3, $4, $5, $6, $7, $8, $9), 值数量: 1
INFO:app.core.database:连接数据库: 172.16.10.196:5432/db_house
INFO:app.core.database:批量执行SQL完成
INFO:app.services.data_generator:表 lms_shipment 已插入剩余 1 条记录并缓存主键值
INFO:app.services.data_generator:依赖表 lms_shipment 生成完成，记录数: 1
INFO:app.services.data_generator:开始为依赖表 fms_financial_transaction 生成数据
INFO:app.core.database:批量执行SQL，查询: INSERT INTO fms_financial_transaction (transaction_id, order_id, payment_method, transaction_type, transaction_amount, transaction_status, transaction_time) VALUES ($1, $2, $3, $4, $5, $6, $7), 值数量: 1
INFO:app.core.database:连接数据库: 172.16.10.196:5432/db_house
INFO:app.core.database:批量执行SQL完成
INFO:app.services.data_generator:表 fms_financial_transaction 已插入剩余 1 条记录并缓存主键值
INFO:app.services.data_generator:依赖表 fms_financial_transaction 生成完成，记录数: 1
INFO:app.services.data_generator:开始为依赖表 oms_order_item 生成数据
INFO:app.core.database:批量执行SQL，查询: INSERT INTO oms_order_item (id, order_id, product_sku, product_name, quantity, price) VALUES ($1, $2, $3, $4, $5, $6), 值数量: 1
INFO:app.core.database:连接数据库: 172.16.10.196:5432/db_house
INFO:app.core.database:批量执行SQL完成
INFO:app.services.data_generator:表 oms_order_item 已插入剩余 1 条记录并缓存主键值
INFO:app.services.data_generator:依赖表 oms_order_item 生成完成，记录数: 1
INFO:app.services.data_generator:数据生成完成，总记录数: 7
INFO:app.services.data_generator:退出 generate_data_for_tables 方法
INFO:app.services.data_generator:开始 generate_data_for_tables 方法
INFO:app.services.data_generator:独立表（阶段1）: ['oms_order', 'crawler_competitor_price', 'crm_customer', 'ext_market_trend']
INFO:app.services.data_generator:依赖表（阶段2）: ['lms_shipment', 'fms_financial_transaction', 'oms_order_item']
INFO:app.services.data_generator:初始化数据库计数器
INFO:app.core.database:执行查询: SELECT MAX(id) FROM crawler_competitor_price, 参数: ()
INFO:app.core.database:连接数据库: 172.16.10.196:5432/db_house
INFO:app.core.database:查询执行成功
INFO:app.core.database:执行查询: SELECT MAX(id) FROM ext_market_trend, 参数: ()
INFO:app.core.database:连接数据库: 172.16.10.196:5432/db_house
INFO:app.core.database:查询执行成功
INFO:app.core.database:执行查询: SELECT MAX(id) FROM oms_order_item, 参数: ()
INFO:app.core.database:连接数据库: 172.16.10.196:5432/db_house
INFO:app.core.database:查询执行成功
INFO:app.services.data_generator:计数器初始化完成: {'crawler_competitor_price_id': 39, 'ext_market_trend_id': 39, 'oms_order_item_id': 130}
INFO:app.services.data_generator:开始处理日期: 2025-10-15
INFO:app.services.data_generator:当天计划生成记录数: 1
INFO:app.services.data_generator:已清空外键缓存
INFO:app.services.data_generator:=== 阶段1：生成独立表 ===
INFO:app.services.data_generator:开始为独立表 oms_order 生成数据
INFO:app.core.database:批量执行SQL，查询: INSERT INTO oms_order (order_id, order_channel, customer_code, order_amount, discount_amount, pay_amount, order_status, province, city, district, detail_address, order_time) VALUES ($1, $2, $3, $4, $5, $6, $7, $8, $9, $10, $11, $12), 值数量: 1
INFO:app.core.database:连接数据库: 172.16.10.196:5432/db_house
INFO:app.core.database:批量执行SQL完成
INFO:app.services.data_generator:表 oms_order 已插入剩余 1 条记录并缓存主键值
INFO:app.services.data_generator:独立表 oms_order 生成完成，记录数: 1
INFO:app.services.data_generator:开始为独立表 crawler_competitor_price 生成数据
INFO:app.core.database:批量执行SQL，查询: INSERT INTO crawler_competitor_price (id, crawl_time, platform, competitor_name, product_name, product_sku, price, promotion_info, is_in_stock) VALUES ($1, $2, $3, $4, $5, $6, $7, $8, $9), 值数量: 1
INFO:app.core.database:连接数据库: 172.16.10.196:5432/db_house
INFO:app.core.database:批量执行SQL完成
INFO:app.services.data_generator:表 crawler_competitor_price 已插入剩余 1 条记录并缓存主键值
INFO:app.services.data_generator:独立表 crawler_competitor_price 生成完成，记录数: 1
INFO:app.services.data_generator:开始为独立表 crm_customer 生成数据
INFO:app.core.database:批量执行SQL，查询: INSERT INTO crm_customer (customer_id, name, gender, phone, email, birthday, address, create_time, update_time, is_deleted) VALUES ($1, $2, $3, $4, $5, $6, $7, $8, $9, $10), 值数量: 1
INFO:app.core.database:连接数据库: 172.16.10.196:5432/db_house
INFO:app.core.database:批量执行SQL完成
INFO:app.services.data_generator:表 crm_customer 已插入剩余 1 条记录并缓存主键值
INFO:app.services.data_generator:独立表 crm_customer 生成完成，记录数: 1
INFO:app.services.data_generator:开始为独立表 ext_market_trend 生成数据
INFO:app.core.database:批量执行SQL，查询: INSERT INTO ext_market_trend (id, period, region, category, market_size, growth_rate, data_source) VALUES ($1, $2, $3, $4, $5, $6, $7), 值数量: 1
INFO:app.core.database:连接数据库: 172.16.10.196:5432/db_house
INFO:app.core.database:批量执行SQL完成
INFO:app.services.data_generator:表 ext_market_trend 已插入剩余 1 条记录并缓存主键值
INFO:app.services.data_generator:独立表 ext_market_trend 生成完成，记录数: 1
INFO:app.services.data_generator:=== 阶段2：生成依赖表 ===
INFO:app.services.data_generator:表依赖排序结果: ['lms_shipment', 'fms_financial_transaction', 'oms_order_item']
INFO:app.services.data_generator:排序后的依赖表: ['lms_shipment', 'fms_financial_transaction', 'oms_order_item']
INFO:app.services.data_generator:开始为依赖表 lms_shipment 生成数据
INFO:app.core.database:批量执行SQL，查询: INSERT INTO lms_shipment (shipment_id, order_id, carrier, sender_address, receiver_info, current_status, shipping_time, estimated_delivery, actual_delivery) VALUES ($1, $2, $3, $4, $5, $6, $7, $8, $9), 值数量: 1
INFO:app.core.database:连接数据库: 172.16.10.196:5432/db_house
INFO:app.core.database:批量执行SQL完成
INFO:app.services.data_generator:表 lms_shipment 已插入剩余 1 条记录并缓存主键值
INFO:app.services.data_generator:依赖表 lms_shipment 生成完成，记录数: 1
INFO:app.services.data_generator:开始为依赖表 fms_financial_transaction 生成数据
INFO:app.core.database:批量执行SQL，查询: INSERT INTO fms_financial_transaction (transaction_id, order_id, payment_method, transaction_type, transaction_amount, transaction_status, transaction_time) VALUES ($1, $2, $3, $4, $5, $6, $7), 值数量: 1
INFO:app.core.database:连接数据库: 172.16.10.196:5432/db_house
INFO:app.core.database:批量执行SQL完成
INFO:app.services.data_generator:表 fms_financial_transaction 已插入剩余 1 条记录并缓存主键值
INFO:app.services.data_generator:依赖表 fms_financial_transaction 生成完成，记录数: 1
INFO:app.services.data_generator:开始为依赖表 oms_order_item 生成数据
INFO:app.core.database:批量执行SQL，查询: INSERT INTO oms_order_item (id, order_id, product_sku, product_name, quantity, price) VALUES ($1, $2, $3, $4, $5, $6), 值数量: 1
INFO:app.core.database:连接数据库: 172.16.10.196:5432/db_house
INFO:app.core.database:批量执行SQL完成
INFO:app.services.data_generator:表 oms_order_item 已插入剩余 1 条记录并缓存主键值
INFO:app.services.data_generator:依赖表 oms_order_item 生成完成，记录数: 1
INFO:app.services.data_generator:数据生成完成，总记录数: 7
INFO:app.services.data_generator:退出 generate_data_for_tables 方法
INFO:app.services.data_generator:开始 generate_data_for_tables 方法
INFO:app.services.data_generator:独立表（阶段1）: ['oms_order', 'crawler_competitor_price', 'crm_customer', 'ext_market_trend']
INFO:app.services.data_generator:依赖表（阶段2）: ['lms_shipment', 'fms_financial_transaction', 'oms_order_item']
INFO:app.services.data_generator:初始化数据库计数器
INFO:app.core.database:执行查询: SELECT MAX(id) FROM crawler_competitor_price, 参数: ()
INFO:app.core.database:连接数据库: 172.16.10.196:5432/db_house
INFO:app.core.database:查询执行成功
INFO:app.core.database:执行查询: SELECT MAX(id) FROM ext_market_trend, 参数: ()
INFO:app.core.database:连接数据库: 172.16.10.196:5432/db_house
INFO:app.core.database:查询执行成功
INFO:app.core.database:执行查询: SELECT MAX(id) FROM oms_order_item, 参数: ()
INFO:app.core.database:连接数据库: 172.16.10.196:5432/db_house
INFO:app.core.database:查询执行成功
INFO:app.services.data_generator:计数器初始化完成: {'crawler_competitor_price_id': 40, 'ext_market_trend_id': 40, 'oms_order_item_id': 131}
INFO:app.services.data_generator:开始处理日期: 2025-10-15
INFO:app.services.data_generator:当天计划生成记录数: 1
INFO:app.services.data_generator:已清空外键缓存
INFO:app.services.data_generator:=== 阶段1：生成独立表 ===
INFO:app.services.data_generator:开始为独立表 oms_order 生成数据
INFO:app.core.database:批量执行SQL，查询: INSERT INTO oms_order (order_id, order_channel, customer_code, order_amount, discount_amount, pay_amount, order_status, province, city, district, detail_address, order_time) VALUES ($1, $2, $3, $4, $5, $6, $7, $8, $9, $10, $11, $12), 值数量: 1
INFO:app.core.database:连接数据库: 172.16.10.196:5432/db_house
INFO:app.core.database:批量执行SQL完成
INFO:app.services.data_generator:表 oms_order 已插入剩余 1 条记录并缓存主键值
INFO:app.services.data_generator:独立表 oms_order 生成完成，记录数: 1
INFO:app.services.data_generator:开始为独立表 crawler_competitor_price 生成数据
INFO:app.core.database:批量执行SQL，查询: INSERT INTO crawler_competitor_price (id, crawl_time, platform, competitor_name, product_name, product_sku, price, promotion_info, is_in_stock) VALUES ($1, $2, $3, $4, $5, $6, $7, $8, $9), 值数量: 1
INFO:app.core.database:连接数据库: 172.16.10.196:5432/db_house
INFO:app.core.database:批量执行SQL完成
INFO:app.services.data_generator:表 crawler_competitor_price 已插入剩余 1 条记录并缓存主键值
INFO:app.services.data_generator:独立表 crawler_competitor_price 生成完成，记录数: 1
INFO:app.services.data_generator:开始为独立表 crm_customer 生成数据
INFO:app.core.database:批量执行SQL，查询: INSERT INTO crm_customer (customer_id, name, gender, phone, email, birthday, address, create_time, update_time, is_deleted) VALUES ($1, $2, $3, $4, $5, $6, $7, $8, $9, $10), 值数量: 1
INFO:app.core.database:连接数据库: 172.16.10.196:5432/db_house
INFO:app.core.database:批量执行SQL完成
INFO:app.services.data_generator:表 crm_customer 已插入剩余 1 条记录并缓存主键值
INFO:app.services.data_generator:独立表 crm_customer 生成完成，记录数: 1
INFO:app.services.data_generator:开始为独立表 ext_market_trend 生成数据
INFO:app.core.database:批量执行SQL，查询: INSERT INTO ext_market_trend (id, period, region, category, market_size, growth_rate, data_source) VALUES ($1, $2, $3, $4, $5, $6, $7), 值数量: 1
INFO:app.core.database:连接数据库: 172.16.10.196:5432/db_house
INFO:app.core.database:批量执行SQL完成
INFO:app.services.data_generator:表 ext_market_trend 已插入剩余 1 条记录并缓存主键值
INFO:app.services.data_generator:独立表 ext_market_trend 生成完成，记录数: 1
INFO:app.services.data_generator:=== 阶段2：生成依赖表 ===
INFO:app.services.data_generator:表依赖排序结果: ['lms_shipment', 'fms_financial_transaction', 'oms_order_item']
INFO:app.services.data_generator:排序后的依赖表: ['lms_shipment', 'fms_financial_transaction', 'oms_order_item']
INFO:app.services.data_generator:开始为依赖表 lms_shipment 生成数据
INFO:app.core.database:批量执行SQL，查询: INSERT INTO lms_shipment (shipment_id, order_id, carrier, sender_address, receiver_info, current_status, shipping_time, estimated_delivery, actual_delivery) VALUES ($1, $2, $3, $4, $5, $6, $7, $8, $9), 值数量: 1
INFO:app.core.database:连接数据库: 172.16.10.196:5432/db_house
INFO:app.core.database:批量执行SQL完成
INFO:app.services.data_generator:表 lms_shipment 已插入剩余 1 条记录并缓存主键值
INFO:app.services.data_generator:依赖表 lms_shipment 生成完成，记录数: 1
INFO:app.services.data_generator:开始为依赖表 fms_financial_transaction 生成数据
INFO:app.core.database:批量执行SQL，查询: INSERT INTO fms_financial_transaction (transaction_id, order_id, payment_method, transaction_type, transaction_amount, transaction_status, transaction_time) VALUES ($1, $2, $3, $4, $5, $6, $7), 值数量: 1
INFO:app.core.database:连接数据库: 172.16.10.196:5432/db_house
INFO:app.core.database:批量执行SQL完成
INFO:app.services.data_generator:表 fms_financial_transaction 已插入剩余 1 条记录并缓存主键值
INFO:app.services.data_generator:依赖表 fms_financial_transaction 生成完成，记录数: 1
INFO:app.services.data_generator:开始为依赖表 oms_order_item 生成数据
INFO:app.core.database:批量执行SQL，查询: INSERT INTO oms_order_item (id, order_id, product_sku, product_name, quantity, price) VALUES ($1, $2, $3, $4, $5, $6), 值数量: 1
INFO:app.core.database:连接数据库: 172.16.10.196:5432/db_house
INFO:app.core.database:批量执行SQL完成
INFO:app.services.data_generator:表 oms_order_item 已插入剩余 1 条记录并缓存主键值
INFO:app.services.data_generator:依赖表 oms_order_item 生成完成，记录数: 1
INFO:app.services.data_generator:数据生成完成，总记录数: 7
INFO:app.services.data_generator:退出 generate_data_for_tables 方法
INFO:app.services.data_generator:开始 generate_data_for_tables 方法
INFO:app.services.data_generator:独立表（阶段1）: ['oms_order', 'crawler_competitor_price', 'crm_customer', 'ext_market_trend']
INFO:app.services.data_generator:依赖表（阶段2）: ['lms_shipment', 'fms_financial_transaction', 'oms_order_item']
INFO:app.services.data_generator:初始化数据库计数器
INFO:app.core.database:执行查询: SELECT MAX(id) FROM crawler_competitor_price, 参数: ()
INFO:app.core.database:连接数据库: 172.16.10.196:5432/db_house
INFO:app.core.database:查询执行成功
INFO:app.core.database:执行查询: SELECT MAX(id) FROM ext_market_trend, 参数: ()
INFO:app.core.database:连接数据库: 172.16.10.196:5432/db_house
INFO:app.core.database:查询执行成功
INFO:app.core.database:执行查询: SELECT MAX(id) FROM oms_order_item, 参数: ()
INFO:app.core.database:连接数据库: 172.16.10.196:5432/db_house
INFO:app.core.database:查询执行成功
INFO:app.services.data_generator:计数器初始化完成: {'crawler_competitor_price_id': 41, 'ext_market_trend_id': 41, 'oms_order_item_id': 132}
INFO:app.services.data_generator:开始处理日期: 2025-10-15
INFO:app.services.data_generator:当天计划生成记录数: 1
INFO:app.services.data_generator:已清空外键缓存
INFO:app.services.data_generator:=== 阶段1：生成独立表 ===
INFO:app.services.data_generator:开始为独立表 oms_order 生成数据
INFO:app.core.database:批量执行SQL，查询: INSERT INTO oms_order (order_id, order_channel, customer_code, order_amount, discount_amount, pay_amount, order_status, province, city, district, detail_address, order_time) VALUES ($1, $2, $3, $4, $5, $6, $7, $8, $9, $10, $11, $12), 值数量: 1
INFO:app.core.database:连接数据库: 172.16.10.196:5432/db_house
INFO:app.core.database:批量执行SQL完成
INFO:app.services.data_generator:表 oms_order 已插入剩余 1 条记录并缓存主键值
INFO:app.services.data_generator:独立表 oms_order 生成完成，记录数: 1
INFO:app.services.data_generator:开始为独立表 crawler_competitor_price 生成数据
INFO:app.core.database:批量执行SQL，查询: INSERT INTO crawler_competitor_price (id, crawl_time, platform, competitor_name, product_name, product_sku, price, promotion_info, is_in_stock) VALUES ($1, $2, $3, $4, $5, $6, $7, $8, $9), 值数量: 1
INFO:app.core.database:连接数据库: 172.16.10.196:5432/db_house
INFO:app.core.database:批量执行SQL完成
INFO:app.services.data_generator:表 crawler_competitor_price 已插入剩余 1 条记录并缓存主键值
INFO:app.services.data_generator:独立表 crawler_competitor_price 生成完成，记录数: 1
INFO:app.services.data_generator:开始为独立表 crm_customer 生成数据
INFO:app.core.database:批量执行SQL，查询: INSERT INTO crm_customer (customer_id, name, gender, phone, email, birthday, address, create_time, update_time, is_deleted) VALUES ($1, $2, $3, $4, $5, $6, $7, $8, $9, $10), 值数量: 1
INFO:app.core.database:连接数据库: 172.16.10.196:5432/db_house
INFO:app.core.database:批量执行SQL完成
INFO:app.services.data_generator:表 crm_customer 已插入剩余 1 条记录并缓存主键值
INFO:app.services.data_generator:独立表 crm_customer 生成完成，记录数: 1
INFO:app.services.data_generator:开始为独立表 ext_market_trend 生成数据
INFO:app.core.database:批量执行SQL，查询: INSERT INTO ext_market_trend (id, period, region, category, market_size, growth_rate, data_source) VALUES ($1, $2, $3, $4, $5, $6, $7), 值数量: 1
INFO:app.core.database:连接数据库: 172.16.10.196:5432/db_house
INFO:app.core.database:批量执行SQL完成
INFO:app.services.data_generator:表 ext_market_trend 已插入剩余 1 条记录并缓存主键值
INFO:app.services.data_generator:独立表 ext_market_trend 生成完成，记录数: 1
INFO:app.services.data_generator:=== 阶段2：生成依赖表 ===
INFO:app.services.data_generator:表依赖排序结果: ['lms_shipment', 'fms_financial_transaction', 'oms_order_item']
INFO:app.services.data_generator:排序后的依赖表: ['lms_shipment', 'fms_financial_transaction', 'oms_order_item']
INFO:app.services.data_generator:开始为依赖表 lms_shipment 生成数据
INFO:app.core.database:批量执行SQL，查询: INSERT INTO lms_shipment (shipment_id, order_id, carrier, sender_address, receiver_info, current_status, shipping_time, estimated_delivery, actual_delivery) VALUES ($1, $2, $3, $4, $5, $6, $7, $8, $9), 值数量: 1
INFO:app.core.database:连接数据库: 172.16.10.196:5432/db_house
INFO:app.core.database:批量执行SQL完成
INFO:app.services.data_generator:表 lms_shipment 已插入剩余 1 条记录并缓存主键值
INFO:app.services.data_generator:依赖表 lms_shipment 生成完成，记录数: 1
INFO:app.services.data_generator:开始为依赖表 fms_financial_transaction 生成数据
INFO:app.core.database:批量执行SQL，查询: INSERT INTO fms_financial_transaction (transaction_id, order_id, payment_method, transaction_type, transaction_amount, transaction_status, transaction_time) VALUES ($1, $2, $3, $4, $5, $6, $7), 值数量: 1
INFO:app.core.database:连接数据库: 172.16.10.196:5432/db_house
INFO:app.core.database:批量执行SQL完成
INFO:app.services.data_generator:表 fms_financial_transaction 已插入剩余 1 条记录并缓存主键值
INFO:app.services.data_generator:依赖表 fms_financial_transaction 生成完成，记录数: 1
INFO:app.services.data_generator:开始为依赖表 oms_order_item 生成数据
INFO:app.core.database:批量执行SQL，查询: INSERT INTO oms_order_item (id, order_id, product_sku, product_name, quantity, price) VALUES ($1, $2, $3, $4, $5, $6), 值数量: 1
INFO:app.core.database:连接数据库: 172.16.10.196:5432/db_house
INFO:app.core.database:批量执行SQL完成
INFO:app.services.data_generator:表 oms_order_item 已插入剩余 1 条记录并缓存主键值
INFO:app.services.data_generator:依赖表 oms_order_item 生成完成，记录数: 1
INFO:app.services.data_generator:数据生成完成，总记录数: 7
INFO:app.services.data_generator:退出 generate_data_for_tables 方法
INFO:app.services.data_generator:开始 generate_data_for_tables 方法
INFO:app.services.data_generator:独立表（阶段1）: ['oms_order', 'crawler_competitor_price', 'crm_customer', 'ext_market_trend']
INFO:app.services.data_generator:依赖表（阶段2）: ['lms_shipment', 'fms_financial_transaction', 'oms_order_item']
INFO:app.services.data_generator:初始化数据库计数器
INFO:app.core.database:执行查询: SELECT MAX(id) FROM crawler_competitor_price, 参数: ()
INFO:app.core.database:连接数据库: 172.16.10.196:5432/db_house
INFO:app.core.database:查询执行成功
INFO:app.core.database:执行查询: SELECT MAX(id) FROM ext_market_trend, 参数: ()
INFO:app.core.database:连接数据库: 172.16.10.196:5432/db_house
INFO:app.core.database:查询执行成功
INFO:app.core.database:执行查询: SELECT MAX(id) FROM oms_order_item, 参数: ()
INFO:app.core.database:连接数据库: 172.16.10.196:5432/db_house
INFO:app.core.database:查询执行成功
INFO:app.services.data_generator:计数器初始化完成: {'crawler_competitor_price_id': 42, 'ext_market_trend_id': 42, 'oms_order_item_id': 133}
INFO:app.services.data_generator:开始处理日期: 2025-10-15
INFO:app.services.data_generator:当天计划生成记录数: 1
INFO:app.services.data_generator:已清空外键缓存
INFO:app.services.data_generator:=== 阶段1：生成独立表 ===
INFO:app.services.data_generator:开始为独立表 oms_order 生成数据
INFO:app.core.database:批量执行SQL，查询: INSERT INTO oms_order (order_id, order_channel, customer_code, order_amount, discount_amount, pay_amount, order_status, province, city, district, detail_address, order_time) VALUES ($1, $2, $3, $4, $5, $6, $7, $8, $9, $10, $11, $12), 值数量: 1
INFO:app.core.database:连接数据库: 172.16.10.196:5432/db_house
INFO:app.core.database:批量执行SQL完成
INFO:app.services.data_generator:表 oms_order 已插入剩余 1 条记录并缓存主键值
INFO:app.services.data_generator:独立表 oms_order 生成完成，记录数: 1
INFO:app.services.data_generator:开始为独立表 crawler_competitor_price 生成数据
INFO:app.core.database:批量执行SQL，查询: INSERT INTO crawler_competitor_price (id, crawl_time, platform, competitor_name, product_name, product_sku, price, promotion_info, is_in_stock) VALUES ($1, $2, $3, $4, $5, $6, $7, $8, $9), 值数量: 1
INFO:app.core.database:连接数据库: 172.16.10.196:5432/db_house
INFO:app.core.database:批量执行SQL完成
INFO:app.services.data_generator:表 crawler_competitor_price 已插入剩余 1 条记录并缓存主键值
INFO:app.services.data_generator:独立表 crawler_competitor_price 生成完成，记录数: 1
INFO:app.services.data_generator:开始为独立表 crm_customer 生成数据
INFO:app.core.database:批量执行SQL，查询: INSERT INTO crm_customer (customer_id, name, gender, phone, email, birthday, address, create_time, update_time, is_deleted) VALUES ($1, $2, $3, $4, $5, $6, $7, $8, $9, $10), 值数量: 1
INFO:app.core.database:连接数据库: 172.16.10.196:5432/db_house
INFO:app.core.database:批量执行SQL完成
INFO:app.services.data_generator:表 crm_customer 已插入剩余 1 条记录并缓存主键值
INFO:app.services.data_generator:独立表 crm_customer 生成完成，记录数: 1
INFO:app.services.data_generator:开始为独立表 ext_market_trend 生成数据
INFO:app.core.database:批量执行SQL，查询: INSERT INTO ext_market_trend (id, period, region, category, market_size, growth_rate, data_source) VALUES ($1, $2, $3, $4, $5, $6, $7), 值数量: 1
INFO:app.core.database:连接数据库: 172.16.10.196:5432/db_house
INFO:app.core.database:批量执行SQL完成
INFO:app.services.data_generator:表 ext_market_trend 已插入剩余 1 条记录并缓存主键值
INFO:app.services.data_generator:独立表 ext_market_trend 生成完成，记录数: 1
INFO:app.services.data_generator:=== 阶段2：生成依赖表 ===
INFO:app.services.data_generator:表依赖排序结果: ['lms_shipment', 'fms_financial_transaction', 'oms_order_item']
INFO:app.services.data_generator:排序后的依赖表: ['lms_shipment', 'fms_financial_transaction', 'oms_order_item']
INFO:app.services.data_generator:开始为依赖表 lms_shipment 生成数据
INFO:app.core.database:批量执行SQL，查询: INSERT INTO lms_shipment (shipment_id, order_id, carrier, sender_address, receiver_info, current_status, shipping_time, estimated_delivery, actual_delivery) VALUES ($1, $2, $3, $4, $5, $6, $7, $8, $9), 值数量: 1
INFO:app.core.database:连接数据库: 172.16.10.196:5432/db_house
INFO:app.core.database:批量执行SQL完成
INFO:app.services.data_generator:表 lms_shipment 已插入剩余 1 条记录并缓存主键值
INFO:app.services.data_generator:依赖表 lms_shipment 生成完成，记录数: 1
INFO:app.services.data_generator:开始为依赖表 fms_financial_transaction 生成数据
INFO:app.core.database:批量执行SQL，查询: INSERT INTO fms_financial_transaction (transaction_id, order_id, payment_method, transaction_type, transaction_amount, transaction_status, transaction_time) VALUES ($1, $2, $3, $4, $5, $6, $7), 值数量: 1
INFO:app.core.database:连接数据库: 172.16.10.196:5432/db_house
INFO:app.core.database:批量执行SQL完成
INFO:app.services.data_generator:表 fms_financial_transaction 已插入剩余 1 条记录并缓存主键值
INFO:app.services.data_generator:依赖表 fms_financial_transaction 生成完成，记录数: 1
INFO:app.services.data_generator:开始为依赖表 oms_order_item 生成数据
INFO:app.core.database:批量执行SQL，查询: INSERT INTO oms_order_item (id, order_id, product_sku, product_name, quantity, price) VALUES ($1, $2, $3, $4, $5, $6), 值数量: 1
INFO:app.core.database:连接数据库: 172.16.10.196:5432/db_house
INFO:app.core.database:批量执行SQL完成
INFO:app.services.data_generator:表 oms_order_item 已插入剩余 1 条记录并缓存主键值
INFO:app.services.data_generator:依赖表 oms_order_item 生成完成，记录数: 1
INFO:app.services.data_generator:数据生成完成，总记录数: 7
INFO:app.services.data_generator:退出 generate_data_for_tables 方法
INFO:app.services.data_generator:开始 generate_data_for_tables 方法
INFO:app.services.data_generator:独立表（阶段1）: ['oms_order', 'crawler_competitor_price', 'crm_customer', 'ext_market_trend']
INFO:app.services.data_generator:依赖表（阶段2）: ['lms_shipment', 'fms_financial_transaction', 'oms_order_item']
INFO:app.services.data_generator:初始化数据库计数器
INFO:app.core.database:执行查询: SELECT MAX(id) FROM crawler_competitor_price, 参数: ()
INFO:app.core.database:连接数据库: 172.16.10.196:5432/db_house
INFO:app.core.database:查询执行成功
INFO:app.core.database:执行查询: SELECT MAX(id) FROM ext_market_trend, 参数: ()
INFO:app.core.database:连接数据库: 172.16.10.196:5432/db_house
INFO:app.core.database:查询执行成功
INFO:app.core.database:执行查询: SELECT MAX(id) FROM oms_order_item, 参数: ()
INFO:app.core.database:连接数据库: 172.16.10.196:5432/db_house
INFO:app.core.database:查询执行成功
INFO:app.services.data_generator:计数器初始化完成: {'crawler_competitor_price_id': 43, 'ext_market_trend_id': 43, 'oms_order_item_id': 134}
INFO:app.services.data_generator:开始处理日期: 2025-10-15
INFO:app.services.data_generator:当天计划生成记录数: 1
INFO:app.services.data_generator:已清空外键缓存
INFO:app.services.data_generator:=== 阶段1：生成独立表 ===
INFO:app.services.data_generator:开始为独立表 oms_order 生成数据
INFO:app.core.database:批量执行SQL，查询: INSERT INTO oms_order (order_id, order_channel, customer_code, order_amount, discount_amount, pay_amount, order_status, province, city, district, detail_address, order_time) VALUES ($1, $2, $3, $4, $5, $6, $7, $8, $9, $10, $11, $12), 值数量: 1
INFO:app.core.database:连接数据库: 172.16.10.196:5432/db_house
INFO:app.core.database:批量执行SQL完成
INFO:app.services.data_generator:表 oms_order 已插入剩余 1 条记录并缓存主键值
INFO:app.services.data_generator:独立表 oms_order 生成完成，记录数: 1
INFO:app.services.data_generator:开始为独立表 crawler_competitor_price 生成数据
INFO:app.core.database:批量执行SQL，查询: INSERT INTO crawler_competitor_price (id, crawl_time, platform, competitor_name, product_name, product_sku, price, promotion_info, is_in_stock) VALUES ($1, $2, $3, $4, $5, $6, $7, $8, $9), 值数量: 1
INFO:app.core.database:连接数据库: 172.16.10.196:5432/db_house
INFO:app.core.database:批量执行SQL完成
INFO:app.services.data_generator:表 crawler_competitor_price 已插入剩余 1 条记录并缓存主键值
INFO:app.services.data_generator:独立表 crawler_competitor_price 生成完成，记录数: 1
INFO:app.services.data_generator:开始为独立表 crm_customer 生成数据
INFO:app.core.database:批量执行SQL，查询: INSERT INTO crm_customer (customer_id, name, gender, phone, email, birthday, address, create_time, update_time, is_deleted) VALUES ($1, $2, $3, $4, $5, $6, $7, $8, $9, $10), 值数量: 1
INFO:app.core.database:连接数据库: 172.16.10.196:5432/db_house
INFO:app.core.database:批量执行SQL完成
INFO:app.services.data_generator:表 crm_customer 已插入剩余 1 条记录并缓存主键值
INFO:app.services.data_generator:独立表 crm_customer 生成完成，记录数: 1
INFO:app.services.data_generator:开始为独立表 ext_market_trend 生成数据
INFO:app.core.database:批量执行SQL，查询: INSERT INTO ext_market_trend (id, period, region, category, market_size, growth_rate, data_source) VALUES ($1, $2, $3, $4, $5, $6, $7), 值数量: 1
INFO:app.core.database:连接数据库: 172.16.10.196:5432/db_house
INFO:app.core.database:批量执行SQL完成
INFO:app.services.data_generator:表 ext_market_trend 已插入剩余 1 条记录并缓存主键值
INFO:app.services.data_generator:独立表 ext_market_trend 生成完成，记录数: 1
INFO:app.services.data_generator:=== 阶段2：生成依赖表 ===
INFO:app.services.data_generator:表依赖排序结果: ['lms_shipment', 'fms_financial_transaction', 'oms_order_item']
INFO:app.services.data_generator:排序后的依赖表: ['lms_shipment', 'fms_financial_transaction', 'oms_order_item']
INFO:app.services.data_generator:开始为依赖表 lms_shipment 生成数据
INFO:app.core.database:批量执行SQL，查询: INSERT INTO lms_shipment (shipment_id, order_id, carrier, sender_address, receiver_info, current_status, shipping_time, estimated_delivery, actual_delivery) VALUES ($1, $2, $3, $4, $5, $6, $7, $8, $9), 值数量: 1
INFO:app.core.database:连接数据库: 172.16.10.196:5432/db_house
INFO:app.core.database:批量执行SQL完成
INFO:app.services.data_generator:表 lms_shipment 已插入剩余 1 条记录并缓存主键值
INFO:app.services.data_generator:依赖表 lms_shipment 生成完成，记录数: 1
INFO:app.services.data_generator:开始为依赖表 fms_financial_transaction 生成数据
INFO:app.core.database:批量执行SQL，查询: INSERT INTO fms_financial_transaction (transaction_id, order_id, payment_method, transaction_type, transaction_amount, transaction_status, transaction_time) VALUES ($1, $2, $3, $4, $5, $6, $7), 值数量: 1
INFO:app.core.database:连接数据库: 172.16.10.196:5432/db_house
INFO:app.core.database:批量执行SQL完成
INFO:app.services.data_generator:表 fms_financial_transaction 已插入剩余 1 条记录并缓存主键值
INFO:app.services.data_generator:依赖表 fms_financial_transaction 生成完成，记录数: 1
INFO:app.services.data_generator:开始为依赖表 oms_order_item 生成数据
INFO:app.core.database:批量执行SQL，查询: INSERT INTO oms_order_item (id, order_id, product_sku, product_name, quantity, price) VALUES ($1, $2, $3, $4, $5, $6), 值数量: 1
INFO:app.core.database:连接数据库: 172.16.10.196:5432/db_house
INFO:app.core.database:批量执行SQL完成
INFO:app.services.data_generator:表 oms_order_item 已插入剩余 1 条记录并缓存主键值
INFO:app.services.data_generator:依赖表 oms_order_item 生成完成，记录数: 1
INFO:app.services.data_generator:数据生成完成，总记录数: 7
INFO:app.services.data_generator:退出 generate_data_for_tables 方法
INFO:app.services.data_generator:开始 generate_data_for_tables 方法
INFO:app.services.data_generator:独立表（阶段1）: ['oms_order', 'crawler_competitor_price', 'crm_customer', 'ext_market_trend']
INFO:app.services.data_generator:依赖表（阶段2）: ['lms_shipment', 'fms_financial_transaction', 'oms_order_item']
INFO:app.services.data_generator:初始化数据库计数器
INFO:app.core.database:执行查询: SELECT MAX(id) FROM crawler_competitor_price, 参数: ()
INFO:app.core.database:连接数据库: 172.16.10.196:5432/db_house
INFO:app.core.database:查询执行成功
INFO:app.core.database:执行查询: SELECT MAX(id) FROM ext_market_trend, 参数: ()
INFO:app.core.database:连接数据库: 172.16.10.196:5432/db_house
INFO:app.core.database:查询执行成功
INFO:app.core.database:执行查询: SELECT MAX(id) FROM oms_order_item, 参数: ()
INFO:app.core.database:连接数据库: 172.16.10.196:5432/db_house
INFO:app.core.database:查询执行成功
INFO:app.services.data_generator:计数器初始化完成: {'crawler_competitor_price_id': 44, 'ext_market_trend_id': 44, 'oms_order_item_id': 135}
INFO:app.services.data_generator:开始处理日期: 2025-10-15
INFO:app.services.data_generator:当天计划生成记录数: 1
INFO:app.services.data_generator:已清空外键缓存
INFO:app.services.data_generator:=== 阶段1：生成独立表 ===
INFO:app.services.data_generator:开始为独立表 oms_order 生成数据
INFO:app.core.database:批量执行SQL，查询: INSERT INTO oms_order (order_id, order_channel, customer_code, order_amount, discount_amount, pay_amount, order_status, province, city, district, detail_address, order_time) VALUES ($1, $2, $3, $4, $5, $6, $7, $8, $9, $10, $11, $12), 值数量: 1
INFO:app.core.database:连接数据库: 172.16.10.196:5432/db_house
INFO:app.core.database:批量执行SQL完成
INFO:app.services.data_generator:表 oms_order 已插入剩余 1 条记录并缓存主键值
INFO:app.services.data_generator:独立表 oms_order 生成完成，记录数: 1
INFO:app.services.data_generator:开始为独立表 crawler_competitor_price 生成数据
INFO:app.core.database:批量执行SQL，查询: INSERT INTO crawler_competitor_price (id, crawl_time, platform, competitor_name, product_name, product_sku, price, promotion_info, is_in_stock) VALUES ($1, $2, $3, $4, $5, $6, $7, $8, $9), 值数量: 1
INFO:app.core.database:连接数据库: 172.16.10.196:5432/db_house
INFO:app.core.database:批量执行SQL完成
INFO:app.services.data_generator:表 crawler_competitor_price 已插入剩余 1 条记录并缓存主键值
INFO:app.services.data_generator:独立表 crawler_competitor_price 生成完成，记录数: 1
INFO:app.services.data_generator:开始为独立表 crm_customer 生成数据
INFO:app.core.database:批量执行SQL，查询: INSERT INTO crm_customer (customer_id, name, gender, phone, email, birthday, address, create_time, update_time, is_deleted) VALUES ($1, $2, $3, $4, $5, $6, $7, $8, $9, $10), 值数量: 1
INFO:app.core.database:连接数据库: 172.16.10.196:5432/db_house
INFO:app.core.database:批量执行SQL完成
INFO:app.services.data_generator:表 crm_customer 已插入剩余 1 条记录并缓存主键值
INFO:app.services.data_generator:独立表 crm_customer 生成完成，记录数: 1
INFO:app.services.data_generator:开始为独立表 ext_market_trend 生成数据
INFO:app.core.database:批量执行SQL，查询: INSERT INTO ext_market_trend (id, period, region, category, market_size, growth_rate, data_source) VALUES ($1, $2, $3, $4, $5, $6, $7), 值数量: 1
INFO:app.core.database:连接数据库: 172.16.10.196:5432/db_house
INFO:app.core.database:批量执行SQL完成
INFO:app.services.data_generator:表 ext_market_trend 已插入剩余 1 条记录并缓存主键值
INFO:app.services.data_generator:独立表 ext_market_trend 生成完成，记录数: 1
INFO:app.services.data_generator:=== 阶段2：生成依赖表 ===
INFO:app.services.data_generator:表依赖排序结果: ['lms_shipment', 'fms_financial_transaction', 'oms_order_item']
INFO:app.services.data_generator:排序后的依赖表: ['lms_shipment', 'fms_financial_transaction', 'oms_order_item']
INFO:app.services.data_generator:开始为依赖表 lms_shipment 生成数据
INFO:app.core.database:批量执行SQL，查询: INSERT INTO lms_shipment (shipment_id, order_id, carrier, sender_address, receiver_info, current_status, shipping_time, estimated_delivery, actual_delivery) VALUES ($1, $2, $3, $4, $5, $6, $7, $8, $9), 值数量: 1
INFO:app.core.database:连接数据库: 172.16.10.196:5432/db_house
INFO:app.core.database:批量执行SQL完成
INFO:app.services.data_generator:表 lms_shipment 已插入剩余 1 条记录并缓存主键值
INFO:app.services.data_generator:依赖表 lms_shipment 生成完成，记录数: 1
INFO:app.services.data_generator:开始为依赖表 fms_financial_transaction 生成数据
INFO:app.core.database:批量执行SQL，查询: INSERT INTO fms_financial_transaction (transaction_id, order_id, payment_method, transaction_type, transaction_amount, transaction_status, transaction_time) VALUES ($1, $2, $3, $4, $5, $6, $7), 值数量: 1
INFO:app.core.database:连接数据库: 172.16.10.196:5432/db_house
INFO:app.core.database:批量执行SQL完成
INFO:app.services.data_generator:表 fms_financial_transaction 已插入剩余 1 条记录并缓存主键值
INFO:app.services.data_generator:依赖表 fms_financial_transaction 生成完成，记录数: 1
INFO:app.services.data_generator:开始为依赖表 oms_order_item 生成数据
INFO:app.core.database:批量执行SQL，查询: INSERT INTO oms_order_item (id, order_id, product_sku, product_name, quantity, price) VALUES ($1, $2, $3, $4, $5, $6), 值数量: 1
INFO:app.core.database:连接数据库: 172.16.10.196:5432/db_house
INFO:app.core.database:批量执行SQL完成
INFO:app.services.data_generator:表 oms_order_item 已插入剩余 1 条记录并缓存主键值
INFO:app.services.data_generator:依赖表 oms_order_item 生成完成，记录数: 1
INFO:app.services.data_generator:数据生成完成，总记录数: 7
INFO:app.services.data_generator:退出 generate_data_for_tables 方法
INFO:app.services.data_generator:开始 generate_data_for_tables 方法
INFO:app.services.data_generator:独立表（阶段1）: ['oms_order', 'crawler_competitor_price', 'crm_customer', 'ext_market_trend']
INFO:app.services.data_generator:依赖表（阶段2）: ['lms_shipment', 'fms_financial_transaction', 'oms_order_item']
INFO:app.services.data_generator:初始化数据库计数器
INFO:app.core.database:执行查询: SELECT MAX(id) FROM crawler_competitor_price, 参数: ()
INFO:app.core.database:连接数据库: 172.16.10.196:5432/db_house
INFO:app.core.database:查询执行成功
INFO:app.core.database:执行查询: SELECT MAX(id) FROM ext_market_trend, 参数: ()
INFO:app.core.database:连接数据库: 172.16.10.196:5432/db_house
INFO:app.core.database:查询执行成功
INFO:app.core.database:执行查询: SELECT MAX(id) FROM oms_order_item, 参数: ()
INFO:app.core.database:连接数据库: 172.16.10.196:5432/db_house
INFO:app.core.database:查询执行成功
INFO:app.services.data_generator:计数器初始化完成: {'crawler_competitor_price_id': 45, 'ext_market_trend_id': 45, 'oms_order_item_id': 136}
INFO:app.services.data_generator:开始处理日期: 2025-10-15
INFO:app.services.data_generator:当天计划生成记录数: 1
INFO:app.services.data_generator:已清空外键缓存
INFO:app.services.data_generator:=== 阶段1：生成独立表 ===
INFO:app.services.data_generator:开始为独立表 oms_order 生成数据
INFO:app.core.database:批量执行SQL，查询: INSERT INTO oms_order (order_id, order_channel, customer_code, order_amount, discount_amount, pay_amount, order_status, province, city, district, detail_address, order_time) VALUES ($1, $2, $3, $4, $5, $6, $7, $8, $9, $10, $11, $12), 值数量: 1
INFO:app.core.database:连接数据库: 172.16.10.196:5432/db_house
INFO:app.core.database:批量执行SQL完成
INFO:app.services.data_generator:表 oms_order 已插入剩余 1 条记录并缓存主键值
INFO:app.services.data_generator:独立表 oms_order 生成完成，记录数: 1
INFO:app.services.data_generator:开始为独立表 crawler_competitor_price 生成数据
INFO:app.core.database:批量执行SQL，查询: INSERT INTO crawler_competitor_price (id, crawl_time, platform, competitor_name, product_name, product_sku, price, promotion_info, is_in_stock) VALUES ($1, $2, $3, $4, $5, $6, $7, $8, $9), 值数量: 1
INFO:app.core.database:连接数据库: 172.16.10.196:5432/db_house
INFO:app.core.database:批量执行SQL完成
INFO:app.services.data_generator:表 crawler_competitor_price 已插入剩余 1 条记录并缓存主键值
INFO:app.services.data_generator:独立表 crawler_competitor_price 生成完成，记录数: 1
INFO:app.services.data_generator:开始为独立表 crm_customer 生成数据
INFO:app.core.database:批量执行SQL，查询: INSERT INTO crm_customer (customer_id, name, gender, phone, email, birthday, address, create_time, update_time, is_deleted) VALUES ($1, $2, $3, $4, $5, $6, $7, $8, $9, $10), 值数量: 1
INFO:app.core.database:连接数据库: 172.16.10.196:5432/db_house
INFO:app.core.database:批量执行SQL完成
INFO:app.services.data_generator:表 crm_customer 已插入剩余 1 条记录并缓存主键值
INFO:app.services.data_generator:独立表 crm_customer 生成完成，记录数: 1
INFO:app.services.data_generator:开始为独立表 ext_market_trend 生成数据
INFO:app.core.database:批量执行SQL，查询: INSERT INTO ext_market_trend (id, period, region, category, market_size, growth_rate, data_source) VALUES ($1, $2, $3, $4, $5, $6, $7), 值数量: 1
INFO:app.core.database:连接数据库: 172.16.10.196:5432/db_house
INFO:app.core.database:批量执行SQL完成
INFO:app.services.data_generator:表 ext_market_trend 已插入剩余 1 条记录并缓存主键值
INFO:app.services.data_generator:独立表 ext_market_trend 生成完成，记录数: 1
INFO:app.services.data_generator:=== 阶段2：生成依赖表 ===
INFO:app.services.data_generator:表依赖排序结果: ['lms_shipment', 'fms_financial_transaction', 'oms_order_item']
INFO:app.services.data_generator:排序后的依赖表: ['lms_shipment', 'fms_financial_transaction', 'oms_order_item']
INFO:app.services.data_generator:开始为依赖表 lms_shipment 生成数据
INFO:app.core.database:批量执行SQL，查询: INSERT INTO lms_shipment (shipment_id, order_id, carrier, sender_address, receiver_info, current_status, shipping_time, estimated_delivery, actual_delivery) VALUES ($1, $2, $3, $4, $5, $6, $7, $8, $9), 值数量: 1
INFO:app.core.database:连接数据库: 172.16.10.196:5432/db_house
INFO:app.core.database:批量执行SQL完成
INFO:app.services.data_generator:表 lms_shipment 已插入剩余 1 条记录并缓存主键值
INFO:app.services.data_generator:依赖表 lms_shipment 生成完成，记录数: 1
INFO:app.services.data_generator:开始为依赖表 fms_financial_transaction 生成数据
INFO:app.core.database:批量执行SQL，查询: INSERT INTO fms_financial_transaction (transaction_id, order_id, payment_method, transaction_type, transaction_amount, transaction_status, transaction_time) VALUES ($1, $2, $3, $4, $5, $6, $7), 值数量: 1
INFO:app.core.database:连接数据库: 172.16.10.196:5432/db_house
INFO:app.core.database:批量执行SQL完成
INFO:app.services.data_generator:表 fms_financial_transaction 已插入剩余 1 条记录并缓存主键值
INFO:app.services.data_generator:依赖表 fms_financial_transaction 生成完成，记录数: 1
INFO:app.services.data_generator:开始为依赖表 oms_order_item 生成数据
INFO:app.core.database:批量执行SQL，查询: INSERT INTO oms_order_item (id, order_id, product_sku, product_name, quantity, price) VALUES ($1, $2, $3, $4, $5, $6), 值数量: 1
INFO:app.core.database:连接数据库: 172.16.10.196:5432/db_house
INFO:app.core.database:批量执行SQL完成
INFO:app.services.data_generator:表 oms_order_item 已插入剩余 1 条记录并缓存主键值
INFO:app.services.data_generator:依赖表 oms_order_item 生成完成，记录数: 1
INFO:app.services.data_generator:数据生成完成，总记录数: 7
INFO:app.services.data_generator:退出 generate_data_for_tables 方法
INFO:app.services.data_generator:开始 generate_data_for_tables 方法
INFO:app.services.data_generator:独立表（阶段1）: ['oms_order', 'crawler_competitor_price', 'crm_customer', 'ext_market_trend']
INFO:app.services.data_generator:依赖表（阶段2）: ['lms_shipment', 'fms_financial_transaction', 'oms_order_item']
INFO:app.services.data_generator:初始化数据库计数器
INFO:app.core.database:执行查询: SELECT MAX(id) FROM crawler_competitor_price, 参数: ()
INFO:app.core.database:连接数据库: 172.16.10.196:5432/db_house
INFO:app.core.database:查询执行成功
INFO:app.core.database:执行查询: SELECT MAX(id) FROM ext_market_trend, 参数: ()
INFO:app.core.database:连接数据库: 172.16.10.196:5432/db_house
INFO:app.core.database:查询执行成功
INFO:app.core.database:执行查询: SELECT MAX(id) FROM oms_order_item, 参数: ()
INFO:app.core.database:连接数据库: 172.16.10.196:5432/db_house
INFO:app.core.database:查询执行成功
INFO:app.services.data_generator:计数器初始化完成: {'crawler_competitor_price_id': 46, 'ext_market_trend_id': 46, 'oms_order_item_id': 137}
INFO:app.services.data_generator:开始处理日期: 2025-10-15
INFO:app.services.data_generator:当天计划生成记录数: 1
INFO:app.services.data_generator:已清空外键缓存
INFO:app.services.data_generator:=== 阶段1：生成独立表 ===
INFO:app.services.data_generator:开始为独立表 oms_order 生成数据
INFO:app.core.database:批量执行SQL，查询: INSERT INTO oms_order (order_id, order_channel, customer_code, order_amount, discount_amount, pay_amount, order_status, province, city, district, detail_address, order_time) VALUES ($1, $2, $3, $4, $5, $6, $7, $8, $9, $10, $11, $12), 值数量: 1
INFO:app.core.database:连接数据库: 172.16.10.196:5432/db_house
INFO:app.core.database:批量执行SQL完成
INFO:app.services.data_generator:表 oms_order 已插入剩余 1 条记录并缓存主键值
INFO:app.services.data_generator:独立表 oms_order 生成完成，记录数: 1
INFO:app.services.data_generator:开始为独立表 crawler_competitor_price 生成数据
INFO:app.core.database:批量执行SQL，查询: INSERT INTO crawler_competitor_price (id, crawl_time, platform, competitor_name, product_name, product_sku, price, promotion_info, is_in_stock) VALUES ($1, $2, $3, $4, $5, $6, $7, $8, $9), 值数量: 1
INFO:app.core.database:连接数据库: 172.16.10.196:5432/db_house
INFO:app.core.database:批量执行SQL完成
INFO:app.services.data_generator:表 crawler_competitor_price 已插入剩余 1 条记录并缓存主键值
INFO:app.services.data_generator:独立表 crawler_competitor_price 生成完成，记录数: 1
INFO:app.services.data_generator:开始为独立表 crm_customer 生成数据
INFO:app.core.database:批量执行SQL，查询: INSERT INTO crm_customer (customer_id, name, gender, phone, email, birthday, address, create_time, update_time, is_deleted) VALUES ($1, $2, $3, $4, $5, $6, $7, $8, $9, $10), 值数量: 1
INFO:app.core.database:连接数据库: 172.16.10.196:5432/db_house
INFO:app.core.database:批量执行SQL完成
INFO:app.services.data_generator:表 crm_customer 已插入剩余 1 条记录并缓存主键值
INFO:app.services.data_generator:独立表 crm_customer 生成完成，记录数: 1
INFO:app.services.data_generator:开始为独立表 ext_market_trend 生成数据
INFO:app.core.database:批量执行SQL，查询: INSERT INTO ext_market_trend (id, period, region, category, market_size, growth_rate, data_source) VALUES ($1, $2, $3, $4, $5, $6, $7), 值数量: 1
INFO:app.core.database:连接数据库: 172.16.10.196:5432/db_house
INFO:app.core.database:批量执行SQL完成
INFO:app.services.data_generator:表 ext_market_trend 已插入剩余 1 条记录并缓存主键值
INFO:app.services.data_generator:独立表 ext_market_trend 生成完成，记录数: 1
INFO:app.services.data_generator:=== 阶段2：生成依赖表 ===
INFO:app.services.data_generator:表依赖排序结果: ['lms_shipment', 'fms_financial_transaction', 'oms_order_item']
INFO:app.services.data_generator:排序后的依赖表: ['lms_shipment', 'fms_financial_transaction', 'oms_order_item']
INFO:app.services.data_generator:开始为依赖表 lms_shipment 生成数据
INFO:app.core.database:批量执行SQL，查询: INSERT INTO lms_shipment (shipment_id, order_id, carrier, sender_address, receiver_info, current_status, shipping_time, estimated_delivery, actual_delivery) VALUES ($1, $2, $3, $4, $5, $6, $7, $8, $9), 值数量: 1
INFO:app.core.database:连接数据库: 172.16.10.196:5432/db_house
INFO:app.core.database:批量执行SQL完成
INFO:app.services.data_generator:表 lms_shipment 已插入剩余 1 条记录并缓存主键值
INFO:app.services.data_generator:依赖表 lms_shipment 生成完成，记录数: 1
INFO:app.services.data_generator:开始为依赖表 fms_financial_transaction 生成数据
INFO:app.core.database:批量执行SQL，查询: INSERT INTO fms_financial_transaction (transaction_id, order_id, payment_method, transaction_type, transaction_amount, transaction_status, transaction_time) VALUES ($1, $2, $3, $4, $5, $6, $7), 值数量: 1
INFO:app.core.database:连接数据库: 172.16.10.196:5432/db_house
INFO:app.core.database:批量执行SQL完成
INFO:app.services.data_generator:表 fms_financial_transaction 已插入剩余 1 条记录并缓存主键值
INFO:app.services.data_generator:依赖表 fms_financial_transaction 生成完成，记录数: 1
INFO:app.services.data_generator:开始为依赖表 oms_order_item 生成数据
INFO:app.core.database:批量执行SQL，查询: INSERT INTO oms_order_item (id, order_id, product_sku, product_name, quantity, price) VALUES ($1, $2, $3, $4, $5, $6), 值数量: 1
INFO:app.core.database:连接数据库: 172.16.10.196:5432/db_house
INFO:app.core.database:批量执行SQL完成
INFO:app.services.data_generator:表 oms_order_item 已插入剩余 1 条记录并缓存主键值
INFO:app.services.data_generator:依赖表 oms_order_item 生成完成，记录数: 1
INFO:app.services.data_generator:数据生成完成，总记录数: 7
INFO:app.services.data_generator:退出 generate_data_for_tables 方法
INFO:app.services.data_generator:开始 generate_data_for_tables 方法
INFO:app.services.data_generator:独立表（阶段1）: ['oms_order', 'crawler_competitor_price', 'crm_customer', 'ext_market_trend']
INFO:app.services.data_generator:依赖表（阶段2）: ['lms_shipment', 'fms_financial_transaction', 'oms_order_item']
INFO:app.services.data_generator:初始化数据库计数器
INFO:app.core.database:执行查询: SELECT MAX(id) FROM crawler_competitor_price, 参数: ()
INFO:app.core.database:连接数据库: 172.16.10.196:5432/db_house
INFO:app.core.database:查询执行成功
INFO:app.core.database:执行查询: SELECT MAX(id) FROM ext_market_trend, 参数: ()
INFO:app.core.database:连接数据库: 172.16.10.196:5432/db_house
INFO:app.core.database:查询执行成功
INFO:app.core.database:执行查询: SELECT MAX(id) FROM oms_order_item, 参数: ()
INFO:app.core.database:连接数据库: 172.16.10.196:5432/db_house
INFO:app.core.database:查询执行成功
INFO:app.services.data_generator:计数器初始化完成: {'crawler_competitor_price_id': 47, 'ext_market_trend_id': 47, 'oms_order_item_id': 138}
INFO:app.services.data_generator:开始处理日期: 2025-10-15
INFO:app.services.data_generator:当天计划生成记录数: 1
INFO:app.services.data_generator:已清空外键缓存
INFO:app.services.data_generator:=== 阶段1：生成独立表 ===
INFO:app.services.data_generator:开始为独立表 oms_order 生成数据
INFO:app.core.database:批量执行SQL，查询: INSERT INTO oms_order (order_id, order_channel, customer_code, order_amount, discount_amount, pay_amount, order_status, province, city, district, detail_address, order_time) VALUES ($1, $2, $3, $4, $5, $6, $7, $8, $9, $10, $11, $12), 值数量: 1
INFO:app.core.database:连接数据库: 172.16.10.196:5432/db_house
INFO:app.core.database:批量执行SQL完成
INFO:app.services.data_generator:表 oms_order 已插入剩余 1 条记录并缓存主键值
INFO:app.services.data_generator:独立表 oms_order 生成完成，记录数: 1
INFO:app.services.data_generator:开始为独立表 crawler_competitor_price 生成数据
INFO:app.core.database:批量执行SQL，查询: INSERT INTO crawler_competitor_price (id, crawl_time, platform, competitor_name, product_name, product_sku, price, promotion_info, is_in_stock) VALUES ($1, $2, $3, $4, $5, $6, $7, $8, $9), 值数量: 1
INFO:app.core.database:连接数据库: 172.16.10.196:5432/db_house
INFO:app.core.database:批量执行SQL完成
INFO:app.services.data_generator:表 crawler_competitor_price 已插入剩余 1 条记录并缓存主键值
INFO:app.services.data_generator:独立表 crawler_competitor_price 生成完成，记录数: 1
INFO:app.services.data_generator:开始为独立表 crm_customer 生成数据
INFO:app.core.database:批量执行SQL，查询: INSERT INTO crm_customer (customer_id, name, gender, phone, email, birthday, address, create_time, update_time, is_deleted) VALUES ($1, $2, $3, $4, $5, $6, $7, $8, $9, $10), 值数量: 1
INFO:app.core.database:连接数据库: 172.16.10.196:5432/db_house
INFO:app.core.database:批量执行SQL完成
INFO:app.services.data_generator:表 crm_customer 已插入剩余 1 条记录并缓存主键值
INFO:app.services.data_generator:独立表 crm_customer 生成完成，记录数: 1
INFO:app.services.data_generator:开始为独立表 ext_market_trend 生成数据
INFO:app.core.database:批量执行SQL，查询: INSERT INTO ext_market_trend (id, period, region, category, market_size, growth_rate, data_source) VALUES ($1, $2, $3, $4, $5, $6, $7), 值数量: 1
INFO:app.core.database:连接数据库: 172.16.10.196:5432/db_house
INFO:app.core.database:批量执行SQL完成
INFO:app.services.data_generator:表 ext_market_trend 已插入剩余 1 条记录并缓存主键值
INFO:app.services.data_generator:独立表 ext_market_trend 生成完成，记录数: 1
INFO:app.services.data_generator:=== 阶段2：生成依赖表 ===
INFO:app.services.data_generator:表依赖排序结果: ['lms_shipment', 'fms_financial_transaction', 'oms_order_item']
INFO:app.services.data_generator:排序后的依赖表: ['lms_shipment', 'fms_financial_transaction', 'oms_order_item']
INFO:app.services.data_generator:开始为依赖表 lms_shipment 生成数据
INFO:app.core.database:批量执行SQL，查询: INSERT INTO lms_shipment (shipment_id, order_id, carrier, sender_address, receiver_info, current_status, shipping_time, estimated_delivery, actual_delivery) VALUES ($1, $2, $3, $4, $5, $6, $7, $8, $9), 值数量: 1
INFO:app.core.database:连接数据库: 172.16.10.196:5432/db_house
INFO:app.core.database:批量执行SQL完成
INFO:app.services.data_generator:表 lms_shipment 已插入剩余 1 条记录并缓存主键值
INFO:app.services.data_generator:依赖表 lms_shipment 生成完成，记录数: 1
INFO:app.services.data_generator:开始为依赖表 fms_financial_transaction 生成数据
INFO:app.core.database:批量执行SQL，查询: INSERT INTO fms_financial_transaction (transaction_id, order_id, payment_method, transaction_type, transaction_amount, transaction_status, transaction_time) VALUES ($1, $2, $3, $4, $5, $6, $7), 值数量: 1
INFO:app.core.database:连接数据库: 172.16.10.196:5432/db_house
INFO:app.core.database:批量执行SQL完成
INFO:app.services.data_generator:表 fms_financial_transaction 已插入剩余 1 条记录并缓存主键值
INFO:app.services.data_generator:依赖表 fms_financial_transaction 生成完成，记录数: 1
INFO:app.services.data_generator:开始为依赖表 oms_order_item 生成数据
INFO:app.core.database:批量执行SQL，查询: INSERT INTO oms_order_item (id, order_id, product_sku, product_name, quantity, price) VALUES ($1, $2, $3, $4, $5, $6), 值数量: 1
INFO:app.core.database:连接数据库: 172.16.10.196:5432/db_house
INFO:app.core.database:批量执行SQL完成
INFO:app.services.data_generator:表 oms_order_item 已插入剩余 1 条记录并缓存主键值
INFO:app.services.data_generator:依赖表 oms_order_item 生成完成，记录数: 1
INFO:app.services.data_generator:数据生成完成，总记录数: 7
INFO:app.services.data_generator:退出 generate_data_for_tables 方法
INFO:app.services.data_generator:开始 generate_data_for_tables 方法
INFO:app.services.data_generator:独立表（阶段1）: ['oms_order', 'crawler_competitor_price', 'crm_customer', 'ext_market_trend']
INFO:app.services.data_generator:依赖表（阶段2）: ['lms_shipment', 'fms_financial_transaction', 'oms_order_item']
INFO:app.services.data_generator:初始化数据库计数器
INFO:app.core.database:执行查询: SELECT MAX(id) FROM crawler_competitor_price, 参数: ()
INFO:app.core.database:连接数据库: 172.16.10.196:5432/db_house
INFO:app.core.database:查询执行成功
INFO:app.core.database:执行查询: SELECT MAX(id) FROM ext_market_trend, 参数: ()
INFO:app.core.database:连接数据库: 172.16.10.196:5432/db_house
INFO:app.core.database:查询执行成功
INFO:app.core.database:执行查询: SELECT MAX(id) FROM oms_order_item, 参数: ()
INFO:app.core.database:连接数据库: 172.16.10.196:5432/db_house
INFO:app.core.database:查询执行成功
INFO:app.services.data_generator:计数器初始化完成: {'crawler_competitor_price_id': 48, 'ext_market_trend_id': 48, 'oms_order_item_id': 139}
INFO:app.services.data_generator:开始处理日期: 2025-10-15
INFO:app.services.data_generator:当天计划生成记录数: 1
INFO:app.services.data_generator:已清空外键缓存
INFO:app.services.data_generator:=== 阶段1：生成独立表 ===
INFO:app.services.data_generator:开始为独立表 oms_order 生成数据
INFO:app.core.database:批量执行SQL，查询: INSERT INTO oms_order (order_id, order_channel, customer_code, order_amount, discount_amount, pay_amount, order_status, province, city, district, detail_address, order_time) VALUES ($1, $2, $3, $4, $5, $6, $7, $8, $9, $10, $11, $12), 值数量: 1
INFO:app.core.database:连接数据库: 172.16.10.196:5432/db_house
INFO:app.core.database:批量执行SQL完成
INFO:app.services.data_generator:表 oms_order 已插入剩余 1 条记录并缓存主键值
INFO:app.services.data_generator:独立表 oms_order 生成完成，记录数: 1
INFO:app.services.data_generator:开始为独立表 crawler_competitor_price 生成数据
INFO:app.core.database:批量执行SQL，查询: INSERT INTO crawler_competitor_price (id, crawl_time, platform, competitor_name, product_name, product_sku, price, promotion_info, is_in_stock) VALUES ($1, $2, $3, $4, $5, $6, $7, $8, $9), 值数量: 1
INFO:app.core.database:连接数据库: 172.16.10.196:5432/db_house
INFO:app.core.database:批量执行SQL完成
INFO:app.services.data_generator:表 crawler_competitor_price 已插入剩余 1 条记录并缓存主键值
INFO:app.services.data_generator:独立表 crawler_competitor_price 生成完成，记录数: 1
INFO:app.services.data_generator:开始为独立表 crm_customer 生成数据
INFO:app.core.database:批量执行SQL，查询: INSERT INTO crm_customer (customer_id, name, gender, phone, email, birthday, address, create_time, update_time, is_deleted) VALUES ($1, $2, $3, $4, $5, $6, $7, $8, $9, $10), 值数量: 1
INFO:app.core.database:连接数据库: 172.16.10.196:5432/db_house
INFO:app.core.database:批量执行SQL完成
INFO:app.services.data_generator:表 crm_customer 已插入剩余 1 条记录并缓存主键值
INFO:app.services.data_generator:独立表 crm_customer 生成完成，记录数: 1
INFO:app.services.data_generator:开始为独立表 ext_market_trend 生成数据
INFO:app.core.database:批量执行SQL，查询: INSERT INTO ext_market_trend (id, period, region, category, market_size, growth_rate, data_source) VALUES ($1, $2, $3, $4, $5, $6, $7), 值数量: 1
INFO:app.core.database:连接数据库: 172.16.10.196:5432/db_house
INFO:app.core.database:批量执行SQL完成
INFO:app.services.data_generator:表 ext_market_trend 已插入剩余 1 条记录并缓存主键值
INFO:app.services.data_generator:独立表 ext_market_trend 生成完成，记录数: 1
INFO:app.services.data_generator:=== 阶段2：生成依赖表 ===
INFO:app.services.data_generator:表依赖排序结果: ['lms_shipment', 'fms_financial_transaction', 'oms_order_item']
INFO:app.services.data_generator:排序后的依赖表: ['lms_shipment', 'fms_financial_transaction', 'oms_order_item']
INFO:app.services.data_generator:开始为依赖表 lms_shipment 生成数据
INFO:app.core.database:批量执行SQL，查询: INSERT INTO lms_shipment (shipment_id, order_id, carrier, sender_address, receiver_info, current_status, shipping_time, estimated_delivery, actual_delivery) VALUES ($1, $2, $3, $4, $5, $6, $7, $8, $9), 值数量: 1
INFO:app.core.database:连接数据库: 172.16.10.196:5432/db_house
INFO:app.core.database:批量执行SQL完成
INFO:app.services.data_generator:表 lms_shipment 已插入剩余 1 条记录并缓存主键值
INFO:app.services.data_generator:依赖表 lms_shipment 生成完成，记录数: 1
INFO:app.services.data_generator:开始为依赖表 fms_financial_transaction 生成数据
INFO:app.core.database:批量执行SQL，查询: INSERT INTO fms_financial_transaction (transaction_id, order_id, payment_method, transaction_type, transaction_amount, transaction_status, transaction_time) VALUES ($1, $2, $3, $4, $5, $6, $7), 值数量: 1
INFO:app.core.database:连接数据库: 172.16.10.196:5432/db_house
INFO:app.core.database:批量执行SQL完成
INFO:app.services.data_generator:表 fms_financial_transaction 已插入剩余 1 条记录并缓存主键值
INFO:app.services.data_generator:依赖表 fms_financial_transaction 生成完成，记录数: 1
INFO:app.services.data_generator:开始为依赖表 oms_order_item 生成数据
INFO:app.core.database:批量执行SQL，查询: INSERT INTO oms_order_item (id, order_id, product_sku, product_name, quantity, price) VALUES ($1, $2, $3, $4, $5, $6), 值数量: 1
INFO:app.core.database:连接数据库: 172.16.10.196:5432/db_house
INFO:app.core.database:批量执行SQL完成
INFO:app.services.data_generator:表 oms_order_item 已插入剩余 1 条记录并缓存主键值
INFO:app.services.data_generator:依赖表 oms_order_item 生成完成，记录数: 1
INFO:app.services.data_generator:数据生成完成，总记录数: 7
INFO:app.services.data_generator:退出 generate_data_for_tables 方法
INFO:app.services.data_generator:开始 generate_data_for_tables 方法
INFO:app.services.data_generator:独立表（阶段1）: ['oms_order', 'crawler_competitor_price', 'crm_customer', 'ext_market_trend']
INFO:app.services.data_generator:依赖表（阶段2）: ['lms_shipment', 'fms_financial_transaction', 'oms_order_item']
INFO:app.services.data_generator:初始化数据库计数器
INFO:app.core.database:执行查询: SELECT MAX(id) FROM crawler_competitor_price, 参数: ()
INFO:app.core.database:连接数据库: 172.16.10.196:5432/db_house
INFO:app.core.database:查询执行成功
INFO:app.core.database:执行查询: SELECT MAX(id) FROM ext_market_trend, 参数: ()
INFO:app.core.database:连接数据库: 172.16.10.196:5432/db_house
INFO:app.core.database:查询执行成功
INFO:app.core.database:执行查询: SELECT MAX(id) FROM oms_order_item, 参数: ()
INFO:app.core.database:连接数据库: 172.16.10.196:5432/db_house
INFO:app.core.database:查询执行成功
INFO:app.services.data_generator:计数器初始化完成: {'crawler_competitor_price_id': 49, 'ext_market_trend_id': 49, 'oms_order_item_id': 140}
INFO:app.services.data_generator:开始处理日期: 2025-10-15
INFO:app.services.data_generator:当天计划生成记录数: 1
INFO:app.services.data_generator:已清空外键缓存
INFO:app.services.data_generator:=== 阶段1：生成独立表 ===
INFO:app.services.data_generator:开始为独立表 oms_order 生成数据
INFO:app.core.database:批量执行SQL，查询: INSERT INTO oms_order (order_id, order_channel, customer_code, order_amount, discount_amount, pay_amount, order_status, province, city, district, detail_address, order_time) VALUES ($1, $2, $3, $4, $5, $6, $7, $8, $9, $10, $11, $12), 值数量: 1
INFO:app.core.database:连接数据库: 172.16.10.196:5432/db_house
INFO:app.core.database:批量执行SQL完成
INFO:app.services.data_generator:表 oms_order 已插入剩余 1 条记录并缓存主键值
INFO:app.services.data_generator:独立表 oms_order 生成完成，记录数: 1
INFO:app.services.data_generator:开始为独立表 crawler_competitor_price 生成数据
INFO:app.core.database:批量执行SQL，查询: INSERT INTO crawler_competitor_price (id, crawl_time, platform, competitor_name, product_name, product_sku, price, promotion_info, is_in_stock) VALUES ($1, $2, $3, $4, $5, $6, $7, $8, $9), 值数量: 1
INFO:app.core.database:连接数据库: 172.16.10.196:5432/db_house
INFO:app.core.database:批量执行SQL完成
INFO:app.services.data_generator:表 crawler_competitor_price 已插入剩余 1 条记录并缓存主键值
INFO:app.services.data_generator:独立表 crawler_competitor_price 生成完成，记录数: 1
INFO:app.services.data_generator:开始为独立表 crm_customer 生成数据
INFO:app.core.database:批量执行SQL，查询: INSERT INTO crm_customer (customer_id, name, gender, phone, email, birthday, address, create_time, update_time, is_deleted) VALUES ($1, $2, $3, $4, $5, $6, $7, $8, $9, $10), 值数量: 1
INFO:app.core.database:连接数据库: 172.16.10.196:5432/db_house
INFO:app.core.database:批量执行SQL完成
INFO:app.services.data_generator:表 crm_customer 已插入剩余 1 条记录并缓存主键值
INFO:app.services.data_generator:独立表 crm_customer 生成完成，记录数: 1
INFO:app.services.data_generator:开始为独立表 ext_market_trend 生成数据
INFO:app.core.database:批量执行SQL，查询: INSERT INTO ext_market_trend (id, period, region, category, market_size, growth_rate, data_source) VALUES ($1, $2, $3, $4, $5, $6, $7), 值数量: 1
INFO:app.core.database:连接数据库: 172.16.10.196:5432/db_house
INFO:app.core.database:批量执行SQL完成
INFO:app.services.data_generator:表 ext_market_trend 已插入剩余 1 条记录并缓存主键值
INFO:app.services.data_generator:独立表 ext_market_trend 生成完成，记录数: 1
INFO:app.services.data_generator:=== 阶段2：生成依赖表 ===
INFO:app.services.data_generator:表依赖排序结果: ['lms_shipment', 'fms_financial_transaction', 'oms_order_item']
INFO:app.services.data_generator:排序后的依赖表: ['lms_shipment', 'fms_financial_transaction', 'oms_order_item']
INFO:app.services.data_generator:开始为依赖表 lms_shipment 生成数据
INFO:app.core.database:批量执行SQL，查询: INSERT INTO lms_shipment (shipment_id, order_id, carrier, sender_address, receiver_info, current_status, shipping_time, estimated_delivery, actual_delivery) VALUES ($1, $2, $3, $4, $5, $6, $7, $8, $9), 值数量: 1
INFO:app.core.database:连接数据库: 172.16.10.196:5432/db_house
INFO:app.core.database:批量执行SQL完成
INFO:app.services.data_generator:表 lms_shipment 已插入剩余 1 条记录并缓存主键值
INFO:app.services.data_generator:依赖表 lms_shipment 生成完成，记录数: 1
INFO:app.services.data_generator:开始为依赖表 fms_financial_transaction 生成数据
INFO:app.core.database:批量执行SQL，查询: INSERT INTO fms_financial_transaction (transaction_id, order_id, payment_method, transaction_type, transaction_amount, transaction_status, transaction_time) VALUES ($1, $2, $3, $4, $5, $6, $7), 值数量: 1
INFO:app.core.database:连接数据库: 172.16.10.196:5432/db_house
INFO:app.core.database:批量执行SQL完成
INFO:app.services.data_generator:表 fms_financial_transaction 已插入剩余 1 条记录并缓存主键值
INFO:app.services.data_generator:依赖表 fms_financial_transaction 生成完成，记录数: 1
INFO:app.services.data_generator:开始为依赖表 oms_order_item 生成数据
INFO:app.core.database:批量执行SQL，查询: INSERT INTO oms_order_item (id, order_id, product_sku, product_name, quantity, price) VALUES ($1, $2, $3, $4, $5, $6), 值数量: 1
INFO:app.core.database:连接数据库: 172.16.10.196:5432/db_house
INFO:app.core.database:批量执行SQL完成
INFO:app.services.data_generator:表 oms_order_item 已插入剩余 1 条记录并缓存主键值
INFO:app.services.data_generator:依赖表 oms_order_item 生成完成，记录数: 1
INFO:app.services.data_generator:数据生成完成，总记录数: 7
INFO:app.services.data_generator:退出 generate_data_for_tables 方法
INFO:app.services.data_generator:开始 generate_data_for_tables 方法
INFO:app.services.data_generator:独立表（阶段1）: ['oms_order', 'crawler_competitor_price', 'crm_customer', 'ext_market_trend']
INFO:app.services.data_generator:依赖表（阶段2）: ['lms_shipment', 'fms_financial_transaction', 'oms_order_item']
INFO:app.services.data_generator:初始化数据库计数器
INFO:app.core.database:执行查询: SELECT MAX(id) FROM crawler_competitor_price, 参数: ()
INFO:app.core.database:连接数据库: 172.16.10.196:5432/db_house
INFO:app.core.database:查询执行成功
INFO:app.core.database:执行查询: SELECT MAX(id) FROM ext_market_trend, 参数: ()
INFO:app.core.database:连接数据库: 172.16.10.196:5432/db_house
INFO:app.core.database:查询执行成功
INFO:app.core.database:执行查询: SELECT MAX(id) FROM oms_order_item, 参数: ()
INFO:app.core.database:连接数据库: 172.16.10.196:5432/db_house
INFO:app.core.database:查询执行成功
INFO:app.services.data_generator:计数器初始化完成: {'crawler_competitor_price_id': 50, 'ext_market_trend_id': 50, 'oms_order_item_id': 141}
INFO:app.services.data_generator:开始处理日期: 2025-10-15
INFO:app.services.data_generator:当天计划生成记录数: 1
INFO:app.services.data_generator:已清空外键缓存
INFO:app.services.data_generator:=== 阶段1：生成独立表 ===
INFO:app.services.data_generator:开始为独立表 oms_order 生成数据
INFO:app.core.database:批量执行SQL，查询: INSERT INTO oms_order (order_id, order_channel, customer_code, order_amount, discount_amount, pay_amount, order_status, province, city, district, detail_address, order_time) VALUES ($1, $2, $3, $4, $5, $6, $7, $8, $9, $10, $11, $12), 值数量: 1
INFO:app.core.database:连接数据库: 172.16.10.196:5432/db_house
INFO:app.core.database:批量执行SQL完成
INFO:app.services.data_generator:表 oms_order 已插入剩余 1 条记录并缓存主键值
INFO:app.services.data_generator:独立表 oms_order 生成完成，记录数: 1
INFO:app.services.data_generator:开始为独立表 crawler_competitor_price 生成数据
INFO:app.core.database:批量执行SQL，查询: INSERT INTO crawler_competitor_price (id, crawl_time, platform, competitor_name, product_name, product_sku, price, promotion_info, is_in_stock) VALUES ($1, $2, $3, $4, $5, $6, $7, $8, $9), 值数量: 1
INFO:app.core.database:连接数据库: 172.16.10.196:5432/db_house
INFO:app.core.database:批量执行SQL完成
INFO:app.services.data_generator:表 crawler_competitor_price 已插入剩余 1 条记录并缓存主键值
INFO:app.services.data_generator:独立表 crawler_competitor_price 生成完成，记录数: 1
INFO:app.services.data_generator:开始为独立表 crm_customer 生成数据
INFO:app.core.database:批量执行SQL，查询: INSERT INTO crm_customer (customer_id, name, gender, phone, email, birthday, address, create_time, update_time, is_deleted) VALUES ($1, $2, $3, $4, $5, $6, $7, $8, $9, $10), 值数量: 1
INFO:app.core.database:连接数据库: 172.16.10.196:5432/db_house
INFO:app.core.database:批量执行SQL完成
INFO:app.services.data_generator:表 crm_customer 已插入剩余 1 条记录并缓存主键值
INFO:app.services.data_generator:独立表 crm_customer 生成完成，记录数: 1
INFO:app.services.data_generator:开始为独立表 ext_market_trend 生成数据
INFO:app.core.database:批量执行SQL，查询: INSERT INTO ext_market_trend (id, period, region, category, market_size, growth_rate, data_source) VALUES ($1, $2, $3, $4, $5, $6, $7), 值数量: 1
INFO:app.core.database:连接数据库: 172.16.10.196:5432/db_house
INFO:app.core.database:批量执行SQL完成
INFO:app.services.data_generator:表 ext_market_trend 已插入剩余 1 条记录并缓存主键值
INFO:app.services.data_generator:独立表 ext_market_trend 生成完成，记录数: 1
INFO:app.services.data_generator:=== 阶段2：生成依赖表 ===
INFO:app.services.data_generator:表依赖排序结果: ['lms_shipment', 'fms_financial_transaction', 'oms_order_item']
INFO:app.services.data_generator:排序后的依赖表: ['lms_shipment', 'fms_financial_transaction', 'oms_order_item']
INFO:app.services.data_generator:开始为依赖表 lms_shipment 生成数据
INFO:app.core.database:批量执行SQL，查询: INSERT INTO lms_shipment (shipment_id, order_id, carrier, sender_address, receiver_info, current_status, shipping_time, estimated_delivery, actual_delivery) VALUES ($1, $2, $3, $4, $5, $6, $7, $8, $9), 值数量: 1
INFO:app.core.database:连接数据库: 172.16.10.196:5432/db_house
INFO:app.core.database:批量执行SQL完成
INFO:app.services.data_generator:表 lms_shipment 已插入剩余 1 条记录并缓存主键值
INFO:app.services.data_generator:依赖表 lms_shipment 生成完成，记录数: 1
INFO:app.services.data_generator:开始为依赖表 fms_financial_transaction 生成数据
INFO:app.core.database:批量执行SQL，查询: INSERT INTO fms_financial_transaction (transaction_id, order_id, payment_method, transaction_type, transaction_amount, transaction_status, transaction_time) VALUES ($1, $2, $3, $4, $5, $6, $7), 值数量: 1
INFO:app.core.database:连接数据库: 172.16.10.196:5432/db_house
INFO:app.core.database:批量执行SQL完成
INFO:app.services.data_generator:表 fms_financial_transaction 已插入剩余 1 条记录并缓存主键值
INFO:app.services.data_generator:依赖表 fms_financial_transaction 生成完成，记录数: 1
INFO:app.services.data_generator:开始为依赖表 oms_order_item 生成数据
INFO:app.core.database:批量执行SQL，查询: INSERT INTO oms_order_item (id, order_id, product_sku, product_name, quantity, price) VALUES ($1, $2, $3, $4, $5, $6), 值数量: 1
INFO:app.core.database:连接数据库: 172.16.10.196:5432/db_house
INFO:app.core.database:批量执行SQL完成
INFO:app.services.data_generator:表 oms_order_item 已插入剩余 1 条记录并缓存主键值
INFO:app.services.data_generator:依赖表 oms_order_item 生成完成，记录数: 1
INFO:app.services.data_generator:数据生成完成，总记录数: 7
INFO:app.services.data_generator:退出 generate_data_for_tables 方法
INFO:app.services.data_generator:开始 generate_data_for_tables 方法
INFO:app.services.data_generator:独立表（阶段1）: ['oms_order', 'crawler_competitor_price', 'crm_customer', 'ext_market_trend']
INFO:app.services.data_generator:依赖表（阶段2）: ['lms_shipment', 'fms_financial_transaction', 'oms_order_item']
INFO:app.services.data_generator:初始化数据库计数器
INFO:app.core.database:执行查询: SELECT MAX(id) FROM crawler_competitor_price, 参数: ()
INFO:app.core.database:连接数据库: 172.16.10.196:5432/db_house
INFO:app.core.database:查询执行成功
INFO:app.core.database:执行查询: SELECT MAX(id) FROM ext_market_trend, 参数: ()
INFO:app.core.database:连接数据库: 172.16.10.196:5432/db_house
INFO:app.core.database:查询执行成功
INFO:app.core.database:执行查询: SELECT MAX(id) FROM oms_order_item, 参数: ()
INFO:app.core.database:连接数据库: 172.16.10.196:5432/db_house
INFO:app.core.database:查询执行成功
INFO:app.services.data_generator:计数器初始化完成: {'crawler_competitor_price_id': 51, 'ext_market_trend_id': 51, 'oms_order_item_id': 142}
INFO:app.services.data_generator:开始处理日期: 2025-10-15
INFO:app.services.data_generator:当天计划生成记录数: 1
INFO:app.services.data_generator:已清空外键缓存
INFO:app.services.data_generator:=== 阶段1：生成独立表 ===
INFO:app.services.data_generator:开始为独立表 oms_order 生成数据
INFO:app.core.database:批量执行SQL，查询: INSERT INTO oms_order (order_id, order_channel, customer_code, order_amount, discount_amount, pay_amount, order_status, province, city, district, detail_address, order_time) VALUES ($1, $2, $3, $4, $5, $6, $7, $8, $9, $10, $11, $12), 值数量: 1
INFO:app.core.database:连接数据库: 172.16.10.196:5432/db_house
INFO:app.core.database:批量执行SQL完成
INFO:app.services.data_generator:表 oms_order 已插入剩余 1 条记录并缓存主键值
INFO:app.services.data_generator:独立表 oms_order 生成完成，记录数: 1
INFO:app.services.data_generator:开始为独立表 crawler_competitor_price 生成数据
INFO:app.core.database:批量执行SQL，查询: INSERT INTO crawler_competitor_price (id, crawl_time, platform, competitor_name, product_name, product_sku, price, promotion_info, is_in_stock) VALUES ($1, $2, $3, $4, $5, $6, $7, $8, $9), 值数量: 1
INFO:app.core.database:连接数据库: 172.16.10.196:5432/db_house
INFO:app.core.database:批量执行SQL完成
INFO:app.services.data_generator:表 crawler_competitor_price 已插入剩余 1 条记录并缓存主键值
INFO:app.services.data_generator:独立表 crawler_competitor_price 生成完成，记录数: 1
INFO:app.services.data_generator:开始为独立表 crm_customer 生成数据
INFO:app.core.database:批量执行SQL，查询: INSERT INTO crm_customer (customer_id, name, gender, phone, email, birthday, address, create_time, update_time, is_deleted) VALUES ($1, $2, $3, $4, $5, $6, $7, $8, $9, $10), 值数量: 1
INFO:app.core.database:连接数据库: 172.16.10.196:5432/db_house
INFO:app.core.database:批量执行SQL完成
INFO:app.services.data_generator:表 crm_customer 已插入剩余 1 条记录并缓存主键值
INFO:app.services.data_generator:独立表 crm_customer 生成完成，记录数: 1
INFO:app.services.data_generator:开始为独立表 ext_market_trend 生成数据
INFO:app.core.database:批量执行SQL，查询: INSERT INTO ext_market_trend (id, period, region, category, market_size, growth_rate, data_source) VALUES ($1, $2, $3, $4, $5, $6, $7), 值数量: 1
INFO:app.core.database:连接数据库: 172.16.10.196:5432/db_house
INFO:app.core.database:批量执行SQL完成
INFO:app.services.data_generator:表 ext_market_trend 已插入剩余 1 条记录并缓存主键值
INFO:app.services.data_generator:独立表 ext_market_trend 生成完成，记录数: 1
INFO:app.services.data_generator:=== 阶段2：生成依赖表 ===
INFO:app.services.data_generator:表依赖排序结果: ['lms_shipment', 'fms_financial_transaction', 'oms_order_item']
INFO:app.services.data_generator:排序后的依赖表: ['lms_shipment', 'fms_financial_transaction', 'oms_order_item']
INFO:app.services.data_generator:开始为依赖表 lms_shipment 生成数据
INFO:app.core.database:批量执行SQL，查询: INSERT INTO lms_shipment (shipment_id, order_id, carrier, sender_address, receiver_info, current_status, shipping_time, estimated_delivery, actual_delivery) VALUES ($1, $2, $3, $4, $5, $6, $7, $8, $9), 值数量: 1
INFO:app.core.database:连接数据库: 172.16.10.196:5432/db_house
INFO:app.core.database:批量执行SQL完成
INFO:app.services.data_generator:表 lms_shipment 已插入剩余 1 条记录并缓存主键值
INFO:app.services.data_generator:依赖表 lms_shipment 生成完成，记录数: 1
INFO:app.services.data_generator:开始为依赖表 fms_financial_transaction 生成数据
INFO:app.core.database:批量执行SQL，查询: INSERT INTO fms_financial_transaction (transaction_id, order_id, payment_method, transaction_type, transaction_amount, transaction_status, transaction_time) VALUES ($1, $2, $3, $4, $5, $6, $7), 值数量: 1
INFO:app.core.database:连接数据库: 172.16.10.196:5432/db_house
INFO:app.core.database:批量执行SQL完成
INFO:app.services.data_generator:表 fms_financial_transaction 已插入剩余 1 条记录并缓存主键值
INFO:app.services.data_generator:依赖表 fms_financial_transaction 生成完成，记录数: 1
INFO:app.services.data_generator:开始为依赖表 oms_order_item 生成数据
INFO:app.core.database:批量执行SQL，查询: INSERT INTO oms_order_item (id, order_id, product_sku, product_name, quantity, price) VALUES ($1, $2, $3, $4, $5, $6), 值数量: 1
INFO:app.core.database:连接数据库: 172.16.10.196:5432/db_house
INFO:app.core.database:批量执行SQL完成
INFO:app.services.data_generator:表 oms_order_item 已插入剩余 1 条记录并缓存主键值
INFO:app.services.data_generator:依赖表 oms_order_item 生成完成，记录数: 1
INFO:app.services.data_generator:数据生成完成，总记录数: 7
INFO:app.services.data_generator:退出 generate_data_for_tables 方法
INFO:app.services.data_generator:开始 generate_data_for_tables 方法
INFO:app.services.data_generator:独立表（阶段1）: ['oms_order', 'crawler_competitor_price', 'crm_customer', 'ext_market_trend']
INFO:app.services.data_generator:依赖表（阶段2）: ['lms_shipment', 'fms_financial_transaction', 'oms_order_item']
INFO:app.services.data_generator:初始化数据库计数器
INFO:app.core.database:执行查询: SELECT MAX(id) FROM crawler_competitor_price, 参数: ()
INFO:app.core.database:连接数据库: 172.16.10.196:5432/db_house
INFO:app.core.database:查询执行成功
INFO:app.core.database:执行查询: SELECT MAX(id) FROM ext_market_trend, 参数: ()
INFO:app.core.database:连接数据库: 172.16.10.196:5432/db_house
INFO:app.core.database:查询执行成功
INFO:app.core.database:执行查询: SELECT MAX(id) FROM oms_order_item, 参数: ()
INFO:app.core.database:连接数据库: 172.16.10.196:5432/db_house
INFO:app.core.database:查询执行成功
INFO:app.services.data_generator:计数器初始化完成: {'crawler_competitor_price_id': 52, 'ext_market_trend_id': 52, 'oms_order_item_id': 143}
INFO:app.services.data_generator:开始处理日期: 2025-10-15
INFO:app.services.data_generator:当天计划生成记录数: 1
INFO:app.services.data_generator:已清空外键缓存
INFO:app.services.data_generator:=== 阶段1：生成独立表 ===
INFO:app.services.data_generator:开始为独立表 oms_order 生成数据
INFO:app.core.database:批量执行SQL，查询: INSERT INTO oms_order (order_id, order_channel, customer_code, order_amount, discount_amount, pay_amount, order_status, province, city, district, detail_address, order_time) VALUES ($1, $2, $3, $4, $5, $6, $7, $8, $9, $10, $11, $12), 值数量: 1
INFO:app.core.database:连接数据库: 172.16.10.196:5432/db_house
INFO:app.core.database:批量执行SQL完成
INFO:app.services.data_generator:表 oms_order 已插入剩余 1 条记录并缓存主键值
INFO:app.services.data_generator:独立表 oms_order 生成完成，记录数: 1
INFO:app.services.data_generator:开始为独立表 crawler_competitor_price 生成数据
INFO:app.core.database:批量执行SQL，查询: INSERT INTO crawler_competitor_price (id, crawl_time, platform, competitor_name, product_name, product_sku, price, promotion_info, is_in_stock) VALUES ($1, $2, $3, $4, $5, $6, $7, $8, $9), 值数量: 1
INFO:app.core.database:连接数据库: 172.16.10.196:5432/db_house
INFO:app.core.database:批量执行SQL完成
INFO:app.services.data_generator:表 crawler_competitor_price 已插入剩余 1 条记录并缓存主键值
INFO:app.services.data_generator:独立表 crawler_competitor_price 生成完成，记录数: 1
INFO:app.services.data_generator:开始为独立表 crm_customer 生成数据
INFO:app.core.database:批量执行SQL，查询: INSERT INTO crm_customer (customer_id, name, gender, phone, email, birthday, address, create_time, update_time, is_deleted) VALUES ($1, $2, $3, $4, $5, $6, $7, $8, $9, $10), 值数量: 1
INFO:app.core.database:连接数据库: 172.16.10.196:5432/db_house
INFO:app.core.database:批量执行SQL完成
INFO:app.services.data_generator:表 crm_customer 已插入剩余 1 条记录并缓存主键值
INFO:app.services.data_generator:独立表 crm_customer 生成完成，记录数: 1
INFO:app.services.data_generator:开始为独立表 ext_market_trend 生成数据
INFO:app.core.database:批量执行SQL，查询: INSERT INTO ext_market_trend (id, period, region, category, market_size, growth_rate, data_source) VALUES ($1, $2, $3, $4, $5, $6, $7), 值数量: 1
INFO:app.core.database:连接数据库: 172.16.10.196:5432/db_house
INFO:app.core.database:批量执行SQL完成
INFO:app.services.data_generator:表 ext_market_trend 已插入剩余 1 条记录并缓存主键值
INFO:app.services.data_generator:独立表 ext_market_trend 生成完成，记录数: 1
INFO:app.services.data_generator:=== 阶段2：生成依赖表 ===
INFO:app.services.data_generator:表依赖排序结果: ['lms_shipment', 'fms_financial_transaction', 'oms_order_item']
INFO:app.services.data_generator:排序后的依赖表: ['lms_shipment', 'fms_financial_transaction', 'oms_order_item']
INFO:app.services.data_generator:开始为依赖表 lms_shipment 生成数据
INFO:app.core.database:批量执行SQL，查询: INSERT INTO lms_shipment (shipment_id, order_id, carrier, sender_address, receiver_info, current_status, shipping_time, estimated_delivery, actual_delivery) VALUES ($1, $2, $3, $4, $5, $6, $7, $8, $9), 值数量: 1
INFO:app.core.database:连接数据库: 172.16.10.196:5432/db_house
INFO:app.core.database:批量执行SQL完成
INFO:app.services.data_generator:表 lms_shipment 已插入剩余 1 条记录并缓存主键值
INFO:app.services.data_generator:依赖表 lms_shipment 生成完成，记录数: 1
INFO:app.services.data_generator:开始为依赖表 fms_financial_transaction 生成数据
INFO:app.core.database:批量执行SQL，查询: INSERT INTO fms_financial_transaction (transaction_id, order_id, payment_method, transaction_type, transaction_amount, transaction_status, transaction_time) VALUES ($1, $2, $3, $4, $5, $6, $7), 值数量: 1
INFO:app.core.database:连接数据库: 172.16.10.196:5432/db_house
INFO:app.core.database:批量执行SQL完成
INFO:app.services.data_generator:表 fms_financial_transaction 已插入剩余 1 条记录并缓存主键值
INFO:app.services.data_generator:依赖表 fms_financial_transaction 生成完成，记录数: 1
INFO:app.services.data_generator:开始为依赖表 oms_order_item 生成数据
INFO:app.core.database:批量执行SQL，查询: INSERT INTO oms_order_item (id, order_id, product_sku, product_name, quantity, price) VALUES ($1, $2, $3, $4, $5, $6), 值数量: 1
INFO:app.core.database:连接数据库: 172.16.10.196:5432/db_house
INFO:app.core.database:批量执行SQL完成
INFO:app.services.data_generator:表 oms_order_item 已插入剩余 1 条记录并缓存主键值
INFO:app.services.data_generator:依赖表 oms_order_item 生成完成，记录数: 1
INFO:app.services.data_generator:数据生成完成，总记录数: 7
INFO:app.services.data_generator:退出 generate_data_for_tables 方法
INFO:app.services.data_generator:开始 generate_data_for_tables 方法
INFO:app.services.data_generator:独立表（阶段1）: ['oms_order', 'crawler_competitor_price', 'crm_customer', 'ext_market_trend']
INFO:app.services.data_generator:依赖表（阶段2）: ['lms_shipment', 'fms_financial_transaction', 'oms_order_item']
INFO:app.services.data_generator:初始化数据库计数器
INFO:app.core.database:执行查询: SELECT MAX(id) FROM crawler_competitor_price, 参数: ()
INFO:app.core.database:连接数据库: 172.16.10.196:5432/db_house
INFO:app.core.database:查询执行成功
INFO:app.core.database:执行查询: SELECT MAX(id) FROM ext_market_trend, 参数: ()
INFO:app.core.database:连接数据库: 172.16.10.196:5432/db_house
INFO:app.core.database:查询执行成功
INFO:app.core.database:执行查询: SELECT MAX(id) FROM oms_order_item, 参数: ()
INFO:app.core.database:连接数据库: 172.16.10.196:5432/db_house
INFO:app.core.database:查询执行成功
INFO:app.services.data_generator:计数器初始化完成: {'crawler_competitor_price_id': 53, 'ext_market_trend_id': 53, 'oms_order_item_id': 144}
INFO:app.services.data_generator:开始处理日期: 2025-10-15
INFO:app.services.data_generator:当天计划生成记录数: 1
INFO:app.services.data_generator:已清空外键缓存
INFO:app.services.data_generator:=== 阶段1：生成独立表 ===
INFO:app.services.data_generator:开始为独立表 oms_order 生成数据
INFO:app.core.database:批量执行SQL，查询: INSERT INTO oms_order (order_id, order_channel, customer_code, order_amount, discount_amount, pay_amount, order_status, province, city, district, detail_address, order_time) VALUES ($1, $2, $3, $4, $5, $6, $7, $8, $9, $10, $11, $12), 值数量: 1
INFO:app.core.database:连接数据库: 172.16.10.196:5432/db_house
INFO:app.core.database:批量执行SQL完成
INFO:app.services.data_generator:表 oms_order 已插入剩余 1 条记录并缓存主键值
INFO:app.services.data_generator:独立表 oms_order 生成完成，记录数: 1
INFO:app.services.data_generator:开始为独立表 crawler_competitor_price 生成数据
INFO:app.core.database:批量执行SQL，查询: INSERT INTO crawler_competitor_price (id, crawl_time, platform, competitor_name, product_name, product_sku, price, promotion_info, is_in_stock) VALUES ($1, $2, $3, $4, $5, $6, $7, $8, $9), 值数量: 1
INFO:app.core.database:连接数据库: 172.16.10.196:5432/db_house
INFO:app.core.database:批量执行SQL完成
INFO:app.services.data_generator:表 crawler_competitor_price 已插入剩余 1 条记录并缓存主键值
INFO:app.services.data_generator:独立表 crawler_competitor_price 生成完成，记录数: 1
INFO:app.services.data_generator:开始为独立表 crm_customer 生成数据
INFO:app.core.database:批量执行SQL，查询: INSERT INTO crm_customer (customer_id, name, gender, phone, email, birthday, address, create_time, update_time, is_deleted) VALUES ($1, $2, $3, $4, $5, $6, $7, $8, $9, $10), 值数量: 1
INFO:app.core.database:连接数据库: 172.16.10.196:5432/db_house
INFO:app.core.database:批量执行SQL完成
INFO:app.services.data_generator:表 crm_customer 已插入剩余 1 条记录并缓存主键值
INFO:app.services.data_generator:独立表 crm_customer 生成完成，记录数: 1
INFO:app.services.data_generator:开始为独立表 ext_market_trend 生成数据
INFO:app.core.database:批量执行SQL，查询: INSERT INTO ext_market_trend (id, period, region, category, market_size, growth_rate, data_source) VALUES ($1, $2, $3, $4, $5, $6, $7), 值数量: 1
INFO:app.core.database:连接数据库: 172.16.10.196:5432/db_house
INFO:app.core.database:批量执行SQL完成
INFO:app.services.data_generator:表 ext_market_trend 已插入剩余 1 条记录并缓存主键值
INFO:app.services.data_generator:独立表 ext_market_trend 生成完成，记录数: 1
INFO:app.services.data_generator:=== 阶段2：生成依赖表 ===
INFO:app.services.data_generator:表依赖排序结果: ['lms_shipment', 'fms_financial_transaction', 'oms_order_item']
INFO:app.services.data_generator:排序后的依赖表: ['lms_shipment', 'fms_financial_transaction', 'oms_order_item']
INFO:app.services.data_generator:开始为依赖表 lms_shipment 生成数据
INFO:app.core.database:批量执行SQL，查询: INSERT INTO lms_shipment (shipment_id, order_id, carrier, sender_address, receiver_info, current_status, shipping_time, estimated_delivery, actual_delivery) VALUES ($1, $2, $3, $4, $5, $6, $7, $8, $9), 值数量: 1
INFO:app.core.database:连接数据库: 172.16.10.196:5432/db_house
INFO:app.core.database:批量执行SQL完成
INFO:app.services.data_generator:表 lms_shipment 已插入剩余 1 条记录并缓存主键值
INFO:app.services.data_generator:依赖表 lms_shipment 生成完成，记录数: 1
INFO:app.services.data_generator:开始为依赖表 fms_financial_transaction 生成数据
INFO:app.core.database:批量执行SQL，查询: INSERT INTO fms_financial_transaction (transaction_id, order_id, payment_method, transaction_type, transaction_amount, transaction_status, transaction_time) VALUES ($1, $2, $3, $4, $5, $6, $7), 值数量: 1
INFO:app.core.database:连接数据库: 172.16.10.196:5432/db_house
INFO:app.core.database:批量执行SQL完成
INFO:app.services.data_generator:表 fms_financial_transaction 已插入剩余 1 条记录并缓存主键值
INFO:app.services.data_generator:依赖表 fms_financial_transaction 生成完成，记录数: 1
INFO:app.services.data_generator:开始为依赖表 oms_order_item 生成数据
INFO:app.core.database:批量执行SQL，查询: INSERT INTO oms_order_item (id, order_id, product_sku, product_name, quantity, price) VALUES ($1, $2, $3, $4, $5, $6), 值数量: 1
INFO:app.core.database:连接数据库: 172.16.10.196:5432/db_house
INFO:app.core.database:批量执行SQL完成
INFO:app.services.data_generator:表 oms_order_item 已插入剩余 1 条记录并缓存主键值
INFO:app.services.data_generator:依赖表 oms_order_item 生成完成，记录数: 1
INFO:app.services.data_generator:数据生成完成，总记录数: 7
INFO:app.services.data_generator:退出 generate_data_for_tables 方法
INFO:app.services.data_generator:开始 generate_data_for_tables 方法
INFO:app.services.data_generator:独立表（阶段1）: ['oms_order', 'crawler_competitor_price', 'crm_customer', 'ext_market_trend']
INFO:app.services.data_generator:依赖表（阶段2）: ['lms_shipment', 'fms_financial_transaction', 'oms_order_item']
INFO:app.services.data_generator:初始化数据库计数器
INFO:app.core.database:执行查询: SELECT MAX(id) FROM crawler_competitor_price, 参数: ()
INFO:app.core.database:连接数据库: 172.16.10.196:5432/db_house
INFO:app.core.database:查询执行成功
INFO:app.core.database:执行查询: SELECT MAX(id) FROM ext_market_trend, 参数: ()
INFO:app.core.database:连接数据库: 172.16.10.196:5432/db_house
INFO:app.core.database:查询执行成功
INFO:app.core.database:执行查询: SELECT MAX(id) FROM oms_order_item, 参数: ()
INFO:app.core.database:连接数据库: 172.16.10.196:5432/db_house
INFO:app.core.database:查询执行成功
INFO:app.services.data_generator:计数器初始化完成: {'crawler_competitor_price_id': 54, 'ext_market_trend_id': 54, 'oms_order_item_id': 145}
INFO:app.services.data_generator:开始处理日期: 2025-10-15
INFO:app.services.data_generator:当天计划生成记录数: 1
INFO:app.services.data_generator:已清空外键缓存
INFO:app.services.data_generator:=== 阶段1：生成独立表 ===
INFO:app.services.data_generator:开始为独立表 oms_order 生成数据
INFO:app.core.database:批量执行SQL，查询: INSERT INTO oms_order (order_id, order_channel, customer_code, order_amount, discount_amount, pay_amount, order_status, province, city, district, detail_address, order_time) VALUES ($1, $2, $3, $4, $5, $6, $7, $8, $9, $10, $11, $12), 值数量: 1
INFO:app.core.database:连接数据库: 172.16.10.196:5432/db_house
INFO:app.core.database:批量执行SQL完成
INFO:app.services.data_generator:表 oms_order 已插入剩余 1 条记录并缓存主键值
INFO:app.services.data_generator:独立表 oms_order 生成完成，记录数: 1
INFO:app.services.data_generator:开始为独立表 crawler_competitor_price 生成数据
INFO:app.core.database:批量执行SQL，查询: INSERT INTO crawler_competitor_price (id, crawl_time, platform, competitor_name, product_name, product_sku, price, promotion_info, is_in_stock) VALUES ($1, $2, $3, $4, $5, $6, $7, $8, $9), 值数量: 1
INFO:app.core.database:连接数据库: 172.16.10.196:5432/db_house
INFO:app.core.database:批量执行SQL完成
INFO:app.services.data_generator:表 crawler_competitor_price 已插入剩余 1 条记录并缓存主键值
INFO:app.services.data_generator:独立表 crawler_competitor_price 生成完成，记录数: 1
INFO:app.services.data_generator:开始为独立表 crm_customer 生成数据
INFO:app.core.database:批量执行SQL，查询: INSERT INTO crm_customer (customer_id, name, gender, phone, email, birthday, address, create_time, update_time, is_deleted) VALUES ($1, $2, $3, $4, $5, $6, $7, $8, $9, $10), 值数量: 1
INFO:app.core.database:连接数据库: 172.16.10.196:5432/db_house
INFO:app.core.database:批量执行SQL完成
INFO:app.services.data_generator:表 crm_customer 已插入剩余 1 条记录并缓存主键值
INFO:app.services.data_generator:独立表 crm_customer 生成完成，记录数: 1
INFO:app.services.data_generator:开始为独立表 ext_market_trend 生成数据
INFO:app.core.database:批量执行SQL，查询: INSERT INTO ext_market_trend (id, period, region, category, market_size, growth_rate, data_source) VALUES ($1, $2, $3, $4, $5, $6, $7), 值数量: 1
INFO:app.core.database:连接数据库: 172.16.10.196:5432/db_house
INFO:app.core.database:批量执行SQL完成
INFO:app.services.data_generator:表 ext_market_trend 已插入剩余 1 条记录并缓存主键值
INFO:app.services.data_generator:独立表 ext_market_trend 生成完成，记录数: 1
INFO:app.services.data_generator:=== 阶段2：生成依赖表 ===
INFO:app.services.data_generator:表依赖排序结果: ['lms_shipment', 'fms_financial_transaction', 'oms_order_item']
INFO:app.services.data_generator:排序后的依赖表: ['lms_shipment', 'fms_financial_transaction', 'oms_order_item']
INFO:app.services.data_generator:开始为依赖表 lms_shipment 生成数据
INFO:app.core.database:批量执行SQL，查询: INSERT INTO lms_shipment (shipment_id, order_id, carrier, sender_address, receiver_info, current_status, shipping_time, estimated_delivery, actual_delivery) VALUES ($1, $2, $3, $4, $5, $6, $7, $8, $9), 值数量: 1
INFO:app.core.database:连接数据库: 172.16.10.196:5432/db_house
INFO:app.core.database:批量执行SQL完成
INFO:app.services.data_generator:表 lms_shipment 已插入剩余 1 条记录并缓存主键值
INFO:app.services.data_generator:依赖表 lms_shipment 生成完成，记录数: 1
INFO:app.services.data_generator:开始为依赖表 fms_financial_transaction 生成数据
INFO:app.core.database:批量执行SQL，查询: INSERT INTO fms_financial_transaction (transaction_id, order_id, payment_method, transaction_type, transaction_amount, transaction_status, transaction_time) VALUES ($1, $2, $3, $4, $5, $6, $7), 值数量: 1
INFO:app.core.database:连接数据库: 172.16.10.196:5432/db_house
INFO:app.core.database:批量执行SQL完成
INFO:app.services.data_generator:表 fms_financial_transaction 已插入剩余 1 条记录并缓存主键值
INFO:app.services.data_generator:依赖表 fms_financial_transaction 生成完成，记录数: 1
INFO:app.services.data_generator:开始为依赖表 oms_order_item 生成数据
INFO:app.core.database:批量执行SQL，查询: INSERT INTO oms_order_item (id, order_id, product_sku, product_name, quantity, price) VALUES ($1, $2, $3, $4, $5, $6), 值数量: 1
INFO:app.core.database:连接数据库: 172.16.10.196:5432/db_house
INFO:app.core.database:批量执行SQL完成
INFO:app.services.data_generator:表 oms_order_item 已插入剩余 1 条记录并缓存主键值
INFO:app.services.data_generator:依赖表 oms_order_item 生成完成，记录数: 1
INFO:app.services.data_generator:数据生成完成，总记录数: 7
INFO:app.services.data_generator:退出 generate_data_for_tables 方法
INFO:app.services.data_generator:开始 generate_data_for_tables 方法
INFO:app.services.data_generator:独立表（阶段1）: ['oms_order', 'crawler_competitor_price', 'crm_customer', 'ext_market_trend']
INFO:app.services.data_generator:依赖表（阶段2）: ['lms_shipment', 'fms_financial_transaction', 'oms_order_item']
INFO:app.services.data_generator:初始化数据库计数器
INFO:app.core.database:执行查询: SELECT MAX(id) FROM crawler_competitor_price, 参数: ()
INFO:app.core.database:连接数据库: 172.16.10.196:5432/db_house
INFO:app.core.database:查询执行成功
INFO:app.core.database:执行查询: SELECT MAX(id) FROM ext_market_trend, 参数: ()
INFO:app.core.database:连接数据库: 172.16.10.196:5432/db_house
INFO:app.core.database:查询执行成功
INFO:app.core.database:执行查询: SELECT MAX(id) FROM oms_order_item, 参数: ()
INFO:app.core.database:连接数据库: 172.16.10.196:5432/db_house
INFO:app.core.database:查询执行成功
INFO:app.services.data_generator:计数器初始化完成: {'crawler_competitor_price_id': 55, 'ext_market_trend_id': 55, 'oms_order_item_id': 146}
INFO:app.services.data_generator:开始处理日期: 2025-10-15
INFO:app.services.data_generator:当天计划生成记录数: 1
INFO:app.services.data_generator:已清空外键缓存
INFO:app.services.data_generator:=== 阶段1：生成独立表 ===
INFO:app.services.data_generator:开始为独立表 oms_order 生成数据
INFO:app.core.database:批量执行SQL，查询: INSERT INTO oms_order (order_id, order_channel, customer_code, order_amount, discount_amount, pay_amount, order_status, province, city, district, detail_address, order_time) VALUES ($1, $2, $3, $4, $5, $6, $7, $8, $9, $10, $11, $12), 值数量: 1
INFO:app.core.database:连接数据库: 172.16.10.196:5432/db_house
INFO:app.core.database:批量执行SQL完成
INFO:app.services.data_generator:表 oms_order 已插入剩余 1 条记录并缓存主键值
INFO:app.services.data_generator:独立表 oms_order 生成完成，记录数: 1
INFO:app.services.data_generator:开始为独立表 crawler_competitor_price 生成数据
INFO:app.core.database:批量执行SQL，查询: INSERT INTO crawler_competitor_price (id, crawl_time, platform, competitor_name, product_name, product_sku, price, promotion_info, is_in_stock) VALUES ($1, $2, $3, $4, $5, $6, $7, $8, $9), 值数量: 1
INFO:app.core.database:连接数据库: 172.16.10.196:5432/db_house
INFO:app.core.database:批量执行SQL完成
INFO:app.services.data_generator:表 crawler_competitor_price 已插入剩余 1 条记录并缓存主键值
INFO:app.services.data_generator:独立表 crawler_competitor_price 生成完成，记录数: 1
INFO:app.services.data_generator:开始为独立表 crm_customer 生成数据
INFO:app.core.database:批量执行SQL，查询: INSERT INTO crm_customer (customer_id, name, gender, phone, email, birthday, address, create_time, update_time, is_deleted) VALUES ($1, $2, $3, $4, $5, $6, $7, $8, $9, $10), 值数量: 1
INFO:app.core.database:连接数据库: 172.16.10.196:5432/db_house
INFO:app.core.database:批量执行SQL完成
INFO:app.services.data_generator:表 crm_customer 已插入剩余 1 条记录并缓存主键值
INFO:app.services.data_generator:独立表 crm_customer 生成完成，记录数: 1
INFO:app.services.data_generator:开始为独立表 ext_market_trend 生成数据
INFO:app.core.database:批量执行SQL，查询: INSERT INTO ext_market_trend (id, period, region, category, market_size, growth_rate, data_source) VALUES ($1, $2, $3, $4, $5, $6, $7), 值数量: 1
INFO:app.core.database:连接数据库: 172.16.10.196:5432/db_house
INFO:app.core.database:批量执行SQL完成
INFO:app.services.data_generator:表 ext_market_trend 已插入剩余 1 条记录并缓存主键值
INFO:app.services.data_generator:独立表 ext_market_trend 生成完成，记录数: 1
INFO:app.services.data_generator:=== 阶段2：生成依赖表 ===
INFO:app.services.data_generator:表依赖排序结果: ['lms_shipment', 'fms_financial_transaction', 'oms_order_item']
INFO:app.services.data_generator:排序后的依赖表: ['lms_shipment', 'fms_financial_transaction', 'oms_order_item']
INFO:app.services.data_generator:开始为依赖表 lms_shipment 生成数据
INFO:app.core.database:批量执行SQL，查询: INSERT INTO lms_shipment (shipment_id, order_id, carrier, sender_address, receiver_info, current_status, shipping_time, estimated_delivery, actual_delivery) VALUES ($1, $2, $3, $4, $5, $6, $7, $8, $9), 值数量: 1
INFO:app.core.database:连接数据库: 172.16.10.196:5432/db_house
INFO:app.core.database:批量执行SQL完成
INFO:app.services.data_generator:表 lms_shipment 已插入剩余 1 条记录并缓存主键值
INFO:app.services.data_generator:依赖表 lms_shipment 生成完成，记录数: 1
INFO:app.services.data_generator:开始为依赖表 fms_financial_transaction 生成数据
INFO:app.core.database:批量执行SQL，查询: INSERT INTO fms_financial_transaction (transaction_id, order_id, payment_method, transaction_type, transaction_amount, transaction_status, transaction_time) VALUES ($1, $2, $3, $4, $5, $6, $7), 值数量: 1
INFO:app.core.database:连接数据库: 172.16.10.196:5432/db_house
INFO:app.core.database:批量执行SQL完成
INFO:app.services.data_generator:表 fms_financial_transaction 已插入剩余 1 条记录并缓存主键值
INFO:app.services.data_generator:依赖表 fms_financial_transaction 生成完成，记录数: 1
INFO:app.services.data_generator:开始为依赖表 oms_order_item 生成数据
INFO:app.core.database:批量执行SQL，查询: INSERT INTO oms_order_item (id, order_id, product_sku, product_name, quantity, price) VALUES ($1, $2, $3, $4, $5, $6), 值数量: 1
INFO:app.core.database:连接数据库: 172.16.10.196:5432/db_house
INFO:app.core.database:批量执行SQL完成
INFO:app.services.data_generator:表 oms_order_item 已插入剩余 1 条记录并缓存主键值
INFO:app.services.data_generator:依赖表 oms_order_item 生成完成，记录数: 1
INFO:app.services.data_generator:数据生成完成，总记录数: 7
INFO:app.services.data_generator:退出 generate_data_for_tables 方法
INFO:app.services.data_generator:开始 generate_data_for_tables 方法
INFO:app.services.data_generator:独立表（阶段1）: ['oms_order', 'crawler_competitor_price', 'crm_customer', 'ext_market_trend']
INFO:app.services.data_generator:依赖表（阶段2）: ['lms_shipment', 'fms_financial_transaction', 'oms_order_item']
INFO:app.services.data_generator:初始化数据库计数器
INFO:app.core.database:执行查询: SELECT MAX(id) FROM crawler_competitor_price, 参数: ()
INFO:app.core.database:连接数据库: 172.16.10.196:5432/db_house
INFO:app.core.database:查询执行成功
INFO:app.core.database:执行查询: SELECT MAX(id) FROM ext_market_trend, 参数: ()
INFO:app.core.database:连接数据库: 172.16.10.196:5432/db_house
INFO:app.core.database:查询执行成功
INFO:app.core.database:执行查询: SELECT MAX(id) FROM oms_order_item, 参数: ()
INFO:app.core.database:连接数据库: 172.16.10.196:5432/db_house
INFO:app.core.database:查询执行成功
INFO:app.services.data_generator:计数器初始化完成: {'crawler_competitor_price_id': 56, 'ext_market_trend_id': 56, 'oms_order_item_id': 147}
INFO:app.services.data_generator:开始处理日期: 2025-10-15
INFO:app.services.data_generator:当天计划生成记录数: 1
INFO:app.services.data_generator:已清空外键缓存
INFO:app.services.data_generator:=== 阶段1：生成独立表 ===
INFO:app.services.data_generator:开始为独立表 oms_order 生成数据
INFO:app.core.database:批量执行SQL，查询: INSERT INTO oms_order (order_id, order_channel, customer_code, order_amount, discount_amount, pay_amount, order_status, province, city, district, detail_address, order_time) VALUES ($1, $2, $3, $4, $5, $6, $7, $8, $9, $10, $11, $12), 值数量: 1
INFO:app.core.database:连接数据库: 172.16.10.196:5432/db_house
INFO:app.core.database:批量执行SQL完成
INFO:app.services.data_generator:表 oms_order 已插入剩余 1 条记录并缓存主键值
INFO:app.services.data_generator:独立表 oms_order 生成完成，记录数: 1
INFO:app.services.data_generator:开始为独立表 crawler_competitor_price 生成数据
INFO:app.core.database:批量执行SQL，查询: INSERT INTO crawler_competitor_price (id, crawl_time, platform, competitor_name, product_name, product_sku, price, promotion_info, is_in_stock) VALUES ($1, $2, $3, $4, $5, $6, $7, $8, $9), 值数量: 1
INFO:app.core.database:连接数据库: 172.16.10.196:5432/db_house
INFO:app.core.database:批量执行SQL完成
INFO:app.services.data_generator:表 crawler_competitor_price 已插入剩余 1 条记录并缓存主键值
INFO:app.services.data_generator:独立表 crawler_competitor_price 生成完成，记录数: 1
INFO:app.services.data_generator:开始为独立表 crm_customer 生成数据
INFO:app.core.database:批量执行SQL，查询: INSERT INTO crm_customer (customer_id, name, gender, phone, email, birthday, address, create_time, update_time, is_deleted) VALUES ($1, $2, $3, $4, $5, $6, $7, $8, $9, $10), 值数量: 1
INFO:app.core.database:连接数据库: 172.16.10.196:5432/db_house
INFO:app.core.database:批量执行SQL完成
INFO:app.services.data_generator:表 crm_customer 已插入剩余 1 条记录并缓存主键值
INFO:app.services.data_generator:独立表 crm_customer 生成完成，记录数: 1
INFO:app.services.data_generator:开始为独立表 ext_market_trend 生成数据
INFO:app.core.database:批量执行SQL，查询: INSERT INTO ext_market_trend (id, period, region, category, market_size, growth_rate, data_source) VALUES ($1, $2, $3, $4, $5, $6, $7), 值数量: 1
INFO:app.core.database:连接数据库: 172.16.10.196:5432/db_house
INFO:app.core.database:批量执行SQL完成
INFO:app.services.data_generator:表 ext_market_trend 已插入剩余 1 条记录并缓存主键值
INFO:app.services.data_generator:独立表 ext_market_trend 生成完成，记录数: 1
INFO:app.services.data_generator:=== 阶段2：生成依赖表 ===
INFO:app.services.data_generator:表依赖排序结果: ['lms_shipment', 'fms_financial_transaction', 'oms_order_item']
INFO:app.services.data_generator:排序后的依赖表: ['lms_shipment', 'fms_financial_transaction', 'oms_order_item']
INFO:app.services.data_generator:开始为依赖表 lms_shipment 生成数据
INFO:app.core.database:批量执行SQL，查询: INSERT INTO lms_shipment (shipment_id, order_id, carrier, sender_address, receiver_info, current_status, shipping_time, estimated_delivery, actual_delivery) VALUES ($1, $2, $3, $4, $5, $6, $7, $8, $9), 值数量: 1
INFO:app.core.database:连接数据库: 172.16.10.196:5432/db_house
INFO:app.core.database:批量执行SQL完成
INFO:app.services.data_generator:表 lms_shipment 已插入剩余 1 条记录并缓存主键值
INFO:app.services.data_generator:依赖表 lms_shipment 生成完成，记录数: 1
INFO:app.services.data_generator:开始为依赖表 fms_financial_transaction 生成数据
INFO:app.core.database:批量执行SQL，查询: INSERT INTO fms_financial_transaction (transaction_id, order_id, payment_method, transaction_type, transaction_amount, transaction_status, transaction_time) VALUES ($1, $2, $3, $4, $5, $6, $7), 值数量: 1
INFO:app.core.database:连接数据库: 172.16.10.196:5432/db_house
INFO:app.core.database:批量执行SQL完成
INFO:app.services.data_generator:表 fms_financial_transaction 已插入剩余 1 条记录并缓存主键值
INFO:app.services.data_generator:依赖表 fms_financial_transaction 生成完成，记录数: 1
INFO:app.services.data_generator:开始为依赖表 oms_order_item 生成数据
INFO:app.core.database:批量执行SQL，查询: INSERT INTO oms_order_item (id, order_id, product_sku, product_name, quantity, price) VALUES ($1, $2, $3, $4, $5, $6), 值数量: 1
INFO:app.core.database:连接数据库: 172.16.10.196:5432/db_house
INFO:app.core.database:批量执行SQL完成
INFO:app.services.data_generator:表 oms_order_item 已插入剩余 1 条记录并缓存主键值
INFO:app.services.data_generator:依赖表 oms_order_item 生成完成，记录数: 1
INFO:app.services.data_generator:数据生成完成，总记录数: 7
INFO:app.services.data_generator:退出 generate_data_for_tables 方法
INFO:app.services.data_generator:开始 generate_data_for_tables 方法
INFO:app.services.data_generator:独立表（阶段1）: ['oms_order', 'crawler_competitor_price', 'crm_customer', 'ext_market_trend']
INFO:app.services.data_generator:依赖表（阶段2）: ['lms_shipment', 'fms_financial_transaction', 'oms_order_item']
INFO:app.services.data_generator:初始化数据库计数器
INFO:app.core.database:执行查询: SELECT MAX(id) FROM crawler_competitor_price, 参数: ()
INFO:app.core.database:连接数据库: 172.16.10.196:5432/db_house
INFO:app.core.database:查询执行成功
INFO:app.core.database:执行查询: SELECT MAX(id) FROM ext_market_trend, 参数: ()
INFO:app.core.database:连接数据库: 172.16.10.196:5432/db_house
INFO:app.core.database:查询执行成功
INFO:app.core.database:执行查询: SELECT MAX(id) FROM oms_order_item, 参数: ()
INFO:app.core.database:连接数据库: 172.16.10.196:5432/db_house
INFO:app.core.database:查询执行成功
INFO:app.services.data_generator:计数器初始化完成: {'crawler_competitor_price_id': 57, 'ext_market_trend_id': 57, 'oms_order_item_id': 148}
INFO:app.services.data_generator:开始处理日期: 2025-10-15
INFO:app.services.data_generator:当天计划生成记录数: 1
INFO:app.services.data_generator:已清空外键缓存
INFO:app.services.data_generator:=== 阶段1：生成独立表 ===
INFO:app.services.data_generator:开始为独立表 oms_order 生成数据
INFO:app.core.database:批量执行SQL，查询: INSERT INTO oms_order (order_id, order_channel, customer_code, order_amount, discount_amount, pay_amount, order_status, province, city, district, detail_address, order_time) VALUES ($1, $2, $3, $4, $5, $6, $7, $8, $9, $10, $11, $12), 值数量: 1
INFO:app.core.database:连接数据库: 172.16.10.196:5432/db_house
INFO:app.core.database:批量执行SQL完成
INFO:app.services.data_generator:表 oms_order 已插入剩余 1 条记录并缓存主键值
INFO:app.services.data_generator:独立表 oms_order 生成完成，记录数: 1
INFO:app.services.data_generator:开始为独立表 crawler_competitor_price 生成数据
INFO:app.core.database:批量执行SQL，查询: INSERT INTO crawler_competitor_price (id, crawl_time, platform, competitor_name, product_name, product_sku, price, promotion_info, is_in_stock) VALUES ($1, $2, $3, $4, $5, $6, $7, $8, $9), 值数量: 1
INFO:app.core.database:连接数据库: 172.16.10.196:5432/db_house
INFO:app.core.database:批量执行SQL完成
INFO:app.services.data_generator:表 crawler_competitor_price 已插入剩余 1 条记录并缓存主键值
INFO:app.services.data_generator:独立表 crawler_competitor_price 生成完成，记录数: 1
INFO:app.services.data_generator:开始为独立表 crm_customer 生成数据
INFO:app.core.database:批量执行SQL，查询: INSERT INTO crm_customer (customer_id, name, gender, phone, email, birthday, address, create_time, update_time, is_deleted) VALUES ($1, $2, $3, $4, $5, $6, $7, $8, $9, $10), 值数量: 1
INFO:app.core.database:连接数据库: 172.16.10.196:5432/db_house
INFO:app.core.database:批量执行SQL完成
INFO:app.services.data_generator:表 crm_customer 已插入剩余 1 条记录并缓存主键值
INFO:app.services.data_generator:独立表 crm_customer 生成完成，记录数: 1
INFO:app.services.data_generator:开始为独立表 ext_market_trend 生成数据
INFO:app.core.database:批量执行SQL，查询: INSERT INTO ext_market_trend (id, period, region, category, market_size, growth_rate, data_source) VALUES ($1, $2, $3, $4, $5, $6, $7), 值数量: 1
INFO:app.core.database:连接数据库: 172.16.10.196:5432/db_house
INFO:app.core.database:批量执行SQL完成
INFO:app.services.data_generator:表 ext_market_trend 已插入剩余 1 条记录并缓存主键值
INFO:app.services.data_generator:独立表 ext_market_trend 生成完成，记录数: 1
INFO:app.services.data_generator:=== 阶段2：生成依赖表 ===
INFO:app.services.data_generator:表依赖排序结果: ['lms_shipment', 'fms_financial_transaction', 'oms_order_item']
INFO:app.services.data_generator:排序后的依赖表: ['lms_shipment', 'fms_financial_transaction', 'oms_order_item']
INFO:app.services.data_generator:开始为依赖表 lms_shipment 生成数据
INFO:app.core.database:批量执行SQL，查询: INSERT INTO lms_shipment (shipment_id, order_id, carrier, sender_address, receiver_info, current_status, shipping_time, estimated_delivery, actual_delivery) VALUES ($1, $2, $3, $4, $5, $6, $7, $8, $9), 值数量: 1
INFO:app.core.database:连接数据库: 172.16.10.196:5432/db_house
INFO:app.core.database:批量执行SQL完成
INFO:app.services.data_generator:表 lms_shipment 已插入剩余 1 条记录并缓存主键值
INFO:app.services.data_generator:依赖表 lms_shipment 生成完成，记录数: 1
INFO:app.services.data_generator:开始为依赖表 fms_financial_transaction 生成数据
INFO:app.core.database:批量执行SQL，查询: INSERT INTO fms_financial_transaction (transaction_id, order_id, payment_method, transaction_type, transaction_amount, transaction_status, transaction_time) VALUES ($1, $2, $3, $4, $5, $6, $7), 值数量: 1
INFO:app.core.database:连接数据库: 172.16.10.196:5432/db_house
INFO:app.core.database:批量执行SQL完成
INFO:app.services.data_generator:表 fms_financial_transaction 已插入剩余 1 条记录并缓存主键值
INFO:app.services.data_generator:依赖表 fms_financial_transaction 生成完成，记录数: 1
INFO:app.services.data_generator:开始为依赖表 oms_order_item 生成数据
INFO:app.core.database:批量执行SQL，查询: INSERT INTO oms_order_item (id, order_id, product_sku, product_name, quantity, price) VALUES ($1, $2, $3, $4, $5, $6), 值数量: 1
INFO:app.core.database:连接数据库: 172.16.10.196:5432/db_house
INFO:app.core.database:批量执行SQL完成
INFO:app.services.data_generator:表 oms_order_item 已插入剩余 1 条记录并缓存主键值
INFO:app.services.data_generator:依赖表 oms_order_item 生成完成，记录数: 1
INFO:app.services.data_generator:数据生成完成，总记录数: 7
INFO:app.services.data_generator:退出 generate_data_for_tables 方法
INFO:app.services.data_generator:开始 generate_data_for_tables 方法
INFO:app.services.data_generator:独立表（阶段1）: ['oms_order', 'crawler_competitor_price', 'crm_customer', 'ext_market_trend']
INFO:app.services.data_generator:依赖表（阶段2）: ['lms_shipment', 'fms_financial_transaction', 'oms_order_item']
INFO:app.services.data_generator:初始化数据库计数器
INFO:app.core.database:执行查询: SELECT MAX(id) FROM crawler_competitor_price, 参数: ()
INFO:app.core.database:连接数据库: 172.16.10.196:5432/db_house
INFO:app.core.database:查询执行成功
INFO:app.core.database:执行查询: SELECT MAX(id) FROM ext_market_trend, 参数: ()
INFO:app.core.database:连接数据库: 172.16.10.196:5432/db_house
INFO:app.core.database:查询执行成功
INFO:app.core.database:执行查询: SELECT MAX(id) FROM oms_order_item, 参数: ()
INFO:app.core.database:连接数据库: 172.16.10.196:5432/db_house
INFO:app.core.database:查询执行成功
INFO:app.services.data_generator:计数器初始化完成: {'crawler_competitor_price_id': 58, 'ext_market_trend_id': 58, 'oms_order_item_id': 149}
INFO:app.services.data_generator:开始处理日期: 2025-10-15
INFO:app.services.data_generator:当天计划生成记录数: 1
INFO:app.services.data_generator:已清空外键缓存
INFO:app.services.data_generator:=== 阶段1：生成独立表 ===
INFO:app.services.data_generator:开始为独立表 oms_order 生成数据
INFO:app.core.database:批量执行SQL，查询: INSERT INTO oms_order (order_id, order_channel, customer_code, order_amount, discount_amount, pay_amount, order_status, province, city, district, detail_address, order_time) VALUES ($1, $2, $3, $4, $5, $6, $7, $8, $9, $10, $11, $12), 值数量: 1
INFO:app.core.database:连接数据库: 172.16.10.196:5432/db_house
INFO:app.core.database:批量执行SQL完成
INFO:app.services.data_generator:表 oms_order 已插入剩余 1 条记录并缓存主键值
INFO:app.services.data_generator:独立表 oms_order 生成完成，记录数: 1
INFO:app.services.data_generator:开始为独立表 crawler_competitor_price 生成数据
INFO:app.core.database:批量执行SQL，查询: INSERT INTO crawler_competitor_price (id, crawl_time, platform, competitor_name, product_name, product_sku, price, promotion_info, is_in_stock) VALUES ($1, $2, $3, $4, $5, $6, $7, $8, $9), 值数量: 1
INFO:app.core.database:连接数据库: 172.16.10.196:5432/db_house
INFO:app.core.database:批量执行SQL完成
INFO:app.services.data_generator:表 crawler_competitor_price 已插入剩余 1 条记录并缓存主键值
INFO:app.services.data_generator:独立表 crawler_competitor_price 生成完成，记录数: 1
INFO:app.services.data_generator:开始为独立表 crm_customer 生成数据
INFO:app.core.database:批量执行SQL，查询: INSERT INTO crm_customer (customer_id, name, gender, phone, email, birthday, address, create_time, update_time, is_deleted) VALUES ($1, $2, $3, $4, $5, $6, $7, $8, $9, $10), 值数量: 1
INFO:app.core.database:连接数据库: 172.16.10.196:5432/db_house
INFO:app.core.database:批量执行SQL完成
INFO:app.services.data_generator:表 crm_customer 已插入剩余 1 条记录并缓存主键值
INFO:app.services.data_generator:独立表 crm_customer 生成完成，记录数: 1
INFO:app.services.data_generator:开始为独立表 ext_market_trend 生成数据
INFO:app.core.database:批量执行SQL，查询: INSERT INTO ext_market_trend (id, period, region, category, market_size, growth_rate, data_source) VALUES ($1, $2, $3, $4, $5, $6, $7), 值数量: 1
INFO:app.core.database:连接数据库: 172.16.10.196:5432/db_house
INFO:app.core.database:批量执行SQL完成
INFO:app.services.data_generator:表 ext_market_trend 已插入剩余 1 条记录并缓存主键值
INFO:app.services.data_generator:独立表 ext_market_trend 生成完成，记录数: 1
INFO:app.services.data_generator:=== 阶段2：生成依赖表 ===
INFO:app.services.data_generator:表依赖排序结果: ['lms_shipment', 'fms_financial_transaction', 'oms_order_item']
INFO:app.services.data_generator:排序后的依赖表: ['lms_shipment', 'fms_financial_transaction', 'oms_order_item']
INFO:app.services.data_generator:开始为依赖表 lms_shipment 生成数据
INFO:app.core.database:批量执行SQL，查询: INSERT INTO lms_shipment (shipment_id, order_id, carrier, sender_address, receiver_info, current_status, shipping_time, estimated_delivery, actual_delivery) VALUES ($1, $2, $3, $4, $5, $6, $7, $8, $9), 值数量: 1
INFO:app.core.database:连接数据库: 172.16.10.196:5432/db_house
INFO:app.core.database:批量执行SQL完成
INFO:app.services.data_generator:表 lms_shipment 已插入剩余 1 条记录并缓存主键值
INFO:app.services.data_generator:依赖表 lms_shipment 生成完成，记录数: 1
INFO:app.services.data_generator:开始为依赖表 fms_financial_transaction 生成数据
INFO:app.core.database:批量执行SQL，查询: INSERT INTO fms_financial_transaction (transaction_id, order_id, payment_method, transaction_type, transaction_amount, transaction_status, transaction_time) VALUES ($1, $2, $3, $4, $5, $6, $7), 值数量: 1
INFO:app.core.database:连接数据库: 172.16.10.196:5432/db_house
INFO:app.core.database:批量执行SQL完成
INFO:app.services.data_generator:表 fms_financial_transaction 已插入剩余 1 条记录并缓存主键值
INFO:app.services.data_generator:依赖表 fms_financial_transaction 生成完成，记录数: 1
INFO:app.services.data_generator:开始为依赖表 oms_order_item 生成数据
INFO:app.core.database:批量执行SQL，查询: INSERT INTO oms_order_item (id, order_id, product_sku, product_name, quantity, price) VALUES ($1, $2, $3, $4, $5, $6), 值数量: 1
INFO:app.core.database:连接数据库: 172.16.10.196:5432/db_house
INFO:app.core.database:批量执行SQL完成
INFO:app.services.data_generator:表 oms_order_item 已插入剩余 1 条记录并缓存主键值
INFO:app.services.data_generator:依赖表 oms_order_item 生成完成，记录数: 1
INFO:app.services.data_generator:数据生成完成，总记录数: 7
INFO:app.services.data_generator:退出 generate_data_for_tables 方法
INFO:app.services.data_generator:开始 generate_data_for_tables 方法
INFO:app.services.data_generator:独立表（阶段1）: ['oms_order', 'crawler_competitor_price', 'crm_customer', 'ext_market_trend']
INFO:app.services.data_generator:依赖表（阶段2）: ['lms_shipment', 'fms_financial_transaction', 'oms_order_item']
INFO:app.services.data_generator:初始化数据库计数器
INFO:app.core.database:执行查询: SELECT MAX(id) FROM crawler_competitor_price, 参数: ()
INFO:app.core.database:连接数据库: 172.16.10.196:5432/db_house
INFO:app.core.database:查询执行成功
INFO:app.core.database:执行查询: SELECT MAX(id) FROM ext_market_trend, 参数: ()
INFO:app.core.database:连接数据库: 172.16.10.196:5432/db_house
INFO:app.core.database:查询执行成功
INFO:app.core.database:执行查询: SELECT MAX(id) FROM oms_order_item, 参数: ()
INFO:app.core.database:连接数据库: 172.16.10.196:5432/db_house
INFO:app.core.database:查询执行成功
INFO:app.services.data_generator:计数器初始化完成: {'crawler_competitor_price_id': 59, 'ext_market_trend_id': 59, 'oms_order_item_id': 150}
INFO:app.services.data_generator:开始处理日期: 2025-10-15
INFO:app.services.data_generator:当天计划生成记录数: 1
INFO:app.services.data_generator:已清空外键缓存
INFO:app.services.data_generator:=== 阶段1：生成独立表 ===
INFO:app.services.data_generator:开始为独立表 oms_order 生成数据
INFO:app.core.database:批量执行SQL，查询: INSERT INTO oms_order (order_id, order_channel, customer_code, order_amount, discount_amount, pay_amount, order_status, province, city, district, detail_address, order_time) VALUES ($1, $2, $3, $4, $5, $6, $7, $8, $9, $10, $11, $12), 值数量: 1
INFO:app.core.database:连接数据库: 172.16.10.196:5432/db_house
INFO:app.core.database:批量执行SQL完成
INFO:app.services.data_generator:表 oms_order 已插入剩余 1 条记录并缓存主键值
INFO:app.services.data_generator:独立表 oms_order 生成完成，记录数: 1
INFO:app.services.data_generator:开始为独立表 crawler_competitor_price 生成数据
INFO:app.core.database:批量执行SQL，查询: INSERT INTO crawler_competitor_price (id, crawl_time, platform, competitor_name, product_name, product_sku, price, promotion_info, is_in_stock) VALUES ($1, $2, $3, $4, $5, $6, $7, $8, $9), 值数量: 1
INFO:app.core.database:连接数据库: 172.16.10.196:5432/db_house
INFO:app.core.database:批量执行SQL完成
INFO:app.services.data_generator:表 crawler_competitor_price 已插入剩余 1 条记录并缓存主键值
INFO:app.services.data_generator:独立表 crawler_competitor_price 生成完成，记录数: 1
INFO:app.services.data_generator:开始为独立表 crm_customer 生成数据
INFO:app.core.database:批量执行SQL，查询: INSERT INTO crm_customer (customer_id, name, gender, phone, email, birthday, address, create_time, update_time, is_deleted) VALUES ($1, $2, $3, $4, $5, $6, $7, $8, $9, $10), 值数量: 1
INFO:app.core.database:连接数据库: 172.16.10.196:5432/db_house
INFO:app.core.database:批量执行SQL完成
INFO:app.services.data_generator:表 crm_customer 已插入剩余 1 条记录并缓存主键值
INFO:app.services.data_generator:独立表 crm_customer 生成完成，记录数: 1
INFO:app.services.data_generator:开始为独立表 ext_market_trend 生成数据
INFO:app.core.database:批量执行SQL，查询: INSERT INTO ext_market_trend (id, period, region, category, market_size, growth_rate, data_source) VALUES ($1, $2, $3, $4, $5, $6, $7), 值数量: 1
INFO:app.core.database:连接数据库: 172.16.10.196:5432/db_house
INFO:app.core.database:批量执行SQL完成
INFO:app.services.data_generator:表 ext_market_trend 已插入剩余 1 条记录并缓存主键值
INFO:app.services.data_generator:独立表 ext_market_trend 生成完成，记录数: 1
INFO:app.services.data_generator:=== 阶段2：生成依赖表 ===
INFO:app.services.data_generator:表依赖排序结果: ['lms_shipment', 'fms_financial_transaction', 'oms_order_item']
INFO:app.services.data_generator:排序后的依赖表: ['lms_shipment', 'fms_financial_transaction', 'oms_order_item']
INFO:app.services.data_generator:开始为依赖表 lms_shipment 生成数据
INFO:app.core.database:批量执行SQL，查询: INSERT INTO lms_shipment (shipment_id, order_id, carrier, sender_address, receiver_info, current_status, shipping_time, estimated_delivery, actual_delivery) VALUES ($1, $2, $3, $4, $5, $6, $7, $8, $9), 值数量: 1
INFO:app.core.database:连接数据库: 172.16.10.196:5432/db_house
INFO:app.core.database:批量执行SQL完成
INFO:app.services.data_generator:表 lms_shipment 已插入剩余 1 条记录并缓存主键值
INFO:app.services.data_generator:依赖表 lms_shipment 生成完成，记录数: 1
INFO:app.services.data_generator:开始为依赖表 fms_financial_transaction 生成数据
INFO:app.core.database:批量执行SQL，查询: INSERT INTO fms_financial_transaction (transaction_id, order_id, payment_method, transaction_type, transaction_amount, transaction_status, transaction_time) VALUES ($1, $2, $3, $4, $5, $6, $7), 值数量: 1
INFO:app.core.database:连接数据库: 172.16.10.196:5432/db_house
INFO:app.core.database:批量执行SQL完成
INFO:app.services.data_generator:表 fms_financial_transaction 已插入剩余 1 条记录并缓存主键值
INFO:app.services.data_generator:依赖表 fms_financial_transaction 生成完成，记录数: 1
INFO:app.services.data_generator:开始为依赖表 oms_order_item 生成数据
INFO:app.core.database:批量执行SQL，查询: INSERT INTO oms_order_item (id, order_id, product_sku, product_name, quantity, price) VALUES ($1, $2, $3, $4, $5, $6), 值数量: 1
INFO:app.core.database:连接数据库: 172.16.10.196:5432/db_house
INFO:app.core.database:批量执行SQL完成
INFO:app.services.data_generator:表 oms_order_item 已插入剩余 1 条记录并缓存主键值
INFO:app.services.data_generator:依赖表 oms_order_item 生成完成，记录数: 1
INFO:app.services.data_generator:数据生成完成，总记录数: 7
INFO:app.services.data_generator:退出 generate_data_for_tables 方法
INFO:app.services.data_generator:开始 generate_data_for_tables 方法
INFO:app.services.data_generator:独立表（阶段1）: ['oms_order', 'crawler_competitor_price', 'crm_customer', 'ext_market_trend']
INFO:app.services.data_generator:依赖表（阶段2）: ['lms_shipment', 'fms_financial_transaction', 'oms_order_item']
INFO:app.services.data_generator:初始化数据库计数器
INFO:app.core.database:执行查询: SELECT MAX(id) FROM crawler_competitor_price, 参数: ()
INFO:app.core.database:连接数据库: 172.16.10.196:5432/db_house
INFO:app.core.database:查询执行成功
INFO:app.core.database:执行查询: SELECT MAX(id) FROM ext_market_trend, 参数: ()
INFO:app.core.database:连接数据库: 172.16.10.196:5432/db_house
INFO:app.core.database:查询执行成功
INFO:app.core.database:执行查询: SELECT MAX(id) FROM oms_order_item, 参数: ()
INFO:app.core.database:连接数据库: 172.16.10.196:5432/db_house
INFO:app.core.database:查询执行成功
INFO:app.services.data_generator:计数器初始化完成: {'crawler_competitor_price_id': 60, 'ext_market_trend_id': 60, 'oms_order_item_id': 151}
INFO:app.services.data_generator:开始处理日期: 2025-10-15
INFO:app.services.data_generator:当天计划生成记录数: 1
INFO:app.services.data_generator:已清空外键缓存
INFO:app.services.data_generator:=== 阶段1：生成独立表 ===
INFO:app.services.data_generator:开始为独立表 oms_order 生成数据
INFO:app.core.database:批量执行SQL，查询: INSERT INTO oms_order (order_id, order_channel, customer_code, order_amount, discount_amount, pay_amount, order_status, province, city, district, detail_address, order_time) VALUES ($1, $2, $3, $4, $5, $6, $7, $8, $9, $10, $11, $12), 值数量: 1
INFO:app.core.database:连接数据库: 172.16.10.196:5432/db_house
INFO:app.core.database:批量执行SQL完成
INFO:app.services.data_generator:表 oms_order 已插入剩余 1 条记录并缓存主键值
INFO:app.services.data_generator:独立表 oms_order 生成完成，记录数: 1
INFO:app.services.data_generator:开始为独立表 crawler_competitor_price 生成数据
INFO:app.core.database:批量执行SQL，查询: INSERT INTO crawler_competitor_price (id, crawl_time, platform, competitor_name, product_name, product_sku, price, promotion_info, is_in_stock) VALUES ($1, $2, $3, $4, $5, $6, $7, $8, $9), 值数量: 1
INFO:app.core.database:连接数据库: 172.16.10.196:5432/db_house
INFO:app.core.database:批量执行SQL完成
INFO:app.services.data_generator:表 crawler_competitor_price 已插入剩余 1 条记录并缓存主键值
INFO:app.services.data_generator:独立表 crawler_competitor_price 生成完成，记录数: 1
INFO:app.services.data_generator:开始为独立表 crm_customer 生成数据
INFO:app.core.database:批量执行SQL，查询: INSERT INTO crm_customer (customer_id, name, gender, phone, email, birthday, address, create_time, update_time, is_deleted) VALUES ($1, $2, $3, $4, $5, $6, $7, $8, $9, $10), 值数量: 1
INFO:app.core.database:连接数据库: 172.16.10.196:5432/db_house
INFO:app.core.database:批量执行SQL完成
INFO:app.services.data_generator:表 crm_customer 已插入剩余 1 条记录并缓存主键值
INFO:app.services.data_generator:独立表 crm_customer 生成完成，记录数: 1
INFO:app.services.data_generator:开始为独立表 ext_market_trend 生成数据
INFO:app.core.database:批量执行SQL，查询: INSERT INTO ext_market_trend (id, period, region, category, market_size, growth_rate, data_source) VALUES ($1, $2, $3, $4, $5, $6, $7), 值数量: 1
INFO:app.core.database:连接数据库: 172.16.10.196:5432/db_house
INFO:app.core.database:批量执行SQL完成
INFO:app.services.data_generator:表 ext_market_trend 已插入剩余 1 条记录并缓存主键值
INFO:app.services.data_generator:独立表 ext_market_trend 生成完成，记录数: 1
INFO:app.services.data_generator:=== 阶段2：生成依赖表 ===
INFO:app.services.data_generator:表依赖排序结果: ['lms_shipment', 'fms_financial_transaction', 'oms_order_item']
INFO:app.services.data_generator:排序后的依赖表: ['lms_shipment', 'fms_financial_transaction', 'oms_order_item']
INFO:app.services.data_generator:开始为依赖表 lms_shipment 生成数据
INFO:app.core.database:批量执行SQL，查询: INSERT INTO lms_shipment (shipment_id, order_id, carrier, sender_address, receiver_info, current_status, shipping_time, estimated_delivery, actual_delivery) VALUES ($1, $2, $3, $4, $5, $6, $7, $8, $9), 值数量: 1
INFO:app.core.database:连接数据库: 172.16.10.196:5432/db_house
INFO:app.core.database:批量执行SQL完成
INFO:app.services.data_generator:表 lms_shipment 已插入剩余 1 条记录并缓存主键值
INFO:app.services.data_generator:依赖表 lms_shipment 生成完成，记录数: 1
INFO:app.services.data_generator:开始为依赖表 fms_financial_transaction 生成数据
INFO:app.core.database:批量执行SQL，查询: INSERT INTO fms_financial_transaction (transaction_id, order_id, payment_method, transaction_type, transaction_amount, transaction_status, transaction_time) VALUES ($1, $2, $3, $4, $5, $6, $7), 值数量: 1
INFO:app.core.database:连接数据库: 172.16.10.196:5432/db_house
INFO:app.core.database:批量执行SQL完成
INFO:app.services.data_generator:表 fms_financial_transaction 已插入剩余 1 条记录并缓存主键值
INFO:app.services.data_generator:依赖表 fms_financial_transaction 生成完成，记录数: 1
INFO:app.services.data_generator:开始为依赖表 oms_order_item 生成数据
INFO:app.core.database:批量执行SQL，查询: INSERT INTO oms_order_item (id, order_id, product_sku, product_name, quantity, price) VALUES ($1, $2, $3, $4, $5, $6), 值数量: 1
INFO:app.core.database:连接数据库: 172.16.10.196:5432/db_house
INFO:app.core.database:批量执行SQL完成
INFO:app.services.data_generator:表 oms_order_item 已插入剩余 1 条记录并缓存主键值
INFO:app.services.data_generator:依赖表 oms_order_item 生成完成，记录数: 1
INFO:app.services.data_generator:数据生成完成，总记录数: 7
INFO:app.services.data_generator:退出 generate_data_for_tables 方法
INFO:app.services.data_generator:开始 generate_data_for_tables 方法
INFO:app.services.data_generator:独立表（阶段1）: ['oms_order', 'crawler_competitor_price', 'crm_customer', 'ext_market_trend']
INFO:app.services.data_generator:依赖表（阶段2）: ['lms_shipment', 'fms_financial_transaction', 'oms_order_item']
INFO:app.services.data_generator:初始化数据库计数器
INFO:app.core.database:执行查询: SELECT MAX(id) FROM crawler_competitor_price, 参数: ()
INFO:app.core.database:连接数据库: 172.16.10.196:5432/db_house
INFO:app.core.database:查询执行成功
INFO:app.core.database:执行查询: SELECT MAX(id) FROM ext_market_trend, 参数: ()
INFO:app.core.database:连接数据库: 172.16.10.196:5432/db_house
INFO:app.core.database:查询执行成功
INFO:app.core.database:执行查询: SELECT MAX(id) FROM oms_order_item, 参数: ()
INFO:app.core.database:连接数据库: 172.16.10.196:5432/db_house
INFO:app.core.database:查询执行成功
INFO:app.services.data_generator:计数器初始化完成: {'crawler_competitor_price_id': 61, 'ext_market_trend_id': 61, 'oms_order_item_id': 152}
INFO:app.services.data_generator:开始处理日期: 2025-10-15
INFO:app.services.data_generator:当天计划生成记录数: 1
INFO:app.services.data_generator:已清空外键缓存
INFO:app.services.data_generator:=== 阶段1：生成独立表 ===
INFO:app.services.data_generator:开始为独立表 oms_order 生成数据
INFO:app.core.database:批量执行SQL，查询: INSERT INTO oms_order (order_id, order_channel, customer_code, order_amount, discount_amount, pay_amount, order_status, province, city, district, detail_address, order_time) VALUES ($1, $2, $3, $4, $5, $6, $7, $8, $9, $10, $11, $12), 值数量: 1
INFO:app.core.database:连接数据库: 172.16.10.196:5432/db_house
INFO:app.core.database:批量执行SQL完成
INFO:app.services.data_generator:表 oms_order 已插入剩余 1 条记录并缓存主键值
INFO:app.services.data_generator:独立表 oms_order 生成完成，记录数: 1
INFO:app.services.data_generator:开始为独立表 crawler_competitor_price 生成数据
INFO:app.core.database:批量执行SQL，查询: INSERT INTO crawler_competitor_price (id, crawl_time, platform, competitor_name, product_name, product_sku, price, promotion_info, is_in_stock) VALUES ($1, $2, $3, $4, $5, $6, $7, $8, $9), 值数量: 1
INFO:app.core.database:连接数据库: 172.16.10.196:5432/db_house
INFO:app.core.database:批量执行SQL完成
INFO:app.services.data_generator:表 crawler_competitor_price 已插入剩余 1 条记录并缓存主键值
INFO:app.services.data_generator:独立表 crawler_competitor_price 生成完成，记录数: 1
INFO:app.services.data_generator:开始为独立表 crm_customer 生成数据
INFO:app.core.database:批量执行SQL，查询: INSERT INTO crm_customer (customer_id, name, gender, phone, email, birthday, address, create_time, update_time, is_deleted) VALUES ($1, $2, $3, $4, $5, $6, $7, $8, $9, $10), 值数量: 1
INFO:app.core.database:连接数据库: 172.16.10.196:5432/db_house
INFO:app.core.database:批量执行SQL完成
INFO:app.services.data_generator:表 crm_customer 已插入剩余 1 条记录并缓存主键值
INFO:app.services.data_generator:独立表 crm_customer 生成完成，记录数: 1
INFO:app.services.data_generator:开始为独立表 ext_market_trend 生成数据
INFO:app.core.database:批量执行SQL，查询: INSERT INTO ext_market_trend (id, period, region, category, market_size, growth_rate, data_source) VALUES ($1, $2, $3, $4, $5, $6, $7), 值数量: 1
INFO:app.core.database:连接数据库: 172.16.10.196:5432/db_house
INFO:app.core.database:批量执行SQL完成
INFO:app.services.data_generator:表 ext_market_trend 已插入剩余 1 条记录并缓存主键值
INFO:app.services.data_generator:独立表 ext_market_trend 生成完成，记录数: 1
INFO:app.services.data_generator:=== 阶段2：生成依赖表 ===
INFO:app.services.data_generator:表依赖排序结果: ['lms_shipment', 'fms_financial_transaction', 'oms_order_item']
INFO:app.services.data_generator:排序后的依赖表: ['lms_shipment', 'fms_financial_transaction', 'oms_order_item']
INFO:app.services.data_generator:开始为依赖表 lms_shipment 生成数据
INFO:app.core.database:批量执行SQL，查询: INSERT INTO lms_shipment (shipment_id, order_id, carrier, sender_address, receiver_info, current_status, shipping_time, estimated_delivery, actual_delivery) VALUES ($1, $2, $3, $4, $5, $6, $7, $8, $9), 值数量: 1
INFO:app.core.database:连接数据库: 172.16.10.196:5432/db_house
INFO:app.core.database:批量执行SQL完成
INFO:app.services.data_generator:表 lms_shipment 已插入剩余 1 条记录并缓存主键值
INFO:app.services.data_generator:依赖表 lms_shipment 生成完成，记录数: 1
INFO:app.services.data_generator:开始为依赖表 fms_financial_transaction 生成数据
INFO:app.core.database:批量执行SQL，查询: INSERT INTO fms_financial_transaction (transaction_id, order_id, payment_method, transaction_type, transaction_amount, transaction_status, transaction_time) VALUES ($1, $2, $3, $4, $5, $6, $7), 值数量: 1
INFO:app.core.database:连接数据库: 172.16.10.196:5432/db_house
INFO:app.core.database:批量执行SQL完成
INFO:app.services.data_generator:表 fms_financial_transaction 已插入剩余 1 条记录并缓存主键值
INFO:app.services.data_generator:依赖表 fms_financial_transaction 生成完成，记录数: 1
INFO:app.services.data_generator:开始为依赖表 oms_order_item 生成数据
INFO:app.core.database:批量执行SQL，查询: INSERT INTO oms_order_item (id, order_id, product_sku, product_name, quantity, price) VALUES ($1, $2, $3, $4, $5, $6), 值数量: 1
INFO:app.core.database:连接数据库: 172.16.10.196:5432/db_house
INFO:app.core.database:批量执行SQL完成
INFO:app.services.data_generator:表 oms_order_item 已插入剩余 1 条记录并缓存主键值
INFO:app.services.data_generator:依赖表 oms_order_item 生成完成，记录数: 1
INFO:app.services.data_generator:数据生成完成，总记录数: 7
INFO:app.services.data_generator:退出 generate_data_for_tables 方法
数据库连接URL----: postgresql://isap_admin:113RfkdsDMDb6H7T@172.16.10.196:5432/db_house
[2025-10-15 17:40:00.439938] ✅ 成功连接到数据库: db_house
[2025-10-15 17:40:00.439953] 🚀 启动持续数据生成服务 (任务ID: a6872d6a)
   表: oms_order, crawler_competitor_price, lms_shipment, crm_customer, fms_financial_transaction, ext_market_trend, oms_order_item
   间隔: 1 秒
   每批记录数: 1
   任务ID: a6872d6a
   日志文件: logs/background_service_a6872d6a.log
   按 Ctrl+C 停止服务
[2025-10-15 17:40:00.439969] 📦 开始生成第 1 批数据...
[2025-10-15 17:40:01.008570] 📦 生成了 7 条记录
[2025-10-15 17:40:01.008595] ✅ 第 1 批数据生成完成
[2025-10-15 17:40:01.008602] ⏱️ 等待 1 秒后继续...
[2025-10-15 17:40:02.009864] 📦 开始生成第 2 批数据...
[2025-10-15 17:40:02.340377] 📦 生成了 7 条记录
[2025-10-15 17:40:02.340388] ✅ 第 2 批数据生成完成
[2025-10-15 17:40:02.340390] ⏱️ 等待 1 秒后继续...
[2025-10-15 17:40:03.341568] 📦 开始生成第 3 批数据...
[2025-10-15 17:40:03.750079] 📦 生成了 7 条记录
[2025-10-15 17:40:03.750094] ✅ 第 3 批数据生成完成
[2025-10-15 17:40:03.750097] ⏱️ 等待 1 秒后继续...
[2025-10-15 17:40:04.751265] 📦 开始生成第 4 批数据...
[2025-10-15 17:40:05.029934] 📦 生成了 7 条记录
[2025-10-15 17:40:05.029960] ✅ 第 4 批数据生成完成
[2025-10-15 17:40:05.029968] ⏱️ 等待 1 秒后继续...
[2025-10-15 17:40:06.031153] 📦 开始生成第 5 批数据...
[2025-10-15 17:40:06.339387] 📦 生成了 7 条记录
[2025-10-15 17:40:06.339412] ✅ 第 5 批数据生成完成
[2025-10-15 17:40:06.339420] ⏱️ 等待 1 秒后继续...
[2025-10-15 17:40:07.340212] 📦 开始生成第 6 批数据...
[2025-10-15 17:40:07.466265] 📦 生成了 7 条记录
[2025-10-15 17:40:07.466284] ✅ 第 6 批数据生成完成
[2025-10-15 17:40:07.466289] ⏱️ 等待 1 秒后继续...
[2025-10-15 17:40:08.467474] 📦 开始生成第 7 批数据...
[2025-10-15 17:40:08.883791] 📦 生成了 7 条记录
[2025-10-15 17:40:08.883810] ✅ 第 7 批数据生成完成
[2025-10-15 17:40:08.883815] ⏱️ 等待 1 秒后继续...
[2025-10-15 17:40:09.884988] 📦 开始生成第 8 批数据...
[2025-10-15 17:40:10.032328] 📦 生成了 7 条记录
[2025-10-15 17:40:10.032358] ✅ 第 8 批数据生成完成
[2025-10-15 17:40:10.032366] ⏱️ 等待 1 秒后继续...
[2025-10-15 17:40:11.033515] 📦 开始生成第 9 批数据...
[2025-10-15 17:40:11.313891] 📦 生成了 7 条记录
[2025-10-15 17:40:11.313907] ✅ 第 9 批数据生成完成
[2025-10-15 17:40:11.313910] ⏱️ 等待 1 秒后继续...
[2025-10-15 17:40:12.315065] 📦 开始生成第 10 批数据...
[2025-10-15 17:40:12.913956] 📦 生成了 7 条记录
[2025-10-15 17:40:12.913979] ✅ 第 10 批数据生成完成
[2025-10-15 17:40:12.913985] ⏱️ 等待 1 秒后继续...
[2025-10-15 17:40:13.914558] 📦 开始生成第 11 批数据...
[2025-10-15 17:40:14.041055] 📦 生成了 7 条记录
[2025-10-15 17:40:14.041081] ✅ 第 11 批数据生成完成
[2025-10-15 17:40:14.041088] ⏱️ 等待 1 秒后继续...
[2025-10-15 17:40:15.041758] 📦 开始生成第 12 批数据...
[2025-10-15 17:40:15.660645] 📦 生成了 7 条记录
[2025-10-15 17:40:15.660671] ✅ 第 12 批数据生成完成
[2025-10-15 17:40:15.660675] ⏱️ 等待 1 秒后继续...
[2025-10-15 17:40:16.661820] 📦 开始生成第 13 批数据...
[2025-10-15 17:40:17.058913] 📦 生成了 7 条记录
[2025-10-15 17:40:17.058941] ✅ 第 13 批数据生成完成
[2025-10-15 17:40:17.058949] ⏱️ 等待 1 秒后继续...
[2025-10-15 17:40:18.059943] 📦 开始生成第 14 批数据...
[2025-10-15 17:40:18.459408] 📦 生成了 7 条记录
[2025-10-15 17:40:18.459451] ✅ 第 14 批数据生成完成
[2025-10-15 17:40:18.459459] ⏱️ 等待 1 秒后继续...
[2025-10-15 17:40:19.460652] 📦 开始生成第 15 批数据...
[2025-10-15 17:40:19.710562] 📦 生成了 7 条记录
[2025-10-15 17:40:19.710579] ✅ 第 15 批数据生成完成
[2025-10-15 17:40:19.710583] ⏱️ 等待 1 秒后继续...
[2025-10-15 17:40:20.711756] 📦 开始生成第 16 批数据...
[2025-10-15 17:40:20.838590] 📦 生成了 7 条记录
[2025-10-15 17:40:20.838609] ✅ 第 16 批数据生成完成
[2025-10-15 17:40:20.838614] ⏱️ 等待 1 秒后继续...
[2025-10-15 17:40:21.838796] 📦 开始生成第 17 批数据...
[2025-10-15 17:40:22.309673] 📦 生成了 7 条记录
[2025-10-15 17:40:22.309693] ✅ 第 17 批数据生成完成
[2025-10-15 17:40:22.309697] ⏱️ 等待 1 秒后继续...
[2025-10-15 17:40:23.310194] 📦 开始生成第 18 批数据...
[2025-10-15 17:40:23.603869] 📦 生成了 7 条记录
[2025-10-15 17:40:23.603898] ✅ 第 18 批数据生成完成
[2025-10-15 17:40:23.603906] ⏱️ 等待 1 秒后继续...
[2025-10-15 17:40:24.605095] 📦 开始生成第 19 批数据...
[2025-10-15 17:40:24.951166] 📦 生成了 7 条记录
[2025-10-15 17:40:24.951187] ✅ 第 19 批数据生成完成
[2025-10-15 17:40:24.951193] ⏱️ 等待 1 秒后继续...
[2025-10-15 17:40:25.952365] 📦 开始生成第 20 批数据...
[2025-10-15 17:40:26.138258] 📦 生成了 7 条记录
[2025-10-15 17:40:26.138287] ✅ 第 20 批数据生成完成
[2025-10-15 17:40:26.138296] ⏱️ 等待 1 秒后继续...
[2025-10-15 17:40:27.138539] 📦 开始生成第 21 批数据...
[2025-10-15 17:40:27.262935] 📦 生成了 7 条记录
[2025-10-15 17:40:27.262968] ✅ 第 21 批数据生成完成
[2025-10-15 17:40:27.262976] ⏱️ 等待 1 秒后继续...
[2025-10-15 17:40:28.264165] 📦 开始生成第 22 批数据...
[2025-10-15 17:40:28.413537] 📦 生成了 7 条记录
[2025-10-15 17:40:28.413562] ✅ 第 22 批数据生成完成
[2025-10-15 17:40:28.413570] ⏱️ 等待 1 秒后继续...
[2025-10-15 17:40:29.414754] 📦 开始生成第 23 批数据...
[2025-10-15 17:40:29.865550] 📦 生成了 7 条记录
[2025-10-15 17:40:29.865575] ✅ 第 23 批数据生成完成
[2025-10-15 17:40:29.865583] ⏱️ 等待 1 秒后继续...
[2025-10-15 17:40:30.865944] 📦 开始生成第 24 批数据...
[2025-10-15 17:40:31.186139] 📦 生成了 7 条记录
[2025-10-15 17:40:31.186152] ✅ 第 24 批数据生成完成
[2025-10-15 17:40:31.186155] ⏱️ 等待 1 秒后继续...
[2025-10-15 17:40:32.187316] 📦 开始生成第 25 批数据...
[2025-10-15 17:40:32.310450] 📦 生成了 7 条记录
[2025-10-15 17:40:32.310466] ✅ 第 25 批数据生成完成
[2025-10-15 17:40:32.310470] ⏱️ 等待 1 秒后继续...
[2025-10-15 17:40:33.311632] 📦 开始生成第 26 批数据...
[2025-10-15 17:40:33.678564] 📦 生成了 7 条记录
[2025-10-15 17:40:33.678578] ✅ 第 26 批数据生成完成
[2025-10-15 17:40:33.678582] ⏱️ 等待 1 秒后继续...
[2025-10-15 17:40:34.679762] 📦 开始生成第 27 批数据...
[2025-10-15 17:40:35.237933] 📦 生成了 7 条记录
[2025-10-15 17:40:35.237951] ✅ 第 27 批数据生成完成
[2025-10-15 17:40:35.237954] ⏱️ 等待 1 秒后继续...
[2025-10-15 17:40:36.239135] 📦 开始生成第 28 批数据...
[2025-10-15 17:40:36.500948] 📦 生成了 7 条记录
[2025-10-15 17:40:36.500981] ✅ 第 28 批数据生成完成
[2025-10-15 17:40:36.500990] ⏱️ 等待 1 秒后继续...
[2025-10-15 17:40:37.501839] 📦 开始生成第 29 批数据...
[2025-10-15 17:40:37.621200] 📦 生成了 7 条记录
[2025-10-15 17:40:37.621226] ✅ 第 29 批数据生成完成
[2025-10-15 17:40:37.621235] ⏱️ 等待 1 秒后继续...
[2025-10-15 17:40:38.621985] 📦 开始生成第 30 批数据...
[2025-10-15 17:40:39.041478] 📦 生成了 7 条记录
[2025-10-15 17:40:39.041498] ✅ 第 30 批数据生成完成
[2025-10-15 17:40:39.041503] ⏱️ 等待 1 秒后继续...
[2025-10-15 17:40:40.042687] 📦 开始生成第 31 批数据...
[2025-10-15 17:40:40.190200] 📦 生成了 7 条记录
[2025-10-15 17:40:40.190227] ✅ 第 31 批数据生成完成
[2025-10-15 17:40:40.190235] ⏱️ 等待 1 秒后继续...
[2025-10-15 17:40:41.191414] 📦 开始生成第 32 批数据...
[2025-10-15 17:40:41.357574] 📦 生成了 7 条记录INFO:app.services.data_generator:开始 generate_data_for_tables 方法
INFO:app.services.data_generator:独立表（阶段1）: ['oms_order', 'crawler_competitor_price', 'crm_customer', 'ext_market_trend']
INFO:app.services.data_generator:依赖表（阶段2）: ['lms_shipment', 'fms_financial_transaction', 'oms_order_item']
INFO:app.services.data_generator:初始化数据库计数器
INFO:app.core.database:执行查询: SELECT MAX(id) FROM crawler_competitor_price, 参数: ()
INFO:app.core.database:连接数据库: 172.16.10.196:5432/db_house
INFO:app.core.database:查询执行成功
INFO:app.core.database:执行查询: SELECT MAX(id) FROM ext_market_trend, 参数: ()
INFO:app.core.database:连接数据库: 172.16.10.196:5432/db_house
INFO:app.core.database:查询执行成功
INFO:app.core.database:执行查询: SELECT MAX(id) FROM oms_order_item, 参数: ()
INFO:app.core.database:连接数据库: 172.16.10.196:5432/db_house
INFO:app.core.database:查询执行成功
INFO:app.services.data_generator:计数器初始化完成: {'crawler_competitor_price_id': 62, 'ext_market_trend_id': 62, 'oms_order_item_id': 153}
INFO:app.services.data_generator:开始处理日期: 2025-10-15
INFO:app.services.data_generator:当天计划生成记录数: 1
INFO:app.services.data_generator:已清空外键缓存
INFO:app.services.data_generator:=== 阶段1：生成独立表 ===
INFO:app.services.data_generator:开始为独立表 oms_order 生成数据
INFO:app.core.database:批量执行SQL，查询: INSERT INTO oms_order (order_id, order_channel, customer_code, order_amount, discount_amount, pay_amount, order_status, province, city, district, detail_address, order_time) VALUES ($1, $2, $3, $4, $5, $6, $7, $8, $9, $10, $11, $12), 值数量: 1
INFO:app.core.database:连接数据库: 172.16.10.196:5432/db_house
INFO:app.core.database:批量执行SQL完成
INFO:app.services.data_generator:表 oms_order 已插入剩余 1 条记录并缓存主键值
INFO:app.services.data_generator:独立表 oms_order 生成完成，记录数: 1
INFO:app.services.data_generator:开始为独立表 crawler_competitor_price 生成数据
INFO:app.core.database:批量执行SQL，查询: INSERT INTO crawler_competitor_price (id, crawl_time, platform, competitor_name, product_name, product_sku, price, promotion_info, is_in_stock) VALUES ($1, $2, $3, $4, $5, $6, $7, $8, $9), 值数量: 1
INFO:app.core.database:连接数据库: 172.16.10.196:5432/db_house
INFO:app.core.database:批量执行SQL完成
INFO:app.services.data_generator:表 crawler_competitor_price 已插入剩余 1 条记录并缓存主键值
INFO:app.services.data_generator:独立表 crawler_competitor_price 生成完成，记录数: 1
INFO:app.services.data_generator:开始为独立表 crm_customer 生成数据
INFO:app.core.database:批量执行SQL，查询: INSERT INTO crm_customer (customer_id, name, gender, phone, email, birthday, address, create_time, update_time, is_deleted) VALUES ($1, $2, $3, $4, $5, $6, $7, $8, $9, $10), 值数量: 1
INFO:app.core.database:连接数据库: 172.16.10.196:5432/db_house
INFO:app.core.database:批量执行SQL完成
INFO:app.services.data_generator:表 crm_customer 已插入剩余 1 条记录并缓存主键值
INFO:app.services.data_generator:独立表 crm_customer 生成完成，记录数: 1
INFO:app.services.data_generator:开始为独立表 ext_market_trend 生成数据
INFO:app.core.database:批量执行SQL，查询: INSERT INTO ext_market_trend (id, period, region, category, market_size, growth_rate, data_source) VALUES ($1, $2, $3, $4, $5, $6, $7), 值数量: 1
INFO:app.core.database:连接数据库: 172.16.10.196:5432/db_house
INFO:app.core.database:批量执行SQL完成
INFO:app.services.data_generator:表 ext_market_trend 已插入剩余 1 条记录并缓存主键值
INFO:app.services.data_generator:独立表 ext_market_trend 生成完成，记录数: 1
INFO:app.services.data_generator:=== 阶段2：生成依赖表 ===
INFO:app.services.data_generator:表依赖排序结果: ['lms_shipment', 'fms_financial_transaction', 'oms_order_item']
INFO:app.services.data_generator:排序后的依赖表: ['lms_shipment', 'fms_financial_transaction', 'oms_order_item']
INFO:app.services.data_generator:开始为依赖表 lms_shipment 生成数据
INFO:app.core.database:批量执行SQL，查询: INSERT INTO lms_shipment (shipment_id, order_id, carrier, sender_address, receiver_info, current_status, shipping_time, estimated_delivery, actual_delivery) VALUES ($1, $2, $3, $4, $5, $6, $7, $8, $9), 值数量: 1
INFO:app.core.database:连接数据库: 172.16.10.196:5432/db_house
INFO:app.core.database:批量执行SQL完成
INFO:app.services.data_generator:表 lms_shipment 已插入剩余 1 条记录并缓存主键值
INFO:app.services.data_generator:依赖表 lms_shipment 生成完成，记录数: 1
INFO:app.services.data_generator:开始为依赖表 fms_financial_transaction 生成数据
INFO:app.core.database:批量执行SQL，查询: INSERT INTO fms_financial_transaction (transaction_id, order_id, payment_method, transaction_type, transaction_amount, transaction_status, transaction_time) VALUES ($1, $2, $3, $4, $5, $6, $7), 值数量: 1
INFO:app.core.database:连接数据库: 172.16.10.196:5432/db_house
INFO:app.core.database:批量执行SQL完成
INFO:app.services.data_generator:表 fms_financial_transaction 已插入剩余 1 条记录并缓存主键值
INFO:app.services.data_generator:依赖表 fms_financial_transaction 生成完成，记录数: 1
INFO:app.services.data_generator:开始为依赖表 oms_order_item 生成数据
INFO:app.core.database:批量执行SQL，查询: INSERT INTO oms_order_item (id, order_id, product_sku, product_name, quantity, price) VALUES ($1, $2, $3, $4, $5, $6), 值数量: 1
INFO:app.core.database:连接数据库: 172.16.10.196:5432/db_house
INFO:app.core.database:批量执行SQL完成
INFO:app.services.data_generator:表 oms_order_item 已插入剩余 1 条记录并缓存主键值
INFO:app.services.data_generator:依赖表 oms_order_item 生成完成，记录数: 1
INFO:app.services.data_generator:数据生成完成，总记录数: 7
INFO:app.services.data_generator:退出 generate_data_for_tables 方法
INFO:app.services.data_generator:开始 generate_data_for_tables 方法
INFO:app.services.data_generator:独立表（阶段1）: ['oms_order', 'crawler_competitor_price', 'crm_customer', 'ext_market_trend']
INFO:app.services.data_generator:依赖表（阶段2）: ['lms_shipment', 'fms_financial_transaction', 'oms_order_item']
INFO:app.services.data_generator:初始化数据库计数器
INFO:app.core.database:执行查询: SELECT MAX(id) FROM crawler_competitor_price, 参数: ()
INFO:app.core.database:连接数据库: 172.16.10.196:5432/db_house
INFO:app.core.database:查询执行成功
INFO:app.core.database:执行查询: SELECT MAX(id) FROM ext_market_trend, 参数: ()
INFO:app.core.database:连接数据库: 172.16.10.196:5432/db_house
INFO:app.core.database:查询执行成功
INFO:app.core.database:执行查询: SELECT MAX(id) FROM oms_order_item, 参数: ()
INFO:app.core.database:连接数据库: 172.16.10.196:5432/db_house
INFO:app.core.database:查询执行成功
INFO:app.services.data_generator:计数器初始化完成: {'crawler_competitor_price_id': 63, 'ext_market_trend_id': 63, 'oms_order_item_id': 154}
INFO:app.services.data_generator:开始处理日期: 2025-10-15
INFO:app.services.data_generator:当天计划生成记录数: 1
INFO:app.services.data_generator:已清空外键缓存
INFO:app.services.data_generator:=== 阶段1：生成独立表 ===
INFO:app.services.data_generator:开始为独立表 oms_order 生成数据
INFO:app.core.database:批量执行SQL，查询: INSERT INTO oms_order (order_id, order_channel, customer_code, order_amount, discount_amount, pay_amount, order_status, province, city, district, detail_address, order_time) VALUES ($1, $2, $3, $4, $5, $6, $7, $8, $9, $10, $11, $12), 值数量: 1
INFO:app.core.database:连接数据库: 172.16.10.196:5432/db_house
INFO:app.core.database:批量执行SQL完成
INFO:app.services.data_generator:表 oms_order 已插入剩余 1 条记录并缓存主键值
INFO:app.services.data_generator:独立表 oms_order 生成完成，记录数: 1
INFO:app.services.data_generator:开始为独立表 crawler_competitor_price 生成数据
INFO:app.core.database:批量执行SQL，查询: INSERT INTO crawler_competitor_price (id, crawl_time, platform, competitor_name, product_name, product_sku, price, promotion_info, is_in_stock) VALUES ($1, $2, $3, $4, $5, $6, $7, $8, $9), 值数量: 1
INFO:app.core.database:连接数据库: 172.16.10.196:5432/db_house
INFO:app.core.database:批量执行SQL完成
INFO:app.services.data_generator:表 crawler_competitor_price 已插入剩余 1 条记录并缓存主键值
INFO:app.services.data_generator:独立表 crawler_competitor_price 生成完成，记录数: 1
INFO:app.services.data_generator:开始为独立表 crm_customer 生成数据
INFO:app.core.database:批量执行SQL，查询: INSERT INTO crm_customer (customer_id, name, gender, phone, email, birthday, address, create_time, update_time, is_deleted) VALUES ($1, $2, $3, $4, $5, $6, $7, $8, $9, $10), 值数量: 1
INFO:app.core.database:连接数据库: 172.16.10.196:5432/db_house
INFO:app.core.database:批量执行SQL完成
INFO:app.services.data_generator:表 crm_customer 已插入剩余 1 条记录并缓存主键值
INFO:app.services.data_generator:独立表 crm_customer 生成完成，记录数: 1
INFO:app.services.data_generator:开始为独立表 ext_market_trend 生成数据
INFO:app.core.database:批量执行SQL，查询: INSERT INTO ext_market_trend (id, period, region, category, market_size, growth_rate, data_source) VALUES ($1, $2, $3, $4, $5, $6, $7), 值数量: 1
INFO:app.core.database:连接数据库: 172.16.10.196:5432/db_house
INFO:app.core.database:批量执行SQL完成
INFO:app.services.data_generator:表 ext_market_trend 已插入剩余 1 条记录并缓存主键值
INFO:app.services.data_generator:独立表 ext_market_trend 生成完成，记录数: 1
INFO:app.services.data_generator:=== 阶段2：生成依赖表 ===
INFO:app.services.data_generator:表依赖排序结果: ['lms_shipment', 'fms_financial_transaction', 'oms_order_item']
INFO:app.services.data_generator:排序后的依赖表: ['lms_shipment', 'fms_financial_transaction', 'oms_order_item']
INFO:app.services.data_generator:开始为依赖表 lms_shipment 生成数据
INFO:app.core.database:批量执行SQL，查询: INSERT INTO lms_shipment (shipment_id, order_id, carrier, sender_address, receiver_info, current_status, shipping_time, estimated_delivery, actual_delivery) VALUES ($1, $2, $3, $4, $5, $6, $7, $8, $9), 值数量: 1
INFO:app.core.database:连接数据库: 172.16.10.196:5432/db_house
INFO:app.core.database:批量执行SQL完成
INFO:app.services.data_generator:表 lms_shipment 已插入剩余 1 条记录并缓存主键值
INFO:app.services.data_generator:依赖表 lms_shipment 生成完成，记录数: 1
INFO:app.services.data_generator:开始为依赖表 fms_financial_transaction 生成数据
INFO:app.core.database:批量执行SQL，查询: INSERT INTO fms_financial_transaction (transaction_id, order_id, payment_method, transaction_type, transaction_amount, transaction_status, transaction_time) VALUES ($1, $2, $3, $4, $5, $6, $7), 值数量: 1
INFO:app.core.database:连接数据库: 172.16.10.196:5432/db_house
INFO:app.core.database:批量执行SQL完成
INFO:app.services.data_generator:表 fms_financial_transaction 已插入剩余 1 条记录并缓存主键值
INFO:app.services.data_generator:依赖表 fms_financial_transaction 生成完成，记录数: 1
INFO:app.services.data_generator:开始为依赖表 oms_order_item 生成数据
INFO:app.core.database:批量执行SQL，查询: INSERT INTO oms_order_item (id, order_id, product_sku, product_name, quantity, price) VALUES ($1, $2, $3, $4, $5, $6), 值数量: 1
INFO:app.core.database:连接数据库: 172.16.10.196:5432/db_house
INFO:app.core.database:批量执行SQL完成
INFO:app.services.data_generator:表 oms_order_item 已插入剩余 1 条记录并缓存主键值
INFO:app.services.data_generator:依赖表 oms_order_item 生成完成，记录数: 1
INFO:app.services.data_generator:数据生成完成，总记录数: 7
INFO:app.services.data_generator:退出 generate_data_for_tables 方法
INFO:app.services.data_generator:开始 generate_data_for_tables 方法
INFO:app.services.data_generator:独立表（阶段1）: ['oms_order', 'crawler_competitor_price', 'crm_customer', 'ext_market_trend']
INFO:app.services.data_generator:依赖表（阶段2）: ['lms_shipment', 'fms_financial_transaction', 'oms_order_item']
INFO:app.services.data_generator:初始化数据库计数器
INFO:app.core.database:执行查询: SELECT MAX(id) FROM crawler_competitor_price, 参数: ()
INFO:app.core.database:连接数据库: 172.16.10.196:5432/db_house
INFO:app.core.database:查询执行成功
INFO:app.core.database:执行查询: SELECT MAX(id) FROM ext_market_trend, 参数: ()
INFO:app.core.database:连接数据库: 172.16.10.196:5432/db_house
INFO:app.core.database:查询执行成功
INFO:app.core.database:执行查询: SELECT MAX(id) FROM oms_order_item, 参数: ()
INFO:app.core.database:连接数据库: 172.16.10.196:5432/db_house
INFO:app.core.database:查询执行成功
INFO:app.services.data_generator:计数器初始化完成: {'crawler_competitor_price_id': 64, 'ext_market_trend_id': 64, 'oms_order_item_id': 155}
INFO:app.services.data_generator:开始处理日期: 2025-10-15
INFO:app.services.data_generator:当天计划生成记录数: 1
INFO:app.services.data_generator:已清空外键缓存
INFO:app.services.data_generator:=== 阶段1：生成独立表 ===
INFO:app.services.data_generator:开始为独立表 oms_order 生成数据
INFO:app.core.database:批量执行SQL，查询: INSERT INTO oms_order (order_id, order_channel, customer_code, order_amount, discount_amount, pay_amount, order_status, province, city, district, detail_address, order_time) VALUES ($1, $2, $3, $4, $5, $6, $7, $8, $9, $10, $11, $12), 值数量: 1
INFO:app.core.database:连接数据库: 172.16.10.196:5432/db_house
INFO:app.core.database:批量执行SQL完成
INFO:app.services.data_generator:表 oms_order 已插入剩余 1 条记录并缓存主键值
INFO:app.services.data_generator:独立表 oms_order 生成完成，记录数: 1
INFO:app.services.data_generator:开始为独立表 crawler_competitor_price 生成数据
INFO:app.core.database:批量执行SQL，查询: INSERT INTO crawler_competitor_price (id, crawl_time, platform, competitor_name, product_name, product_sku, price, promotion_info, is_in_stock) VALUES ($1, $2, $3, $4, $5, $6, $7, $8, $9), 值数量: 1
INFO:app.core.database:连接数据库: 172.16.10.196:5432/db_house
INFO:app.core.database:批量执行SQL完成
INFO:app.services.data_generator:表 crawler_competitor_price 已插入剩余 1 条记录并缓存主键值
INFO:app.services.data_generator:独立表 crawler_competitor_price 生成完成，记录数: 1
INFO:app.services.data_generator:开始为独立表 crm_customer 生成数据
INFO:app.core.database:批量执行SQL，查询: INSERT INTO crm_customer (customer_id, name, gender, phone, email, birthday, address, create_time, update_time, is_deleted) VALUES ($1, $2, $3, $4, $5, $6, $7, $8, $9, $10), 值数量: 1
INFO:app.core.database:连接数据库: 172.16.10.196:5432/db_house
INFO:app.core.database:批量执行SQL完成
INFO:app.services.data_generator:表 crm_customer 已插入剩余 1 条记录并缓存主键值
INFO:app.services.data_generator:独立表 crm_customer 生成完成，记录数: 1
INFO:app.services.data_generator:开始为独立表 ext_market_trend 生成数据
INFO:app.core.database:批量执行SQL，查询: INSERT INTO ext_market_trend (id, period, region, category, market_size, growth_rate, data_source) VALUES ($1, $2, $3, $4, $5, $6, $7), 值数量: 1
INFO:app.core.database:连接数据库: 172.16.10.196:5432/db_house
INFO:app.core.database:批量执行SQL完成
INFO:app.services.data_generator:表 ext_market_trend 已插入剩余 1 条记录并缓存主键值
INFO:app.services.data_generator:独立表 ext_market_trend 生成完成，记录数: 1
INFO:app.services.data_generator:=== 阶段2：生成依赖表 ===
INFO:app.services.data_generator:表依赖排序结果: ['lms_shipment', 'fms_financial_transaction', 'oms_order_item']
INFO:app.services.data_generator:排序后的依赖表: ['lms_shipment', 'fms_financial_transaction', 'oms_order_item']
INFO:app.services.data_generator:开始为依赖表 lms_shipment 生成数据
INFO:app.core.database:批量执行SQL，查询: INSERT INTO lms_shipment (shipment_id, order_id, carrier, sender_address, receiver_info, current_status, shipping_time, estimated_delivery, actual_delivery) VALUES ($1, $2, $3, $4, $5, $6, $7, $8, $9), 值数量: 1
INFO:app.core.database:连接数据库: 172.16.10.196:5432/db_house
INFO:app.core.database:批量执行SQL完成
INFO:app.services.data_generator:表 lms_shipment 已插入剩余 1 条记录并缓存主键值
INFO:app.services.data_generator:依赖表 lms_shipment 生成完成，记录数: 1
INFO:app.services.data_generator:开始为依赖表 fms_financial_transaction 生成数据
INFO:app.core.database:批量执行SQL，查询: INSERT INTO fms_financial_transaction (transaction_id, order_id, payment_method, transaction_type, transaction_amount, transaction_status, transaction_time) VALUES ($1, $2, $3, $4, $5, $6, $7), 值数量: 1
INFO:app.core.database:连接数据库: 172.16.10.196:5432/db_house
INFO:app.core.database:批量执行SQL完成
INFO:app.services.data_generator:表 fms_financial_transaction 已插入剩余 1 条记录并缓存主键值
INFO:app.services.data_generator:依赖表 fms_financial_transaction 生成完成，记录数: 1
INFO:app.services.data_generator:开始为依赖表 oms_order_item 生成数据
INFO:app.core.database:批量执行SQL，查询: INSERT INTO oms_order_item (id, order_id, product_sku, product_name, quantity, price) VALUES ($1, $2, $3, $4, $5, $6), 值数量: 1
INFO:app.core.database:连接数据库: 172.16.10.196:5432/db_house
INFO:app.core.database:批量执行SQL完成
INFO:app.services.data_generator:表 oms_order_item 已插入剩余 1 条记录并缓存主键值
INFO:app.services.data_generator:依赖表 oms_order_item 生成完成，记录数: 1
INFO:app.services.data_generator:数据生成完成，总记录数: 7
INFO:app.services.data_generator:退出 generate_data_for_tables 方法
INFO:app.services.data_generator:开始 generate_data_for_tables 方法
INFO:app.services.data_generator:独立表（阶段1）: ['oms_order', 'crawler_competitor_price', 'crm_customer', 'ext_market_trend']
INFO:app.services.data_generator:依赖表（阶段2）: ['lms_shipment', 'fms_financial_transaction', 'oms_order_item']
INFO:app.services.data_generator:初始化数据库计数器
INFO:app.core.database:执行查询: SELECT MAX(id) FROM crawler_competitor_price, 参数: ()
INFO:app.core.database:连接数据库: 172.16.10.196:5432/db_house
INFO:app.core.database:查询执行成功
INFO:app.core.database:执行查询: SELECT MAX(id) FROM ext_market_trend, 参数: ()
INFO:app.core.database:连接数据库: 172.16.10.196:5432/db_house
INFO:app.core.database:查询执行成功
INFO:app.core.database:执行查询: SELECT MAX(id) FROM oms_order_item, 参数: ()
INFO:app.core.database:连接数据库: 172.16.10.196:5432/db_house
INFO:app.core.database:查询执行成功
INFO:app.services.data_generator:计数器初始化完成: {'crawler_competitor_price_id': 65, 'ext_market_trend_id': 65, 'oms_order_item_id': 156}
INFO:app.services.data_generator:开始处理日期: 2025-10-15
INFO:app.services.data_generator:当天计划生成记录数: 1
INFO:app.services.data_generator:已清空外键缓存
INFO:app.services.data_generator:=== 阶段1：生成独立表 ===
INFO:app.services.data_generator:开始为独立表 oms_order 生成数据
INFO:app.core.database:批量执行SQL，查询: INSERT INTO oms_order (order_id, order_channel, customer_code, order_amount, discount_amount, pay_amount, order_status, province, city, district, detail_address, order_time) VALUES ($1, $2, $3, $4, $5, $6, $7, $8, $9, $10, $11, $12), 值数量: 1
INFO:app.core.database:连接数据库: 172.16.10.196:5432/db_house
INFO:app.core.database:批量执行SQL完成
INFO:app.services.data_generator:表 oms_order 已插入剩余 1 条记录并缓存主键值
INFO:app.services.data_generator:独立表 oms_order 生成完成，记录数: 1
INFO:app.services.data_generator:开始为独立表 crawler_competitor_price 生成数据
INFO:app.core.database:批量执行SQL，查询: INSERT INTO crawler_competitor_price (id, crawl_time, platform, competitor_name, product_name, product_sku, price, promotion_info, is_in_stock) VALUES ($1, $2, $3, $4, $5, $6, $7, $8, $9), 值数量: 1
INFO:app.core.database:连接数据库: 172.16.10.196:5432/db_house
INFO:app.core.database:批量执行SQL完成
INFO:app.services.data_generator:表 crawler_competitor_price 已插入剩余 1 条记录并缓存主键值
INFO:app.services.data_generator:独立表 crawler_competitor_price 生成完成，记录数: 1
INFO:app.services.data_generator:开始为独立表 crm_customer 生成数据
INFO:app.core.database:批量执行SQL，查询: INSERT INTO crm_customer (customer_id, name, gender, phone, email, birthday, address, create_time, update_time, is_deleted) VALUES ($1, $2, $3, $4, $5, $6, $7, $8, $9, $10), 值数量: 1
INFO:app.core.database:连接数据库: 172.16.10.196:5432/db_house
INFO:app.core.database:批量执行SQL完成
INFO:app.services.data_generator:表 crm_customer 已插入剩余 1 条记录并缓存主键值
INFO:app.services.data_generator:独立表 crm_customer 生成完成，记录数: 1
INFO:app.services.data_generator:开始为独立表 ext_market_trend 生成数据
INFO:app.core.database:批量执行SQL，查询: INSERT INTO ext_market_trend (id, period, region, category, market_size, growth_rate, data_source) VALUES ($1, $2, $3, $4, $5, $6, $7), 值数量: 1
INFO:app.core.database:连接数据库: 172.16.10.196:5432/db_house
INFO:app.core.database:批量执行SQL完成
INFO:app.services.data_generator:表 ext_market_trend 已插入剩余 1 条记录并缓存主键值
INFO:app.services.data_generator:独立表 ext_market_trend 生成完成，记录数: 1
INFO:app.services.data_generator:=== 阶段2：生成依赖表 ===
INFO:app.services.data_generator:表依赖排序结果: ['lms_shipment', 'fms_financial_transaction', 'oms_order_item']
INFO:app.services.data_generator:排序后的依赖表: ['lms_shipment', 'fms_financial_transaction', 'oms_order_item']
INFO:app.services.data_generator:开始为依赖表 lms_shipment 生成数据
INFO:app.core.database:批量执行SQL，查询: INSERT INTO lms_shipment (shipment_id, order_id, carrier, sender_address, receiver_info, current_status, shipping_time, estimated_delivery, actual_delivery) VALUES ($1, $2, $3, $4, $5, $6, $7, $8, $9), 值数量: 1
INFO:app.core.database:连接数据库: 172.16.10.196:5432/db_house
INFO:app.core.database:批量执行SQL完成
INFO:app.services.data_generator:表 lms_shipment 已插入剩余 1 条记录并缓存主键值
INFO:app.services.data_generator:依赖表 lms_shipment 生成完成，记录数: 1
INFO:app.services.data_generator:开始为依赖表 fms_financial_transaction 生成数据
INFO:app.core.database:批量执行SQL，查询: INSERT INTO fms_financial_transaction (transaction_id, order_id, payment_method, transaction_type, transaction_amount, transaction_status, transaction_time) VALUES ($1, $2, $3, $4, $5, $6, $7), 值数量: 1
INFO:app.core.database:连接数据库: 172.16.10.196:5432/db_house
INFO:app.core.database:批量执行SQL完成
INFO:app.services.data_generator:表 fms_financial_transaction 已插入剩余 1 条记录并缓存主键值
INFO:app.services.data_generator:依赖表 fms_financial_transaction 生成完成，记录数: 1
INFO:app.services.data_generator:开始为依赖表 oms_order_item 生成数据
INFO:app.core.database:批量执行SQL，查询: INSERT INTO oms_order_item (id, order_id, product_sku, product_name, quantity, price) VALUES ($1, $2, $3, $4, $5, $6), 值数量: 1
INFO:app.core.database:连接数据库: 172.16.10.196:5432/db_house
INFO:app.core.database:批量执行SQL完成
INFO:app.services.data_generator:表 oms_order_item 已插入剩余 1 条记录并缓存主键值
INFO:app.services.data_generator:依赖表 oms_order_item 生成完成，记录数: 1
INFO:app.services.data_generator:数据生成完成，总记录数: 7
INFO:app.services.data_generator:退出 generate_data_for_tables 方法
INFO:app.services.data_generator:开始 generate_data_for_tables 方法
INFO:app.services.data_generator:独立表（阶段1）: ['oms_order', 'crawler_competitor_price', 'crm_customer', 'ext_market_trend']
INFO:app.services.data_generator:依赖表（阶段2）: ['lms_shipment', 'fms_financial_transaction', 'oms_order_item']
INFO:app.services.data_generator:初始化数据库计数器
INFO:app.core.database:执行查询: SELECT MAX(id) FROM crawler_competitor_price, 参数: ()
INFO:app.core.database:连接数据库: 172.16.10.196:5432/db_house
INFO:app.core.database:查询执行成功
INFO:app.core.database:执行查询: SELECT MAX(id) FROM ext_market_trend, 参数: ()
INFO:app.core.database:连接数据库: 172.16.10.196:5432/db_house
INFO:app.core.database:查询执行成功
INFO:app.core.database:执行查询: SELECT MAX(id) FROM oms_order_item, 参数: ()
INFO:app.core.database:连接数据库: 172.16.10.196:5432/db_house
INFO:app.core.database:查询执行成功
INFO:app.services.data_generator:计数器初始化完成: {'crawler_competitor_price_id': 66, 'ext_market_trend_id': 66, 'oms_order_item_id': 157}
INFO:app.services.data_generator:开始处理日期: 2025-10-15
INFO:app.services.data_generator:当天计划生成记录数: 1
INFO:app.services.data_generator:已清空外键缓存
INFO:app.services.data_generator:=== 阶段1：生成独立表 ===
INFO:app.services.data_generator:开始为独立表 oms_order 生成数据
INFO:app.core.database:批量执行SQL，查询: INSERT INTO oms_order (order_id, order_channel, customer_code, order_amount, discount_amount, pay_amount, order_status, province, city, district, detail_address, order_time) VALUES ($1, $2, $3, $4, $5, $6, $7, $8, $9, $10, $11, $12), 值数量: 1
INFO:app.core.database:连接数据库: 172.16.10.196:5432/db_house
INFO:app.core.database:批量执行SQL完成
INFO:app.services.data_generator:表 oms_order 已插入剩余 1 条记录并缓存主键值
INFO:app.services.data_generator:独立表 oms_order 生成完成，记录数: 1
INFO:app.services.data_generator:开始为独立表 crawler_competitor_price 生成数据
INFO:app.core.database:批量执行SQL，查询: INSERT INTO crawler_competitor_price (id, crawl_time, platform, competitor_name, product_name, product_sku, price, promotion_info, is_in_stock) VALUES ($1, $2, $3, $4, $5, $6, $7, $8, $9), 值数量: 1
INFO:app.core.database:连接数据库: 172.16.10.196:5432/db_house
INFO:app.core.database:批量执行SQL完成
INFO:app.services.data_generator:表 crawler_competitor_price 已插入剩余 1 条记录并缓存主键值
INFO:app.services.data_generator:独立表 crawler_competitor_price 生成完成，记录数: 1
INFO:app.services.data_generator:开始为独立表 crm_customer 生成数据
INFO:app.core.database:批量执行SQL，查询: INSERT INTO crm_customer (customer_id, name, gender, phone, email, birthday, address, create_time, update_time, is_deleted) VALUES ($1, $2, $3, $4, $5, $6, $7, $8, $9, $10), 值数量: 1
INFO:app.core.database:连接数据库: 172.16.10.196:5432/db_house
INFO:app.core.database:批量执行SQL完成
INFO:app.services.data_generator:表 crm_customer 已插入剩余 1 条记录并缓存主键值
INFO:app.services.data_generator:独立表 crm_customer 生成完成，记录数: 1
INFO:app.services.data_generator:开始为独立表 ext_market_trend 生成数据
INFO:app.core.database:批量执行SQL，查询: INSERT INTO ext_market_trend (id, period, region, category, market_size, growth_rate, data_source) VALUES ($1, $2, $3, $4, $5, $6, $7), 值数量: 1
INFO:app.core.database:连接数据库: 172.16.10.196:5432/db_house
INFO:app.core.database:批量执行SQL完成
INFO:app.services.data_generator:表 ext_market_trend 已插入剩余 1 条记录并缓存主键值
INFO:app.services.data_generator:独立表 ext_market_trend 生成完成，记录数: 1
INFO:app.services.data_generator:=== 阶段2：生成依赖表 ===
INFO:app.services.data_generator:表依赖排序结果: ['lms_shipment', 'fms_financial_transaction', 'oms_order_item']
INFO:app.services.data_generator:排序后的依赖表: ['lms_shipment', 'fms_financial_transaction', 'oms_order_item']
INFO:app.services.data_generator:开始为依赖表 lms_shipment 生成数据
INFO:app.core.database:批量执行SQL，查询: INSERT INTO lms_shipment (shipment_id, order_id, carrier, sender_address, receiver_info, current_status, shipping_time, estimated_delivery, actual_delivery) VALUES ($1, $2, $3, $4, $5, $6, $7, $8, $9), 值数量: 1
INFO:app.core.database:连接数据库: 172.16.10.196:5432/db_house
INFO:app.core.database:批量执行SQL完成
INFO:app.services.data_generator:表 lms_shipment 已插入剩余 1 条记录并缓存主键值
INFO:app.services.data_generator:依赖表 lms_shipment 生成完成，记录数: 1
INFO:app.services.data_generator:开始为依赖表 fms_financial_transaction 生成数据
INFO:app.core.database:批量执行SQL，查询: INSERT INTO fms_financial_transaction (transaction_id, order_id, payment_method, transaction_type, transaction_amount, transaction_status, transaction_time) VALUES ($1, $2, $3, $4, $5, $6, $7), 值数量: 1
INFO:app.core.database:连接数据库: 172.16.10.196:5432/db_house
INFO:app.core.database:批量执行SQL完成
INFO:app.services.data_generator:表 fms_financial_transaction 已插入剩余 1 条记录并缓存主键值
INFO:app.services.data_generator:依赖表 fms_financial_transaction 生成完成，记录数: 1
INFO:app.services.data_generator:开始为依赖表 oms_order_item 生成数据
INFO:app.core.database:批量执行SQL，查询: INSERT INTO oms_order_item (id, order_id, product_sku, product_name, quantity, price) VALUES ($1, $2, $3, $4, $5, $6), 值数量: 1
INFO:app.core.database:连接数据库: 172.16.10.196:5432/db_house
INFO:app.core.database:批量执行SQL完成
INFO:app.services.data_generator:表 oms_order_item 已插入剩余 1 条记录并缓存主键值
INFO:app.services.data_generator:依赖表 oms_order_item 生成完成，记录数: 1
INFO:app.services.data_generator:数据生成完成，总记录数: 7
INFO:app.services.data_generator:退出 generate_data_for_tables 方法
INFO:app.core.database:数据库连接已关闭

[2025-10-15 17:40:41.357767] ✅ 第 32 批数据生成完成
[2025-10-15 17:40:41.357779] ⏱️ 等待 1 秒后继续...
[2025-10-15 17:40:42.359079] 📦 开始生成第 33 批数据...
[2025-10-15 17:40:42.988486] 📦 生成了 7 条记录
[2025-10-15 17:40:42.988513] ✅ 第 33 批数据生成完成
[2025-10-15 17:40:42.988521] ⏱️ 等待 1 秒后继续...
[2025-10-15 17:40:43.989655] 📦 开始生成第 34 批数据...
[2025-10-15 17:40:44.388980] 📦 生成了 7 条记录
[2025-10-15 17:40:44.389007] ✅ 第 34 批数据生成完成
[2025-10-15 17:40:44.389015] ⏱️ 等待 1 秒后继续...
[2025-10-15 17:40:45.390201] 📦 开始生成第 35 批数据...
[2025-10-15 17:40:45.511627] 📦 生成了 7 条记录
[2025-10-15 17:40:45.511659] ✅ 第 35 批数据生成完成
[2025-10-15 17:40:45.511667] ⏱️ 等待 1 秒后继续...
[2025-10-15 17:40:46.512508] 📦 开始生成第 36 批数据...
[2025-10-15 17:40:46.745099] 📦 生成了 7 条记录
[2025-10-15 17:40:46.745125] ✅ 第 36 批数据生成完成
[2025-10-15 17:40:46.745133] ⏱️ 等待 1 秒后继续...
[2025-10-15 17:40:47.746298] 📦 开始生成第 37 批数据...
[2025-10-15 17:40:48.039473] 📦 生成了 7 条记录
[2025-10-15 17:40:48.039500] ✅ 第 37 批数据生成完成
[2025-10-15 17:40:48.039510] ⏱️ 等待 1 秒后继续...

[2025-10-15 17:40:48.682440] 🛑 收到停止信号，正在关闭...
[2025-10-15 17:40:49.040840] 🛑 持续数据生成服务已停止
[2025-10-15 17:40:49.054568] 🔌 已断开数据库连接
