INFO:app.core.database:连接数据库: 172.16.10.196:5432/db_house
INFO:app.core.database:数据库连接成功
INFO:app.services.data_generator:开始 generate_data_for_tables 方法
INFO:app.services.data_generator:独立表（阶段1）: ['oms_order']
INFO:app.services.data_generator:依赖表（阶段2）: ['oms_order_item']
INFO:app.services.data_generator:初始化数据库计数器
INFO:app.core.database:执行查询: SELECT MAX(id) FROM crawler_competitor_price, 参数: ()
INFO:app.core.database:连接数据库: 172.16.10.196:5432/db_house
INFO:app.core.database:查询执行成功
INFO:app.core.database:执行查询: SELECT MAX(id) FROM ext_market_trend, 参数: ()
INFO:app.core.database:连接数据库: 172.16.10.196:5432/db_house
INFO:app.core.database:查询执行成功
INFO:app.core.database:执行查询: SELECT MAX(id) FROM oms_order_item, 参数: ()
INFO:app.core.database:连接数据库: 172.16.10.196:5432/db_house
INFO:app.core.database:查询执行成功
INFO:app.services.data_generator:计数器初始化完成: {'crawler_competitor_price_id': 0, 'ext_market_trend_id': 0, 'oms_order_item_id': 0}
INFO:app.services.data_generator:开始处理日期: 2025-10-14
INFO:app.services.data_generator:当天计划生成记录数: 1
INFO:app.services.data_generator:已清空外键缓存
INFO:app.services.data_generator:=== 阶段1：生成独立表 ===
INFO:app.services.data_generator:开始为独立表 oms_order 生成数据
INFO:app.core.database:批量执行SQL，查询: INSERT INTO oms_order (order_id, order_channel, customer_code, order_amount, discount_amount, pay_amount, order_status, province, city, district, detail_address, order_time) VALUES ($1, $2, $3, $4, $5, $6, $7, $8, $9, $10, $11, $12), 值数量: 1
INFO:app.core.database:连接数据库: 172.16.10.196:5432/db_house
INFO:app.core.database:批量执行SQL完成
INFO:app.services.data_generator:表 oms_order 已插入剩余 1 条记录并缓存主键值
INFO:app.services.data_generator:独立表 oms_order 生成完成，记录数: 1
INFO:app.services.data_generator:=== 阶段2：生成依赖表 ===
INFO:app.services.data_generator:表依赖排序结果: ['oms_order_item']
INFO:app.services.data_generator:排序后的依赖表: ['oms_order_item']
INFO:app.services.data_generator:开始为依赖表 oms_order_item 生成数据
INFO:app.core.database:批量执行SQL，查询: INSERT INTO oms_order_item (id, order_id, product_sku, product_name, quantity, price) VALUES ($1, $2, $3, $4, $5, $6), 值数量: 1
INFO:app.core.database:连接数据库: 172.16.10.196:5432/db_house
INFO:app.core.database:批量执行SQL完成
INFO:app.services.data_generator:表 oms_order_item 已插入剩余 1 条记录并缓存主键值
INFO:app.services.data_generator:依赖表 oms_order_item 生成完成，记录数: 1
INFO:app.services.data_generator:数据生成完成，总记录数: 2
INFO:app.services.data_generator:退出 generate_data_for_tables 方法
INFO:app.services.data_generator:开始 generate_data_for_tables 方法
INFO:app.services.data_generator:独立表（阶段1）: ['oms_order']
INFO:app.services.data_generator:依赖表（阶段2）: ['oms_order_item']
INFO:app.services.data_generator:初始化数据库计数器
INFO:app.core.database:执行查询: SELECT MAX(id) FROM crawler_competitor_price, 参数: ()
INFO:app.core.database:连接数据库: 172.16.10.196:5432/db_house
INFO:app.core.database:查询执行成功
INFO:app.core.database:执行查询: SELECT MAX(id) FROM ext_market_trend, 参数: ()
INFO:app.core.database:连接数据库: 172.16.10.196:5432/db_house
INFO:app.core.database:查询执行成功
INFO:app.core.database:执行查询: SELECT MAX(id) FROM oms_order_item, 参数: ()
INFO:app.core.database:连接数据库: 172.16.10.196:5432/db_house
INFO:app.core.database:查询执行成功
INFO:app.services.data_generator:计数器初始化完成: {'crawler_competitor_price_id': 0, 'ext_market_trend_id': 0, 'oms_order_item_id': 1}
INFO:app.services.data_generator:开始处理日期: 2025-10-14
INFO:app.services.data_generator:当天计划生成记录数: 1
INFO:app.services.data_generator:已清空外键缓存
INFO:app.services.data_generator:=== 阶段1：生成独立表 ===
INFO:app.services.data_generator:开始为独立表 oms_order 生成数据
INFO:app.core.database:批量执行SQL，查询: INSERT INTO oms_order (order_id, order_channel, customer_code, order_amount, discount_amount, pay_amount, order_status, province, city, district, detail_address, order_time) VALUES ($1, $2, $3, $4, $5, $6, $7, $8, $9, $10, $11, $12), 值数量: 1
INFO:app.core.database:连接数据库: 172.16.10.196:5432/db_house
INFO:app.core.database:批量执行SQL完成
INFO:app.services.data_generator:表 oms_order 已插入剩余 1 条记录并缓存主键值
INFO:app.services.data_generator:独立表 oms_order 生成完成，记录数: 1
INFO:app.services.data_generator:=== 阶段2：生成依赖表 ===
INFO:app.services.data_generator:表依赖排序结果: ['oms_order_item']
INFO:app.services.data_generator:排序后的依赖表: ['oms_order_item']
INFO:app.services.data_generator:开始为依赖表 oms_order_item 生成数据
INFO:app.core.database:批量执行SQL，查询: INSERT INTO oms_order_item (id, order_id, product_sku, product_name, quantity, price) VALUES ($1, $2, $3, $4, $5, $6), 值数量: 1
INFO:app.core.database:连接数据库: 172.16.10.196:5432/db_house
INFO:app.core.database:批量执行SQL完成
INFO:app.services.data_generator:表 oms_order_item 已插入剩余 1 条记录并缓存主键值
INFO:app.services.data_generator:依赖表 oms_order_item 生成完成，记录数: 1
INFO:app.services.data_generator:数据生成完成，总记录数: 2
INFO:app.services.data_generator:退出 generate_data_for_tables 方法
INFO:app.services.data_generator:开始 generate_data_for_tables 方法
INFO:app.services.data_generator:独立表（阶段1）: ['oms_order']
INFO:app.services.data_generator:依赖表（阶段2）: ['oms_order_item']
INFO:app.services.data_generator:初始化数据库计数器
INFO:app.core.database:执行查询: SELECT MAX(id) FROM crawler_competitor_price, 参数: ()
INFO:app.core.database:连接数据库: 172.16.10.196:5432/db_house
INFO:app.core.database:查询执行成功
INFO:app.core.database:执行查询: SELECT MAX(id) FROM ext_market_trend, 参数: ()
INFO:app.core.database:连接数据库: 172.16.10.196:5432/db_house
INFO:app.core.database:查询执行成功
INFO:app.core.database:执行查询: SELECT MAX(id) FROM oms_order_item, 参数: ()
INFO:app.core.database:连接数据库: 172.16.10.196:5432/db_house
INFO:app.core.database:查询执行成功
INFO:app.services.data_generator:计数器初始化完成: {'crawler_competitor_price_id': 0, 'ext_market_trend_id': 0, 'oms_order_item_id': 2}
INFO:app.services.data_generator:开始处理日期: 2025-10-14
INFO:app.services.data_generator:当天计划生成记录数: 1
INFO:app.services.data_generator:已清空外键缓存
INFO:app.services.data_generator:=== 阶段1：生成独立表 ===
INFO:app.services.data_generator:开始为独立表 oms_order 生成数据
INFO:app.core.database:批量执行SQL，查询: INSERT INTO oms_order (order_id, order_channel, customer_code, order_amount, discount_amount, pay_amount, order_status, province, city, district, detail_address, order_time) VALUES ($1, $2, $3, $4, $5, $6, $7, $8, $9, $10, $11, $12), 值数量: 1
INFO:app.core.database:连接数据库: 172.16.10.196:5432/db_house
INFO:app.core.database:批量执行SQL完成
INFO:app.services.data_generator:表 oms_order 已插入剩余 1 条记录并缓存主键值
INFO:app.services.data_generator:独立表 oms_order 生成完成，记录数: 1
INFO:app.services.data_generator:=== 阶段2：生成依赖表 ===
INFO:app.services.data_generator:表依赖排序结果: ['oms_order_item']
INFO:app.services.data_generator:排序后的依赖表: ['oms_order_item']
INFO:app.services.data_generator:开始为依赖表 oms_order_item 生成数据
INFO:app.core.database:批量执行SQL，查询: INSERT INTO oms_order_item (id, order_id, product_sku, product_name, quantity, price) VALUES ($1, $2, $3, $4, $5, $6), 值数量: 1
INFO:app.core.database:连接数据库: 172.16.10.196:5432/db_house
INFO:app.core.database:批量执行SQL完成
INFO:app.services.data_generator:表 oms_order_item 已插入剩余 1 条记录并缓存主键值
INFO:app.services.data_generator:依赖表 oms_order_item 生成完成，记录数: 1
INFO:app.services.data_generator:数据生成完成，总记录数: 2
INFO:app.services.data_generator:退出 generate_data_for_tables 方法
INFO:app.services.data_generator:开始 generate_data_for_tables 方法
INFO:app.services.data_generator:独立表（阶段1）: ['oms_order']
INFO:app.services.data_generator:依赖表（阶段2）: ['oms_order_item']
INFO:app.services.data_generator:初始化数据库计数器
INFO:app.core.database:执行查询: SELECT MAX(id) FROM crawler_competitor_price, 参数: ()
INFO:app.core.database:连接数据库: 172.16.10.196:5432/db_house
INFO:app.core.database:查询执行成功
INFO:app.core.database:执行查询: SELECT MAX(id) FROM ext_market_trend, 参数: ()
INFO:app.core.database:连接数据库: 172.16.10.196:5432/db_house
INFO:app.core.database:查询执行成功
INFO:app.core.database:执行查询: SELECT MAX(id) FROM oms_order_item, 参数: ()
INFO:app.core.database:连接数据库: 172.16.10.196:5432/db_house
INFO:app.core.database:查询执行成功
INFO:app.services.data_generator:计数器初始化完成: {'crawler_competitor_price_id': 0, 'ext_market_trend_id': 0, 'oms_order_item_id': 3}
INFO:app.services.data_generator:开始处理日期: 2025-10-14
INFO:app.services.data_generator:当天计划生成记录数: 1
INFO:app.services.data_generator:已清空外键缓存
INFO:app.services.data_generator:=== 阶段1：生成独立表 ===
INFO:app.services.data_generator:开始为独立表 oms_order 生成数据
INFO:app.core.database:批量执行SQL，查询: INSERT INTO oms_order (order_id, order_channel, customer_code, order_amount, discount_amount, pay_amount, order_status, province, city, district, detail_address, order_time) VALUES ($1, $2, $3, $4, $5, $6, $7, $8, $9, $10, $11, $12), 值数量: 1
INFO:app.core.database:连接数据库: 172.16.10.196:5432/db_house
INFO:app.core.database:批量执行SQL完成
INFO:app.services.data_generator:表 oms_order 已插入剩余 1 条记录并缓存主键值
INFO:app.services.data_generator:独立表 oms_order 生成完成，记录数: 1
INFO:app.services.data_generator:=== 阶段2：生成依赖表 ===
INFO:app.services.data_generator:表依赖排序结果: ['oms_order_item']
INFO:app.services.data_generator:排序后的依赖表: ['oms_order_item']
INFO:app.services.data_generator:开始为依赖表 oms_order_item 生成数据
INFO:app.core.database:批量执行SQL，查询: INSERT INTO oms_order_item (id, order_id, product_sku, product_name, quantity, price) VALUES ($1, $2, $3, $4, $5, $6), 值数量: 1
INFO:app.core.database:连接数据库: 172.16.10.196:5432/db_house
INFO:app.core.database:批量执行SQL完成
INFO:app.services.data_generator:表 oms_order_item 已插入剩余 1 条记录并缓存主键值
INFO:app.services.data_generator:依赖表 oms_order_item 生成完成，记录数: 1
INFO:app.services.data_generator:数据生成完成，总记录数: 2
INFO:app.services.data_generator:退出 generate_data_for_tables 方法
INFO:app.services.data_generator:开始 generate_data_for_tables 方法
INFO:app.services.data_generator:独立表（阶段1）: ['oms_order']
INFO:app.services.data_generator:依赖表（阶段2）: ['oms_order_item']
INFO:app.services.data_generator:初始化数据库计数器
INFO:app.core.database:执行查询: SELECT MAX(id) FROM crawler_competitor_price, 参数: ()
INFO:app.core.database:连接数据库: 172.16.10.196:5432/db_house
INFO:app.core.database:查询执行成功
INFO:app.core.database:执行查询: SELECT MAX(id) FROM ext_market_trend, 参数: ()
INFO:app.core.database:连接数据库: 172.16.10.196:5432/db_house
INFO:app.core.database:查询执行成功
INFO:app.core.database:执行查询: SELECT MAX(id) FROM oms_order_item, 参数: ()
INFO:app.core.database:连接数据库: 172.16.10.196:5432/db_house
INFO:app.core.database:查询执行成功
INFO:app.services.data_generator:计数器初始化完成: {'crawler_competitor_price_id': 0, 'ext_market_trend_id': 0, 'oms_order_item_id': 4}
INFO:app.services.data_generator:开始处理日期: 2025-10-14
INFO:app.services.data_generator:当天计划生成记录数: 1
INFO:app.services.data_generator:已清空外键缓存
INFO:app.services.data_generator:=== 阶段1：生成独立表 ===
INFO:app.services.data_generator:开始为独立表 oms_order 生成数据
INFO:app.core.database:批量执行SQL，查询: INSERT INTO oms_order (order_id, order_channel, customer_code, order_amount, discount_amount, pay_amount, order_status, province, city, district, detail_address, order_time) VALUES ($1, $2, $3, $4, $5, $6, $7, $8, $9, $10, $11, $12), 值数量: 1
INFO:app.core.database:连接数据库: 172.16.10.196:5432/db_house
INFO:app.core.database:批量执行SQL完成
INFO:app.services.data_generator:表 oms_order 已插入剩余 1 条记录并缓存主键值
INFO:app.services.data_generator:独立表 oms_order 生成完成，记录数: 1
INFO:app.services.data_generator:=== 阶段2：生成依赖表 ===
INFO:app.services.data_generator:表依赖排序结果: ['oms_order_item']
INFO:app.services.data_generator:排序后的依赖表: ['oms_order_item']
INFO:app.services.data_generator:开始为依赖表 oms_order_item 生成数据
INFO:app.core.database:批量执行SQL，查询: INSERT INTO oms_order_item (id, order_id, product_sku, product_name, quantity, price) VALUES ($1, $2, $3, $4, $5, $6), 值数量: 1
INFO:app.core.database:连接数据库: 172.16.10.196:5432/db_house
INFO:app.core.database:批量执行SQL完成
INFO:app.services.data_generator:表 oms_order_item 已插入剩余 1 条记录并缓存主键值
INFO:app.services.data_generator:依赖表 oms_order_item 生成完成，记录数: 1
INFO:app.services.data_generator:数据生成完成，总记录数: 2
INFO:app.services.data_generator:退出 generate_data_for_tables 方法
INFO:app.services.data_generator:开始 generate_data_for_tables 方法
INFO:app.services.data_generator:独立表（阶段1）: ['oms_order']
INFO:app.services.data_generator:依赖表（阶段2）: ['oms_order_item']
INFO:app.services.data_generator:初始化数据库计数器
INFO:app.core.database:执行查询: SELECT MAX(id) FROM crawler_competitor_price, 参数: ()
INFO:app.core.database:连接数据库: 172.16.10.196:5432/db_house
INFO:app.core.database:查询执行成功
INFO:app.core.database:执行查询: SELECT MAX(id) FROM ext_market_trend, 参数: ()
INFO:app.core.database:连接数据库: 172.16.10.196:5432/db_house
INFO:app.core.database:查询执行成功
INFO:app.core.database:执行查询: SELECT MAX(id) FROM oms_order_item, 参数: ()
INFO:app.core.database:连接数据库: 172.16.10.196:5432/db_house
INFO:app.core.database:查询执行成功
INFO:app.services.data_generator:计数器初始化完成: {'crawler_competitor_price_id': 0, 'ext_market_trend_id': 0, 'oms_order_item_id': 5}
INFO:app.services.data_generator:开始处理日期: 2025-10-14
INFO:app.services.data_generator:当天计划生成记录数: 1
INFO:app.services.data_generator:已清空外键缓存
INFO:app.services.data_generator:=== 阶段1：生成独立表 ===
INFO:app.services.data_generator:开始为独立表 oms_order 生成数据
INFO:app.core.database:批量执行SQL，查询: INSERT INTO oms_order (order_id, order_channel, customer_code, order_amount, discount_amount, pay_amount, order_status, province, city, district, detail_address, order_time) VALUES ($1, $2, $3, $4, $5, $6, $7, $8, $9, $10, $11, $12), 值数量: 1
INFO:app.core.database:连接数据库: 172.16.10.196:5432/db_house
INFO:app.core.database:批量执行SQL完成
INFO:app.services.data_generator:表 oms_order 已插入剩余 1 条记录并缓存主键值
INFO:app.services.data_generator:独立表 oms_order 生成完成，记录数: 1
INFO:app.services.data_generator:=== 阶段2：生成依赖表 ===
INFO:app.services.data_generator:表依赖排序结果: ['oms_order_item']
INFO:app.services.data_generator:排序后的依赖表: ['oms_order_item']
INFO:app.services.data_generator:开始为依赖表 oms_order_item 生成数据
INFO:app.core.database:批量执行SQL，查询: INSERT INTO oms_order_item (id, order_id, product_sku, product_name, quantity, price) VALUES ($1, $2, $3, $4, $5, $6), 值数量: 1
INFO:app.core.database:连接数据库: 172.16.10.196:5432/db_house
INFO:app.core.database:批量执行SQL完成
INFO:app.services.data_generator:表 oms_order_item 已插入剩余 1 条记录并缓存主键值
INFO:app.services.data_generator:依赖表 oms_order_item 生成完成，记录数: 1
INFO:app.services.data_generator:数据生成完成，总记录数: 2
INFO:app.services.data_generator:退出 generate_data_for_tables 方法
INFO:app.services.data_generator:开始 generate_data_for_tables 方法
INFO:app.services.data_generator:独立表（阶段1）: ['oms_order']
INFO:app.services.data_generator:依赖表（阶段2）: ['oms_order_item']
INFO:app.services.data_generator:初始化数据库计数器
INFO:app.core.database:执行查询: SELECT MAX(id) FROM crawler_competitor_price, 参数: ()
INFO:app.core.database:连接数据库: 172.16.10.196:5432/db_house
INFO:app.core.database:查询执行成功
INFO:app.core.database:执行查询: SELECT MAX(id) FROM ext_market_trend, 参数: ()
INFO:app.core.database:连接数据库: 172.16.10.196:5432/db_house
INFO:app.core.database:查询执行成功
INFO:app.core.database:执行查询: SELECT MAX(id) FROM oms_order_item, 参数: ()
INFO:app.core.database:连接数据库: 172.16.10.196:5432/db_house
INFO:app.core.database:查询执行成功
INFO:app.services.data_generator:计数器初始化完成: {'crawler_competitor_price_id': 0, 'ext_market_trend_id': 0, 'oms_order_item_id': 6}
INFO:app.services.data_generator:开始处理日期: 2025-10-14
INFO:app.services.data_generator:当天计划生成记录数: 1
INFO:app.services.data_generator:已清空外键缓存
INFO:app.services.data_generator:=== 阶段1：生成独立表 ===
INFO:app.services.data_generator:开始为独立表 oms_order 生成数据
INFO:app.core.database:批量执行SQL，查询: INSERT INTO oms_order (order_id, order_channel, customer_code, order_amount, discount_amount, pay_amount, order_status, province, city, district, detail_address, order_time) VALUES ($1, $2, $3, $4, $5, $6, $7, $8, $9, $10, $11, $12), 值数量: 1
INFO:app.core.database:连接数据库: 172.16.10.196:5432/db_house
INFO:app.core.database:批量执行SQL完成
INFO:app.services.data_generator:表 oms_order 已插入剩余 1 条记录并缓存主键值
INFO:app.services.data_generator:独立表 oms_order 生成完成，记录数: 1
INFO:app.services.data_generator:=== 阶段2：生成依赖表 ===
INFO:app.services.data_generator:表依赖排序结果: ['oms_order_item']
INFO:app.services.data_generator:排序后的依赖表: ['oms_order_item']
INFO:app.services.data_generator:开始为依赖表 oms_order_item 生成数据
INFO:app.core.database:批量执行SQL，查询: INSERT INTO oms_order_item (id, order_id, product_sku, product_name, quantity, price) VALUES ($1, $2, $3, $4, $5, $6), 值数量: 1
INFO:app.core.database:连接数据库: 172.16.10.196:5432/db_house
INFO:app.core.database:批量执行SQL完成
INFO:app.services.data_generator:表 oms_order_item 已插入剩余 1 条记录并缓存主键值
INFO:app.services.data_generator:依赖表 oms_order_item 生成完成，记录数: 1
INFO:app.services.data_generator:数据生成完成，总记录数: 2
INFO:app.services.data_generator:退出 generate_data_for_tables 方法
INFO:app.services.data_generator:开始 generate_data_for_tables 方法
INFO:app.services.data_generator:独立表（阶段1）: ['oms_order']
INFO:app.services.data_generator:依赖表（阶段2）: ['oms_order_item']
INFO:app.services.data_generator:初始化数据库计数器
INFO:app.core.database:执行查询: SELECT MAX(id) FROM crawler_competitor_price, 参数: ()
INFO:app.core.database:连接数据库: 172.16.10.196:5432/db_house
INFO:app.core.database:查询执行成功
INFO:app.core.database:执行查询: SELECT MAX(id) FROM ext_market_trend, 参数: ()
INFO:app.core.database:连接数据库: 172.16.10.196:5432/db_house
INFO:app.core.database:查询执行成功
INFO:app.core.database:执行查询: SELECT MAX(id) FROM oms_order_item, 参数: ()
INFO:app.core.database:连接数据库: 172.16.10.196:5432/db_house
INFO:app.core.database:查询执行成功
INFO:app.services.data_generator:计数器初始化完成: {'crawler_competitor_price_id': 0, 'ext_market_trend_id': 0, 'oms_order_item_id': 7}
INFO:app.services.data_generator:开始处理日期: 2025-10-14
INFO:app.services.data_generator:当天计划生成记录数: 1
INFO:app.services.data_generator:已清空外键缓存
INFO:app.services.data_generator:=== 阶段1：生成独立表 ===
INFO:app.services.data_generator:开始为独立表 oms_order 生成数据
INFO:app.core.database:批量执行SQL，查询: INSERT INTO oms_order (order_id, order_channel, customer_code, order_amount, discount_amount, pay_amount, order_status, province, city, district, detail_address, order_time) VALUES ($1, $2, $3, $4, $5, $6, $7, $8, $9, $10, $11, $12), 值数量: 1
INFO:app.core.database:连接数据库: 172.16.10.196:5432/db_house
INFO:app.core.database:批量执行SQL完成
INFO:app.services.data_generator:表 oms_order 已插入剩余 1 条记录并缓存主键值
INFO:app.services.data_generator:独立表 oms_order 生成完成，记录数: 1
INFO:app.services.data_generator:=== 阶段2：生成依赖表 ===
INFO:app.services.data_generator:表依赖排序结果: ['oms_order_item']
INFO:app.services.data_generator:排序后的依赖表: ['oms_order_item']
INFO:app.services.data_generator:开始为依赖表 oms_order_item 生成数据
INFO:app.core.database:批量执行SQL，查询: INSERT INTO oms_order_item (id, order_id, product_sku, product_name, quantity, price) VALUES ($1, $2, $3, $4, $5, $6), 值数量: 1
INFO:app.core.database:连接数据库: 172.16.10.196:5432/db_house
INFO:app.core.database:批量执行SQL完成
INFO:app.services.data_generator:表 oms_order_item 已插入剩余 1 条记录并缓存主键值
INFO:app.services.data_generator:依赖表 oms_order_item 生成完成，记录数: 1
INFO:app.services.data_generator:数据生成完成，总记录数: 2
INFO:app.services.data_generator:退出 generate_data_for_tables 方法
INFO:app.services.data_generator:开始 generate_data_for_tables 方法
INFO:app.services.data_generator:独立表（阶段1）: ['oms_order']
INFO:app.services.data_generator:依赖表（阶段2）: ['oms_order_item']
INFO:app.services.data_generator:初始化数据库计数器
INFO:app.core.database:执行查询: SELECT MAX(id) FROM crawler_competitor_price, 参数: ()
INFO:app.core.database:连接数据库: 172.16.10.196:5432/db_house
INFO:app.core.database:查询执行成功
INFO:app.core.database:执行查询: SELECT MAX(id) FROM ext_market_trend, 参数: ()
INFO:app.core.database:连接数据库: 172.16.10.196:5432/db_house
INFO:app.core.database:查询执行成功
INFO:app.core.database:执行查询: SELECT MAX(id) FROM oms_order_item, 参数: ()
INFO:app.core.database:连接数据库: 172.16.10.196:5432/db_house
INFO:app.core.database:查询执行成功
INFO:app.services.data_generator:计数器初始化完成: {'crawler_competitor_price_id': 0, 'ext_market_trend_id': 0, 'oms_order_item_id': 8}
INFO:app.services.data_generator:开始处理日期: 2025-10-14
INFO:app.services.data_generator:当天计划生成记录数: 1
INFO:app.services.data_generator:已清空外键缓存
INFO:app.services.data_generator:=== 阶段1：生成独立表 ===
INFO:app.services.data_generator:开始为独立表 oms_order 生成数据
INFO:app.core.database:批量执行SQL，查询: INSERT INTO oms_order (order_id, order_channel, customer_code, order_amount, discount_amount, pay_amount, order_status, province, city, district, detail_address, order_time) VALUES ($1, $2, $3, $4, $5, $6, $7, $8, $9, $10, $11, $12), 值数量: 1
INFO:app.core.database:连接数据库: 172.16.10.196:5432/db_house
INFO:app.core.database:批量执行SQL完成
INFO:app.services.data_generator:表 oms_order 已插入剩余 1 条记录并缓存主键值
INFO:app.services.data_generator:独立表 oms_order 生成完成，记录数: 1
INFO:app.services.data_generator:=== 阶段2：生成依赖表 ===
INFO:app.services.data_generator:表依赖排序结果: ['oms_order_item']
INFO:app.services.data_generator:排序后的依赖表: ['oms_order_item']
INFO:app.services.data_generator:开始为依赖表 oms_order_item 生成数据
INFO:app.core.database:批量执行SQL，查询: INSERT INTO oms_order_item (id, order_id, product_sku, product_name, quantity, price) VALUES ($1, $2, $3, $4, $5, $6), 值数量: 1
INFO:app.core.database:连接数据库: 172.16.10.196:5432/db_house
INFO:app.core.database:批量执行SQL完成
INFO:app.services.data_generator:表 oms_order_item 已插入剩余 1 条记录并缓存主键值
INFO:app.services.data_generator:依赖表 oms_order_item 生成完成，记录数: 1
INFO:app.services.data_generator:数据生成完成，总记录数: 2
INFO:app.services.data_generator:退出 generate_data_for_tables 方法
INFO:app.services.data_generator:开始 generate_data_for_tables 方法
INFO:app.services.data_generator:独立表（阶段1）: ['oms_order']
INFO:app.services.data_generator:依赖表（阶段2）: ['oms_order_item']
INFO:app.services.data_generator:初始化数据库计数器
INFO:app.core.database:执行查询: SELECT MAX(id) FROM crawler_competitor_price, 参数: ()
INFO:app.core.database:连接数据库: 172.16.10.196:5432/db_house
INFO:app.core.database:查询执行成功
INFO:app.core.database:执行查询: SELECT MAX(id) FROM ext_market_trend, 参数: ()
INFO:app.core.database:连接数据库: 172.16.10.196:5432/db_house
INFO:app.core.database:查询执行成功
INFO:app.core.database:执行查询: SELECT MAX(id) FROM oms_order_item, 参数: ()
INFO:app.core.database:连接数据库: 172.16.10.196:5432/db_house
INFO:app.core.database:查询执行成功
INFO:app.services.data_generator:计数器初始化完成: {'crawler_competitor_price_id': 0, 'ext_market_trend_id': 0, 'oms_order_item_id': 9}
INFO:app.services.data_generator:开始处理日期: 2025-10-14
INFO:app.services.data_generator:当天计划生成记录数: 1
INFO:app.services.data_generator:已清空外键缓存
INFO:app.services.data_generator:=== 阶段1：生成独立表 ===
INFO:app.services.data_generator:开始为独立表 oms_order 生成数据
INFO:app.core.database:批量执行SQL，查询: INSERT INTO oms_order (order_id, order_channel, customer_code, order_amount, discount_amount, pay_amount, order_status, province, city, district, detail_address, order_time) VALUES ($1, $2, $3, $4, $5, $6, $7, $8, $9, $10, $11, $12), 值数量: 1
INFO:app.core.database:连接数据库: 172.16.10.196:5432/db_house
INFO:app.core.database:批量执行SQL完成
INFO:app.services.data_generator:表 oms_order 已插入剩余 1 条记录并缓存主键值
INFO:app.services.data_generator:独立表 oms_order 生成完成，记录数: 1
INFO:app.services.data_generator:=== 阶段2：生成依赖表 ===
INFO:app.services.data_generator:表依赖排序结果: ['oms_order_item']
INFO:app.services.data_generator:排序后的依赖表: ['oms_order_item']
INFO:app.services.data_generator:开始为依赖表 oms_order_item 生成数据
INFO:app.core.database:批量执行SQL，查询: INSERT INTO oms_order_item (id, order_id, product_sku, product_name, quantity, price) VALUES ($1, $2, $3, $4, $5, $6), 值数量: 1
INFO:app.core.database:连接数据库: 172.16.10.196:5432/db_house
INFO:app.core.database:批量执行SQL完成
INFO:app.services.data_generator:表 oms_order_item 已插入剩余 1 条记录并缓存主键值
INFO:app.services.data_generator:依赖表 oms_order_item 生成完成，记录数: 1
INFO:app.services.data_generator:数据生成完成，总记录数: 2
INFO:app.services.data_generator:退出 generate_data_for_tables 方法
INFO:app.services.data_generator:开始 generate_data_for_tables 方法
INFO:app.services.data_generator:独立表（阶段1）: ['oms_order']
INFO:app.services.data_generator:依赖表（阶段2）: ['oms_order_item']
INFO:app.services.data_generator:初始化数据库计数器
INFO:app.core.database:执行查询: SELECT MAX(id) FROM crawler_competitor_price, 参数: ()
INFO:app.core.database:连接数据库: 172.16.10.196:5432/db_house
INFO:app.core.database:查询执行成功
INFO:app.core.database:执行查询: SELECT MAX(id) FROM ext_market_trend, 参数: ()
INFO:app.core.database:连接数据库: 172.16.10.196:5432/db_house
INFO:app.core.database:查询执行成功
INFO:app.core.database:执行查询: SELECT MAX(id) FROM oms_order_item, 参数: ()
INFO:app.core.database:连接数据库: 172.16.10.196:5432/db_house
INFO:app.core.database:查询执行成功
INFO:app.services.data_generator:计数器初始化完成: {'crawler_competitor_price_id': 0, 'ext_market_trend_id': 0, 'oms_order_item_id': 10}
INFO:app.services.data_generator:开始处理日期: 2025-10-14
INFO:app.services.data_generator:当天计划生成记录数: 1
INFO:app.services.data_generator:已清空外键缓存
INFO:app.services.data_generator:=== 阶段1：生成独立表 ===
INFO:app.services.data_generator:开始为独立表 oms_order 生成数据
INFO:app.core.database:批量执行SQL，查询: INSERT INTO oms_order (order_id, order_channel, customer_code, order_amount, discount_amount, pay_amount, order_status, province, city, district, detail_address, order_time) VALUES ($1, $2, $3, $4, $5, $6, $7, $8, $9, $10, $11, $12), 值数量: 1
INFO:app.core.database:连接数据库: 172.16.10.196:5432/db_house
INFO:app.core.database:批量执行SQL完成
INFO:app.services.data_generator:表 oms_order 已插入剩余 1 条记录并缓存主键值
INFO:app.services.data_generator:独立表 oms_order 生成完成，记录数: 1
INFO:app.services.data_generator:=== 阶段2：生成依赖表 ===
INFO:app.services.data_generator:表依赖排序结果: ['oms_order_item']
INFO:app.services.data_generator:排序后的依赖表: ['oms_order_item']
INFO:app.services.data_generator:开始为依赖表 oms_order_item 生成数据
INFO:app.core.database:批量执行SQL，查询: INSERT INTO oms_order_item (id, order_id, product_sku, product_name, quantity, price) VALUES ($1, $2, $3, $4, $5, $6), 值数量: 1
INFO:app.core.database:连接数据库: 172.16.10.196:5432/db_house
INFO:app.core.database:批量执行SQL完成
INFO:app.services.data_generator:表 oms_order_item 已插入剩余 1 条记录并缓存主键值
INFO:app.services.data_generator:依赖表 oms_order_item 生成完成，记录数: 1
INFO:app.services.data_generator:数据生成完成，总记录数: 2
INFO:app.services.data_generator:退出 generate_data_for_tables 方法
INFO:app.services.data_generator:开始 generate_data_for_tables 方法
INFO:app.services.data_generator:独立表（阶段1）: ['oms_order']
INFO:app.services.data_generator:依赖表（阶段2）: ['oms_order_item']
INFO:app.services.data_generator:初始化数据库计数器
INFO:app.core.database:执行查询: SELECT MAX(id) FROM crawler_competitor_price, 参数: ()
INFO:app.core.database:连接数据库: 172.16.10.196:5432/db_house
INFO:app.core.database:查询执行成功
INFO:app.core.database:执行查询: SELECT MAX(id) FROM ext_market_trend, 参数: ()
INFO:app.core.database:连接数据库: 172.16.10.196:5432/db_house
INFO:app.core.database:查询执行成功
INFO:app.core.database:执行查询: SELECT MAX(id) FROM oms_order_item, 参数: ()
INFO:app.core.database:连接数据库: 172.16.10.196:5432/db_house
INFO:app.core.database:查询执行成功
INFO:app.services.data_generator:计数器初始化完成: {'crawler_competitor_price_id': 0, 'ext_market_trend_id': 0, 'oms_order_item_id': 11}
INFO:app.services.data_generator:开始处理日期: 2025-10-14
INFO:app.services.data_generator:当天计划生成记录数: 1
INFO:app.services.data_generator:已清空外键缓存
INFO:app.services.data_generator:=== 阶段1：生成独立表 ===
INFO:app.services.data_generator:开始为独立表 oms_order 生成数据
INFO:app.core.database:批量执行SQL，查询: INSERT INTO oms_order (order_id, order_channel, customer_code, order_amount, discount_amount, pay_amount, order_status, province, city, district, detail_address, order_time) VALUES ($1, $2, $3, $4, $5, $6, $7, $8, $9, $10, $11, $12), 值数量: 1
INFO:app.core.database:连接数据库: 172.16.10.196:5432/db_house
INFO:app.core.database:批量执行SQL完成
INFO:app.services.data_generator:表 oms_order 已插入剩余 1 条记录并缓存主键值
INFO:app.services.data_generator:独立表 oms_order 生成完成，记录数: 1
INFO:app.services.data_generator:=== 阶段2：生成依赖表 ===
INFO:app.services.data_generator:表依赖排序结果: ['oms_order_item']
INFO:app.services.data_generator:排序后的依赖表: ['oms_order_item']
INFO:app.services.data_generator:开始为依赖表 oms_order_item 生成数据
INFO:app.core.database:批量执行SQL，查询: INSERT INTO oms_order_item (id, order_id, product_sku, product_name, quantity, price) VALUES ($1, $2, $3, $4, $5, $6), 值数量: 1
INFO:app.core.database:连接数据库: 172.16.10.196:5432/db_house
INFO:app.core.database:批量执行SQL完成
INFO:app.services.data_generator:表 oms_order_item 已插入剩余 1 条记录并缓存主键值
INFO:app.services.data_generator:依赖表 oms_order_item 生成完成，记录数: 1
INFO:app.services.data_generator:数据生成完成，总记录数: 2
INFO:app.services.data_generator:退出 generate_data_for_tables 方法
INFO:app.services.data_generator:开始 generate_data_for_tables 方法
INFO:app.services.data_generator:独立表（阶段1）: ['oms_order']
INFO:app.services.data_generator:依赖表（阶段2）: ['oms_order_item']
INFO:app.services.data_generator:初始化数据库计数器
INFO:app.core.database:执行查询: SELECT MAX(id) FROM crawler_competitor_price, 参数: ()
INFO:app.core.database:连接数据库: 172.16.10.196:5432/db_house
INFO:app.core.database:查询执行成功
INFO:app.core.database:执行查询: SELECT MAX(id) FROM ext_market_trend, 参数: ()
INFO:app.core.database:连接数据库: 172.16.10.196:5432/db_house
INFO:app.core.database:查询执行成功
INFO:app.core.database:执行查询: SELECT MAX(id) FROM oms_order_item, 参数: ()
INFO:app.core.database:连接数据库: 172.16.10.196:5432/db_house
INFO:app.core.database:查询执行成功
INFO:app.services.data_generator:计数器初始化完成: {'crawler_competitor_price_id': 0, 'ext_market_trend_id': 0, 'oms_order_item_id': 12}
INFO:app.services.data_generator:开始处理日期: 2025-10-14
INFO:app.services.data_generator:当天计划生成记录数: 1
INFO:app.services.data_generator:已清空外键缓存
INFO:app.services.data_generator:=== 阶段1：生成独立表 ===
INFO:app.services.data_generator:开始为独立表 oms_order 生成数据
INFO:app.core.database:批量执行SQL，查询: INSERT INTO oms_order (order_id, order_channel, customer_code, order_amount, discount_amount, pay_amount, order_status, province, city, district, detail_address, order_time) VALUES ($1, $2, $3, $4, $5, $6, $7, $8, $9, $10, $11, $12), 值数量: 1
INFO:app.core.database:连接数据库: 172.16.10.196:5432/db_house
INFO:app.core.database:批量执行SQL完成
INFO:app.services.data_generator:表 oms_order 已插入剩余 1 条记录并缓存主键值
INFO:app.services.data_generator:独立表 oms_order 生成完成，记录数: 1
INFO:app.services.data_generator:=== 阶段2：生成依赖表 ===
INFO:app.services.data_generator:表依赖排序结果: ['oms_order_item']
INFO:app.services.data_generator:排序后的依赖表: ['oms_order_item']
INFO:app.services.data_generator:开始为依赖表 oms_order_item 生成数据
INFO:app.core.database:批量执行SQL，查询: INSERT INTO oms_order_item (id, order_id, product_sku, product_name, quantity, price) VALUES ($1, $2, $3, $4, $5, $6), 值数量: 1
INFO:app.core.database:连接数据库: 172.16.10.196:5432/db_house
INFO:app.core.database:批量执行SQL完成
INFO:app.services.data_generator:表 oms_order_item 已插入剩余 1 条记录并缓存主键值
INFO:app.services.data_generator:依赖表 oms_order_item 生成完成，记录数: 1
INFO:app.services.data_generator:数据生成完成，总记录数: 2
INFO:app.services.data_generator:退出 generate_data_for_tables 方法
INFO:app.services.data_generator:开始 generate_data_for_tables 方法
INFO:app.services.data_generator:独立表（阶段1）: ['oms_order']
INFO:app.services.data_generator:依赖表（阶段2）: ['oms_order_item']
INFO:app.services.data_generator:初始化数据库计数器
INFO:app.core.database:执行查询: SELECT MAX(id) FROM crawler_competitor_price, 参数: ()
INFO:app.core.database:连接数据库: 172.16.10.196:5432/db_house
INFO:app.core.database:查询执行成功
INFO:app.core.database:执行查询: SELECT MAX(id) FROM ext_market_trend, 参数: ()
INFO:app.core.database:连接数据库: 172.16.10.196:5432/db_house
INFO:app.core.database:查询执行成功
INFO:app.core.database:执行查询: SELECT MAX(id) FROM oms_order_item, 参数: ()
INFO:app.core.database:连接数据库: 172.16.10.196:5432/db_house
INFO:app.core.database:查询执行成功
INFO:app.services.data_generator:计数器初始化完成: {'crawler_competitor_price_id': 0, 'ext_market_trend_id': 0, 'oms_order_item_id': 13}
INFO:app.services.data_generator:开始处理日期: 2025-10-14
INFO:app.services.data_generator:当天计划生成记录数: 1
INFO:app.services.data_generator:已清空外键缓存
INFO:app.services.data_generator:=== 阶段1：生成独立表 ===
INFO:app.services.data_generator:开始为独立表 oms_order 生成数据
INFO:app.core.database:批量执行SQL，查询: INSERT INTO oms_order (order_id, order_channel, customer_code, order_amount, discount_amount, pay_amount, order_status, province, city, district, detail_address, order_time) VALUES ($1, $2, $3, $4, $5, $6, $7, $8, $9, $10, $11, $12), 值数量: 1
INFO:app.core.database:连接数据库: 172.16.10.196:5432/db_house
INFO:app.core.database:批量执行SQL完成
INFO:app.services.data_generator:表 oms_order 已插入剩余 1 条记录并缓存主键值
INFO:app.services.data_generator:独立表 oms_order 生成完成，记录数: 1
INFO:app.services.data_generator:=== 阶段2：生成依赖表 ===
INFO:app.services.data_generator:表依赖排序结果: ['oms_order_item']
INFO:app.services.data_generator:排序后的依赖表: ['oms_order_item']
INFO:app.services.data_generator:开始为依赖表 oms_order_item 生成数据
INFO:app.core.database:批量执行SQL，查询: INSERT INTO oms_order_item (id, order_id, product_sku, product_name, quantity, price) VALUES ($1, $2, $3, $4, $5, $6), 值数量: 1
INFO:app.core.database:连接数据库: 172.16.10.196:5432/db_house
INFO:app.core.database:批量执行SQL完成
INFO:app.services.data_generator:表 oms_order_item 已插入剩余 1 条记录并缓存主键值
INFO:app.services.data_generator:依赖表 oms_order_item 生成完成，记录数: 1
INFO:app.services.data_generator:数据生成完成，总记录数: 2
INFO:app.services.data_generator:退出 generate_data_for_tables 方法
INFO:app.services.data_generator:开始 generate_data_for_tables 方法
INFO:app.services.data_generator:独立表（阶段1）: ['oms_order']
INFO:app.services.data_generator:依赖表（阶段2）: ['oms_order_item']
INFO:app.services.data_generator:初始化数据库计数器
INFO:app.core.database:执行查询: SELECT MAX(id) FROM crawler_competitor_price, 参数: ()
INFO:app.core.database:连接数据库: 172.16.10.196:5432/db_house
INFO:app.core.database:查询执行成功
INFO:app.core.database:执行查询: SELECT MAX(id) FROM ext_market_trend, 参数: ()
INFO:app.core.database:连接数据库: 172.16.10.196:5432/db_house
INFO:app.core.database:查询执行成功
INFO:app.core.database:执行查询: SELECT MAX(id) FROM oms_order_item, 参数: ()
INFO:app.core.database:连接数据库: 172.16.10.196:5432/db_house
INFO:app.core.database:查询执行成功
INFO:app.services.data_generator:计数器初始化完成: {'crawler_competitor_price_id': 0, 'ext_market_trend_id': 0, 'oms_order_item_id': 14}
INFO:app.services.data_generator:开始处理日期: 2025-10-14
INFO:app.services.data_generator:当天计划生成记录数: 1
INFO:app.services.data_generator:已清空外键缓存
INFO:app.services.data_generator:=== 阶段1：生成独立表 ===
INFO:app.services.data_generator:开始为独立表 oms_order 生成数据
INFO:app.core.database:批量执行SQL，查询: INSERT INTO oms_order (order_id, order_channel, customer_code, order_amount, discount_amount, pay_amount, order_status, province, city, district, detail_address, order_time) VALUES ($1, $2, $3, $4, $5, $6, $7, $8, $9, $10, $11, $12), 值数量: 1
INFO:app.core.database:连接数据库: 172.16.10.196:5432/db_house
INFO:app.core.database:批量执行SQL完成
INFO:app.services.data_generator:表 oms_order 已插入剩余 1 条记录并缓存主键值
INFO:app.services.data_generator:独立表 oms_order 生成完成，记录数: 1
INFO:app.services.data_generator:=== 阶段2：生成依赖表 ===
INFO:app.services.data_generator:表依赖排序结果: ['oms_order_item']
INFO:app.services.data_generator:排序后的依赖表: ['oms_order_item']
INFO:app.services.data_generator:开始为依赖表 oms_order_item 生成数据
INFO:app.core.database:批量执行SQL，查询: INSERT INTO oms_order_item (id, order_id, product_sku, product_name, quantity, price) VALUES ($1, $2, $3, $4, $5, $6), 值数量: 1
INFO:app.core.database:连接数据库: 172.16.10.196:5432/db_house
INFO:app.core.database:批量执行SQL完成
INFO:app.services.data_generator:表 oms_order_item 已插入剩余 1 条记录并缓存主键值
INFO:app.services.data_generator:依赖表 oms_order_item 生成完成，记录数: 1
INFO:app.services.data_generator:数据生成完成，总记录数: 2
INFO:app.services.data_generator:退出 generate_data_for_tables 方法
INFO:app.services.data_generator:开始 generate_data_for_tables 方法
INFO:app.services.data_generator:独立表（阶段1）: ['oms_order']
INFO:app.services.data_generator:依赖表（阶段2）: ['oms_order_item']
INFO:app.services.data_generator:初始化数据库计数器
INFO:app.core.database:执行查询: SELECT MAX(id) FROM crawler_competitor_price, 参数: ()
INFO:app.core.database:连接数据库: 172.16.10.196:5432/db_house
INFO:app.core.database:查询执行成功
INFO:app.core.database:执行查询: SELECT MAX(id) FROM ext_market_trend, 参数: ()
INFO:app.core.database:连接数据库: 172.16.10.196:5432/db_house
INFO:app.core.database:查询执行成功
INFO:app.core.database:执行查询: SELECT MAX(id) FROM oms_order_item, 参数: ()
INFO:app.core.database:连接数据库: 172.16.10.196:5432/db_house
INFO:app.core.database:查询执行成功
INFO:app.services.data_generator:计数器初始化完成: {'crawler_competitor_price_id': 0, 'ext_market_trend_id': 0, 'oms_order_item_id': 15}
INFO:app.services.data_generator:开始处理日期: 2025-10-14
INFO:app.services.data_generator:当天计划生成记录数: 1
INFO:app.services.data_generator:已清空外键缓存
INFO:app.services.data_generator:=== 阶段1：生成独立表 ===
INFO:app.services.data_generator:开始为独立表 oms_order 生成数据
INFO:app.core.database:批量执行SQL，查询: INSERT INTO oms_order (order_id, order_channel, customer_code, order_amount, discount_amount, pay_amount, order_status, province, city, district, detail_address, order_time) VALUES ($1, $2, $3, $4, $5, $6, $7, $8, $9, $10, $11, $12), 值数量: 1
INFO:app.core.database:连接数据库: 172.16.10.196:5432/db_house
INFO:app.core.database:批量执行SQL完成
INFO:app.services.data_generator:表 oms_order 已插入剩余 1 条记录并缓存主键值
INFO:app.services.data_generator:独立表 oms_order 生成完成，记录数: 1
INFO:app.services.data_generator:=== 阶段2：生成依赖表 ===
INFO:app.services.data_generator:表依赖排序结果: ['oms_order_item']
INFO:app.services.data_generator:排序后的依赖表: ['oms_order_item']
INFO:app.services.data_generator:开始为依赖表 oms_order_item 生成数据
INFO:app.core.database:批量执行SQL，查询: INSERT INTO oms_order_item (id, order_id, product_sku, product_name, quantity, price) VALUES ($1, $2, $3, $4, $5, $6), 值数量: 1
INFO:app.core.database:连接数据库: 172.16.10.196:5432/db_house
INFO:app.core.database:批量执行SQL完成
INFO:app.services.data_generator:表 oms_order_item 已插入剩余 1 条记录并缓存主键值
INFO:app.services.data_generator:依赖表 oms_order_item 生成完成，记录数: 1
INFO:app.services.data_generator:数据生成完成，总记录数: 2
INFO:app.services.data_generator:退出 generate_data_for_tables 方法
INFO:app.services.data_generator:开始 generate_data_for_tables 方法
INFO:app.services.data_generator:独立表（阶段1）: ['oms_order']
INFO:app.services.data_generator:依赖表（阶段2）: ['oms_order_item']
INFO:app.services.data_generator:初始化数据库计数器
INFO:app.core.database:执行查询: SELECT MAX(id) FROM crawler_competitor_price, 参数: ()
INFO:app.core.database:连接数据库: 172.16.10.196:5432/db_house
INFO:app.core.database:查询执行成功
INFO:app.core.database:执行查询: SELECT MAX(id) FROM ext_market_trend, 参数: ()
INFO:app.core.database:连接数据库: 172.16.10.196:5432/db_house
INFO:app.core.database:查询执行成功
INFO:app.core.database:执行查询: SELECT MAX(id) FROM oms_order_item, 参数: ()
INFO:app.core.database:连接数据库: 172.16.10.196:5432/db_house
INFO:app.core.database:查询执行成功
INFO:app.services.data_generator:计数器初始化完成: {'crawler_competitor_price_id': 0, 'ext_market_trend_id': 0, 'oms_order_item_id': 16}
INFO:app.services.data_generator:开始处理日期: 2025-10-14
INFO:app.services.data_generator:当天计划生成记录数: 1
INFO:app.services.data_generator:已清空外键缓存
INFO:app.services.data_generator:=== 阶段1：生成独立表 ===
INFO:app.services.data_generator:开始为独立表 oms_order 生成数据
INFO:app.core.database:批量执行SQL，查询: INSERT INTO oms_order (order_id, order_channel, customer_code, order_amount, discount_amount, pay_amount, order_status, province, city, district, detail_address, order_time) VALUES ($1, $2, $3, $4, $5, $6, $7, $8, $9, $10, $11, $12), 值数量: 1
INFO:app.core.database:连接数据库: 172.16.10.196:5432/db_house
INFO:app.core.database:批量执行SQL完成
INFO:app.services.data_generator:表 oms_order 已插入剩余 1 条记录并缓存主键值
INFO:app.services.data_generator:独立表 oms_order 生成完成，记录数: 1
INFO:app.services.data_generator:=== 阶段2：生成依赖表 ===
INFO:app.services.data_generator:表依赖排序结果: ['oms_order_item']
INFO:app.services.data_generator:排序后的依赖表: ['oms_order_item']
INFO:app.services.data_generator:开始为依赖表 oms_order_item 生成数据
INFO:app.core.database:批量执行SQL，查询: INSERT INTO oms_order_item (id, order_id, product_sku, product_name, quantity, price) VALUES ($1, $2, $3, $4, $5, $6), 值数量: 1
INFO:app.core.database:连接数据库: 172.16.10.196:5432/db_house
INFO:app.core.database:批量执行SQL完成
INFO:app.services.data_generator:表 oms_order_item 已插入剩余 1 条记录并缓存主键值
INFO:app.services.data_generator:依赖表 oms_order_item 生成完成，记录数: 1
INFO:app.services.data_generator:数据生成完成，总记录数: 2
INFO:app.services.data_generator:退出 generate_data_for_tables 方法
INFO:app.services.data_generator:开始 generate_data_for_tables 方法
INFO:app.services.data_generator:独立表（阶段1）: ['oms_order']
INFO:app.services.data_generator:依赖表（阶段2）: ['oms_order_item']
INFO:app.services.data_generator:初始化数据库计数器
INFO:app.core.database:执行查询: SELECT MAX(id) FROM crawler_competitor_price, 参数: ()
INFO:app.core.database:连接数据库: 172.16.10.196:5432/db_house
INFO:app.core.database:查询执行成功
INFO:app.core.database:执行查询: SELECT MAX(id) FROM ext_market_trend, 参数: ()
INFO:app.core.database:连接数据库: 172.16.10.196:5432/db_house
INFO:app.core.database:查询执行成功
INFO:app.core.database:执行查询: SELECT MAX(id) FROM oms_order_item, 参数: ()
INFO:app.core.database:连接数据库: 172.16.10.196:5432/db_house
INFO:app.core.database:查询执行成功
INFO:app.services.data_generator:计数器初始化完成: {'crawler_competitor_price_id': 0, 'ext_market_trend_id': 0, 'oms_order_item_id': 17}
INFO:app.services.data_generator:开始处理日期: 2025-10-14
INFO:app.services.data_generator:当天计划生成记录数: 1
INFO:app.services.data_generator:已清空外键缓存
INFO:app.services.data_generator:=== 阶段1：生成独立表 ===
INFO:app.services.data_generator:开始为独立表 oms_order 生成数据
INFO:app.core.database:批量执行SQL，查询: INSERT INTO oms_order (order_id, order_channel, customer_code, order_amount, discount_amount, pay_amount, order_status, province, city, district, detail_address, order_time) VALUES ($1, $2, $3, $4, $5, $6, $7, $8, $9, $10, $11, $12), 值数量: 1
INFO:app.core.database:连接数据库: 172.16.10.196:5432/db_house
INFO:app.core.database:批量执行SQL完成
INFO:app.services.data_generator:表 oms_order 已插入剩余 1 条记录并缓存主键值
INFO:app.services.data_generator:独立表 oms_order 生成完成，记录数: 1
INFO:app.services.data_generator:=== 阶段2：生成依赖表 ===
INFO:app.services.data_generator:表依赖排序结果: ['oms_order_item']
INFO:app.services.data_generator:排序后的依赖表: ['oms_order_item']
INFO:app.services.data_generator:开始为依赖表 oms_order_item 生成数据
INFO:app.core.database:批量执行SQL，查询: INSERT INTO oms_order_item (id, order_id, product_sku, product_name, quantity, price) VALUES ($1, $2, $3, $4, $5, $6), 值数量: 1
INFO:app.core.database:连接数据库: 172.16.10.196:5432/db_house
INFO:app.core.database:批量执行SQL完成
INFO:app.services.data_generator:表 oms_order_item 已插入剩余 1 条记录并缓存主键值
INFO:app.services.data_generator:依赖表 oms_order_item 生成完成，记录数: 1
INFO:app.services.data_generator:数据生成完成，总记录数: 2
INFO:app.services.data_generator:退出 generate_data_for_tables 方法
INFO:app.services.data_generator:开始 generate_data_for_tables 方法
INFO:app.services.data_generator:独立表（阶段1）: ['oms_order']
INFO:app.services.data_generator:依赖表（阶段2）: ['oms_order_item']
INFO:app.services.data_generator:初始化数据库计数器
INFO:app.core.database:执行查询: SELECT MAX(id) FROM crawler_competitor_price, 参数: ()
INFO:app.core.database:连接数据库: 172.16.10.196:5432/db_house
INFO:app.core.database:查询执行成功
INFO:app.core.database:执行查询: SELECT MAX(id) FROM ext_market_trend, 参数: ()
INFO:app.core.database:连接数据库: 172.16.10.196:5432/db_house
INFO:app.core.database:查询执行成功
INFO:app.core.database:执行查询: SELECT MAX(id) FROM oms_order_item, 参数: ()
INFO:app.core.database:连接数据库: 172.16.10.196:5432/db_house
INFO:app.core.database:查询执行成功
INFO:app.services.data_generator:计数器初始化完成: {'crawler_competitor_price_id': 0, 'ext_market_trend_id': 0, 'oms_order_item_id': 18}
INFO:app.services.data_generator:开始处理日期: 2025-10-14
INFO:app.services.data_generator:当天计划生成记录数: 1
INFO:app.services.data_generator:已清空外键缓存
INFO:app.services.data_generator:=== 阶段1：生成独立表 ===
INFO:app.services.data_generator:开始为独立表 oms_order 生成数据
INFO:app.core.database:批量执行SQL，查询: INSERT INTO oms_order (order_id, order_channel, customer_code, order_amount, discount_amount, pay_amount, order_status, province, city, district, detail_address, order_time) VALUES ($1, $2, $3, $4, $5, $6, $7, $8, $9, $10, $11, $12), 值数量: 1
INFO:app.core.database:连接数据库: 172.16.10.196:5432/db_house
INFO:app.core.database:批量执行SQL完成
INFO:app.services.data_generator:表 oms_order 已插入剩余 1 条记录并缓存主键值
INFO:app.services.data_generator:独立表 oms_order 生成完成，记录数: 1
INFO:app.services.data_generator:=== 阶段2：生成依赖表 ===
INFO:app.services.data_generator:表依赖排序结果: ['oms_order_item']
INFO:app.services.data_generator:排序后的依赖表: ['oms_order_item']
INFO:app.services.data_generator:开始为依赖表 oms_order_item 生成数据
INFO:app.core.database:批量执行SQL，查询: INSERT INTO oms_order_item (id, order_id, product_sku, product_name, quantity, price) VALUES ($1, $2, $3, $4, $5, $6), 值数量: 1
INFO:app.core.database:连接数据库: 172.16.10.196:5432/db_house
INFO:app.core.database:批量执行SQL完成
INFO:app.services.data_generator:表 oms_order_item 已插入剩余 1 条记录并缓存主键值
INFO:app.services.data_generator:依赖表 oms_order_item 生成完成，记录数: 1
INFO:app.services.data_generator:数据生成完成，总记录数: 2
INFO:app.services.data_generator:退出 generate_data_for_tables 方法
INFO:app.services.data_generator:开始 generate_data_for_tables 方法
INFO:app.services.data_generator:独立表（阶段1）: ['oms_order']
INFO:app.services.data_generator:依赖表（阶段2）: ['oms_order_item']
INFO:app.services.data_generator:初始化数据库计数器
INFO:app.core.database:执行查询: SELECT MAX(id) FROM crawler_competitor_price, 参数: ()
INFO:app.core.database:连接数据库: 172.16.10.196:5432/db_house
INFO:app.core.database:查询执行成功
INFO:app.core.database:执行查询: SELECT MAX(id) FROM ext_market_trend, 参数: ()
INFO:app.core.database:连接数据库: 172.16.10.196:5432/db_house
INFO:app.core.database:查询执行成功
INFO:app.core.database:执行查询: SELECT MAX(id) FROM oms_order_item, 参数: ()
INFO:app.core.database:连接数据库: 172.16.10.196:5432/db_house
INFO:app.core.database:查询执行成功
INFO:app.services.data_generator:计数器初始化完成: {'crawler_competitor_price_id': 0, 'ext_market_trend_id': 0, 'oms_order_item_id': 19}
INFO:app.services.data_generator:开始处理日期: 2025-10-14
INFO:app.services.data_generator:当天计划生成记录数: 1
INFO:app.services.data_generator:已清空外键缓存
INFO:app.services.data_generator:=== 阶段1：生成独立表 ===
INFO:app.services.data_generator:开始为独立表 oms_order 生成数据
INFO:app.core.database:批量执行SQL，查询: INSERT INTO oms_order (order_id, order_channel, customer_code, order_amount, discount_amount, pay_amount, order_status, province, city, district, detail_address, order_time) VALUES ($1, $2, $3, $4, $5, $6, $7, $8, $9, $10, $11, $12), 值数量: 1
INFO:app.core.database:连接数据库: 172.16.10.196:5432/db_house
INFO:app.core.database:批量执行SQL完成
INFO:app.services.data_generator:表 oms_order 已插入剩余 1 条记录并缓存主键值
INFO:app.services.data_generator:独立表 oms_order 生成完成，记录数: 1
INFO:app.services.data_generator:=== 阶段2：生成依赖表 ===
INFO:app.services.data_generator:表依赖排序结果: ['oms_order_item']
INFO:app.services.data_generator:排序后的依赖表: ['oms_order_item']
INFO:app.services.data_generator:开始为依赖表 oms_order_item 生成数据
INFO:app.core.database:批量执行SQL，查询: INSERT INTO oms_order_item (id, order_id, product_sku, product_name, quantity, price) VALUES ($1, $2, $3, $4, $5, $6), 值数量: 1
INFO:app.core.database:连接数据库: 172.16.10.196:5432/db_house
INFO:app.core.database:批量执行SQL完成
INFO:app.services.data_generator:表 oms_order_item 已插入剩余 1 条记录并缓存主键值
INFO:app.services.data_generator:依赖表 oms_order_item 生成完成，记录数: 1
INFO:app.services.data_generator:数据生成完成，总记录数: 2
INFO:app.services.data_generator:退出 generate_data_for_tables 方法
INFO:app.services.data_generator:开始 generate_data_for_tables 方法
INFO:app.services.data_generator:独立表（阶段1）: ['oms_order']
INFO:app.services.data_generator:依赖表（阶段2）: ['oms_order_item']
INFO:app.services.data_generator:初始化数据库计数器
INFO:app.core.database:执行查询: SELECT MAX(id) FROM crawler_competitor_price, 参数: ()
INFO:app.core.database:连接数据库: 172.16.10.196:5432/db_house
INFO:app.core.database:查询执行成功
INFO:app.core.database:执行查询: SELECT MAX(id) FROM ext_market_trend, 参数: ()
INFO:app.core.database:连接数据库: 172.16.10.196:5432/db_house
INFO:app.core.database:查询执行成功
INFO:app.core.database:执行查询: SELECT MAX(id) FROM oms_order_item, 参数: ()
INFO:app.core.database:连接数据库: 172.16.10.196:5432/db_house
INFO:app.core.database:查询执行成功
INFO:app.services.data_generator:计数器初始化完成: {'crawler_competitor_price_id': 0, 'ext_market_trend_id': 0, 'oms_order_item_id': 20}
INFO:app.services.data_generator:开始处理日期: 2025-10-14
INFO:app.services.data_generator:当天计划生成记录数: 1
INFO:app.services.data_generator:已清空外键缓存
INFO:app.services.data_generator:=== 阶段1：生成独立表 ===
INFO:app.services.data_generator:开始为独立表 oms_order 生成数据
INFO:app.core.database:批量执行SQL，查询: INSERT INTO oms_order (order_id, order_channel, customer_code, order_amount, discount_amount, pay_amount, order_status, province, city, district, detail_address, order_time) VALUES ($1, $2, $3, $4, $5, $6, $7, $8, $9, $10, $11, $12), 值数量: 1
INFO:app.core.database:连接数据库: 172.16.10.196:5432/db_house
INFO:app.core.database:批量执行SQL完成
INFO:app.services.data_generator:表 oms_order 已插入剩余 1 条记录并缓存主键值
INFO:app.services.data_generator:独立表 oms_order 生成完成，记录数: 1
INFO:app.services.data_generator:=== 阶段2：生成依赖表 ===
INFO:app.services.data_generator:表依赖排序结果: ['oms_order_item']
INFO:app.services.data_generator:排序后的依赖表: ['oms_order_item']
INFO:app.services.data_generator:开始为依赖表 oms_order_item 生成数据
INFO:app.core.database:批量执行SQL，查询: INSERT INTO oms_order_item (id, order_id, product_sku, product_name, quantity, price) VALUES ($1, $2, $3, $4, $5, $6), 值数量: 1
INFO:app.core.database:连接数据库: 172.16.10.196:5432/db_house
INFO:app.core.database:批量执行SQL完成
INFO:app.services.data_generator:表 oms_order_item 已插入剩余 1 条记录并缓存主键值
INFO:app.services.data_generator:依赖表 oms_order_item 生成完成，记录数: 1
INFO:app.services.data_generator:数据生成完成，总记录数: 2
INFO:app.services.data_generator:退出 generate_data_for_tables 方法
INFO:app.services.data_generator:开始 generate_data_for_tables 方法
INFO:app.services.data_generator:独立表（阶段1）: ['oms_order']
INFO:app.services.data_generator:依赖表（阶段2）: ['oms_order_item']
INFO:app.services.data_generator:初始化数据库计数器
INFO:app.core.database:执行查询: SELECT MAX(id) FROM crawler_competitor_price, 参数: ()
INFO:app.core.database:连接数据库: 172.16.10.196:5432/db_house
INFO:app.core.database:查询执行成功
INFO:app.core.database:执行查询: SELECT MAX(id) FROM ext_market_trend, 参数: ()
INFO:app.core.database:连接数据库: 172.16.10.196:5432/db_house
INFO:app.core.database:查询执行成功
INFO:app.core.database:执行查询: SELECT MAX(id) FROM oms_order_item, 参数: ()
INFO:app.core.database:连接数据库: 172.16.10.196:5432/db_house
INFO:app.core.database:查询执行成功
INFO:app.services.data_generator:计数器初始化完成: {'crawler_competitor_price_id': 0, 'ext_market_trend_id': 0, 'oms_order_item_id': 21}
INFO:app.services.data_generator:开始处理日期: 2025-10-14
INFO:app.services.data_generator:当天计划生成记录数: 1
INFO:app.services.data_generator:已清空外键缓存
INFO:app.services.data_generator:=== 阶段1：生成独立表 ===
INFO:app.services.data_generator:开始为独立表 oms_order 生成数据
INFO:app.core.database:批量执行SQL，查询: INSERT INTO oms_order (order_id, order_channel, customer_code, order_amount, discount_amount, pay_amount, order_status, province, city, district, detail_address, order_time) VALUES ($1, $2, $3, $4, $5, $6, $7, $8, $9, $10, $11, $12), 值数量: 1
INFO:app.core.database:连接数据库: 172.16.10.196:5432/db_house
INFO:app.core.database:批量执行SQL完成
INFO:app.services.data_generator:表 oms_order 已插入剩余 1 条记录并缓存主键值
INFO:app.services.data_generator:独立表 oms_order 生成完成，记录数: 1
INFO:app.services.data_generator:=== 阶段2：生成依赖表 ===
INFO:app.services.data_generator:表依赖排序结果: ['oms_order_item']
INFO:app.services.data_generator:排序后的依赖表: ['oms_order_item']
INFO:app.services.data_generator:开始为依赖表 oms_order_item 生成数据
INFO:app.core.database:批量执行SQL，查询: INSERT INTO oms_order_item (id, order_id, product_sku, product_name, quantity, price) VALUES ($1, $2, $3, $4, $5, $6), 值数量: 1
INFO:app.core.database:连接数据库: 172.16.10.196:5432/db_house
INFO:app.core.database:批量执行SQL完成
INFO:app.services.data_generator:表 oms_order_item 已插入剩余 1 条记录并缓存主键值
INFO:app.services.data_generator:依赖表 oms_order_item 生成完成，记录数: 1
INFO:app.services.data_generator:数据生成完成，总记录数: 2
INFO:app.services.data_generator:退出 generate_data_for_tables 方法
INFO:app.services.data_generator:开始 generate_data_for_tables 方法
INFO:app.services.data_generator:独立表（阶段1）: ['oms_order']
INFO:app.services.data_generator:依赖表（阶段2）: ['oms_order_item']
INFO:app.services.data_generator:初始化数据库计数器
INFO:app.core.database:执行查询: SELECT MAX(id) FROM crawler_competitor_price, 参数: ()
INFO:app.core.database:连接数据库: 172.16.10.196:5432/db_house
INFO:app.core.database:查询执行成功
INFO:app.core.database:执行查询: SELECT MAX(id) FROM ext_market_trend, 参数: ()
INFO:app.core.database:连接数据库: 172.16.10.196:5432/db_house
INFO:app.core.database:查询执行成功
INFO:app.core.database:执行查询: SELECT MAX(id) FROM oms_order_item, 参数: ()
INFO:app.core.database:连接数据库: 172.16.10.196:5432/db_house
INFO:app.core.database:查询执行成功
INFO:app.services.data_generator:计数器初始化完成: {'crawler_competitor_price_id': 0, 'ext_market_trend_id': 0, 'oms_order_item_id': 22}
INFO:app.services.data_generator:开始处理日期: 2025-10-14
INFO:app.services.data_generator:当天计划生成记录数: 1
INFO:app.services.data_generator:已清空外键缓存
INFO:app.services.data_generator:=== 阶段1：生成独立表 ===
INFO:app.services.data_generator:开始为独立表 oms_order 生成数据
INFO:app.core.database:批量执行SQL，查询: INSERT INTO oms_order (order_id, order_channel, customer_code, order_amount, discount_amount, pay_amount, order_status, province, city, district, detail_address, order_time) VALUES ($1, $2, $3, $4, $5, $6, $7, $8, $9, $10, $11, $12), 值数量: 1
INFO:app.core.database:连接数据库: 172.16.10.196:5432/db_house
INFO:app.core.database:批量执行SQL完成
INFO:app.services.data_generator:表 oms_order 已插入剩余 1 条记录并缓存主键值
INFO:app.services.data_generator:独立表 oms_order 生成完成，记录数: 1
INFO:app.services.data_generator:=== 阶段2：生成依赖表 ===
INFO:app.services.data_generator:表依赖排序结果: ['oms_order_item']
INFO:app.services.data_generator:排序后的依赖表: ['oms_order_item']
INFO:app.services.data_generator:开始为依赖表 oms_order_item 生成数据
INFO:app.core.database:批量执行SQL，查询: INSERT INTO oms_order_item (id, order_id, product_sku, product_name, quantity, price) VALUES ($1, $2, $3, $4, $5, $6), 值数量: 1
INFO:app.core.database:连接数据库: 172.16.10.196:5432/db_house
INFO:app.core.database:批量执行SQL完成
INFO:app.services.data_generator:表 oms_order_item 已插入剩余 1 条记录并缓存主键值
INFO:app.services.data_generator:依赖表 oms_order_item 生成完成，记录数: 1
INFO:app.services.data_generator:数据生成完成，总记录数: 2
INFO:app.services.data_generator:退出 generate_data_for_tables 方法
INFO:app.services.data_generator:开始 generate_data_for_tables 方法
INFO:app.services.data_generator:独立表（阶段1）: ['oms_order']
INFO:app.services.data_generator:依赖表（阶段2）: ['oms_order_item']
INFO:app.services.data_generator:初始化数据库计数器
INFO:app.core.database:执行查询: SELECT MAX(id) FROM crawler_competitor_price, 参数: ()
INFO:app.core.database:连接数据库: 172.16.10.196:5432/db_house
INFO:app.core.database:查询执行成功
INFO:app.core.database:执行查询: SELECT MAX(id) FROM ext_market_trend, 参数: ()
INFO:app.core.database:连接数据库: 172.16.10.196:5432/db_house
INFO:app.core.database:查询执行成功
INFO:app.core.database:执行查询: SELECT MAX(id) FROM oms_order_item, 参数: ()
INFO:app.core.database:连接数据库: 172.16.10.196:5432/db_house
INFO:app.core.database:查询执行成功
INFO:app.services.data_generator:计数器初始化完成: {'crawler_competitor_price_id': 0, 'ext_market_trend_id': 0, 'oms_order_item_id': 23}
INFO:app.services.data_generator:开始处理日期: 2025-10-14
INFO:app.services.data_generator:当天计划生成记录数: 1
INFO:app.services.data_generator:已清空外键缓存
INFO:app.services.data_generator:=== 阶段1：生成独立表 ===
INFO:app.services.data_generator:开始为独立表 oms_order 生成数据
INFO:app.core.database:批量执行SQL，查询: INSERT INTO oms_order (order_id, order_channel, customer_code, order_amount, discount_amount, pay_amount, order_status, province, city, district, detail_address, order_time) VALUES ($1, $2, $3, $4, $5, $6, $7, $8, $9, $10, $11, $12), 值数量: 1
INFO:app.core.database:连接数据库: 172.16.10.196:5432/db_house
INFO:app.core.database:批量执行SQL完成
INFO:app.services.data_generator:表 oms_order 已插入剩余 1 条记录并缓存主键值
INFO:app.services.data_generator:独立表 oms_order 生成完成，记录数: 1
INFO:app.services.data_generator:=== 阶段2：生成依赖表 ===
INFO:app.services.data_generator:表依赖排序结果: ['oms_order_item']
INFO:app.services.data_generator:排序后的依赖表: ['oms_order_item']
INFO:app.services.data_generator:开始为依赖表 oms_order_item 生成数据
INFO:app.core.database:批量执行SQL，查询: INSERT INTO oms_order_item (id, order_id, product_sku, product_name, quantity, price) VALUES ($1, $2, $3, $4, $5, $6), 值数量: 1
INFO:app.core.database:连接数据库: 172.16.10.196:5432/db_house
INFO:app.core.database:批量执行SQL完成
INFO:app.services.data_generator:表 oms_order_item 已插入剩余 1 条记录并缓存主键值
INFO:app.services.data_generator:依赖表 oms_order_item 生成完成，记录数: 1
INFO:app.services.data_generator:数据生成完成，总记录数: 2
INFO:app.services.data_generator:退出 generate_data_for_tables 方法
INFO:app.services.data_generator:开始 generate_data_for_tables 方法
INFO:app.services.data_generator:独立表（阶段1）: ['oms_order']
INFO:app.services.data_generator:依赖表（阶段2）: ['oms_order_item']
INFO:app.services.data_generator:初始化数据库计数器
INFO:app.core.database:执行查询: SELECT MAX(id) FROM crawler_competitor_price, 参数: ()
INFO:app.core.database:连接数据库: 172.16.10.196:5432/db_house
INFO:app.core.database:查询执行成功
INFO:app.core.database:执行查询: SELECT MAX(id) FROM ext_market_trend, 参数: ()
INFO:app.core.database:连接数据库: 172.16.10.196:5432/db_house
INFO:app.core.database:查询执行成功
INFO:app.core.database:执行查询: SELECT MAX(id) FROM oms_order_item, 参数: ()
INFO:app.core.database:连接数据库: 172.16.10.196:5432/db_house
INFO:app.core.database:查询执行成功
INFO:app.services.data_generator:计数器初始化完成: {'crawler_competitor_price_id': 0, 'ext_market_trend_id': 0, 'oms_order_item_id': 24}
INFO:app.services.data_generator:开始处理日期: 2025-10-14
INFO:app.services.data_generator:当天计划生成记录数: 1
INFO:app.services.data_generator:已清空外键缓存
INFO:app.services.data_generator:=== 阶段1：生成独立表 ===
INFO:app.services.data_generator:开始为独立表 oms_order 生成数据
INFO:app.core.database:批量执行SQL，查询: INSERT INTO oms_order (order_id, order_channel, customer_code, order_amount, discount_amount, pay_amount, order_status, province, city, district, detail_address, order_time) VALUES ($1, $2, $3, $4, $5, $6, $7, $8, $9, $10, $11, $12), 值数量: 1
INFO:app.core.database:连接数据库: 172.16.10.196:5432/db_house
INFO:app.core.database:批量执行SQL完成
INFO:app.services.data_generator:表 oms_order 已插入剩余 1 条记录并缓存主键值
INFO:app.services.data_generator:独立表 oms_order 生成完成，记录数: 1
INFO:app.services.data_generator:=== 阶段2：生成依赖表 ===
INFO:app.services.data_generator:表依赖排序结果: ['oms_order_item']
INFO:app.services.data_generator:排序后的依赖表: ['oms_order_item']
INFO:app.services.data_generator:开始为依赖表 oms_order_item 生成数据
INFO:app.core.database:批量执行SQL，查询: INSERT INTO oms_order_item (id, order_id, product_sku, product_name, quantity, price) VALUES ($1, $2, $3, $4, $5, $6), 值数量: 1
INFO:app.core.database:连接数据库: 172.16.10.196:5432/db_house
INFO:app.core.database:批量执行SQL完成
INFO:app.services.data_generator:表 oms_order_item 已插入剩余 1 条记录并缓存主键值
INFO:app.services.data_generator:依赖表 oms_order_item 生成完成，记录数: 1
INFO:app.services.data_generator:数据生成完成，总记录数: 2
INFO:app.services.data_generator:退出 generate_data_for_tables 方法
INFO:app.services.data_generator:开始 generate_data_for_tables 方法
INFO:app.services.data_generator:独立表（阶段1）: ['oms_order']
INFO:app.services.data_generator:依赖表（阶段2）: ['oms_order_item']
INFO:app.services.data_generator:初始化数据库计数器
INFO:app.core.database:执行查询: SELECT MAX(id) FROM crawler_competitor_price, 参数: ()
INFO:app.core.database:连接数据库: 172.16.10.196:5432/db_house
INFO:app.core.database:查询执行成功
INFO:app.core.database:执行查询: SELECT MAX(id) FROM ext_market_trend, 参数: ()
INFO:app.core.database:连接数据库: 172.16.10.196:5432/db_house
INFO:app.core.database:查询执行成功
INFO:app.core.database:执行查询: SELECT MAX(id) FROM oms_order_item, 参数: ()
INFO:app.core.database:连接数据库: 172.16.10.196:5432/db_house
INFO:app.core.database:查询执行成功
INFO:app.services.data_generator:计数器初始化完成: {'crawler_competitor_price_id': 0, 'ext_market_trend_id': 0, 'oms_order_item_id': 25}
INFO:app.services.data_generator:开始处理日期: 2025-10-14
INFO:app.services.data_generator:当天计划生成记录数: 1
INFO:app.services.data_generator:已清空外键缓存
INFO:app.services.data_generator:=== 阶段1：生成独立表 ===
INFO:app.services.data_generator:开始为独立表 oms_order 生成数据
INFO:app.core.database:批量执行SQL，查询: INSERT INTO oms_order (order_id, order_channel, customer_code, order_amount, discount_amount, pay_amount, order_status, province, city, district, detail_address, order_time) VALUES ($1, $2, $3, $4, $5, $6, $7, $8, $9, $10, $11, $12), 值数量: 1
INFO:app.core.database:连接数据库: 172.16.10.196:5432/db_house
INFO:app.core.database:批量执行SQL完成
INFO:app.services.data_generator:表 oms_order 已插入剩余 1 条记录并缓存主键值
INFO:app.services.data_generator:独立表 oms_order 生成完成，记录数: 1
INFO:app.services.data_generator:=== 阶段2：生成依赖表 ===
INFO:app.services.data_generator:表依赖排序结果: ['oms_order_item']
INFO:app.services.data_generator:排序后的依赖表: ['oms_order_item']
INFO:app.services.data_generator:开始为依赖表 oms_order_item 生成数据
INFO:app.core.database:批量执行SQL，查询: INSERT INTO oms_order_item (id, order_id, product_sku, product_name, quantity, price) VALUES ($1, $2, $3, $4, $5, $6), 值数量: 1
INFO:app.core.database:连接数据库: 172.16.10.196:5432/db_house
INFO:app.core.database:批量执行SQL完成
INFO:app.services.data_generator:表 oms_order_item 已插入剩余 1 条记录并缓存主键值
INFO:app.services.data_generator:依赖表 oms_order_item 生成完成，记录数: 1
INFO:app.services.data_generator:数据生成完成，总记录数: 2
INFO:app.services.data_generator:退出 generate_data_for_tables 方法
INFO:app.services.data_generator:开始 generate_data_for_tables 方法
INFO:app.services.data_generator:独立表（阶段1）: ['oms_order']
INFO:app.services.data_generator:依赖表（阶段2）: ['oms_order_item']
INFO:app.services.data_generator:初始化数据库计数器
INFO:app.core.database:执行查询: SELECT MAX(id) FROM crawler_competitor_price, 参数: ()
INFO:app.core.database:连接数据库: 172.16.10.196:5432/db_house
INFO:app.core.database:查询执行成功
INFO:app.core.database:执行查询: SELECT MAX(id) FROM ext_market_trend, 参数: ()
INFO:app.core.database:连接数据库: 172.16.10.196:5432/db_house
INFO:app.core.database:查询执行成功
INFO:app.core.database:执行查询: SELECT MAX(id) FROM oms_order_item, 参数: ()
INFO:app.core.database:连接数据库: 172.16.10.196:5432/db_house
INFO:app.core.database:查询执行成功
INFO:app.services.data_generator:计数器初始化完成: {'crawler_competitor_price_id': 0, 'ext_market_trend_id': 0, 'oms_order_item_id': 26}
INFO:app.services.data_generator:开始处理日期: 2025-10-14
INFO:app.services.data_generator:当天计划生成记录数: 1
INFO:app.services.data_generator:已清空外键缓存
INFO:app.services.data_generator:=== 阶段1：生成独立表 ===
INFO:app.services.data_generator:开始为独立表 oms_order 生成数据
INFO:app.core.database:批量执行SQL，查询: INSERT INTO oms_order (order_id, order_channel, customer_code, order_amount, discount_amount, pay_amount, order_status, province, city, district, detail_address, order_time) VALUES ($1, $2, $3, $4, $5, $6, $7, $8, $9, $10, $11, $12), 值数量: 1
INFO:app.core.database:连接数据库: 172.16.10.196:5432/db_house
INFO:app.core.database:批量执行SQL完成
INFO:app.services.data_generator:表 oms_order 已插入剩余 1 条记录并缓存主键值
INFO:app.services.data_generator:独立表 oms_order 生成完成，记录数: 1
INFO:app.services.data_generator:=== 阶段2：生成依赖表 ===
INFO:app.services.data_generator:表依赖排序结果: ['oms_order_item']
INFO:app.services.data_generator:排序后的依赖表: ['oms_order_item']
INFO:app.services.data_generator:开始为依赖表 oms_order_item 生成数据
INFO:app.core.database:批量执行SQL，查询: INSERT INTO oms_order_item (id, order_id, product_sku, product_name, quantity, price) VALUES ($1, $2, $3, $4, $5, $6), 值数量: 1
INFO:app.core.database:连接数据库: 172.16.10.196:5432/db_house
INFO:app.core.database:批量执行SQL完成
INFO:app.services.data_generator:表 oms_order_item 已插入剩余 1 条记录并缓存主键值
INFO:app.services.data_generator:依赖表 oms_order_item 生成完成，记录数: 1
INFO:app.services.data_generator:数据生成完成，总记录数: 2
INFO:app.services.data_generator:退出 generate_data_for_tables 方法
INFO:app.services.data_generator:开始 generate_data_for_tables 方法
INFO:app.services.data_generator:独立表（阶段1）: ['oms_order']
INFO:app.services.data_generator:依赖表（阶段2）: ['oms_order_item']
INFO:app.services.data_generator:初始化数据库计数器
INFO:app.core.database:执行查询: SELECT MAX(id) FROM crawler_competitor_price, 参数: ()
INFO:app.core.database:连接数据库: 172.16.10.196:5432/db_house
INFO:app.core.database:查询执行成功
INFO:app.core.database:执行查询: SELECT MAX(id) FROM ext_market_trend, 参数: ()
INFO:app.core.database:连接数据库: 172.16.10.196:5432/db_house
INFO:app.core.database:查询执行成功
INFO:app.core.database:执行查询: SELECT MAX(id) FROM oms_order_item, 参数: ()
INFO:app.core.database:连接数据库: 172.16.10.196:5432/db_house
INFO:app.core.database:查询执行成功
INFO:app.services.data_generator:计数器初始化完成: {'crawler_competitor_price_id': 0, 'ext_market_trend_id': 0, 'oms_order_item_id': 27}
INFO:app.services.data_generator:开始处理日期: 2025-10-14
INFO:app.services.data_generator:当天计划生成记录数: 1
INFO:app.services.data_generator:已清空外键缓存
INFO:app.services.data_generator:=== 阶段1：生成独立表 ===
INFO:app.services.data_generator:开始为独立表 oms_order 生成数据
INFO:app.core.database:批量执行SQL，查询: INSERT INTO oms_order (order_id, order_channel, customer_code, order_amount, discount_amount, pay_amount, order_status, province, city, district, detail_address, order_time) VALUES ($1, $2, $3, $4, $5, $6, $7, $8, $9, $10, $11, $12), 值数量: 1
INFO:app.core.database:连接数据库: 172.16.10.196:5432/db_house
INFO:app.core.database:批量执行SQL完成
INFO:app.services.data_generator:表 oms_order 已插入剩余 1 条记录并缓存主键值
INFO:app.services.data_generator:独立表 oms_order 生成完成，记录数: 1
INFO:app.services.data_generator:=== 阶段2：生成依赖表 ===
INFO:app.services.data_generator:表依赖排序结果: ['oms_order_item']
INFO:app.services.data_generator:排序后的依赖表: ['oms_order_item']
INFO:app.services.data_generator:开始为依赖表 oms_order_item 生成数据
INFO:app.core.database:批量执行SQL，查询: INSERT INTO oms_order_item (id, order_id, product_sku, product_name, quantity, price) VALUES ($1, $2, $3, $4, $5, $6), 值数量: 1
INFO:app.core.database:连接数据库: 172.16.10.196:5432/db_house
INFO:app.core.database:批量执行SQL完成
INFO:app.services.data_generator:表 oms_order_item 已插入剩余 1 条记录并缓存主键值
INFO:app.services.data_generator:依赖表 oms_order_item 生成完成，记录数: 1
INFO:app.services.data_generator:数据生成完成，总记录数: 2
INFO:app.services.data_generator:退出 generate_data_for_tables 方法
INFO:app.services.data_generator:开始 generate_data_for_tables 方法
INFO:app.services.data_generator:独立表（阶段1）: ['oms_order']
INFO:app.services.data_generator:依赖表（阶段2）: ['oms_order_item']
INFO:app.services.data_generator:初始化数据库计数器
INFO:app.core.database:执行查询: SELECT MAX(id) FROM crawler_competitor_price, 参数: ()
INFO:app.core.database:连接数据库: 172.16.10.196:5432/db_house
INFO:app.core.database:查询执行成功
INFO:app.core.database:执行查询: SELECT MAX(id) FROM ext_market_trend, 参数: ()
INFO:app.core.database:连接数据库: 172.16.10.196:5432/db_house
INFO:app.core.database:查询执行成功
INFO:app.core.database:执行查询: SELECT MAX(id) FROM oms_order_item, 参数: ()
INFO:app.core.database:连接数据库: 172.16.10.196:5432/db_house
INFO:app.core.database:查询执行成功
INFO:app.services.data_generator:计数器初始化完成: {'crawler_competitor_price_id': 0, 'ext_market_trend_id': 0, 'oms_order_item_id': 28}
INFO:app.services.data_generator:开始处理日期: 2025-10-14
INFO:app.services.data_generator:当天计划生成记录数: 1
INFO:app.services.data_generator:已清空外键缓存
INFO:app.services.data_generator:=== 阶段1：生成独立表 ===
INFO:app.services.data_generator:开始为独立表 oms_order 生成数据
INFO:app.core.database:批量执行SQL，查询: INSERT INTO oms_order (order_id, order_channel, customer_code, order_amount, discount_amount, pay_amount, order_status, province, city, district, detail_address, order_time) VALUES ($1, $2, $3, $4, $5, $6, $7, $8, $9, $10, $11, $12), 值数量: 1
INFO:app.core.database:连接数据库: 172.16.10.196:5432/db_house
INFO:app.core.database:批量执行SQL完成
INFO:app.services.data_generator:表 oms_order 已插入剩余 1 条记录并缓存主键值
INFO:app.services.data_generator:独立表 oms_order 生成完成，记录数: 1
INFO:app.services.data_generator:=== 阶段2：生成依赖表 ===
INFO:app.services.data_generator:表依赖排序结果: ['oms_order_item']
INFO:app.services.data_generator:排序后的依赖表: ['oms_order_item']
INFO:app.services.data_generator:开始为依赖表 oms_order_item 生成数据
INFO:app.core.database:批量执行SQL，查询: INSERT INTO oms_order_item (id, order_id, product_sku, product_name, quantity, price) VALUES ($1, $2, $3, $4, $5, $6), 值数量: 1
INFO:app.core.database:连接数据库: 172.16.10.196:5432/db_house
INFO:app.core.database:批量执行SQL完成
INFO:app.services.data_generator:表 oms_order_item 已插入剩余 1 条记录并缓存主键值
INFO:app.services.data_generator:依赖表 oms_order_item 生成完成，记录数: 1
INFO:app.services.data_generator:数据生成完成，总记录数: 2
INFO:app.services.data_generator:退出 generate_data_for_tables 方法
INFO:app.services.data_generator:开始 generate_data_for_tables 方法
INFO:app.services.data_generator:独立表（阶段1）: ['oms_order']
INFO:app.services.data_generator:依赖表（阶段2）: ['oms_order_item']
INFO:app.services.data_generator:初始化数据库计数器
INFO:app.core.database:执行查询: SELECT MAX(id) FROM crawler_competitor_price, 参数: ()
INFO:app.core.database:连接数据库: 172.16.10.196:5432/db_house
INFO:app.core.database:查询执行成功
INFO:app.core.database:执行查询: SELECT MAX(id) FROM ext_market_trend, 参数: ()
INFO:app.core.database:连接数据库: 172.16.10.196:5432/db_house
INFO:app.core.database:查询执行成功
INFO:app.core.database:执行查询: SELECT MAX(id) FROM oms_order_item, 参数: ()
INFO:app.core.database:连接数据库: 172.16.10.196:5432/db_house
INFO:app.core.database:查询执行成功
INFO:app.services.data_generator:计数器初始化完成: {'crawler_competitor_price_id': 0, 'ext_market_trend_id': 0, 'oms_order_item_id': 29}
INFO:app.services.data_generator:开始处理日期: 2025-10-14
INFO:app.services.data_generator:当天计划生成记录数: 1
INFO:app.services.data_generator:已清空外键缓存
INFO:app.services.data_generator:=== 阶段1：生成独立表 ===
INFO:app.services.data_generator:开始为独立表 oms_order 生成数据
INFO:app.core.database:批量执行SQL，查询: INSERT INTO oms_order (order_id, order_channel, customer_code, order_amount, discount_amount, pay_amount, order_status, province, city, district, detail_address, order_time) VALUES ($1, $2, $3, $4, $5, $6, $7, $8, $9, $10, $11, $12), 值数量: 1
INFO:app.core.database:连接数据库: 172.16.10.196:5432/db_house
INFO:app.core.database:批量执行SQL完成
INFO:app.services.data_generator:表 oms_order 已插入剩余 1 条记录并缓存主键值
INFO:app.services.data_generator:独立表 oms_order 生成完成，记录数: 1
INFO:app.services.data_generator:=== 阶段2：生成依赖表 ===
INFO:app.services.data_generator:表依赖排序结果: ['oms_order_item']
INFO:app.services.data_generator:排序后的依赖表: ['oms_order_item']
INFO:app.services.data_generator:开始为依赖表 oms_order_item 生成数据
INFO:app.core.database:批量执行SQL，查询: INSERT INTO oms_order_item (id, order_id, product_sku, product_name, quantity, price) VALUES ($1, $2, $3, $4, $5, $6), 值数量: 1
INFO:app.core.database:连接数据库: 172.16.10.196:5432/db_house
INFO:app.core.database:批量执行SQL完成
INFO:app.services.data_generator:表 oms_order_item 已插入剩余 1 条记录并缓存主键值
INFO:app.services.data_generator:依赖表 oms_order_item 生成完成，记录数: 1
INFO:app.services.data_generator:数据生成完成，总记录数: 2
INFO:app.services.data_generator:退出 generate_data_for_tables 方法
INFO:app.services.data_generator:开始 generate_data_for_tables 方法
INFO:app.services.data_generator:独立表（阶段1）: ['oms_order']
INFO:app.services.data_generator:依赖表（阶段2）: ['oms_order_item']
INFO:app.services.data_generator:初始化数据库计数器
INFO:app.core.database:执行查询: SELECT MAX(id) FROM crawler_competitor_price, 参数: ()
INFO:app.core.database:连接数据库: 172.16.10.196:5432/db_house
INFO:app.core.database:查询执行成功
INFO:app.core.database:执行查询: SELECT MAX(id) FROM ext_market_trend, 参数: ()
INFO:app.core.database:连接数据库: 172.16.10.196:5432/db_house
INFO:app.core.database:查询执行成功
INFO:app.core.database:执行查询: SELECT MAX(id) FROM oms_order_item, 参数: ()
INFO:app.core.database:连接数据库: 172.16.10.196:5432/db_house
INFO:app.core.database:查询执行成功
INFO:app.services.data_generator:计数器初始化完成: {'crawler_competitor_price_id': 0, 'ext_market_trend_id': 0, 'oms_order_item_id': 30}
INFO:app.services.data_generator:开始处理日期: 2025-10-14
INFO:app.services.data_generator:当天计划生成记录数: 1
INFO:app.services.data_generator:已清空外键缓存
INFO:app.services.data_generator:=== 阶段1：生成独立表 ===
INFO:app.services.data_generator:开始为独立表 oms_order 生成数据
INFO:app.core.database:批量执行SQL，查询: INSERT INTO oms_order (order_id, order_channel, customer_code, order_amount, discount_amount, pay_amount, order_status, province, city, district, detail_address, order_time) VALUES ($1, $2, $3, $4, $5, $6, $7, $8, $9, $10, $11, $12), 值数量: 1
INFO:app.core.database:连接数据库: 172.16.10.196:5432/db_house
INFO:app.core.database:批量执行SQL完成
INFO:app.services.data_generator:表 oms_order 已插入剩余 1 条记录并缓存主键值
INFO:app.services.data_generator:独立表 oms_order 生成完成，记录数: 1
INFO:app.services.data_generator:=== 阶段2：生成依赖表 ===
INFO:app.services.data_generator:表依赖排序结果: ['oms_order_item']
INFO:app.services.data_generator:排序后的依赖表: ['oms_order_item']
INFO:app.services.data_generator:开始为依赖表 oms_order_item 生成数据
INFO:app.core.database:批量执行SQL，查询: INSERT INTO oms_order_item (id, order_id, product_sku, product_name, quantity, price) VALUES ($1, $2, $3, $4, $5, $6), 值数量: 1
INFO:app.core.database:连接数据库: 172.16.10.196:5432/db_house
INFO:app.core.database:批量执行SQL完成
INFO:app.services.data_generator:表 oms_order_item 已插入剩余 1 条记录并缓存主键值
INFO:app.services.data_generator:依赖表 oms_order_item 生成完成，记录数: 1
INFO:app.services.data_generator:数据生成完成，总记录数: 2
INFO:app.services.data_generator:退出 generate_data_for_tables 方法
INFO:app.services.data_generator:开始 generate_data_for_tables 方法
INFO:app.services.data_generator:独立表（阶段1）: ['oms_order']
INFO:app.services.data_generator:依赖表（阶段2）: ['oms_order_item']
INFO:app.services.data_generator:初始化数据库计数器
INFO:app.core.database:执行查询: SELECT MAX(id) FROM crawler_competitor_price, 参数: ()
INFO:app.core.database:连接数据库: 172.16.10.196:5432/db_house
INFO:app.core.database:查询执行成功
INFO:app.core.database:执行查询: SELECT MAX(id) FROM ext_market_trend, 参数: ()
INFO:app.core.database:连接数据库: 172.16.10.196:5432/db_house
INFO:app.core.database:查询执行成功
INFO:app.core.database:执行查询: SELECT MAX(id) FROM oms_order_item, 参数: ()
INFO:app.core.database:连接数据库: 172.16.10.196:5432/db_house
INFO:app.core.database:查询执行成功
INFO:app.services.data_generator:计数器初始化完成: {'crawler_competitor_price_id': 0, 'ext_market_trend_id': 0, 'oms_order_item_id': 31}
INFO:app.services.data_generator:开始处理日期: 2025-10-14
INFO:app.services.data_generator:当天计划生成记录数: 1
INFO:app.services.data_generator:已清空外键缓存
INFO:app.services.data_generator:=== 阶段1：生成独立表 ===
INFO:app.services.data_generator:开始为独立表 oms_order 生成数据
INFO:app.core.database:批量执行SQL，查询: INSERT INTO oms_order (order_id, order_channel, customer_code, order_amount, discount_amount, pay_amount, order_status, province, city, district, detail_address, order_time) VALUES ($1, $2, $3, $4, $5, $6, $7, $8, $9, $10, $11, $12), 值数量: 1
INFO:app.core.database:连接数据库: 172.16.10.196:5432/db_house
INFO:app.core.database:批量执行SQL完成
INFO:app.services.data_generator:表 oms_order 已插入剩余 1 条记录并缓存主键值
INFO:app.services.data_generator:独立表 oms_order 生成完成，记录数: 1
INFO:app.services.data_generator:=== 阶段2：生成依赖表 ===
INFO:app.services.data_generator:表依赖排序结果: ['oms_order_item']
INFO:app.services.data_generator:排序后的依赖表: ['oms_order_item']
INFO:app.services.data_generator:开始为依赖表 oms_order_item 生成数据
INFO:app.core.database:批量执行SQL，查询: INSERT INTO oms_order_item (id, order_id, product_sku, product_name, quantity, price) VALUES ($1, $2, $3, $4, $5, $6), 值数量: 1
INFO:app.core.database:连接数据库: 172.16.10.196:5432/db_house
INFO:app.core.database:批量执行SQL完成
INFO:app.services.data_generator:表 oms_order_item 已插入剩余 1 条记录并缓存主键值
INFO:app.services.data_generator:依赖表 oms_order_item 生成完成，记录数: 1
INFO:app.services.data_generator:数据生成完成，总记录数: 2
INFO:app.services.data_generator:退出 generate_data_for_tables 方法
数据库连接URL----: postgresql://isap_admin:113RfkdsDMDb6H7T@172.16.10.196:5432/db_house
[2025-10-14 10:45:13.264971] ✅ 成功连接到数据库: db_house
[2025-10-14 10:45:13.264984] 🚀 启动持续数据生成服务 (任务ID: d220850d)
   表: oms_order, oms_order_item
   间隔: 1 秒
   每批记录数: 1
   任务ID: d220850d
   日志文件: logs/background_service_d220850d.log
   按 Ctrl+C 停止服务
[2025-10-14 10:45:13.264999] 📦 开始生成第 1 批数据...
[2025-10-14 10:45:13.617460] 📦 生成了 2 条记录
[2025-10-14 10:45:13.617477] ✅ 第 1 批数据生成完成
[2025-10-14 10:45:13.617480] ⏱️ 等待 1 秒后继续...
[2025-10-14 10:45:14.618594] 📦 开始生成第 2 批数据...
[2025-10-14 10:45:14.933992] 📦 生成了 2 条记录
[2025-10-14 10:45:14.934013] ✅ 第 2 批数据生成完成
[2025-10-14 10:45:14.934016] ⏱️ 等待 1 秒后继续...
[2025-10-14 10:45:15.935204] 📦 开始生成第 3 批数据...
[2025-10-14 10:45:15.984886] 📦 生成了 2 条记录
[2025-10-14 10:45:15.984914] ✅ 第 3 批数据生成完成
[2025-10-14 10:45:15.984923] ⏱️ 等待 1 秒后继续...
[2025-10-14 10:45:16.986107] 📦 开始生成第 4 批数据...
[2025-10-14 10:45:17.030723] 📦 生成了 2 条记录
[2025-10-14 10:45:17.030749] ✅ 第 4 批数据生成完成
[2025-10-14 10:45:17.030757] ⏱️ 等待 1 秒后继续...
[2025-10-14 10:45:18.031721] 📦 开始生成第 5 批数据...
[2025-10-14 10:45:18.092546] 📦 生成了 2 条记录
[2025-10-14 10:45:18.092563] ✅ 第 5 批数据生成完成
[2025-10-14 10:45:18.092567] ⏱️ 等待 1 秒后继续...
[2025-10-14 10:45:19.093746] 📦 开始生成第 6 批数据...
[2025-10-14 10:45:19.146723] 📦 生成了 2 条记录
[2025-10-14 10:45:19.146746] ✅ 第 6 批数据生成完成
[2025-10-14 10:45:19.146751] ⏱️ 等待 1 秒后继续...
[2025-10-14 10:45:20.147066] 📦 开始生成第 7 批数据...
[2025-10-14 10:45:20.193096] 📦 生成了 2 条记录
[2025-10-14 10:45:20.193118] ✅ 第 7 批数据生成完成
[2025-10-14 10:45:20.193123] ⏱️ 等待 1 秒后继续...
[2025-10-14 10:45:21.194245] 📦 开始生成第 8 批数据...
[2025-10-14 10:45:21.240213] 📦 生成了 2 条记录
[2025-10-14 10:45:21.240229] ✅ 第 8 批数据生成完成
[2025-10-14 10:45:21.240232] ⏱️ 等待 1 秒后继续...
[2025-10-14 10:45:22.241311] 📦 开始生成第 9 批数据...
[2025-10-14 10:45:22.290118] 📦 生成了 2 条记录
[2025-10-14 10:45:22.290133] ✅ 第 9 批数据生成完成
[2025-10-14 10:45:22.290136] ⏱️ 等待 1 秒后继续...
[2025-10-14 10:45:23.291245] 📦 开始生成第 10 批数据...
[2025-10-14 10:45:23.576712] 📦 生成了 2 条记录
[2025-10-14 10:45:23.576745] ✅ 第 10 批数据生成完成
[2025-10-14 10:45:23.576753] ⏱️ 等待 1 秒后继续...
[2025-10-14 10:45:24.577852] 📦 开始生成第 11 批数据...
[2025-10-14 10:45:24.757747] 📦 生成了 2 条记录
[2025-10-14 10:45:24.757759] ✅ 第 11 批数据生成完成
[2025-10-14 10:45:24.757760] ⏱️ 等待 1 秒后继续...
[2025-10-14 10:45:25.758399] 📦 开始生成第 12 批数据...
[2025-10-14 10:45:26.932500] 📦 生成了 2 条记录
[2025-10-14 10:45:26.932524] ✅ 第 12 批数据生成完成
[2025-10-14 10:45:26.932528] ⏱️ 等待 1 秒后继续...
[2025-10-14 10:45:27.933650] 📦 开始生成第 13 批数据...
[2025-10-14 10:45:28.025226] 📦 生成了 2 条记录
[2025-10-14 10:45:28.025246] ✅ 第 13 批数据生成完成
[2025-10-14 10:45:28.025251] ⏱️ 等待 1 秒后继续...
[2025-10-14 10:45:29.026406] 📦 开始生成第 14 批数据...
[2025-10-14 10:45:29.571339] 📦 生成了 2 条记录
[2025-10-14 10:45:29.571354] ✅ 第 14 批数据生成完成
[2025-10-14 10:45:29.571357] ⏱️ 等待 1 秒后继续...
[2025-10-14 10:45:30.572072] 📦 开始生成第 15 批数据...
[2025-10-14 10:45:30.619076] 📦 生成了 2 条记录
[2025-10-14 10:45:30.619094] ✅ 第 15 批数据生成完成
[2025-10-14 10:45:30.619098] ⏱️ 等待 1 秒后继续...
[2025-10-14 10:45:31.619757] 📦 开始生成第 16 批数据...
[2025-10-14 10:45:31.665295] 📦 生成了 2 条记录
[2025-10-14 10:45:31.665322] ✅ 第 16 批数据生成完成
[2025-10-14 10:45:31.665330] ⏱️ 等待 1 秒后继续...
[2025-10-14 10:45:32.666428] 📦 开始生成第 17 批数据...
[2025-10-14 10:45:32.747277] 📦 生成了 2 条记录
[2025-10-14 10:45:32.747290] ✅ 第 17 批数据生成完成
[2025-10-14 10:45:32.747292] ⏱️ 等待 1 秒后继续...
[2025-10-14 10:45:33.748406] 📦 开始生成第 18 批数据...
[2025-10-14 10:45:33.976639] 📦 生成了 2 条记录
[2025-10-14 10:45:33.976659] ✅ 第 18 批数据生成完成
[2025-10-14 10:45:33.976666] ⏱️ 等待 1 秒后继续...
[2025-10-14 10:45:34.977780] 📦 开始生成第 19 批数据...
[2025-10-14 10:45:35.052692] 📦 生成了 2 条记录
[2025-10-14 10:45:35.052711] ✅ 第 19 批数据生成完成
[2025-10-14 10:45:35.052715] ⏱️ 等待 1 秒后继续...
[2025-10-14 10:45:36.052949] 📦 开始生成第 20 批数据...
[2025-10-14 10:45:36.596414] 📦 生成了 2 条记录
[2025-10-14 10:45:36.596431] ✅ 第 20 批数据生成完成
[2025-10-14 10:45:36.596435] ⏱️ 等待 1 秒后继续...
[2025-10-14 10:45:37.597584] 📦 开始生成第 21 批数据...
[2025-10-14 10:45:37.677003] 📦 生成了 2 条记录
[2025-10-14 10:45:37.677027] ✅ 第 21 批数据生成完成
[2025-10-14 10:45:37.677033] ⏱️ 等待 1 秒后继续...
[2025-10-14 10:45:38.678061] 📦 开始生成第 22 批数据...
[2025-10-14 10:45:39.314921] 📦 生成了 2 条记录
[2025-10-14 10:45:39.314941] ✅ 第 22 批数据生成完成
[2025-10-14 10:45:39.314945] ⏱️ 等待 1 秒后继续...
[2025-10-14 10:45:40.316057] 📦 开始生成第 23 批数据...
[2025-10-14 10:45:40.363479] 📦 生成了 2 条记录
[2025-10-14 10:45:40.363497] ✅ 第 23 批数据生成完成
[2025-10-14 10:45:40.363501] ⏱️ 等待 1 秒后继续...
[2025-10-14 10:45:41.364675] 📦 开始生成第 24 批数据...
[2025-10-14 10:45:41.414699] 📦 生成了 2 条记录
[2025-10-14 10:45:41.414727] ✅ 第 24 批数据生成完成
[2025-10-14 10:45:41.414735] ⏱️ 等待 1 秒后继续...
[2025-10-14 10:45:42.415844] 📦 开始生成第 25 批数据...
[2025-10-14 10:45:42.621137] 📦 生成了 2 条记录
[2025-10-14 10:45:42.621152] ✅ 第 25 批数据生成完成
[2025-10-14 10:45:42.621156] ⏱️ 等待 1 秒后继续...
[2025-10-14 10:45:43.622271] 📦 开始生成第 26 批数据...
[2025-10-14 10:45:43.935444] 📦 生成了 2 条记录
[2025-10-14 10:45:43.935472] ✅ 第 26 批数据生成完成
[2025-10-14 10:45:43.935480] ⏱️ 等待 1 秒后继续...
[2025-10-14 10:45:44.936640] 📦 开始生成第 27 批数据...
[2025-10-14 10:45:45.509671] 📦 生成了 2 条记录
[2025-10-14 10:45:45.509702] ✅ 第 27 批数据生成完成
[2025-10-14 10:45:45.509710] ⏱️ 等待 1 秒后继续...
[2025-10-14 10:45:46.510872] 📦 开始生成第 28 批数据...
[2025-10-14 10:45:46.590347] 📦 生成了 2 条记录
[2025-10-14 10:45:46.590391] ✅ 第 28 批数据生成完成
[2025-10-14 10:45:46.590401] ⏱️ 等待 1 秒后继续...
[2025-10-14 10:45:47.591541] 📦 开始生成第 29 批数据...
[2025-10-14 10:45:47.637514] 📦 生成了 2 条记录
[2025-10-14 10:45:47.637533] ✅ 第 29 批数据生成完成
[2025-10-14 10:45:47.637538] ⏱️ 等待 1 秒后继续...
[2025-10-14 10:45:48.638558] 📦 开始生成第 30 批数据...
[2025-10-14 10:45:48.687116] 📦 生成了 2 条记录
[2025-10-14 10:45:48.687133] ✅ 第 30 批数据生成完成
[2025-10-14 10:45:48.687137] ⏱️ 等待 1 秒后继续...
[2025-10-14 10:45:49.688230] 📦 开始生成第 31 批数据...
[2025-10-14 10:45:49.740129] 📦 生成了 2 条记录
[2025-10-14 10:45:49.740138] ✅ 第 31 批数据生成完成
[2025-10-14 10:45:49.740140] ⏱️ 等待 1 秒后继续...
[2025-10-14 10:45:50.741440] 📦 开始生成第 32 批数据...
[2025-10-14 10:45:51.265096] 📦 生成了 2 条记录
[2025-10-14 10:45:51.265115] ✅ 第 32 批数据生成完成
[2025-10-14 10:45:51.265119] ⏱️ 等待 1 秒后继续...INFO:app.services.data_generator:开始 generate_data_for_tables 方法
INFO:app.services.data_generator:独立表（阶段1）: ['oms_order']
INFO:app.services.data_generator:依赖表（阶段2）: ['oms_order_item']
INFO:app.services.data_generator:初始化数据库计数器
INFO:app.core.database:执行查询: SELECT MAX(id) FROM crawler_competitor_price, 参数: ()
INFO:app.core.database:连接数据库: 172.16.10.196:5432/db_house
INFO:app.core.database:查询执行成功
INFO:app.core.database:执行查询: SELECT MAX(id) FROM ext_market_trend, 参数: ()
INFO:app.core.database:连接数据库: 172.16.10.196:5432/db_house
INFO:app.core.database:查询执行成功
INFO:app.core.database:执行查询: SELECT MAX(id) FROM oms_order_item, 参数: ()
INFO:app.core.database:连接数据库: 172.16.10.196:5432/db_house
INFO:app.core.database:查询执行成功
INFO:app.services.data_generator:计数器初始化完成: {'crawler_competitor_price_id': 0, 'ext_market_trend_id': 0, 'oms_order_item_id': 32}
INFO:app.services.data_generator:开始处理日期: 2025-10-14
INFO:app.services.data_generator:当天计划生成记录数: 1
INFO:app.services.data_generator:已清空外键缓存
INFO:app.services.data_generator:=== 阶段1：生成独立表 ===
INFO:app.services.data_generator:开始为独立表 oms_order 生成数据
INFO:app.core.database:批量执行SQL，查询: INSERT INTO oms_order (order_id, order_channel, customer_code, order_amount, discount_amount, pay_amount, order_status, province, city, district, detail_address, order_time) VALUES ($1, $2, $3, $4, $5, $6, $7, $8, $9, $10, $11, $12), 值数量: 1
INFO:app.core.database:连接数据库: 172.16.10.196:5432/db_house
INFO:app.core.database:批量执行SQL完成
INFO:app.services.data_generator:表 oms_order 已插入剩余 1 条记录并缓存主键值
INFO:app.services.data_generator:独立表 oms_order 生成完成，记录数: 1
INFO:app.services.data_generator:=== 阶段2：生成依赖表 ===
INFO:app.services.data_generator:表依赖排序结果: ['oms_order_item']
INFO:app.services.data_generator:排序后的依赖表: ['oms_order_item']
INFO:app.services.data_generator:开始为依赖表 oms_order_item 生成数据
INFO:app.core.database:批量执行SQL，查询: INSERT INTO oms_order_item (id, order_id, product_sku, product_name, quantity, price) VALUES ($1, $2, $3, $4, $5, $6), 值数量: 1
INFO:app.core.database:连接数据库: 172.16.10.196:5432/db_house
INFO:app.core.database:批量执行SQL完成
INFO:app.services.data_generator:表 oms_order_item 已插入剩余 1 条记录并缓存主键值
INFO:app.services.data_generator:依赖表 oms_order_item 生成完成，记录数: 1
INFO:app.services.data_generator:数据生成完成，总记录数: 2
INFO:app.services.data_generator:退出 generate_data_for_tables 方法
INFO:app.services.data_generator:开始 generate_data_for_tables 方法
INFO:app.services.data_generator:独立表（阶段1）: ['oms_order']
INFO:app.services.data_generator:依赖表（阶段2）: ['oms_order_item']
INFO:app.services.data_generator:初始化数据库计数器
INFO:app.core.database:执行查询: SELECT MAX(id) FROM crawler_competitor_price, 参数: ()
INFO:app.core.database:连接数据库: 172.16.10.196:5432/db_house
INFO:app.core.database:查询执行成功
INFO:app.core.database:执行查询: SELECT MAX(id) FROM ext_market_trend, 参数: ()
INFO:app.core.database:连接数据库: 172.16.10.196:5432/db_house
INFO:app.core.database:查询执行成功
INFO:app.core.database:执行查询: SELECT MAX(id) FROM oms_order_item, 参数: ()
INFO:app.core.database:连接数据库: 172.16.10.196:5432/db_house
INFO:app.core.database:查询执行成功
INFO:app.services.data_generator:计数器初始化完成: {'crawler_competitor_price_id': 0, 'ext_market_trend_id': 0, 'oms_order_item_id': 33}
INFO:app.services.data_generator:开始处理日期: 2025-10-14
INFO:app.services.data_generator:当天计划生成记录数: 1
INFO:app.services.data_generator:已清空外键缓存
INFO:app.services.data_generator:=== 阶段1：生成独立表 ===
INFO:app.services.data_generator:开始为独立表 oms_order 生成数据
INFO:app.core.database:批量执行SQL，查询: INSERT INTO oms_order (order_id, order_channel, customer_code, order_amount, discount_amount, pay_amount, order_status, province, city, district, detail_address, order_time) VALUES ($1, $2, $3, $4, $5, $6, $7, $8, $9, $10, $11, $12), 值数量: 1
INFO:app.core.database:连接数据库: 172.16.10.196:5432/db_house
INFO:app.core.database:批量执行SQL完成
INFO:app.services.data_generator:表 oms_order 已插入剩余 1 条记录并缓存主键值
INFO:app.services.data_generator:独立表 oms_order 生成完成，记录数: 1
INFO:app.services.data_generator:=== 阶段2：生成依赖表 ===
INFO:app.services.data_generator:表依赖排序结果: ['oms_order_item']
INFO:app.services.data_generator:排序后的依赖表: ['oms_order_item']
INFO:app.services.data_generator:开始为依赖表 oms_order_item 生成数据
INFO:app.core.database:批量执行SQL，查询: INSERT INTO oms_order_item (id, order_id, product_sku, product_name, quantity, price) VALUES ($1, $2, $3, $4, $5, $6), 值数量: 1
INFO:app.core.database:连接数据库: 172.16.10.196:5432/db_house
INFO:app.core.database:批量执行SQL完成
INFO:app.services.data_generator:表 oms_order_item 已插入剩余 1 条记录并缓存主键值
INFO:app.services.data_generator:依赖表 oms_order_item 生成完成，记录数: 1
INFO:app.services.data_generator:数据生成完成，总记录数: 2
INFO:app.services.data_generator:退出 generate_data_for_tables 方法
INFO:app.services.data_generator:开始 generate_data_for_tables 方法
INFO:app.services.data_generator:独立表（阶段1）: ['oms_order']
INFO:app.services.data_generator:依赖表（阶段2）: ['oms_order_item']
INFO:app.services.data_generator:初始化数据库计数器
INFO:app.core.database:执行查询: SELECT MAX(id) FROM crawler_competitor_price, 参数: ()
INFO:app.core.database:连接数据库: 172.16.10.196:5432/db_house
INFO:app.core.database:查询执行成功
INFO:app.core.database:执行查询: SELECT MAX(id) FROM ext_market_trend, 参数: ()
INFO:app.core.database:连接数据库: 172.16.10.196:5432/db_house
INFO:app.core.database:查询执行成功
INFO:app.core.database:执行查询: SELECT MAX(id) FROM oms_order_item, 参数: ()
INFO:app.core.database:连接数据库: 172.16.10.196:5432/db_house
INFO:app.core.database:查询执行成功
INFO:app.services.data_generator:计数器初始化完成: {'crawler_competitor_price_id': 0, 'ext_market_trend_id': 0, 'oms_order_item_id': 34}
INFO:app.services.data_generator:开始处理日期: 2025-10-14
INFO:app.services.data_generator:当天计划生成记录数: 1
INFO:app.services.data_generator:已清空外键缓存
INFO:app.services.data_generator:=== 阶段1：生成独立表 ===
INFO:app.services.data_generator:开始为独立表 oms_order 生成数据
INFO:app.core.database:批量执行SQL，查询: INSERT INTO oms_order (order_id, order_channel, customer_code, order_amount, discount_amount, pay_amount, order_status, province, city, district, detail_address, order_time) VALUES ($1, $2, $3, $4, $5, $6, $7, $8, $9, $10, $11, $12), 值数量: 1
INFO:app.core.database:连接数据库: 172.16.10.196:5432/db_house
INFO:app.core.database:批量执行SQL完成
INFO:app.services.data_generator:表 oms_order 已插入剩余 1 条记录并缓存主键值
INFO:app.services.data_generator:独立表 oms_order 生成完成，记录数: 1
INFO:app.services.data_generator:=== 阶段2：生成依赖表 ===
INFO:app.services.data_generator:表依赖排序结果: ['oms_order_item']
INFO:app.services.data_generator:排序后的依赖表: ['oms_order_item']
INFO:app.services.data_generator:开始为依赖表 oms_order_item 生成数据
INFO:app.core.database:批量执行SQL，查询: INSERT INTO oms_order_item (id, order_id, product_sku, product_name, quantity, price) VALUES ($1, $2, $3, $4, $5, $6), 值数量: 1
INFO:app.core.database:连接数据库: 172.16.10.196:5432/db_house
INFO:app.core.database:批量执行SQL完成
INFO:app.services.data_generator:表 oms_order_item 已插入剩余 1 条记录并缓存主键值
INFO:app.services.data_generator:依赖表 oms_order_item 生成完成，记录数: 1
INFO:app.services.data_generator:数据生成完成，总记录数: 2
INFO:app.services.data_generator:退出 generate_data_for_tables 方法
INFO:app.services.data_generator:开始 generate_data_for_tables 方法
INFO:app.services.data_generator:独立表（阶段1）: ['oms_order']
INFO:app.services.data_generator:依赖表（阶段2）: ['oms_order_item']
INFO:app.services.data_generator:初始化数据库计数器
INFO:app.core.database:执行查询: SELECT MAX(id) FROM crawler_competitor_price, 参数: ()
INFO:app.core.database:连接数据库: 172.16.10.196:5432/db_house
INFO:app.core.database:查询执行成功
INFO:app.core.database:执行查询: SELECT MAX(id) FROM ext_market_trend, 参数: ()
INFO:app.core.database:连接数据库: 172.16.10.196:5432/db_house
INFO:app.core.database:查询执行成功
INFO:app.core.database:执行查询: SELECT MAX(id) FROM oms_order_item, 参数: ()
INFO:app.core.database:连接数据库: 172.16.10.196:5432/db_house
INFO:app.core.database:查询执行成功
INFO:app.services.data_generator:计数器初始化完成: {'crawler_competitor_price_id': 0, 'ext_market_trend_id': 0, 'oms_order_item_id': 35}
INFO:app.services.data_generator:开始处理日期: 2025-10-14
INFO:app.services.data_generator:当天计划生成记录数: 1
INFO:app.services.data_generator:已清空外键缓存
INFO:app.services.data_generator:=== 阶段1：生成独立表 ===
INFO:app.services.data_generator:开始为独立表 oms_order 生成数据
INFO:app.core.database:批量执行SQL，查询: INSERT INTO oms_order (order_id, order_channel, customer_code, order_amount, discount_amount, pay_amount, order_status, province, city, district, detail_address, order_time) VALUES ($1, $2, $3, $4, $5, $6, $7, $8, $9, $10, $11, $12), 值数量: 1
INFO:app.core.database:连接数据库: 172.16.10.196:5432/db_house
INFO:app.core.database:批量执行SQL完成
INFO:app.services.data_generator:表 oms_order 已插入剩余 1 条记录并缓存主键值
INFO:app.services.data_generator:独立表 oms_order 生成完成，记录数: 1
INFO:app.services.data_generator:=== 阶段2：生成依赖表 ===
INFO:app.services.data_generator:表依赖排序结果: ['oms_order_item']
INFO:app.services.data_generator:排序后的依赖表: ['oms_order_item']
INFO:app.services.data_generator:开始为依赖表 oms_order_item 生成数据
INFO:app.core.database:批量执行SQL，查询: INSERT INTO oms_order_item (id, order_id, product_sku, product_name, quantity, price) VALUES ($1, $2, $3, $4, $5, $6), 值数量: 1
INFO:app.core.database:连接数据库: 172.16.10.196:5432/db_house
INFO:app.core.database:批量执行SQL完成
INFO:app.services.data_generator:表 oms_order_item 已插入剩余 1 条记录并缓存主键值
INFO:app.services.data_generator:依赖表 oms_order_item 生成完成，记录数: 1
INFO:app.services.data_generator:数据生成完成，总记录数: 2
INFO:app.services.data_generator:退出 generate_data_for_tables 方法
INFO:app.services.data_generator:开始 generate_data_for_tables 方法
INFO:app.services.data_generator:独立表（阶段1）: ['oms_order']
INFO:app.services.data_generator:依赖表（阶段2）: ['oms_order_item']
INFO:app.services.data_generator:初始化数据库计数器
INFO:app.core.database:执行查询: SELECT MAX(id) FROM crawler_competitor_price, 参数: ()
INFO:app.core.database:连接数据库: 172.16.10.196:5432/db_house
INFO:app.core.database:查询执行成功
INFO:app.core.database:执行查询: SELECT MAX(id) FROM ext_market_trend, 参数: ()
INFO:app.core.database:连接数据库: 172.16.10.196:5432/db_house
INFO:app.core.database:查询执行成功
INFO:app.core.database:执行查询: SELECT MAX(id) FROM oms_order_item, 参数: ()
INFO:app.core.database:连接数据库: 172.16.10.196:5432/db_house
INFO:app.core.database:查询执行成功
INFO:app.services.data_generator:计数器初始化完成: {'crawler_competitor_price_id': 0, 'ext_market_trend_id': 0, 'oms_order_item_id': 36}
INFO:app.services.data_generator:开始处理日期: 2025-10-14
INFO:app.services.data_generator:当天计划生成记录数: 1
INFO:app.services.data_generator:已清空外键缓存
INFO:app.services.data_generator:=== 阶段1：生成独立表 ===
INFO:app.services.data_generator:开始为独立表 oms_order 生成数据
INFO:app.core.database:批量执行SQL，查询: INSERT INTO oms_order (order_id, order_channel, customer_code, order_amount, discount_amount, pay_amount, order_status, province, city, district, detail_address, order_time) VALUES ($1, $2, $3, $4, $5, $6, $7, $8, $9, $10, $11, $12), 值数量: 1
INFO:app.core.database:连接数据库: 172.16.10.196:5432/db_house
INFO:app.core.database:批量执行SQL完成
INFO:app.services.data_generator:表 oms_order 已插入剩余 1 条记录并缓存主键值
INFO:app.services.data_generator:独立表 oms_order 生成完成，记录数: 1
INFO:app.services.data_generator:=== 阶段2：生成依赖表 ===
INFO:app.services.data_generator:表依赖排序结果: ['oms_order_item']
INFO:app.services.data_generator:排序后的依赖表: ['oms_order_item']
INFO:app.services.data_generator:开始为依赖表 oms_order_item 生成数据
INFO:app.core.database:批量执行SQL，查询: INSERT INTO oms_order_item (id, order_id, product_sku, product_name, quantity, price) VALUES ($1, $2, $3, $4, $5, $6), 值数量: 1
INFO:app.core.database:连接数据库: 172.16.10.196:5432/db_house
INFO:app.core.database:批量执行SQL完成
INFO:app.services.data_generator:表 oms_order_item 已插入剩余 1 条记录并缓存主键值
INFO:app.services.data_generator:依赖表 oms_order_item 生成完成，记录数: 1
INFO:app.services.data_generator:数据生成完成，总记录数: 2
INFO:app.services.data_generator:退出 generate_data_for_tables 方法
INFO:app.services.data_generator:开始 generate_data_for_tables 方法
INFO:app.services.data_generator:独立表（阶段1）: ['oms_order']
INFO:app.services.data_generator:依赖表（阶段2）: ['oms_order_item']
INFO:app.services.data_generator:初始化数据库计数器
INFO:app.core.database:执行查询: SELECT MAX(id) FROM crawler_competitor_price, 参数: ()
INFO:app.core.database:连接数据库: 172.16.10.196:5432/db_house
INFO:app.core.database:查询执行成功
INFO:app.core.database:执行查询: SELECT MAX(id) FROM ext_market_trend, 参数: ()
INFO:app.core.database:连接数据库: 172.16.10.196:5432/db_house
INFO:app.core.database:查询执行成功
INFO:app.core.database:执行查询: SELECT MAX(id) FROM oms_order_item, 参数: ()
INFO:app.core.database:连接数据库: 172.16.10.196:5432/db_house
INFO:app.core.database:查询执行成功
INFO:app.services.data_generator:计数器初始化完成: {'crawler_competitor_price_id': 0, 'ext_market_trend_id': 0, 'oms_order_item_id': 37}
INFO:app.services.data_generator:开始处理日期: 2025-10-14
INFO:app.services.data_generator:当天计划生成记录数: 1
INFO:app.services.data_generator:已清空外键缓存
INFO:app.services.data_generator:=== 阶段1：生成独立表 ===
INFO:app.services.data_generator:开始为独立表 oms_order 生成数据
INFO:app.core.database:批量执行SQL，查询: INSERT INTO oms_order (order_id, order_channel, customer_code, order_amount, discount_amount, pay_amount, order_status, province, city, district, detail_address, order_time) VALUES ($1, $2, $3, $4, $5, $6, $7, $8, $9, $10, $11, $12), 值数量: 1
INFO:app.core.database:连接数据库: 172.16.10.196:5432/db_house
INFO:app.core.database:批量执行SQL完成
INFO:app.services.data_generator:表 oms_order 已插入剩余 1 条记录并缓存主键值
INFO:app.services.data_generator:独立表 oms_order 生成完成，记录数: 1
INFO:app.services.data_generator:=== 阶段2：生成依赖表 ===
INFO:app.services.data_generator:表依赖排序结果: ['oms_order_item']
INFO:app.services.data_generator:排序后的依赖表: ['oms_order_item']
INFO:app.services.data_generator:开始为依赖表 oms_order_item 生成数据
INFO:app.core.database:批量执行SQL，查询: INSERT INTO oms_order_item (id, order_id, product_sku, product_name, quantity, price) VALUES ($1, $2, $3, $4, $5, $6), 值数量: 1
INFO:app.core.database:连接数据库: 172.16.10.196:5432/db_house
INFO:app.core.database:批量执行SQL完成
INFO:app.services.data_generator:表 oms_order_item 已插入剩余 1 条记录并缓存主键值
INFO:app.services.data_generator:依赖表 oms_order_item 生成完成，记录数: 1
INFO:app.services.data_generator:数据生成完成，总记录数: 2
INFO:app.services.data_generator:退出 generate_data_for_tables 方法
INFO:app.services.data_generator:开始 generate_data_for_tables 方法
INFO:app.services.data_generator:独立表（阶段1）: ['oms_order']
INFO:app.services.data_generator:依赖表（阶段2）: ['oms_order_item']
INFO:app.services.data_generator:初始化数据库计数器
INFO:app.core.database:执行查询: SELECT MAX(id) FROM crawler_competitor_price, 参数: ()
INFO:app.core.database:连接数据库: 172.16.10.196:5432/db_house
INFO:app.core.database:查询执行成功
INFO:app.core.database:执行查询: SELECT MAX(id) FROM ext_market_trend, 参数: ()
INFO:app.core.database:连接数据库: 172.16.10.196:5432/db_house
INFO:app.core.database:查询执行成功
INFO:app.core.database:执行查询: SELECT MAX(id) FROM oms_order_item, 参数: ()
INFO:app.core.database:连接数据库: 172.16.10.196:5432/db_house
INFO:app.core.database:查询执行成功
INFO:app.services.data_generator:计数器初始化完成: {'crawler_competitor_price_id': 0, 'ext_market_trend_id': 0, 'oms_order_item_id': 38}
INFO:app.services.data_generator:开始处理日期: 2025-10-14
INFO:app.services.data_generator:当天计划生成记录数: 1
INFO:app.services.data_generator:已清空外键缓存
INFO:app.services.data_generator:=== 阶段1：生成独立表 ===
INFO:app.services.data_generator:开始为独立表 oms_order 生成数据
INFO:app.core.database:批量执行SQL，查询: INSERT INTO oms_order (order_id, order_channel, customer_code, order_amount, discount_amount, pay_amount, order_status, province, city, district, detail_address, order_time) VALUES ($1, $2, $3, $4, $5, $6, $7, $8, $9, $10, $11, $12), 值数量: 1
INFO:app.core.database:连接数据库: 172.16.10.196:5432/db_house
INFO:app.core.database:批量执行SQL完成
INFO:app.services.data_generator:表 oms_order 已插入剩余 1 条记录并缓存主键值
INFO:app.services.data_generator:独立表 oms_order 生成完成，记录数: 1
INFO:app.services.data_generator:=== 阶段2：生成依赖表 ===
INFO:app.services.data_generator:表依赖排序结果: ['oms_order_item']
INFO:app.services.data_generator:排序后的依赖表: ['oms_order_item']
INFO:app.services.data_generator:开始为依赖表 oms_order_item 生成数据
INFO:app.core.database:批量执行SQL，查询: INSERT INTO oms_order_item (id, order_id, product_sku, product_name, quantity, price) VALUES ($1, $2, $3, $4, $5, $6), 值数量: 1
INFO:app.core.database:连接数据库: 172.16.10.196:5432/db_house
INFO:app.core.database:批量执行SQL完成
INFO:app.services.data_generator:表 oms_order_item 已插入剩余 1 条记录并缓存主键值
INFO:app.services.data_generator:依赖表 oms_order_item 生成完成，记录数: 1
INFO:app.services.data_generator:数据生成完成，总记录数: 2
INFO:app.services.data_generator:退出 generate_data_for_tables 方法
INFO:app.services.data_generator:开始 generate_data_for_tables 方法
INFO:app.services.data_generator:独立表（阶段1）: ['oms_order']
INFO:app.services.data_generator:依赖表（阶段2）: ['oms_order_item']
INFO:app.services.data_generator:初始化数据库计数器
INFO:app.core.database:执行查询: SELECT MAX(id) FROM crawler_competitor_price, 参数: ()
INFO:app.core.database:连接数据库: 172.16.10.196:5432/db_house
INFO:app.core.database:查询执行成功
INFO:app.core.database:执行查询: SELECT MAX(id) FROM ext_market_trend, 参数: ()
INFO:app.core.database:连接数据库: 172.16.10.196:5432/db_house
INFO:app.core.database:查询执行成功
INFO:app.core.database:执行查询: SELECT MAX(id) FROM oms_order_item, 参数: ()
INFO:app.core.database:连接数据库: 172.16.10.196:5432/db_house
INFO:app.core.database:查询执行成功
INFO:app.services.data_generator:计数器初始化完成: {'crawler_competitor_price_id': 0, 'ext_market_trend_id': 0, 'oms_order_item_id': 39}
INFO:app.services.data_generator:开始处理日期: 2025-10-14
INFO:app.services.data_generator:当天计划生成记录数: 1
INFO:app.services.data_generator:已清空外键缓存
INFO:app.services.data_generator:=== 阶段1：生成独立表 ===
INFO:app.services.data_generator:开始为独立表 oms_order 生成数据
INFO:app.core.database:批量执行SQL，查询: INSERT INTO oms_order (order_id, order_channel, customer_code, order_amount, discount_amount, pay_amount, order_status, province, city, district, detail_address, order_time) VALUES ($1, $2, $3, $4, $5, $6, $7, $8, $9, $10, $11, $12), 值数量: 1
INFO:app.core.database:连接数据库: 172.16.10.196:5432/db_house
INFO:app.core.database:批量执行SQL完成
INFO:app.services.data_generator:表 oms_order 已插入剩余 1 条记录并缓存主键值
INFO:app.services.data_generator:独立表 oms_order 生成完成，记录数: 1
INFO:app.services.data_generator:=== 阶段2：生成依赖表 ===
INFO:app.services.data_generator:表依赖排序结果: ['oms_order_item']
INFO:app.services.data_generator:排序后的依赖表: ['oms_order_item']
INFO:app.services.data_generator:开始为依赖表 oms_order_item 生成数据
INFO:app.core.database:批量执行SQL，查询: INSERT INTO oms_order_item (id, order_id, product_sku, product_name, quantity, price) VALUES ($1, $2, $3, $4, $5, $6), 值数量: 1
INFO:app.core.database:连接数据库: 172.16.10.196:5432/db_house
INFO:app.core.database:批量执行SQL完成
INFO:app.services.data_generator:表 oms_order_item 已插入剩余 1 条记录并缓存主键值
INFO:app.services.data_generator:依赖表 oms_order_item 生成完成，记录数: 1
INFO:app.services.data_generator:数据生成完成，总记录数: 2
INFO:app.services.data_generator:退出 generate_data_for_tables 方法
INFO:app.services.data_generator:开始 generate_data_for_tables 方法
INFO:app.services.data_generator:独立表（阶段1）: ['oms_order']
INFO:app.services.data_generator:依赖表（阶段2）: ['oms_order_item']
INFO:app.services.data_generator:初始化数据库计数器
INFO:app.core.database:执行查询: SELECT MAX(id) FROM crawler_competitor_price, 参数: ()
INFO:app.core.database:连接数据库: 172.16.10.196:5432/db_house
INFO:app.core.database:查询执行成功
INFO:app.core.database:执行查询: SELECT MAX(id) FROM ext_market_trend, 参数: ()
INFO:app.core.database:连接数据库: 172.16.10.196:5432/db_house
INFO:app.core.database:查询执行成功
INFO:app.core.database:执行查询: SELECT MAX(id) FROM oms_order_item, 参数: ()
INFO:app.core.database:连接数据库: 172.16.10.196:5432/db_house
INFO:app.core.database:查询执行成功
INFO:app.services.data_generator:计数器初始化完成: {'crawler_competitor_price_id': 0, 'ext_market_trend_id': 0, 'oms_order_item_id': 40}
INFO:app.services.data_generator:开始处理日期: 2025-10-14
INFO:app.services.data_generator:当天计划生成记录数: 1
INFO:app.services.data_generator:已清空外键缓存
INFO:app.services.data_generator:=== 阶段1：生成独立表 ===
INFO:app.services.data_generator:开始为独立表 oms_order 生成数据
INFO:app.core.database:批量执行SQL，查询: INSERT INTO oms_order (order_id, order_channel, customer_code, order_amount, discount_amount, pay_amount, order_status, province, city, district, detail_address, order_time) VALUES ($1, $2, $3, $4, $5, $6, $7, $8, $9, $10, $11, $12), 值数量: 1
INFO:app.core.database:连接数据库: 172.16.10.196:5432/db_house
INFO:app.core.database:批量执行SQL完成
INFO:app.services.data_generator:表 oms_order 已插入剩余 1 条记录并缓存主键值
INFO:app.services.data_generator:独立表 oms_order 生成完成，记录数: 1
INFO:app.services.data_generator:=== 阶段2：生成依赖表 ===
INFO:app.services.data_generator:表依赖排序结果: ['oms_order_item']
INFO:app.services.data_generator:排序后的依赖表: ['oms_order_item']
INFO:app.services.data_generator:开始为依赖表 oms_order_item 生成数据
INFO:app.core.database:批量执行SQL，查询: INSERT INTO oms_order_item (id, order_id, product_sku, product_name, quantity, price) VALUES ($1, $2, $3, $4, $5, $6), 值数量: 1
INFO:app.core.database:连接数据库: 172.16.10.196:5432/db_house
INFO:app.core.database:批量执行SQL完成
INFO:app.services.data_generator:表 oms_order_item 已插入剩余 1 条记录并缓存主键值
INFO:app.services.data_generator:依赖表 oms_order_item 生成完成，记录数: 1
INFO:app.services.data_generator:数据生成完成，总记录数: 2
INFO:app.services.data_generator:退出 generate_data_for_tables 方法
INFO:app.services.data_generator:开始 generate_data_for_tables 方法
INFO:app.services.data_generator:独立表（阶段1）: ['oms_order']
INFO:app.services.data_generator:依赖表（阶段2）: ['oms_order_item']
INFO:app.services.data_generator:初始化数据库计数器
INFO:app.core.database:执行查询: SELECT MAX(id) FROM crawler_competitor_price, 参数: ()
INFO:app.core.database:连接数据库: 172.16.10.196:5432/db_house
INFO:app.core.database:查询执行成功
INFO:app.core.database:执行查询: SELECT MAX(id) FROM ext_market_trend, 参数: ()
INFO:app.core.database:连接数据库: 172.16.10.196:5432/db_house
INFO:app.core.database:查询执行成功
INFO:app.core.database:执行查询: SELECT MAX(id) FROM oms_order_item, 参数: ()
INFO:app.core.database:连接数据库: 172.16.10.196:5432/db_house
INFO:app.core.database:查询执行成功
INFO:app.services.data_generator:计数器初始化完成: {'crawler_competitor_price_id': 0, 'ext_market_trend_id': 0, 'oms_order_item_id': 41}
INFO:app.services.data_generator:开始处理日期: 2025-10-14
INFO:app.services.data_generator:当天计划生成记录数: 1
INFO:app.services.data_generator:已清空外键缓存
INFO:app.services.data_generator:=== 阶段1：生成独立表 ===
INFO:app.services.data_generator:开始为独立表 oms_order 生成数据
INFO:app.core.database:批量执行SQL，查询: INSERT INTO oms_order (order_id, order_channel, customer_code, order_amount, discount_amount, pay_amount, order_status, province, city, district, detail_address, order_time) VALUES ($1, $2, $3, $4, $5, $6, $7, $8, $9, $10, $11, $12), 值数量: 1
INFO:app.core.database:连接数据库: 172.16.10.196:5432/db_house
INFO:app.core.database:批量执行SQL完成
INFO:app.services.data_generator:表 oms_order 已插入剩余 1 条记录并缓存主键值
INFO:app.services.data_generator:独立表 oms_order 生成完成，记录数: 1
INFO:app.services.data_generator:=== 阶段2：生成依赖表 ===
INFO:app.services.data_generator:表依赖排序结果: ['oms_order_item']
INFO:app.services.data_generator:排序后的依赖表: ['oms_order_item']
INFO:app.services.data_generator:开始为依赖表 oms_order_item 生成数据
INFO:app.core.database:批量执行SQL，查询: INSERT INTO oms_order_item (id, order_id, product_sku, product_name, quantity, price) VALUES ($1, $2, $3, $4, $5, $6), 值数量: 1
INFO:app.core.database:连接数据库: 172.16.10.196:5432/db_house
INFO:app.core.database:批量执行SQL完成
INFO:app.services.data_generator:表 oms_order_item 已插入剩余 1 条记录并缓存主键值
INFO:app.services.data_generator:依赖表 oms_order_item 生成完成，记录数: 1
INFO:app.services.data_generator:数据生成完成，总记录数: 2
INFO:app.services.data_generator:退出 generate_data_for_tables 方法
INFO:app.services.data_generator:开始 generate_data_for_tables 方法
INFO:app.services.data_generator:独立表（阶段1）: ['oms_order']
INFO:app.services.data_generator:依赖表（阶段2）: ['oms_order_item']
INFO:app.services.data_generator:初始化数据库计数器
INFO:app.core.database:执行查询: SELECT MAX(id) FROM crawler_competitor_price, 参数: ()
INFO:app.core.database:连接数据库: 172.16.10.196:5432/db_house
INFO:app.core.database:查询执行成功
INFO:app.core.database:执行查询: SELECT MAX(id) FROM ext_market_trend, 参数: ()
INFO:app.core.database:连接数据库: 172.16.10.196:5432/db_house
INFO:app.core.database:查询执行成功
INFO:app.core.database:执行查询: SELECT MAX(id) FROM oms_order_item, 参数: ()
INFO:app.core.database:连接数据库: 172.16.10.196:5432/db_house
INFO:app.core.database:查询执行成功
INFO:app.services.data_generator:计数器初始化完成: {'crawler_competitor_price_id': 0, 'ext_market_trend_id': 0, 'oms_order_item_id': 42}
INFO:app.services.data_generator:开始处理日期: 2025-10-14
INFO:app.services.data_generator:当天计划生成记录数: 1
INFO:app.services.data_generator:已清空外键缓存
INFO:app.services.data_generator:=== 阶段1：生成独立表 ===
INFO:app.services.data_generator:开始为独立表 oms_order 生成数据
INFO:app.core.database:批量执行SQL，查询: INSERT INTO oms_order (order_id, order_channel, customer_code, order_amount, discount_amount, pay_amount, order_status, province, city, district, detail_address, order_time) VALUES ($1, $2, $3, $4, $5, $6, $7, $8, $9, $10, $11, $12), 值数量: 1
INFO:app.core.database:连接数据库: 172.16.10.196:5432/db_house
INFO:app.core.database:批量执行SQL完成
INFO:app.services.data_generator:表 oms_order 已插入剩余 1 条记录并缓存主键值
INFO:app.services.data_generator:独立表 oms_order 生成完成，记录数: 1
INFO:app.services.data_generator:=== 阶段2：生成依赖表 ===
INFO:app.services.data_generator:表依赖排序结果: ['oms_order_item']
INFO:app.services.data_generator:排序后的依赖表: ['oms_order_item']
INFO:app.services.data_generator:开始为依赖表 oms_order_item 生成数据
INFO:app.core.database:批量执行SQL，查询: INSERT INTO oms_order_item (id, order_id, product_sku, product_name, quantity, price) VALUES ($1, $2, $3, $4, $5, $6), 值数量: 1
INFO:app.core.database:连接数据库: 172.16.10.196:5432/db_house
INFO:app.core.database:批量执行SQL完成
INFO:app.services.data_generator:表 oms_order_item 已插入剩余 1 条记录并缓存主键值
INFO:app.services.data_generator:依赖表 oms_order_item 生成完成，记录数: 1
INFO:app.services.data_generator:数据生成完成，总记录数: 2
INFO:app.services.data_generator:退出 generate_data_for_tables 方法
INFO:app.services.data_generator:开始 generate_data_for_tables 方法
INFO:app.services.data_generator:独立表（阶段1）: ['oms_order']
INFO:app.services.data_generator:依赖表（阶段2）: ['oms_order_item']
INFO:app.services.data_generator:初始化数据库计数器
INFO:app.core.database:执行查询: SELECT MAX(id) FROM crawler_competitor_price, 参数: ()
INFO:app.core.database:连接数据库: 172.16.10.196:5432/db_house
INFO:app.core.database:查询执行成功
INFO:app.core.database:执行查询: SELECT MAX(id) FROM ext_market_trend, 参数: ()
INFO:app.core.database:连接数据库: 172.16.10.196:5432/db_house
INFO:app.core.database:查询执行成功
INFO:app.core.database:执行查询: SELECT MAX(id) FROM oms_order_item, 参数: ()
INFO:app.core.database:连接数据库: 172.16.10.196:5432/db_house
INFO:app.core.database:查询执行成功
INFO:app.services.data_generator:计数器初始化完成: {'crawler_competitor_price_id': 0, 'ext_market_trend_id': 0, 'oms_order_item_id': 43}
INFO:app.services.data_generator:开始处理日期: 2025-10-14
INFO:app.services.data_generator:当天计划生成记录数: 1
INFO:app.services.data_generator:已清空外键缓存
INFO:app.services.data_generator:=== 阶段1：生成独立表 ===
INFO:app.services.data_generator:开始为独立表 oms_order 生成数据
INFO:app.core.database:批量执行SQL，查询: INSERT INTO oms_order (order_id, order_channel, customer_code, order_amount, discount_amount, pay_amount, order_status, province, city, district, detail_address, order_time) VALUES ($1, $2, $3, $4, $5, $6, $7, $8, $9, $10, $11, $12), 值数量: 1
INFO:app.core.database:连接数据库: 172.16.10.196:5432/db_house
INFO:app.core.database:批量执行SQL完成
INFO:app.services.data_generator:表 oms_order 已插入剩余 1 条记录并缓存主键值
INFO:app.services.data_generator:独立表 oms_order 生成完成，记录数: 1
INFO:app.services.data_generator:=== 阶段2：生成依赖表 ===
INFO:app.services.data_generator:表依赖排序结果: ['oms_order_item']
INFO:app.services.data_generator:排序后的依赖表: ['oms_order_item']
INFO:app.services.data_generator:开始为依赖表 oms_order_item 生成数据
INFO:app.core.database:批量执行SQL，查询: INSERT INTO oms_order_item (id, order_id, product_sku, product_name, quantity, price) VALUES ($1, $2, $3, $4, $5, $6), 值数量: 1
INFO:app.core.database:连接数据库: 172.16.10.196:5432/db_house
INFO:app.core.database:批量执行SQL完成
INFO:app.services.data_generator:表 oms_order_item 已插入剩余 1 条记录并缓存主键值
INFO:app.services.data_generator:依赖表 oms_order_item 生成完成，记录数: 1
INFO:app.services.data_generator:数据生成完成，总记录数: 2
INFO:app.services.data_generator:退出 generate_data_for_tables 方法
INFO:app.services.data_generator:开始 generate_data_for_tables 方法
INFO:app.services.data_generator:独立表（阶段1）: ['oms_order']
INFO:app.services.data_generator:依赖表（阶段2）: ['oms_order_item']
INFO:app.services.data_generator:初始化数据库计数器
INFO:app.core.database:执行查询: SELECT MAX(id) FROM crawler_competitor_price, 参数: ()
INFO:app.core.database:连接数据库: 172.16.10.196:5432/db_house
INFO:app.core.database:查询执行成功
INFO:app.core.database:执行查询: SELECT MAX(id) FROM ext_market_trend, 参数: ()
INFO:app.core.database:连接数据库: 172.16.10.196:5432/db_house
INFO:app.core.database:查询执行成功
INFO:app.core.database:执行查询: SELECT MAX(id) FROM oms_order_item, 参数: ()
INFO:app.core.database:连接数据库: 172.16.10.196:5432/db_house
INFO:app.core.database:查询执行成功
INFO:app.services.data_generator:计数器初始化完成: {'crawler_competitor_price_id': 0, 'ext_market_trend_id': 0, 'oms_order_item_id': 44}
INFO:app.services.data_generator:开始处理日期: 2025-10-14
INFO:app.services.data_generator:当天计划生成记录数: 1
INFO:app.services.data_generator:已清空外键缓存
INFO:app.services.data_generator:=== 阶段1：生成独立表 ===
INFO:app.services.data_generator:开始为独立表 oms_order 生成数据
INFO:app.core.database:批量执行SQL，查询: INSERT INTO oms_order (order_id, order_channel, customer_code, order_amount, discount_amount, pay_amount, order_status, province, city, district, detail_address, order_time) VALUES ($1, $2, $3, $4, $5, $6, $7, $8, $9, $10, $11, $12), 值数量: 1
INFO:app.core.database:连接数据库: 172.16.10.196:5432/db_house
INFO:app.core.database:批量执行SQL完成
INFO:app.services.data_generator:表 oms_order 已插入剩余 1 条记录并缓存主键值
INFO:app.services.data_generator:独立表 oms_order 生成完成，记录数: 1
INFO:app.services.data_generator:=== 阶段2：生成依赖表 ===
INFO:app.services.data_generator:表依赖排序结果: ['oms_order_item']
INFO:app.services.data_generator:排序后的依赖表: ['oms_order_item']
INFO:app.services.data_generator:开始为依赖表 oms_order_item 生成数据
INFO:app.core.database:批量执行SQL，查询: INSERT INTO oms_order_item (id, order_id, product_sku, product_name, quantity, price) VALUES ($1, $2, $3, $4, $5, $6), 值数量: 1
INFO:app.core.database:连接数据库: 172.16.10.196:5432/db_house
INFO:app.core.database:批量执行SQL完成
INFO:app.services.data_generator:表 oms_order_item 已插入剩余 1 条记录并缓存主键值
INFO:app.services.data_generator:依赖表 oms_order_item 生成完成，记录数: 1
INFO:app.services.data_generator:数据生成完成，总记录数: 2
INFO:app.services.data_generator:退出 generate_data_for_tables 方法
INFO:app.services.data_generator:开始 generate_data_for_tables 方法
INFO:app.services.data_generator:独立表（阶段1）: ['oms_order']
INFO:app.services.data_generator:依赖表（阶段2）: ['oms_order_item']
INFO:app.services.data_generator:初始化数据库计数器
INFO:app.core.database:执行查询: SELECT MAX(id) FROM crawler_competitor_price, 参数: ()
INFO:app.core.database:连接数据库: 172.16.10.196:5432/db_house
INFO:app.core.database:查询执行成功
INFO:app.core.database:执行查询: SELECT MAX(id) FROM ext_market_trend, 参数: ()
INFO:app.core.database:连接数据库: 172.16.10.196:5432/db_house
INFO:app.core.database:查询执行成功
INFO:app.core.database:执行查询: SELECT MAX(id) FROM oms_order_item, 参数: ()
INFO:app.core.database:连接数据库: 172.16.10.196:5432/db_house
INFO:app.core.database:查询执行成功
INFO:app.services.data_generator:计数器初始化完成: {'crawler_competitor_price_id': 0, 'ext_market_trend_id': 0, 'oms_order_item_id': 45}
INFO:app.services.data_generator:开始处理日期: 2025-10-14
INFO:app.services.data_generator:当天计划生成记录数: 1
INFO:app.services.data_generator:已清空外键缓存
INFO:app.services.data_generator:=== 阶段1：生成独立表 ===
INFO:app.services.data_generator:开始为独立表 oms_order 生成数据
INFO:app.core.database:批量执行SQL，查询: INSERT INTO oms_order (order_id, order_channel, customer_code, order_amount, discount_amount, pay_amount, order_status, province, city, district, detail_address, order_time) VALUES ($1, $2, $3, $4, $5, $6, $7, $8, $9, $10, $11, $12), 值数量: 1
INFO:app.core.database:连接数据库: 172.16.10.196:5432/db_house
INFO:app.core.database:批量执行SQL完成
INFO:app.services.data_generator:表 oms_order 已插入剩余 1 条记录并缓存主键值
INFO:app.services.data_generator:独立表 oms_order 生成完成，记录数: 1
INFO:app.services.data_generator:=== 阶段2：生成依赖表 ===
INFO:app.services.data_generator:表依赖排序结果: ['oms_order_item']
INFO:app.services.data_generator:排序后的依赖表: ['oms_order_item']
INFO:app.services.data_generator:开始为依赖表 oms_order_item 生成数据
INFO:app.core.database:批量执行SQL，查询: INSERT INTO oms_order_item (id, order_id, product_sku, product_name, quantity, price) VALUES ($1, $2, $3, $4, $5, $6), 值数量: 1
INFO:app.core.database:连接数据库: 172.16.10.196:5432/db_house
INFO:app.core.database:批量执行SQL完成
INFO:app.services.data_generator:表 oms_order_item 已插入剩余 1 条记录并缓存主键值
INFO:app.services.data_generator:依赖表 oms_order_item 生成完成，记录数: 1
INFO:app.services.data_generator:数据生成完成，总记录数: 2
INFO:app.services.data_generator:退出 generate_data_for_tables 方法
INFO:app.services.data_generator:开始 generate_data_for_tables 方法
INFO:app.services.data_generator:独立表（阶段1）: ['oms_order']
INFO:app.services.data_generator:依赖表（阶段2）: ['oms_order_item']
INFO:app.services.data_generator:初始化数据库计数器
INFO:app.core.database:执行查询: SELECT MAX(id) FROM crawler_competitor_price, 参数: ()
INFO:app.core.database:连接数据库: 172.16.10.196:5432/db_house
INFO:app.core.database:查询执行成功
INFO:app.core.database:执行查询: SELECT MAX(id) FROM ext_market_trend, 参数: ()
INFO:app.core.database:连接数据库: 172.16.10.196:5432/db_house
INFO:app.core.database:查询执行成功
INFO:app.core.database:执行查询: SELECT MAX(id) FROM oms_order_item, 参数: ()
INFO:app.core.database:连接数据库: 172.16.10.196:5432/db_house
INFO:app.core.database:查询执行成功
INFO:app.services.data_generator:计数器初始化完成: {'crawler_competitor_price_id': 0, 'ext_market_trend_id': 0, 'oms_order_item_id': 46}
INFO:app.services.data_generator:开始处理日期: 2025-10-14
INFO:app.services.data_generator:当天计划生成记录数: 1
INFO:app.services.data_generator:已清空外键缓存
INFO:app.services.data_generator:=== 阶段1：生成独立表 ===
INFO:app.services.data_generator:开始为独立表 oms_order 生成数据
INFO:app.core.database:批量执行SQL，查询: INSERT INTO oms_order (order_id, order_channel, customer_code, order_amount, discount_amount, pay_amount, order_status, province, city, district, detail_address, order_time) VALUES ($1, $2, $3, $4, $5, $6, $7, $8, $9, $10, $11, $12), 值数量: 1
INFO:app.core.database:连接数据库: 172.16.10.196:5432/db_house
INFO:app.core.database:批量执行SQL完成
INFO:app.services.data_generator:表 oms_order 已插入剩余 1 条记录并缓存主键值
INFO:app.services.data_generator:独立表 oms_order 生成完成，记录数: 1
INFO:app.services.data_generator:=== 阶段2：生成依赖表 ===
INFO:app.services.data_generator:表依赖排序结果: ['oms_order_item']
INFO:app.services.data_generator:排序后的依赖表: ['oms_order_item']
INFO:app.services.data_generator:开始为依赖表 oms_order_item 生成数据
INFO:app.core.database:批量执行SQL，查询: INSERT INTO oms_order_item (id, order_id, product_sku, product_name, quantity, price) VALUES ($1, $2, $3, $4, $5, $6), 值数量: 1
INFO:app.core.database:连接数据库: 172.16.10.196:5432/db_house
INFO:app.core.database:批量执行SQL完成
INFO:app.services.data_generator:表 oms_order_item 已插入剩余 1 条记录并缓存主键值
INFO:app.services.data_generator:依赖表 oms_order_item 生成完成，记录数: 1
INFO:app.services.data_generator:数据生成完成，总记录数: 2
INFO:app.services.data_generator:退出 generate_data_for_tables 方法
INFO:app.services.data_generator:开始 generate_data_for_tables 方法
INFO:app.services.data_generator:独立表（阶段1）: ['oms_order']
INFO:app.services.data_generator:依赖表（阶段2）: ['oms_order_item']
INFO:app.services.data_generator:初始化数据库计数器
INFO:app.core.database:执行查询: SELECT MAX(id) FROM crawler_competitor_price, 参数: ()
INFO:app.core.database:连接数据库: 172.16.10.196:5432/db_house
INFO:app.core.database:查询执行成功
INFO:app.core.database:执行查询: SELECT MAX(id) FROM ext_market_trend, 参数: ()
INFO:app.core.database:连接数据库: 172.16.10.196:5432/db_house
INFO:app.core.database:查询执行成功
INFO:app.core.database:执行查询: SELECT MAX(id) FROM oms_order_item, 参数: ()
INFO:app.core.database:连接数据库: 172.16.10.196:5432/db_house
INFO:app.core.database:查询执行成功
INFO:app.services.data_generator:计数器初始化完成: {'crawler_competitor_price_id': 0, 'ext_market_trend_id': 0, 'oms_order_item_id': 47}
INFO:app.services.data_generator:开始处理日期: 2025-10-14
INFO:app.services.data_generator:当天计划生成记录数: 1
INFO:app.services.data_generator:已清空外键缓存
INFO:app.services.data_generator:=== 阶段1：生成独立表 ===
INFO:app.services.data_generator:开始为独立表 oms_order 生成数据
INFO:app.core.database:批量执行SQL，查询: INSERT INTO oms_order (order_id, order_channel, customer_code, order_amount, discount_amount, pay_amount, order_status, province, city, district, detail_address, order_time) VALUES ($1, $2, $3, $4, $5, $6, $7, $8, $9, $10, $11, $12), 值数量: 1
INFO:app.core.database:连接数据库: 172.16.10.196:5432/db_house
INFO:app.core.database:批量执行SQL完成
INFO:app.services.data_generator:表 oms_order 已插入剩余 1 条记录并缓存主键值
INFO:app.services.data_generator:独立表 oms_order 生成完成，记录数: 1
INFO:app.services.data_generator:=== 阶段2：生成依赖表 ===
INFO:app.services.data_generator:表依赖排序结果: ['oms_order_item']
INFO:app.services.data_generator:排序后的依赖表: ['oms_order_item']
INFO:app.services.data_generator:开始为依赖表 oms_order_item 生成数据
INFO:app.core.database:批量执行SQL，查询: INSERT INTO oms_order_item (id, order_id, product_sku, product_name, quantity, price) VALUES ($1, $2, $3, $4, $5, $6), 值数量: 1
INFO:app.core.database:连接数据库: 172.16.10.196:5432/db_house
INFO:app.core.database:批量执行SQL完成
INFO:app.services.data_generator:表 oms_order_item 已插入剩余 1 条记录并缓存主键值
INFO:app.services.data_generator:依赖表 oms_order_item 生成完成，记录数: 1
INFO:app.services.data_generator:数据生成完成，总记录数: 2
INFO:app.services.data_generator:退出 generate_data_for_tables 方法
INFO:app.services.data_generator:开始 generate_data_for_tables 方法
INFO:app.services.data_generator:独立表（阶段1）: ['oms_order']
INFO:app.services.data_generator:依赖表（阶段2）: ['oms_order_item']
INFO:app.services.data_generator:初始化数据库计数器
INFO:app.core.database:执行查询: SELECT MAX(id) FROM crawler_competitor_price, 参数: ()
INFO:app.core.database:连接数据库: 172.16.10.196:5432/db_house
INFO:app.core.database:查询执行成功
INFO:app.core.database:执行查询: SELECT MAX(id) FROM ext_market_trend, 参数: ()
INFO:app.core.database:连接数据库: 172.16.10.196:5432/db_house
INFO:app.core.database:查询执行成功
INFO:app.core.database:执行查询: SELECT MAX(id) FROM oms_order_item, 参数: ()
INFO:app.core.database:连接数据库: 172.16.10.196:5432/db_house
INFO:app.core.database:查询执行成功
INFO:app.services.data_generator:计数器初始化完成: {'crawler_competitor_price_id': 0, 'ext_market_trend_id': 0, 'oms_order_item_id': 48}
INFO:app.services.data_generator:开始处理日期: 2025-10-14
INFO:app.services.data_generator:当天计划生成记录数: 1
INFO:app.services.data_generator:已清空外键缓存
INFO:app.services.data_generator:=== 阶段1：生成独立表 ===
INFO:app.services.data_generator:开始为独立表 oms_order 生成数据
INFO:app.core.database:批量执行SQL，查询: INSERT INTO oms_order (order_id, order_channel, customer_code, order_amount, discount_amount, pay_amount, order_status, province, city, district, detail_address, order_time) VALUES ($1, $2, $3, $4, $5, $6, $7, $8, $9, $10, $11, $12), 值数量: 1
INFO:app.core.database:连接数据库: 172.16.10.196:5432/db_house
INFO:app.core.database:批量执行SQL完成
INFO:app.services.data_generator:表 oms_order 已插入剩余 1 条记录并缓存主键值
INFO:app.services.data_generator:独立表 oms_order 生成完成，记录数: 1
INFO:app.services.data_generator:=== 阶段2：生成依赖表 ===
INFO:app.services.data_generator:表依赖排序结果: ['oms_order_item']
INFO:app.services.data_generator:排序后的依赖表: ['oms_order_item']
INFO:app.services.data_generator:开始为依赖表 oms_order_item 生成数据
INFO:app.core.database:批量执行SQL，查询: INSERT INTO oms_order_item (id, order_id, product_sku, product_name, quantity, price) VALUES ($1, $2, $3, $4, $5, $6), 值数量: 1
INFO:app.core.database:连接数据库: 172.16.10.196:5432/db_house
INFO:app.core.database:批量执行SQL完成
INFO:app.services.data_generator:表 oms_order_item 已插入剩余 1 条记录并缓存主键值
INFO:app.services.data_generator:依赖表 oms_order_item 生成完成，记录数: 1
INFO:app.services.data_generator:数据生成完成，总记录数: 2
INFO:app.services.data_generator:退出 generate_data_for_tables 方法
INFO:app.services.data_generator:开始 generate_data_for_tables 方法
INFO:app.services.data_generator:独立表（阶段1）: ['oms_order']
INFO:app.services.data_generator:依赖表（阶段2）: ['oms_order_item']
INFO:app.services.data_generator:初始化数据库计数器
INFO:app.core.database:执行查询: SELECT MAX(id) FROM crawler_competitor_price, 参数: ()
INFO:app.core.database:连接数据库: 172.16.10.196:5432/db_house
INFO:app.core.database:查询执行成功
INFO:app.core.database:执行查询: SELECT MAX(id) FROM ext_market_trend, 参数: ()
INFO:app.core.database:连接数据库: 172.16.10.196:5432/db_house
INFO:app.core.database:查询执行成功
INFO:app.core.database:执行查询: SELECT MAX(id) FROM oms_order_item, 参数: ()
INFO:app.core.database:连接数据库: 172.16.10.196:5432/db_house
INFO:app.core.database:查询执行成功
INFO:app.services.data_generator:计数器初始化完成: {'crawler_competitor_price_id': 0, 'ext_market_trend_id': 0, 'oms_order_item_id': 49}
INFO:app.services.data_generator:开始处理日期: 2025-10-14
INFO:app.services.data_generator:当天计划生成记录数: 1
INFO:app.services.data_generator:已清空外键缓存
INFO:app.services.data_generator:=== 阶段1：生成独立表 ===
INFO:app.services.data_generator:开始为独立表 oms_order 生成数据
INFO:app.core.database:批量执行SQL，查询: INSERT INTO oms_order (order_id, order_channel, customer_code, order_amount, discount_amount, pay_amount, order_status, province, city, district, detail_address, order_time) VALUES ($1, $2, $3, $4, $5, $6, $7, $8, $9, $10, $11, $12), 值数量: 1
INFO:app.core.database:连接数据库: 172.16.10.196:5432/db_house
INFO:app.core.database:批量执行SQL完成
INFO:app.services.data_generator:表 oms_order 已插入剩余 1 条记录并缓存主键值
INFO:app.services.data_generator:独立表 oms_order 生成完成，记录数: 1
INFO:app.services.data_generator:=== 阶段2：生成依赖表 ===
INFO:app.services.data_generator:表依赖排序结果: ['oms_order_item']
INFO:app.services.data_generator:排序后的依赖表: ['oms_order_item']
INFO:app.services.data_generator:开始为依赖表 oms_order_item 生成数据
INFO:app.core.database:批量执行SQL，查询: INSERT INTO oms_order_item (id, order_id, product_sku, product_name, quantity, price) VALUES ($1, $2, $3, $4, $5, $6), 值数量: 1
INFO:app.core.database:连接数据库: 172.16.10.196:5432/db_house
INFO:app.core.database:批量执行SQL完成
INFO:app.services.data_generator:表 oms_order_item 已插入剩余 1 条记录并缓存主键值
INFO:app.services.data_generator:依赖表 oms_order_item 生成完成，记录数: 1
INFO:app.services.data_generator:数据生成完成，总记录数: 2
INFO:app.services.data_generator:退出 generate_data_for_tables 方法
INFO:app.services.data_generator:开始 generate_data_for_tables 方法
INFO:app.services.data_generator:独立表（阶段1）: ['oms_order']
INFO:app.services.data_generator:依赖表（阶段2）: ['oms_order_item']
INFO:app.services.data_generator:初始化数据库计数器
INFO:app.core.database:执行查询: SELECT MAX(id) FROM crawler_competitor_price, 参数: ()
INFO:app.core.database:连接数据库: 172.16.10.196:5432/db_house
INFO:app.core.database:查询执行成功
INFO:app.core.database:执行查询: SELECT MAX(id) FROM ext_market_trend, 参数: ()
INFO:app.core.database:连接数据库: 172.16.10.196:5432/db_house
INFO:app.core.database:查询执行成功
INFO:app.core.database:执行查询: SELECT MAX(id) FROM oms_order_item, 参数: ()
INFO:app.core.database:连接数据库: 172.16.10.196:5432/db_house
INFO:app.core.database:查询执行成功
INFO:app.services.data_generator:计数器初始化完成: {'crawler_competitor_price_id': 0, 'ext_market_trend_id': 0, 'oms_order_item_id': 50}
INFO:app.services.data_generator:开始处理日期: 2025-10-14
INFO:app.services.data_generator:当天计划生成记录数: 1
INFO:app.services.data_generator:已清空外键缓存
INFO:app.services.data_generator:=== 阶段1：生成独立表 ===
INFO:app.services.data_generator:开始为独立表 oms_order 生成数据
INFO:app.core.database:批量执行SQL，查询: INSERT INTO oms_order (order_id, order_channel, customer_code, order_amount, discount_amount, pay_amount, order_status, province, city, district, detail_address, order_time) VALUES ($1, $2, $3, $4, $5, $6, $7, $8, $9, $10, $11, $12), 值数量: 1
INFO:app.core.database:连接数据库: 172.16.10.196:5432/db_house
INFO:app.core.database:批量执行SQL完成
INFO:app.services.data_generator:表 oms_order 已插入剩余 1 条记录并缓存主键值
INFO:app.services.data_generator:独立表 oms_order 生成完成，记录数: 1
INFO:app.services.data_generator:=== 阶段2：生成依赖表 ===
INFO:app.services.data_generator:表依赖排序结果: ['oms_order_item']
INFO:app.services.data_generator:排序后的依赖表: ['oms_order_item']
INFO:app.services.data_generator:开始为依赖表 oms_order_item 生成数据
INFO:app.core.database:批量执行SQL，查询: INSERT INTO oms_order_item (id, order_id, product_sku, product_name, quantity, price) VALUES ($1, $2, $3, $4, $5, $6), 值数量: 1
INFO:app.core.database:连接数据库: 172.16.10.196:5432/db_house
INFO:app.core.database:批量执行SQL完成
INFO:app.services.data_generator:表 oms_order_item 已插入剩余 1 条记录并缓存主键值
INFO:app.services.data_generator:依赖表 oms_order_item 生成完成，记录数: 1
INFO:app.services.data_generator:数据生成完成，总记录数: 2
INFO:app.services.data_generator:退出 generate_data_for_tables 方法
INFO:app.services.data_generator:开始 generate_data_for_tables 方法
INFO:app.services.data_generator:独立表（阶段1）: ['oms_order']
INFO:app.services.data_generator:依赖表（阶段2）: ['oms_order_item']
INFO:app.services.data_generator:初始化数据库计数器
INFO:app.core.database:执行查询: SELECT MAX(id) FROM crawler_competitor_price, 参数: ()
INFO:app.core.database:连接数据库: 172.16.10.196:5432/db_house
INFO:app.core.database:查询执行成功
INFO:app.core.database:执行查询: SELECT MAX(id) FROM ext_market_trend, 参数: ()
INFO:app.core.database:连接数据库: 172.16.10.196:5432/db_house
INFO:app.core.database:查询执行成功
INFO:app.core.database:执行查询: SELECT MAX(id) FROM oms_order_item, 参数: ()
INFO:app.core.database:连接数据库: 172.16.10.196:5432/db_house
INFO:app.core.database:查询执行成功
INFO:app.services.data_generator:计数器初始化完成: {'crawler_competitor_price_id': 0, 'ext_market_trend_id': 0, 'oms_order_item_id': 51}
INFO:app.services.data_generator:开始处理日期: 2025-10-14
INFO:app.services.data_generator:当天计划生成记录数: 1
INFO:app.services.data_generator:已清空外键缓存
INFO:app.services.data_generator:=== 阶段1：生成独立表 ===
INFO:app.services.data_generator:开始为独立表 oms_order 生成数据
INFO:app.core.database:批量执行SQL，查询: INSERT INTO oms_order (order_id, order_channel, customer_code, order_amount, discount_amount, pay_amount, order_status, province, city, district, detail_address, order_time) VALUES ($1, $2, $3, $4, $5, $6, $7, $8, $9, $10, $11, $12), 值数量: 1
INFO:app.core.database:连接数据库: 172.16.10.196:5432/db_house
INFO:app.core.database:批量执行SQL完成
INFO:app.services.data_generator:表 oms_order 已插入剩余 1 条记录并缓存主键值
INFO:app.services.data_generator:独立表 oms_order 生成完成，记录数: 1
INFO:app.services.data_generator:=== 阶段2：生成依赖表 ===
INFO:app.services.data_generator:表依赖排序结果: ['oms_order_item']
INFO:app.services.data_generator:排序后的依赖表: ['oms_order_item']
INFO:app.services.data_generator:开始为依赖表 oms_order_item 生成数据
INFO:app.core.database:批量执行SQL，查询: INSERT INTO oms_order_item (id, order_id, product_sku, product_name, quantity, price) VALUES ($1, $2, $3, $4, $5, $6), 值数量: 1
INFO:app.core.database:连接数据库: 172.16.10.196:5432/db_house
INFO:app.core.database:批量执行SQL完成
INFO:app.services.data_generator:表 oms_order_item 已插入剩余 1 条记录并缓存主键值
INFO:app.services.data_generator:依赖表 oms_order_item 生成完成，记录数: 1
INFO:app.services.data_generator:数据生成完成，总记录数: 2
INFO:app.services.data_generator:退出 generate_data_for_tables 方法
INFO:app.services.data_generator:开始 generate_data_for_tables 方法
INFO:app.services.data_generator:独立表（阶段1）: ['oms_order']
INFO:app.services.data_generator:依赖表（阶段2）: ['oms_order_item']
INFO:app.services.data_generator:初始化数据库计数器
INFO:app.core.database:执行查询: SELECT MAX(id) FROM crawler_competitor_price, 参数: ()
INFO:app.core.database:连接数据库: 172.16.10.196:5432/db_house
INFO:app.core.database:查询执行成功
INFO:app.core.database:执行查询: SELECT MAX(id) FROM ext_market_trend, 参数: ()
INFO:app.core.database:连接数据库: 172.16.10.196:5432/db_house
INFO:app.core.database:查询执行成功
INFO:app.core.database:执行查询: SELECT MAX(id) FROM oms_order_item, 参数: ()
INFO:app.core.database:连接数据库: 172.16.10.196:5432/db_house
INFO:app.core.database:查询执行成功
INFO:app.services.data_generator:计数器初始化完成: {'crawler_competitor_price_id': 0, 'ext_market_trend_id': 0, 'oms_order_item_id': 52}
INFO:app.services.data_generator:开始处理日期: 2025-10-14
INFO:app.services.data_generator:当天计划生成记录数: 1
INFO:app.services.data_generator:已清空外键缓存
INFO:app.services.data_generator:=== 阶段1：生成独立表 ===
INFO:app.services.data_generator:开始为独立表 oms_order 生成数据
INFO:app.core.database:批量执行SQL，查询: INSERT INTO oms_order (order_id, order_channel, customer_code, order_amount, discount_amount, pay_amount, order_status, province, city, district, detail_address, order_time) VALUES ($1, $2, $3, $4, $5, $6, $7, $8, $9, $10, $11, $12), 值数量: 1
INFO:app.core.database:连接数据库: 172.16.10.196:5432/db_house
INFO:app.core.database:批量执行SQL完成
INFO:app.services.data_generator:表 oms_order 已插入剩余 1 条记录并缓存主键值
INFO:app.services.data_generator:独立表 oms_order 生成完成，记录数: 1
INFO:app.services.data_generator:=== 阶段2：生成依赖表 ===
INFO:app.services.data_generator:表依赖排序结果: ['oms_order_item']
INFO:app.services.data_generator:排序后的依赖表: ['oms_order_item']
INFO:app.services.data_generator:开始为依赖表 oms_order_item 生成数据
INFO:app.core.database:批量执行SQL，查询: INSERT INTO oms_order_item (id, order_id, product_sku, product_name, quantity, price) VALUES ($1, $2, $3, $4, $5, $6), 值数量: 1
INFO:app.core.database:连接数据库: 172.16.10.196:5432/db_house
INFO:app.core.database:批量执行SQL完成
INFO:app.services.data_generator:表 oms_order_item 已插入剩余 1 条记录并缓存主键值
INFO:app.services.data_generator:依赖表 oms_order_item 生成完成，记录数: 1
INFO:app.services.data_generator:数据生成完成，总记录数: 2
INFO:app.services.data_generator:退出 generate_data_for_tables 方法
INFO:app.services.data_generator:开始 generate_data_for_tables 方法
INFO:app.services.data_generator:独立表（阶段1）: ['oms_order']
INFO:app.services.data_generator:依赖表（阶段2）: ['oms_order_item']
INFO:app.services.data_generator:初始化数据库计数器
INFO:app.core.database:执行查询: SELECT MAX(id) FROM crawler_competitor_price, 参数: ()
INFO:app.core.database:连接数据库: 172.16.10.196:5432/db_house
INFO:app.core.database:查询执行成功
INFO:app.core.database:执行查询: SELECT MAX(id) FROM ext_market_trend, 参数: ()
INFO:app.core.database:连接数据库: 172.16.10.196:5432/db_house
INFO:app.core.database:查询执行成功
INFO:app.core.database:执行查询: SELECT MAX(id) FROM oms_order_item, 参数: ()
INFO:app.core.database:连接数据库: 172.16.10.196:5432/db_house
INFO:app.core.database:查询执行成功
INFO:app.services.data_generator:计数器初始化完成: {'crawler_competitor_price_id': 0, 'ext_market_trend_id': 0, 'oms_order_item_id': 53}
INFO:app.services.data_generator:开始处理日期: 2025-10-14
INFO:app.services.data_generator:当天计划生成记录数: 1
INFO:app.services.data_generator:已清空外键缓存
INFO:app.services.data_generator:=== 阶段1：生成独立表 ===
INFO:app.services.data_generator:开始为独立表 oms_order 生成数据
INFO:app.core.database:批量执行SQL，查询: INSERT INTO oms_order (order_id, order_channel, customer_code, order_amount, discount_amount, pay_amount, order_status, province, city, district, detail_address, order_time) VALUES ($1, $2, $3, $4, $5, $6, $7, $8, $9, $10, $11, $12), 值数量: 1
INFO:app.core.database:连接数据库: 172.16.10.196:5432/db_house
INFO:app.core.database:批量执行SQL完成
INFO:app.services.data_generator:表 oms_order 已插入剩余 1 条记录并缓存主键值
INFO:app.services.data_generator:独立表 oms_order 生成完成，记录数: 1
INFO:app.services.data_generator:=== 阶段2：生成依赖表 ===
INFO:app.services.data_generator:表依赖排序结果: ['oms_order_item']
INFO:app.services.data_generator:排序后的依赖表: ['oms_order_item']
INFO:app.services.data_generator:开始为依赖表 oms_order_item 生成数据
INFO:app.core.database:批量执行SQL，查询: INSERT INTO oms_order_item (id, order_id, product_sku, product_name, quantity, price) VALUES ($1, $2, $3, $4, $5, $6), 值数量: 1
INFO:app.core.database:连接数据库: 172.16.10.196:5432/db_house
INFO:app.core.database:批量执行SQL完成
INFO:app.services.data_generator:表 oms_order_item 已插入剩余 1 条记录并缓存主键值
INFO:app.services.data_generator:依赖表 oms_order_item 生成完成，记录数: 1
INFO:app.services.data_generator:数据生成完成，总记录数: 2
INFO:app.services.data_generator:退出 generate_data_for_tables 方法
INFO:app.services.data_generator:开始 generate_data_for_tables 方法
INFO:app.services.data_generator:独立表（阶段1）: ['oms_order']
INFO:app.services.data_generator:依赖表（阶段2）: ['oms_order_item']
INFO:app.services.data_generator:初始化数据库计数器
INFO:app.core.database:执行查询: SELECT MAX(id) FROM crawler_competitor_price, 参数: ()
INFO:app.core.database:连接数据库: 172.16.10.196:5432/db_house
INFO:app.core.database:查询执行成功
INFO:app.core.database:执行查询: SELECT MAX(id) FROM ext_market_trend, 参数: ()
INFO:app.core.database:连接数据库: 172.16.10.196:5432/db_house
INFO:app.core.database:查询执行成功
INFO:app.core.database:执行查询: SELECT MAX(id) FROM oms_order_item, 参数: ()
INFO:app.core.database:连接数据库: 172.16.10.196:5432/db_house
INFO:app.core.database:查询执行成功
INFO:app.services.data_generator:计数器初始化完成: {'crawler_competitor_price_id': 0, 'ext_market_trend_id': 0, 'oms_order_item_id': 54}
INFO:app.services.data_generator:开始处理日期: 2025-10-14
INFO:app.services.data_generator:当天计划生成记录数: 1
INFO:app.services.data_generator:已清空外键缓存
INFO:app.services.data_generator:=== 阶段1：生成独立表 ===
INFO:app.services.data_generator:开始为独立表 oms_order 生成数据
INFO:app.core.database:批量执行SQL，查询: INSERT INTO oms_order (order_id, order_channel, customer_code, order_amount, discount_amount, pay_amount, order_status, province, city, district, detail_address, order_time) VALUES ($1, $2, $3, $4, $5, $6, $7, $8, $9, $10, $11, $12), 值数量: 1
INFO:app.core.database:连接数据库: 172.16.10.196:5432/db_house
INFO:app.core.database:批量执行SQL完成
INFO:app.services.data_generator:表 oms_order 已插入剩余 1 条记录并缓存主键值
INFO:app.services.data_generator:独立表 oms_order 生成完成，记录数: 1
INFO:app.services.data_generator:=== 阶段2：生成依赖表 ===
INFO:app.services.data_generator:表依赖排序结果: ['oms_order_item']
INFO:app.services.data_generator:排序后的依赖表: ['oms_order_item']
INFO:app.services.data_generator:开始为依赖表 oms_order_item 生成数据
INFO:app.core.database:批量执行SQL，查询: INSERT INTO oms_order_item (id, order_id, product_sku, product_name, quantity, price) VALUES ($1, $2, $3, $4, $5, $6), 值数量: 1
INFO:app.core.database:连接数据库: 172.16.10.196:5432/db_house
INFO:app.core.database:批量执行SQL完成
INFO:app.services.data_generator:表 oms_order_item 已插入剩余 1 条记录并缓存主键值
INFO:app.services.data_generator:依赖表 oms_order_item 生成完成，记录数: 1
INFO:app.services.data_generator:数据生成完成，总记录数: 2
INFO:app.services.data_generator:退出 generate_data_for_tables 方法
INFO:app.services.data_generator:开始 generate_data_for_tables 方法
INFO:app.services.data_generator:独立表（阶段1）: ['oms_order']
INFO:app.services.data_generator:依赖表（阶段2）: ['oms_order_item']
INFO:app.services.data_generator:初始化数据库计数器
INFO:app.core.database:执行查询: SELECT MAX(id) FROM crawler_competitor_price, 参数: ()
INFO:app.core.database:连接数据库: 172.16.10.196:5432/db_house
INFO:app.core.database:查询执行成功
INFO:app.core.database:执行查询: SELECT MAX(id) FROM ext_market_trend, 参数: ()
INFO:app.core.database:连接数据库: 172.16.10.196:5432/db_house
INFO:app.core.database:查询执行成功
INFO:app.core.database:执行查询: SELECT MAX(id) FROM oms_order_item, 参数: ()
INFO:app.core.database:连接数据库: 172.16.10.196:5432/db_house
INFO:app.core.database:查询执行成功
INFO:app.services.data_generator:计数器初始化完成: {'crawler_competitor_price_id': 0, 'ext_market_trend_id': 0, 'oms_order_item_id': 55}
INFO:app.services.data_generator:开始处理日期: 2025-10-14
INFO:app.services.data_generator:当天计划生成记录数: 1
INFO:app.services.data_generator:已清空外键缓存
INFO:app.services.data_generator:=== 阶段1：生成独立表 ===
INFO:app.services.data_generator:开始为独立表 oms_order 生成数据
INFO:app.core.database:批量执行SQL，查询: INSERT INTO oms_order (order_id, order_channel, customer_code, order_amount, discount_amount, pay_amount, order_status, province, city, district, detail_address, order_time) VALUES ($1, $2, $3, $4, $5, $6, $7, $8, $9, $10, $11, $12), 值数量: 1
INFO:app.core.database:连接数据库: 172.16.10.196:5432/db_house
INFO:app.core.database:批量执行SQL完成
INFO:app.services.data_generator:表 oms_order 已插入剩余 1 条记录并缓存主键值
INFO:app.services.data_generator:独立表 oms_order 生成完成，记录数: 1
INFO:app.services.data_generator:=== 阶段2：生成依赖表 ===
INFO:app.services.data_generator:表依赖排序结果: ['oms_order_item']
INFO:app.services.data_generator:排序后的依赖表: ['oms_order_item']
INFO:app.services.data_generator:开始为依赖表 oms_order_item 生成数据
INFO:app.core.database:批量执行SQL，查询: INSERT INTO oms_order_item (id, order_id, product_sku, product_name, quantity, price) VALUES ($1, $2, $3, $4, $5, $6), 值数量: 1
INFO:app.core.database:连接数据库: 172.16.10.196:5432/db_house
INFO:app.core.database:批量执行SQL完成
INFO:app.services.data_generator:表 oms_order_item 已插入剩余 1 条记录并缓存主键值
INFO:app.services.data_generator:依赖表 oms_order_item 生成完成，记录数: 1
INFO:app.services.data_generator:数据生成完成，总记录数: 2
INFO:app.services.data_generator:退出 generate_data_for_tables 方法
INFO:app.services.data_generator:开始 generate_data_for_tables 方法
INFO:app.services.data_generator:独立表（阶段1）: ['oms_order']
INFO:app.services.data_generator:依赖表（阶段2）: ['oms_order_item']
INFO:app.services.data_generator:初始化数据库计数器
INFO:app.core.database:执行查询: SELECT MAX(id) FROM crawler_competitor_price, 参数: ()
INFO:app.core.database:连接数据库: 172.16.10.196:5432/db_house
INFO:app.core.database:查询执行成功
INFO:app.core.database:执行查询: SELECT MAX(id) FROM ext_market_trend, 参数: ()
INFO:app.core.database:连接数据库: 172.16.10.196:5432/db_house
INFO:app.core.database:查询执行成功
INFO:app.core.database:执行查询: SELECT MAX(id) FROM oms_order_item, 参数: ()
INFO:app.core.database:连接数据库: 172.16.10.196:5432/db_house
INFO:app.core.database:查询执行成功
INFO:app.services.data_generator:计数器初始化完成: {'crawler_competitor_price_id': 0, 'ext_market_trend_id': 0, 'oms_order_item_id': 56}
INFO:app.services.data_generator:开始处理日期: 2025-10-14
INFO:app.services.data_generator:当天计划生成记录数: 1
INFO:app.services.data_generator:已清空外键缓存
INFO:app.services.data_generator:=== 阶段1：生成独立表 ===
INFO:app.services.data_generator:开始为独立表 oms_order 生成数据
INFO:app.core.database:批量执行SQL，查询: INSERT INTO oms_order (order_id, order_channel, customer_code, order_amount, discount_amount, pay_amount, order_status, province, city, district, detail_address, order_time) VALUES ($1, $2, $3, $4, $5, $6, $7, $8, $9, $10, $11, $12), 值数量: 1
INFO:app.core.database:连接数据库: 172.16.10.196:5432/db_house
INFO:app.core.database:批量执行SQL完成
INFO:app.services.data_generator:表 oms_order 已插入剩余 1 条记录并缓存主键值
INFO:app.services.data_generator:独立表 oms_order 生成完成，记录数: 1
INFO:app.services.data_generator:=== 阶段2：生成依赖表 ===
INFO:app.services.data_generator:表依赖排序结果: ['oms_order_item']
INFO:app.services.data_generator:排序后的依赖表: ['oms_order_item']
INFO:app.services.data_generator:开始为依赖表 oms_order_item 生成数据
INFO:app.core.database:批量执行SQL，查询: INSERT INTO oms_order_item (id, order_id, product_sku, product_name, quantity, price) VALUES ($1, $2, $3, $4, $5, $6), 值数量: 1
INFO:app.core.database:连接数据库: 172.16.10.196:5432/db_house
INFO:app.core.database:批量执行SQL完成
INFO:app.services.data_generator:表 oms_order_item 已插入剩余 1 条记录并缓存主键值
INFO:app.services.data_generator:依赖表 oms_order_item 生成完成，记录数: 1
INFO:app.services.data_generator:数据生成完成，总记录数: 2
INFO:app.services.data_generator:退出 generate_data_for_tables 方法
INFO:app.services.data_generator:开始 generate_data_for_tables 方法
INFO:app.services.data_generator:独立表（阶段1）: ['oms_order']
INFO:app.services.data_generator:依赖表（阶段2）: ['oms_order_item']
INFO:app.services.data_generator:初始化数据库计数器
INFO:app.core.database:执行查询: SELECT MAX(id) FROM crawler_competitor_price, 参数: ()
INFO:app.core.database:连接数据库: 172.16.10.196:5432/db_house
INFO:app.core.database:查询执行成功
INFO:app.core.database:执行查询: SELECT MAX(id) FROM ext_market_trend, 参数: ()
INFO:app.core.database:连接数据库: 172.16.10.196:5432/db_house
INFO:app.core.database:查询执行成功
INFO:app.core.database:执行查询: SELECT MAX(id) FROM oms_order_item, 参数: ()
INFO:app.core.database:连接数据库: 172.16.10.196:5432/db_house
INFO:app.core.database:查询执行成功
INFO:app.services.data_generator:计数器初始化完成: {'crawler_competitor_price_id': 0, 'ext_market_trend_id': 0, 'oms_order_item_id': 57}
INFO:app.services.data_generator:开始处理日期: 2025-10-14
INFO:app.services.data_generator:当天计划生成记录数: 1
INFO:app.services.data_generator:已清空外键缓存
INFO:app.services.data_generator:=== 阶段1：生成独立表 ===
INFO:app.services.data_generator:开始为独立表 oms_order 生成数据
INFO:app.core.database:批量执行SQL，查询: INSERT INTO oms_order (order_id, order_channel, customer_code, order_amount, discount_amount, pay_amount, order_status, province, city, district, detail_address, order_time) VALUES ($1, $2, $3, $4, $5, $6, $7, $8, $9, $10, $11, $12), 值数量: 1
INFO:app.core.database:连接数据库: 172.16.10.196:5432/db_house
INFO:app.core.database:批量执行SQL完成
INFO:app.services.data_generator:表 oms_order 已插入剩余 1 条记录并缓存主键值
INFO:app.services.data_generator:独立表 oms_order 生成完成，记录数: 1
INFO:app.services.data_generator:=== 阶段2：生成依赖表 ===
INFO:app.services.data_generator:表依赖排序结果: ['oms_order_item']
INFO:app.services.data_generator:排序后的依赖表: ['oms_order_item']
INFO:app.services.data_generator:开始为依赖表 oms_order_item 生成数据
INFO:app.core.database:批量执行SQL，查询: INSERT INTO oms_order_item (id, order_id, product_sku, product_name, quantity, price) VALUES ($1, $2, $3, $4, $5, $6), 值数量: 1
INFO:app.core.database:连接数据库: 172.16.10.196:5432/db_house
INFO:app.core.database:批量执行SQL完成
INFO:app.services.data_generator:表 oms_order_item 已插入剩余 1 条记录并缓存主键值
INFO:app.services.data_generator:依赖表 oms_order_item 生成完成，记录数: 1
INFO:app.services.data_generator:数据生成完成，总记录数: 2
INFO:app.services.data_generator:退出 generate_data_for_tables 方法
INFO:app.services.data_generator:开始 generate_data_for_tables 方法
INFO:app.services.data_generator:独立表（阶段1）: ['oms_order']
INFO:app.services.data_generator:依赖表（阶段2）: ['oms_order_item']
INFO:app.services.data_generator:初始化数据库计数器
INFO:app.core.database:执行查询: SELECT MAX(id) FROM crawler_competitor_price, 参数: ()
INFO:app.core.database:连接数据库: 172.16.10.196:5432/db_house
INFO:app.core.database:查询执行成功
INFO:app.core.database:执行查询: SELECT MAX(id) FROM ext_market_trend, 参数: ()
INFO:app.core.database:连接数据库: 172.16.10.196:5432/db_house
INFO:app.core.database:查询执行成功
INFO:app.core.database:执行查询: SELECT MAX(id) FROM oms_order_item, 参数: ()
INFO:app.core.database:连接数据库: 172.16.10.196:5432/db_house
INFO:app.core.database:查询执行成功
INFO:app.services.data_generator:计数器初始化完成: {'crawler_competitor_price_id': 0, 'ext_market_trend_id': 0, 'oms_order_item_id': 58}
INFO:app.services.data_generator:开始处理日期: 2025-10-14
INFO:app.services.data_generator:当天计划生成记录数: 1
INFO:app.services.data_generator:已清空外键缓存
INFO:app.services.data_generator:=== 阶段1：生成独立表 ===
INFO:app.services.data_generator:开始为独立表 oms_order 生成数据
INFO:app.core.database:批量执行SQL，查询: INSERT INTO oms_order (order_id, order_channel, customer_code, order_amount, discount_amount, pay_amount, order_status, province, city, district, detail_address, order_time) VALUES ($1, $2, $3, $4, $5, $6, $7, $8, $9, $10, $11, $12), 值数量: 1
INFO:app.core.database:连接数据库: 172.16.10.196:5432/db_house
INFO:app.core.database:批量执行SQL完成
INFO:app.services.data_generator:表 oms_order 已插入剩余 1 条记录并缓存主键值
INFO:app.services.data_generator:独立表 oms_order 生成完成，记录数: 1
INFO:app.services.data_generator:=== 阶段2：生成依赖表 ===
INFO:app.services.data_generator:表依赖排序结果: ['oms_order_item']
INFO:app.services.data_generator:排序后的依赖表: ['oms_order_item']
INFO:app.services.data_generator:开始为依赖表 oms_order_item 生成数据
INFO:app.core.database:批量执行SQL，查询: INSERT INTO oms_order_item (id, order_id, product_sku, product_name, quantity, price) VALUES ($1, $2, $3, $4, $5, $6), 值数量: 1
INFO:app.core.database:连接数据库: 172.16.10.196:5432/db_house
INFO:app.core.database:批量执行SQL完成
INFO:app.services.data_generator:表 oms_order_item 已插入剩余 1 条记录并缓存主键值
INFO:app.services.data_generator:依赖表 oms_order_item 生成完成，记录数: 1
INFO:app.services.data_generator:数据生成完成，总记录数: 2
INFO:app.services.data_generator:退出 generate_data_for_tables 方法
INFO:app.services.data_generator:开始 generate_data_for_tables 方法
INFO:app.services.data_generator:独立表（阶段1）: ['oms_order']
INFO:app.services.data_generator:依赖表（阶段2）: ['oms_order_item']
INFO:app.services.data_generator:初始化数据库计数器
INFO:app.core.database:执行查询: SELECT MAX(id) FROM crawler_competitor_price, 参数: ()
INFO:app.core.database:连接数据库: 172.16.10.196:5432/db_house
INFO:app.core.database:查询执行成功
INFO:app.core.database:执行查询: SELECT MAX(id) FROM ext_market_trend, 参数: ()
INFO:app.core.database:连接数据库: 172.16.10.196:5432/db_house
INFO:app.core.database:查询执行成功
INFO:app.core.database:执行查询: SELECT MAX(id) FROM oms_order_item, 参数: ()
INFO:app.core.database:连接数据库: 172.16.10.196:5432/db_house
INFO:app.core.database:查询执行成功
INFO:app.services.data_generator:计数器初始化完成: {'crawler_competitor_price_id': 0, 'ext_market_trend_id': 0, 'oms_order_item_id': 59}
INFO:app.services.data_generator:开始处理日期: 2025-10-14
INFO:app.services.data_generator:当天计划生成记录数: 1
INFO:app.services.data_generator:已清空外键缓存
INFO:app.services.data_generator:=== 阶段1：生成独立表 ===
INFO:app.services.data_generator:开始为独立表 oms_order 生成数据
INFO:app.core.database:批量执行SQL，查询: INSERT INTO oms_order (order_id, order_channel, customer_code, order_amount, discount_amount, pay_amount, order_status, province, city, district, detail_address, order_time) VALUES ($1, $2, $3, $4, $5, $6, $7, $8, $9, $10, $11, $12), 值数量: 1
INFO:app.core.database:连接数据库: 172.16.10.196:5432/db_house
INFO:app.core.database:批量执行SQL完成
INFO:app.services.data_generator:表 oms_order 已插入剩余 1 条记录并缓存主键值
INFO:app.services.data_generator:独立表 oms_order 生成完成，记录数: 1
INFO:app.services.data_generator:=== 阶段2：生成依赖表 ===
INFO:app.services.data_generator:表依赖排序结果: ['oms_order_item']
INFO:app.services.data_generator:排序后的依赖表: ['oms_order_item']
INFO:app.services.data_generator:开始为依赖表 oms_order_item 生成数据
INFO:app.core.database:批量执行SQL，查询: INSERT INTO oms_order_item (id, order_id, product_sku, product_name, quantity, price) VALUES ($1, $2, $3, $4, $5, $6), 值数量: 1
INFO:app.core.database:连接数据库: 172.16.10.196:5432/db_house
INFO:app.core.database:批量执行SQL完成
INFO:app.services.data_generator:表 oms_order_item 已插入剩余 1 条记录并缓存主键值
INFO:app.services.data_generator:依赖表 oms_order_item 生成完成，记录数: 1
INFO:app.services.data_generator:数据生成完成，总记录数: 2
INFO:app.services.data_generator:退出 generate_data_for_tables 方法
INFO:app.services.data_generator:开始 generate_data_for_tables 方法
INFO:app.services.data_generator:独立表（阶段1）: ['oms_order']
INFO:app.services.data_generator:依赖表（阶段2）: ['oms_order_item']
INFO:app.services.data_generator:初始化数据库计数器
INFO:app.core.database:执行查询: SELECT MAX(id) FROM crawler_competitor_price, 参数: ()
INFO:app.core.database:连接数据库: 172.16.10.196:5432/db_house
INFO:app.core.database:查询执行成功
INFO:app.core.database:执行查询: SELECT MAX(id) FROM ext_market_trend, 参数: ()
INFO:app.core.database:连接数据库: 172.16.10.196:5432/db_house
INFO:app.core.database:查询执行成功
INFO:app.core.database:执行查询: SELECT MAX(id) FROM oms_order_item, 参数: ()
INFO:app.core.database:连接数据库: 172.16.10.196:5432/db_house
INFO:app.core.database:查询执行成功
INFO:app.services.data_generator:计数器初始化完成: {'crawler_competitor_price_id': 0, 'ext_market_trend_id': 0, 'oms_order_item_id': 60}
INFO:app.services.data_generator:开始处理日期: 2025-10-14
INFO:app.services.data_generator:当天计划生成记录数: 1
INFO:app.services.data_generator:已清空外键缓存
INFO:app.services.data_generator:=== 阶段1：生成独立表 ===
INFO:app.services.data_generator:开始为独立表 oms_order 生成数据
INFO:app.core.database:批量执行SQL，查询: INSERT INTO oms_order (order_id, order_channel, customer_code, order_amount, discount_amount, pay_amount, order_status, province, city, district, detail_address, order_time) VALUES ($1, $2, $3, $4, $5, $6, $7, $8, $9, $10, $11, $12), 值数量: 1
INFO:app.core.database:连接数据库: 172.16.10.196:5432/db_house
INFO:app.core.database:批量执行SQL完成
INFO:app.services.data_generator:表 oms_order 已插入剩余 1 条记录并缓存主键值
INFO:app.services.data_generator:独立表 oms_order 生成完成，记录数: 1
INFO:app.services.data_generator:=== 阶段2：生成依赖表 ===
INFO:app.services.data_generator:表依赖排序结果: ['oms_order_item']
INFO:app.services.data_generator:排序后的依赖表: ['oms_order_item']
INFO:app.services.data_generator:开始为依赖表 oms_order_item 生成数据
INFO:app.core.database:批量执行SQL，查询: INSERT INTO oms_order_item (id, order_id, product_sku, product_name, quantity, price) VALUES ($1, $2, $3, $4, $5, $6), 值数量: 1
INFO:app.core.database:连接数据库: 172.16.10.196:5432/db_house
INFO:app.core.database:批量执行SQL完成
INFO:app.services.data_generator:表 oms_order_item 已插入剩余 1 条记录并缓存主键值
INFO:app.services.data_generator:依赖表 oms_order_item 生成完成，记录数: 1
INFO:app.services.data_generator:数据生成完成，总记录数: 2
INFO:app.services.data_generator:退出 generate_data_for_tables 方法
INFO:app.services.data_generator:开始 generate_data_for_tables 方法
INFO:app.services.data_generator:独立表（阶段1）: ['oms_order']
INFO:app.services.data_generator:依赖表（阶段2）: ['oms_order_item']
INFO:app.services.data_generator:初始化数据库计数器
INFO:app.core.database:执行查询: SELECT MAX(id) FROM crawler_competitor_price, 参数: ()
INFO:app.core.database:连接数据库: 172.16.10.196:5432/db_house
INFO:app.core.database:查询执行成功
INFO:app.core.database:执行查询: SELECT MAX(id) FROM ext_market_trend, 参数: ()
INFO:app.core.database:连接数据库: 172.16.10.196:5432/db_house
INFO:app.core.database:查询执行成功
INFO:app.core.database:执行查询: SELECT MAX(id) FROM oms_order_item, 参数: ()
INFO:app.core.database:连接数据库: 172.16.10.196:5432/db_house
INFO:app.core.database:查询执行成功
INFO:app.services.data_generator:计数器初始化完成: {'crawler_competitor_price_id': 0, 'ext_market_trend_id': 0, 'oms_order_item_id': 61}
INFO:app.services.data_generator:开始处理日期: 2025-10-14
INFO:app.services.data_generator:当天计划生成记录数: 1
INFO:app.services.data_generator:已清空外键缓存
INFO:app.services.data_generator:=== 阶段1：生成独立表 ===
INFO:app.services.data_generator:开始为独立表 oms_order 生成数据
INFO:app.core.database:批量执行SQL，查询: INSERT INTO oms_order (order_id, order_channel, customer_code, order_amount, discount_amount, pay_amount, order_status, province, city, district, detail_address, order_time) VALUES ($1, $2, $3, $4, $5, $6, $7, $8, $9, $10, $11, $12), 值数量: 1
INFO:app.core.database:连接数据库: 172.16.10.196:5432/db_house
INFO:app.core.database:批量执行SQL完成
INFO:app.services.data_generator:表 oms_order 已插入剩余 1 条记录并缓存主键值
INFO:app.services.data_generator:独立表 oms_order 生成完成，记录数: 1
INFO:app.services.data_generator:=== 阶段2：生成依赖表 ===
INFO:app.services.data_generator:表依赖排序结果: ['oms_order_item']
INFO:app.services.data_generator:排序后的依赖表: ['oms_order_item']
INFO:app.services.data_generator:开始为依赖表 oms_order_item 生成数据
INFO:app.core.database:批量执行SQL，查询: INSERT INTO oms_order_item (id, order_id, product_sku, product_name, quantity, price) VALUES ($1, $2, $3, $4, $5, $6), 值数量: 1
INFO:app.core.database:连接数据库: 172.16.10.196:5432/db_house
INFO:app.core.database:批量执行SQL完成
INFO:app.services.data_generator:表 oms_order_item 已插入剩余 1 条记录并缓存主键值
INFO:app.services.data_generator:依赖表 oms_order_item 生成完成，记录数: 1
INFO:app.services.data_generator:数据生成完成，总记录数: 2
INFO:app.services.data_generator:退出 generate_data_for_tables 方法
INFO:app.services.data_generator:开始 generate_data_for_tables 方法
INFO:app.services.data_generator:独立表（阶段1）: ['oms_order']
INFO:app.services.data_generator:依赖表（阶段2）: ['oms_order_item']
INFO:app.services.data_generator:初始化数据库计数器
INFO:app.core.database:执行查询: SELECT MAX(id) FROM crawler_competitor_price, 参数: ()
INFO:app.core.database:连接数据库: 172.16.10.196:5432/db_house
INFO:app.core.database:查询执行成功
INFO:app.core.database:执行查询: SELECT MAX(id) FROM ext_market_trend, 参数: ()
INFO:app.core.database:连接数据库: 172.16.10.196:5432/db_house
INFO:app.core.database:查询执行成功
INFO:app.core.database:执行查询: SELECT MAX(id) FROM oms_order_item, 参数: ()
INFO:app.core.database:连接数据库: 172.16.10.196:5432/db_house
INFO:app.core.database:查询执行成功
INFO:app.services.data_generator:计数器初始化完成: {'crawler_competitor_price_id': 0, 'ext_market_trend_id': 0, 'oms_order_item_id': 62}
INFO:app.services.data_generator:开始处理日期: 2025-10-14
INFO:app.services.data_generator:当天计划生成记录数: 1
INFO:app.services.data_generator:已清空外键缓存
INFO:app.services.data_generator:=== 阶段1：生成独立表 ===
INFO:app.services.data_generator:开始为独立表 oms_order 生成数据
INFO:app.core.database:批量执行SQL，查询: INSERT INTO oms_order (order_id, order_channel, customer_code, order_amount, discount_amount, pay_amount, order_status, province, city, district, detail_address, order_time) VALUES ($1, $2, $3, $4, $5, $6, $7, $8, $9, $10, $11, $12), 值数量: 1
INFO:app.core.database:连接数据库: 172.16.10.196:5432/db_house
INFO:app.core.database:批量执行SQL完成
INFO:app.services.data_generator:表 oms_order 已插入剩余 1 条记录并缓存主键值
INFO:app.services.data_generator:独立表 oms_order 生成完成，记录数: 1
INFO:app.services.data_generator:=== 阶段2：生成依赖表 ===
INFO:app.services.data_generator:表依赖排序结果: ['oms_order_item']
INFO:app.services.data_generator:排序后的依赖表: ['oms_order_item']
INFO:app.services.data_generator:开始为依赖表 oms_order_item 生成数据
INFO:app.core.database:批量执行SQL，查询: INSERT INTO oms_order_item (id, order_id, product_sku, product_name, quantity, price) VALUES ($1, $2, $3, $4, $5, $6), 值数量: 1
INFO:app.core.database:连接数据库: 172.16.10.196:5432/db_house
INFO:app.core.database:批量执行SQL完成
INFO:app.services.data_generator:表 oms_order_item 已插入剩余 1 条记录并缓存主键值
INFO:app.services.data_generator:依赖表 oms_order_item 生成完成，记录数: 1
INFO:app.services.data_generator:数据生成完成，总记录数: 2
INFO:app.services.data_generator:退出 generate_data_for_tables 方法
INFO:app.services.data_generator:开始 generate_data_for_tables 方法
INFO:app.services.data_generator:独立表（阶段1）: ['oms_order']
INFO:app.services.data_generator:依赖表（阶段2）: ['oms_order_item']
INFO:app.services.data_generator:初始化数据库计数器
INFO:app.core.database:执行查询: SELECT MAX(id) FROM crawler_competitor_price, 参数: ()
INFO:app.core.database:连接数据库: 172.16.10.196:5432/db_house
INFO:app.core.database:查询执行成功
INFO:app.core.database:执行查询: SELECT MAX(id) FROM ext_market_trend, 参数: ()
INFO:app.core.database:连接数据库: 172.16.10.196:5432/db_house
INFO:app.core.database:查询执行成功
INFO:app.core.database:执行查询: SELECT MAX(id) FROM oms_order_item, 参数: ()
INFO:app.core.database:连接数据库: 172.16.10.196:5432/db_house
INFO:app.core.database:查询执行成功
INFO:app.services.data_generator:计数器初始化完成: {'crawler_competitor_price_id': 0, 'ext_market_trend_id': 0, 'oms_order_item_id': 63}
INFO:app.services.data_generator:开始处理日期: 2025-10-14
INFO:app.services.data_generator:当天计划生成记录数: 1
INFO:app.services.data_generator:已清空外键缓存
INFO:app.services.data_generator:=== 阶段1：生成独立表 ===
INFO:app.services.data_generator:开始为独立表 oms_order 生成数据
INFO:app.core.database:批量执行SQL，查询: INSERT INTO oms_order (order_id, order_channel, customer_code, order_amount, discount_amount, pay_amount, order_status, province, city, district, detail_address, order_time) VALUES ($1, $2, $3, $4, $5, $6, $7, $8, $9, $10, $11, $12), 值数量: 1
INFO:app.core.database:连接数据库: 172.16.10.196:5432/db_house
INFO:app.core.database:批量执行SQL完成
INFO:app.services.data_generator:表 oms_order 已插入剩余 1 条记录并缓存主键值
INFO:app.services.data_generator:独立表 oms_order 生成完成，记录数: 1
INFO:app.services.data_generator:=== 阶段2：生成依赖表 ===
INFO:app.services.data_generator:表依赖排序结果: ['oms_order_item']
INFO:app.services.data_generator:排序后的依赖表: ['oms_order_item']
INFO:app.services.data_generator:开始为依赖表 oms_order_item 生成数据
INFO:app.core.database:批量执行SQL，查询: INSERT INTO oms_order_item (id, order_id, product_sku, product_name, quantity, price) VALUES ($1, $2, $3, $4, $5, $6), 值数量: 1
INFO:app.core.database:连接数据库: 172.16.10.196:5432/db_house
INFO:app.core.database:批量执行SQL完成
INFO:app.services.data_generator:表 oms_order_item 已插入剩余 1 条记录并缓存主键值
INFO:app.services.data_generator:依赖表 oms_order_item 生成完成，记录数: 1
INFO:app.services.data_generator:数据生成完成，总记录数: 2
INFO:app.services.data_generator:退出 generate_data_for_tables 方法
INFO:app.services.data_generator:开始 generate_data_for_tables 方法
INFO:app.services.data_generator:独立表（阶段1）: ['oms_order']
INFO:app.services.data_generator:依赖表（阶段2）: ['oms_order_item']
INFO:app.services.data_generator:初始化数据库计数器
INFO:app.core.database:执行查询: SELECT MAX(id) FROM crawler_competitor_price, 参数: ()
INFO:app.core.database:连接数据库: 172.16.10.196:5432/db_house
INFO:app.core.database:查询执行成功
INFO:app.core.database:执行查询: SELECT MAX(id) FROM ext_market_trend, 参数: ()
INFO:app.core.database:连接数据库: 172.16.10.196:5432/db_house
INFO:app.core.database:查询执行成功
INFO:app.core.database:执行查询: SELECT MAX(id) FROM oms_order_item, 参数: ()
INFO:app.core.database:连接数据库: 172.16.10.196:5432/db_house
INFO:app.core.database:查询执行成功
INFO:app.services.data_generator:计数器初始化完成: {'crawler_competitor_price_id': 0, 'ext_market_trend_id': 0, 'oms_order_item_id': 64}
INFO:app.services.data_generator:开始处理日期: 2025-10-14
INFO:app.services.data_generator:当天计划生成记录数: 1
INFO:app.services.data_generator:已清空外键缓存
INFO:app.services.data_generator:=== 阶段1：生成独立表 ===
INFO:app.services.data_generator:开始为独立表 oms_order 生成数据
INFO:app.core.database:批量执行SQL，查询: INSERT INTO oms_order (order_id, order_channel, customer_code, order_amount, discount_amount, pay_amount, order_status, province, city, district, detail_address, order_time) VALUES ($1, $2, $3, $4, $5, $6, $7, $8, $9, $10, $11, $12), 值数量: 1
INFO:app.core.database:连接数据库: 172.16.10.196:5432/db_house
INFO:app.core.database:批量执行SQL完成
INFO:app.services.data_generator:表 oms_order 已插入剩余 1 条记录并缓存主键值
INFO:app.services.data_generator:独立表 oms_order 生成完成，记录数: 1
INFO:app.services.data_generator:=== 阶段2：生成依赖表 ===
INFO:app.services.data_generator:表依赖排序结果: ['oms_order_item']
INFO:app.services.data_generator:排序后的依赖表: ['oms_order_item']
INFO:app.services.data_generator:开始为依赖表 oms_order_item 生成数据
INFO:app.core.database:批量执行SQL，查询: INSERT INTO oms_order_item (id, order_id, product_sku, product_name, quantity, price) VALUES ($1, $2, $3, $4, $5, $6), 值数量: 1
INFO:app.core.database:连接数据库: 172.16.10.196:5432/db_house
INFO:app.core.database:批量执行SQL完成
INFO:app.services.data_generator:表 oms_order_item 已插入剩余 1 条记录并缓存主键值
INFO:app.services.data_generator:依赖表 oms_order_item 生成完成，记录数: 1
INFO:app.services.data_generator:数据生成完成，总记录数: 2
INFO:app.services.data_generator:退出 generate_data_for_tables 方法
INFO:app.services.data_generator:开始 generate_data_for_tables 方法
INFO:app.services.data_generator:独立表（阶段1）: ['oms_order']
INFO:app.services.data_generator:依赖表（阶段2）: ['oms_order_item']
INFO:app.services.data_generator:初始化数据库计数器
INFO:app.core.database:执行查询: SELECT MAX(id) FROM crawler_competitor_price, 参数: ()
INFO:app.core.database:连接数据库: 172.16.10.196:5432/db_house
INFO:app.core.database:查询执行成功
INFO:app.core.database:执行查询: SELECT MAX(id) FROM ext_market_trend, 参数: ()
INFO:app.core.database:连接数据库: 172.16.10.196:5432/db_house
INFO:app.core.database:查询执行成功
INFO:app.core.database:执行查询: SELECT MAX(id) FROM oms_order_item, 参数: ()
INFO:app.core.database:连接数据库: 172.16.10.196:5432/db_house
INFO:app.core.database:查询执行成功
INFO:app.services.data_generator:计数器初始化完成: {'crawler_competitor_price_id': 0, 'ext_market_trend_id': 0, 'oms_order_item_id': 65}
INFO:app.services.data_generator:开始处理日期: 2025-10-14
INFO:app.services.data_generator:当天计划生成记录数: 1
INFO:app.services.data_generator:已清空外键缓存
INFO:app.services.data_generator:=== 阶段1：生成独立表 ===
INFO:app.services.data_generator:开始为独立表 oms_order 生成数据
INFO:app.core.database:批量执行SQL，查询: INSERT INTO oms_order (order_id, order_channel, customer_code, order_amount, discount_amount, pay_amount, order_status, province, city, district, detail_address, order_time) VALUES ($1, $2, $3, $4, $5, $6, $7, $8, $9, $10, $11, $12), 值数量: 1
INFO:app.core.database:连接数据库: 172.16.10.196:5432/db_house
INFO:app.core.database:批量执行SQL完成
INFO:app.services.data_generator:表 oms_order 已插入剩余 1 条记录并缓存主键值
INFO:app.services.data_generator:独立表 oms_order 生成完成，记录数: 1
INFO:app.services.data_generator:=== 阶段2：生成依赖表 ===
INFO:app.services.data_generator:表依赖排序结果: ['oms_order_item']
INFO:app.services.data_generator:排序后的依赖表: ['oms_order_item']
INFO:app.services.data_generator:开始为依赖表 oms_order_item 生成数据
INFO:app.core.database:批量执行SQL，查询: INSERT INTO oms_order_item (id, order_id, product_sku, product_name, quantity, price) VALUES ($1, $2, $3, $4, $5, $6), 值数量: 1
INFO:app.core.database:连接数据库: 172.16.10.196:5432/db_house
INFO:app.core.database:批量执行SQL完成
INFO:app.services.data_generator:表 oms_order_item 已插入剩余 1 条记录并缓存主键值
INFO:app.services.data_generator:依赖表 oms_order_item 生成完成，记录数: 1
INFO:app.services.data_generator:数据生成完成，总记录数: 2
INFO:app.services.data_generator:退出 generate_data_for_tables 方法

[2025-10-14 10:45:52.266294] 📦 开始生成第 33 批数据...
[2025-10-14 10:45:52.352954] 📦 生成了 2 条记录
[2025-10-14 10:45:52.352979] ✅ 第 33 批数据生成完成
[2025-10-14 10:45:52.352984] ⏱️ 等待 1 秒后继续...
[2025-10-14 10:45:53.354107] 📦 开始生成第 34 批数据...
[2025-10-14 10:45:53.882052] 📦 生成了 2 条记录
[2025-10-14 10:45:53.882071] ✅ 第 34 批数据生成完成
[2025-10-14 10:45:53.882076] ⏱️ 等待 1 秒后继续...
[2025-10-14 10:45:54.883209] 📦 开始生成第 35 批数据...
[2025-10-14 10:45:55.179158] 📦 生成了 2 条记录
[2025-10-14 10:45:55.179214] ✅ 第 35 批数据生成完成
[2025-10-14 10:45:55.179223] ⏱️ 等待 1 秒后继续...
[2025-10-14 10:45:56.179630] 📦 开始生成第 36 批数据...
[2025-10-14 10:45:56.521266] 📦 生成了 2 条记录
[2025-10-14 10:45:56.521286] ✅ 第 36 批数据生成完成
[2025-10-14 10:45:56.521290] ⏱️ 等待 1 秒后继续...
[2025-10-14 10:45:57.522455] 📦 开始生成第 37 批数据...
[2025-10-14 10:45:57.608513] 📦 生成了 2 条记录
[2025-10-14 10:45:57.608529] ✅ 第 37 批数据生成完成
[2025-10-14 10:45:57.608533] ⏱️ 等待 1 秒后继续...
[2025-10-14 10:45:58.608912] 📦 开始生成第 38 批数据...
[2025-10-14 10:45:58.666545] 📦 生成了 2 条记录
[2025-10-14 10:45:58.666561] ✅ 第 38 批数据生成完成
[2025-10-14 10:45:58.666565] ⏱️ 等待 1 秒后继续...
[2025-10-14 10:45:59.667510] 📦 开始生成第 39 批数据...
[2025-10-14 10:45:59.969405] 📦 生成了 2 条记录
[2025-10-14 10:45:59.969426] ✅ 第 39 批数据生成完成
[2025-10-14 10:45:59.969429] ⏱️ 等待 1 秒后继续...
[2025-10-14 10:46:00.970556] 📦 开始生成第 40 批数据...
[2025-10-14 10:46:01.235490] 📦 生成了 2 条记录
[2025-10-14 10:46:01.235521] ✅ 第 40 批数据生成完成
[2025-10-14 10:46:01.235530] ⏱️ 等待 1 秒后继续...
[2025-10-14 10:46:02.236908] 📦 开始生成第 41 批数据...
[2025-10-14 10:46:02.324339] 📦 生成了 2 条记录
[2025-10-14 10:46:02.324367] ✅ 第 41 批数据生成完成
[2025-10-14 10:46:02.324371] ⏱️ 等待 1 秒后继续...
[2025-10-14 10:46:03.325560] 📦 开始生成第 42 批数据...
[2025-10-14 10:46:03.376259] 📦 生成了 2 条记录
[2025-10-14 10:46:03.376288] ✅ 第 42 批数据生成完成
[2025-10-14 10:46:03.376302] ⏱️ 等待 1 秒后继续...
[2025-10-14 10:46:04.377411] 📦 开始生成第 43 批数据...
[2025-10-14 10:46:04.620188] 📦 生成了 2 条记录
[2025-10-14 10:46:04.620208] ✅ 第 43 批数据生成完成
[2025-10-14 10:46:04.620212] ⏱️ 等待 1 秒后继续...
[2025-10-14 10:46:05.621159] 📦 开始生成第 44 批数据...
[2025-10-14 10:46:06.798247] 📦 生成了 2 条记录
[2025-10-14 10:46:06.798268] ✅ 第 44 批数据生成完成
[2025-10-14 10:46:06.798272] ⏱️ 等待 1 秒后继续...
[2025-10-14 10:46:07.799421] 📦 开始生成第 45 批数据...
[2025-10-14 10:46:08.352303] 📦 生成了 2 条记录
[2025-10-14 10:46:08.352324] ✅ 第 45 批数据生成完成
[2025-10-14 10:46:08.352328] ⏱️ 等待 1 秒后继续...
[2025-10-14 10:46:09.353444] 📦 开始生成第 46 批数据...
[2025-10-14 10:46:09.665173] 📦 生成了 2 条记录
[2025-10-14 10:46:09.665194] ✅ 第 46 批数据生成完成
[2025-10-14 10:46:09.665199] ⏱️ 等待 1 秒后继续...
[2025-10-14 10:46:10.665726] 📦 开始生成第 47 批数据...
[2025-10-14 10:46:11.188374] 📦 生成了 2 条记录
[2025-10-14 10:46:11.188388] ✅ 第 47 批数据生成完成
[2025-10-14 10:46:11.188391] ⏱️ 等待 1 秒后继续...
[2025-10-14 10:46:12.188923] 📦 开始生成第 48 批数据...
[2025-10-14 10:46:12.792783] 📦 生成了 2 条记录
[2025-10-14 10:46:12.792802] ✅ 第 48 批数据生成完成
[2025-10-14 10:46:12.792806] ⏱️ 等待 1 秒后继续...
[2025-10-14 10:46:13.793972] 📦 开始生成第 49 批数据...
[2025-10-14 10:46:13.857023] 📦 生成了 2 条记录
[2025-10-14 10:46:13.857070] ✅ 第 49 批数据生成完成
[2025-10-14 10:46:13.857075] ⏱️ 等待 1 秒后继续...
[2025-10-14 10:46:14.857343] 📦 开始生成第 50 批数据...
[2025-10-14 10:46:15.420377] 📦 生成了 2 条记录
[2025-10-14 10:46:15.420398] ✅ 第 50 批数据生成完成
[2025-10-14 10:46:15.420403] ⏱️ 等待 1 秒后继续...
[2025-10-14 10:46:16.420910] 📦 开始生成第 51 批数据...
[2025-10-14 10:46:16.970552] 📦 生成了 2 条记录
[2025-10-14 10:46:16.970583] ✅ 第 51 批数据生成完成
[2025-10-14 10:46:16.970591] ⏱️ 等待 1 秒后继续...
[2025-10-14 10:46:17.971759] 📦 开始生成第 52 批数据...
[2025-10-14 10:46:18.176234] 📦 生成了 2 条记录
[2025-10-14 10:46:18.176254] ✅ 第 52 批数据生成完成
[2025-10-14 10:46:18.176258] ⏱️ 等待 1 秒后继续...
[2025-10-14 10:46:19.177388] 📦 开始生成第 53 批数据...
[2025-10-14 10:46:19.525374] 📦 生成了 2 条记录
[2025-10-14 10:46:19.525394] ✅ 第 53 批数据生成完成
[2025-10-14 10:46:19.525399] ⏱️ 等待 1 秒后继续...
[2025-10-14 10:46:20.526516] 📦 开始生成第 54 批数据...
[2025-10-14 10:46:20.824682] 📦 生成了 2 条记录
[2025-10-14 10:46:20.824703] ✅ 第 54 批数据生成完成
[2025-10-14 10:46:20.824706] ⏱️ 等待 1 秒后继续...
[2025-10-14 10:46:21.825615] 📦 开始生成第 55 批数据...
[2025-10-14 10:46:21.878175] 📦 生成了 2 条记录
[2025-10-14 10:46:21.878194] ✅ 第 55 批数据生成完成
[2025-10-14 10:46:21.878199] ⏱️ 等待 1 秒后继续...
[2025-10-14 10:46:22.879341] 📦 开始生成第 56 批数据...
[2025-10-14 10:46:22.938788] 📦 生成了 2 条记录
[2025-10-14 10:46:22.938806] ✅ 第 56 批数据生成完成
[2025-10-14 10:46:22.938810] ⏱️ 等待 1 秒后继续...
[2025-10-14 10:46:23.939897] 📦 开始生成第 57 批数据...
[2025-10-14 10:46:24.170348] 📦 生成了 2 条记录
[2025-10-14 10:46:24.170361] ✅ 第 57 批数据生成完成
[2025-10-14 10:46:24.170363] ⏱️ 等待 1 秒后继续...
[2025-10-14 10:46:25.171450] 📦 开始生成第 58 批数据...
[2025-10-14 10:46:25.385673] 📦 生成了 2 条记录
[2025-10-14 10:46:25.385690] ✅ 第 58 批数据生成完成
[2025-10-14 10:46:25.385693] ⏱️ 等待 1 秒后继续...
[2025-10-14 10:46:26.386843] 📦 开始生成第 59 批数据...
[2025-10-14 10:46:26.583554] 📦 生成了 2 条记录
[2025-10-14 10:46:26.583581] ✅ 第 59 批数据生成完成
[2025-10-14 10:46:26.583590] ⏱️ 等待 1 秒后继续...
[2025-10-14 10:46:27.588135] 📦 开始生成第 60 批数据...
[2025-10-14 10:46:27.663010] 📦 生成了 2 条记录
[2025-10-14 10:46:27.663038] ✅ 第 60 批数据生成完成
[2025-10-14 10:46:27.663042] ⏱️ 等待 1 秒后继续...
[2025-10-14 10:46:28.664217] 📦 开始生成第 61 批数据...
[2025-10-14 10:46:28.713051] 📦 生成了 2 条记录
[2025-10-14 10:46:28.713083] ✅ 第 61 批数据生成完成
[2025-10-14 10:46:28.713091] ⏱️ 等待 1 秒后继续...
[2025-10-14 10:46:29.714200] 📦 开始生成第 62 批数据...
[2025-10-14 10:46:30.033364] 📦 生成了 2 条记录
[2025-10-14 10:46:30.033391] ✅ 第 62 批数据生成完成
[2025-10-14 10:46:30.033399] ⏱️ 等待 1 秒后继续...
[2025-10-14 10:46:31.033799] 📦 开始生成第 63 批数据...
[2025-10-14 10:46:31.499284] 📦 生成了 2 条记录
[2025-10-14 10:46:31.499305] ✅ 第 63 批数据生成完成
[2025-10-14 10:46:31.499309] ⏱️ 等待 1 秒后继续...
[2025-10-14 10:46:32.500432] 📦 开始生成第 64 批数据...
[2025-10-14 10:46:32.705650] 📦 生成了 2 条记录
[2025-10-14 10:46:32.705669] ✅ 第 64 批数据生成完成
[2025-10-14 10:46:32.705673] ⏱️ 等待 1 秒后继续...
[2025-10-14 10:46:33.711326] 📦 开始生成第 65 批数据...
[2025-10-14 10:46:33.763299] 📦 生成了 2 条记录
[2025-10-14 10:46:33.763319] ✅ 第 65 批数据生成完成
[2025-10-14 10:46:33.763323] ⏱️ 等待 1 秒后继续...
[2025-10-14 10:46:34.764469] 📦 开始生成第 66 批数据...
[2025-10-14 10:46:34.812317] 📦 生成了 2 条记录INFO:app.services.data_generator:开始 generate_data_for_tables 方法
INFO:app.services.data_generator:独立表（阶段1）: ['oms_order']
INFO:app.services.data_generator:依赖表（阶段2）: ['oms_order_item']
INFO:app.services.data_generator:初始化数据库计数器
INFO:app.core.database:执行查询: SELECT MAX(id) FROM crawler_competitor_price, 参数: ()
INFO:app.core.database:连接数据库: 172.16.10.196:5432/db_house
INFO:app.core.database:查询执行成功
INFO:app.core.database:执行查询: SELECT MAX(id) FROM ext_market_trend, 参数: ()
INFO:app.core.database:连接数据库: 172.16.10.196:5432/db_house
INFO:app.core.database:查询执行成功
INFO:app.core.database:执行查询: SELECT MAX(id) FROM oms_order_item, 参数: ()
INFO:app.core.database:连接数据库: 172.16.10.196:5432/db_house
INFO:app.core.database:查询执行成功
INFO:app.services.data_generator:计数器初始化完成: {'crawler_competitor_price_id': 0, 'ext_market_trend_id': 0, 'oms_order_item_id': 66}
INFO:app.services.data_generator:开始处理日期: 2025-10-14
INFO:app.services.data_generator:当天计划生成记录数: 1
INFO:app.services.data_generator:已清空外键缓存
INFO:app.services.data_generator:=== 阶段1：生成独立表 ===
INFO:app.services.data_generator:开始为独立表 oms_order 生成数据
INFO:app.core.database:批量执行SQL，查询: INSERT INTO oms_order (order_id, order_channel, customer_code, order_amount, discount_amount, pay_amount, order_status, province, city, district, detail_address, order_time) VALUES ($1, $2, $3, $4, $5, $6, $7, $8, $9, $10, $11, $12), 值数量: 1
INFO:app.core.database:连接数据库: 172.16.10.196:5432/db_house
INFO:app.core.database:批量执行SQL完成
INFO:app.services.data_generator:表 oms_order 已插入剩余 1 条记录并缓存主键值
INFO:app.services.data_generator:独立表 oms_order 生成完成，记录数: 1
INFO:app.services.data_generator:=== 阶段2：生成依赖表 ===
INFO:app.services.data_generator:表依赖排序结果: ['oms_order_item']
INFO:app.services.data_generator:排序后的依赖表: ['oms_order_item']
INFO:app.services.data_generator:开始为依赖表 oms_order_item 生成数据
INFO:app.core.database:批量执行SQL，查询: INSERT INTO oms_order_item (id, order_id, product_sku, product_name, quantity, price) VALUES ($1, $2, $3, $4, $5, $6), 值数量: 1
INFO:app.core.database:连接数据库: 172.16.10.196:5432/db_house
INFO:app.core.database:批量执行SQL完成
INFO:app.services.data_generator:表 oms_order_item 已插入剩余 1 条记录并缓存主键值
INFO:app.services.data_generator:依赖表 oms_order_item 生成完成，记录数: 1
INFO:app.services.data_generator:数据生成完成，总记录数: 2
INFO:app.services.data_generator:退出 generate_data_for_tables 方法
INFO:app.services.data_generator:开始 generate_data_for_tables 方法
INFO:app.services.data_generator:独立表（阶段1）: ['oms_order']
INFO:app.services.data_generator:依赖表（阶段2）: ['oms_order_item']
INFO:app.services.data_generator:初始化数据库计数器
INFO:app.core.database:执行查询: SELECT MAX(id) FROM crawler_competitor_price, 参数: ()
INFO:app.core.database:连接数据库: 172.16.10.196:5432/db_house
INFO:app.core.database:查询执行成功
INFO:app.core.database:执行查询: SELECT MAX(id) FROM ext_market_trend, 参数: ()
INFO:app.core.database:连接数据库: 172.16.10.196:5432/db_house
INFO:app.core.database:查询执行成功
INFO:app.core.database:执行查询: SELECT MAX(id) FROM oms_order_item, 参数: ()
INFO:app.core.database:连接数据库: 172.16.10.196:5432/db_house
INFO:app.core.database:查询执行成功
INFO:app.services.data_generator:计数器初始化完成: {'crawler_competitor_price_id': 0, 'ext_market_trend_id': 0, 'oms_order_item_id': 67}
INFO:app.services.data_generator:开始处理日期: 2025-10-14
INFO:app.services.data_generator:当天计划生成记录数: 1
INFO:app.services.data_generator:已清空外键缓存
INFO:app.services.data_generator:=== 阶段1：生成独立表 ===
INFO:app.services.data_generator:开始为独立表 oms_order 生成数据
INFO:app.core.database:批量执行SQL，查询: INSERT INTO oms_order (order_id, order_channel, customer_code, order_amount, discount_amount, pay_amount, order_status, province, city, district, detail_address, order_time) VALUES ($1, $2, $3, $4, $5, $6, $7, $8, $9, $10, $11, $12), 值数量: 1
INFO:app.core.database:连接数据库: 172.16.10.196:5432/db_house
INFO:app.core.database:批量执行SQL完成
INFO:app.services.data_generator:表 oms_order 已插入剩余 1 条记录并缓存主键值
INFO:app.services.data_generator:独立表 oms_order 生成完成，记录数: 1
INFO:app.services.data_generator:=== 阶段2：生成依赖表 ===
INFO:app.services.data_generator:表依赖排序结果: ['oms_order_item']
INFO:app.services.data_generator:排序后的依赖表: ['oms_order_item']
INFO:app.services.data_generator:开始为依赖表 oms_order_item 生成数据
INFO:app.core.database:批量执行SQL，查询: INSERT INTO oms_order_item (id, order_id, product_sku, product_name, quantity, price) VALUES ($1, $2, $3, $4, $5, $6), 值数量: 1
INFO:app.core.database:连接数据库: 172.16.10.196:5432/db_house
INFO:app.core.database:批量执行SQL完成
INFO:app.services.data_generator:表 oms_order_item 已插入剩余 1 条记录并缓存主键值
INFO:app.services.data_generator:依赖表 oms_order_item 生成完成，记录数: 1
INFO:app.services.data_generator:数据生成完成，总记录数: 2
INFO:app.services.data_generator:退出 generate_data_for_tables 方法
INFO:app.services.data_generator:开始 generate_data_for_tables 方法
INFO:app.services.data_generator:独立表（阶段1）: ['oms_order']
INFO:app.services.data_generator:依赖表（阶段2）: ['oms_order_item']
INFO:app.services.data_generator:初始化数据库计数器
INFO:app.core.database:执行查询: SELECT MAX(id) FROM crawler_competitor_price, 参数: ()
INFO:app.core.database:连接数据库: 172.16.10.196:5432/db_house
INFO:app.core.database:查询执行成功
INFO:app.core.database:执行查询: SELECT MAX(id) FROM ext_market_trend, 参数: ()
INFO:app.core.database:连接数据库: 172.16.10.196:5432/db_house
INFO:app.core.database:查询执行成功
INFO:app.core.database:执行查询: SELECT MAX(id) FROM oms_order_item, 参数: ()
INFO:app.core.database:连接数据库: 172.16.10.196:5432/db_house
INFO:app.core.database:查询执行成功
INFO:app.services.data_generator:计数器初始化完成: {'crawler_competitor_price_id': 0, 'ext_market_trend_id': 0, 'oms_order_item_id': 68}
INFO:app.services.data_generator:开始处理日期: 2025-10-14
INFO:app.services.data_generator:当天计划生成记录数: 1
INFO:app.services.data_generator:已清空外键缓存
INFO:app.services.data_generator:=== 阶段1：生成独立表 ===
INFO:app.services.data_generator:开始为独立表 oms_order 生成数据
INFO:app.core.database:批量执行SQL，查询: INSERT INTO oms_order (order_id, order_channel, customer_code, order_amount, discount_amount, pay_amount, order_status, province, city, district, detail_address, order_time) VALUES ($1, $2, $3, $4, $5, $6, $7, $8, $9, $10, $11, $12), 值数量: 1
INFO:app.core.database:连接数据库: 172.16.10.196:5432/db_house
INFO:app.core.database:批量执行SQL完成
INFO:app.services.data_generator:表 oms_order 已插入剩余 1 条记录并缓存主键值
INFO:app.services.data_generator:独立表 oms_order 生成完成，记录数: 1
INFO:app.services.data_generator:=== 阶段2：生成依赖表 ===
INFO:app.services.data_generator:表依赖排序结果: ['oms_order_item']
INFO:app.services.data_generator:排序后的依赖表: ['oms_order_item']
INFO:app.services.data_generator:开始为依赖表 oms_order_item 生成数据
INFO:app.core.database:批量执行SQL，查询: INSERT INTO oms_order_item (id, order_id, product_sku, product_name, quantity, price) VALUES ($1, $2, $3, $4, $5, $6), 值数量: 1
INFO:app.core.database:连接数据库: 172.16.10.196:5432/db_house
INFO:app.core.database:批量执行SQL完成
INFO:app.services.data_generator:表 oms_order_item 已插入剩余 1 条记录并缓存主键值
INFO:app.services.data_generator:依赖表 oms_order_item 生成完成，记录数: 1
INFO:app.services.data_generator:数据生成完成，总记录数: 2
INFO:app.services.data_generator:退出 generate_data_for_tables 方法
INFO:app.services.data_generator:开始 generate_data_for_tables 方法
INFO:app.services.data_generator:独立表（阶段1）: ['oms_order']
INFO:app.services.data_generator:依赖表（阶段2）: ['oms_order_item']
INFO:app.services.data_generator:初始化数据库计数器
INFO:app.core.database:执行查询: SELECT MAX(id) FROM crawler_competitor_price, 参数: ()
INFO:app.core.database:连接数据库: 172.16.10.196:5432/db_house
INFO:app.core.database:查询执行成功
INFO:app.core.database:执行查询: SELECT MAX(id) FROM ext_market_trend, 参数: ()
INFO:app.core.database:连接数据库: 172.16.10.196:5432/db_house
INFO:app.core.database:查询执行成功
INFO:app.core.database:执行查询: SELECT MAX(id) FROM oms_order_item, 参数: ()
INFO:app.core.database:连接数据库: 172.16.10.196:5432/db_house
INFO:app.core.database:查询执行成功
INFO:app.services.data_generator:计数器初始化完成: {'crawler_competitor_price_id': 0, 'ext_market_trend_id': 0, 'oms_order_item_id': 69}
INFO:app.services.data_generator:开始处理日期: 2025-10-14
INFO:app.services.data_generator:当天计划生成记录数: 1
INFO:app.services.data_generator:已清空外键缓存
INFO:app.services.data_generator:=== 阶段1：生成独立表 ===
INFO:app.services.data_generator:开始为独立表 oms_order 生成数据
INFO:app.core.database:批量执行SQL，查询: INSERT INTO oms_order (order_id, order_channel, customer_code, order_amount, discount_amount, pay_amount, order_status, province, city, district, detail_address, order_time) VALUES ($1, $2, $3, $4, $5, $6, $7, $8, $9, $10, $11, $12), 值数量: 1
INFO:app.core.database:连接数据库: 172.16.10.196:5432/db_house
INFO:app.core.database:批量执行SQL完成
INFO:app.services.data_generator:表 oms_order 已插入剩余 1 条记录并缓存主键值
INFO:app.services.data_generator:独立表 oms_order 生成完成，记录数: 1
INFO:app.services.data_generator:=== 阶段2：生成依赖表 ===
INFO:app.services.data_generator:表依赖排序结果: ['oms_order_item']
INFO:app.services.data_generator:排序后的依赖表: ['oms_order_item']
INFO:app.services.data_generator:开始为依赖表 oms_order_item 生成数据
INFO:app.core.database:批量执行SQL，查询: INSERT INTO oms_order_item (id, order_id, product_sku, product_name, quantity, price) VALUES ($1, $2, $3, $4, $5, $6), 值数量: 1
INFO:app.core.database:连接数据库: 172.16.10.196:5432/db_house
INFO:app.core.database:批量执行SQL完成
INFO:app.services.data_generator:表 oms_order_item 已插入剩余 1 条记录并缓存主键值
INFO:app.services.data_generator:依赖表 oms_order_item 生成完成，记录数: 1
INFO:app.services.data_generator:数据生成完成，总记录数: 2
INFO:app.services.data_generator:退出 generate_data_for_tables 方法
INFO:app.services.data_generator:开始 generate_data_for_tables 方法
INFO:app.services.data_generator:独立表（阶段1）: ['oms_order']
INFO:app.services.data_generator:依赖表（阶段2）: ['oms_order_item']
INFO:app.services.data_generator:初始化数据库计数器
INFO:app.core.database:执行查询: SELECT MAX(id) FROM crawler_competitor_price, 参数: ()
INFO:app.core.database:连接数据库: 172.16.10.196:5432/db_house
INFO:app.core.database:查询执行成功
INFO:app.core.database:执行查询: SELECT MAX(id) FROM ext_market_trend, 参数: ()
INFO:app.core.database:连接数据库: 172.16.10.196:5432/db_house
INFO:app.core.database:查询执行成功
INFO:app.core.database:执行查询: SELECT MAX(id) FROM oms_order_item, 参数: ()
INFO:app.core.database:连接数据库: 172.16.10.196:5432/db_house
INFO:app.core.database:查询执行成功
INFO:app.services.data_generator:计数器初始化完成: {'crawler_competitor_price_id': 0, 'ext_market_trend_id': 0, 'oms_order_item_id': 70}
INFO:app.services.data_generator:开始处理日期: 2025-10-14
INFO:app.services.data_generator:当天计划生成记录数: 1
INFO:app.services.data_generator:已清空外键缓存
INFO:app.services.data_generator:=== 阶段1：生成独立表 ===
INFO:app.services.data_generator:开始为独立表 oms_order 生成数据
INFO:app.core.database:批量执行SQL，查询: INSERT INTO oms_order (order_id, order_channel, customer_code, order_amount, discount_amount, pay_amount, order_status, province, city, district, detail_address, order_time) VALUES ($1, $2, $3, $4, $5, $6, $7, $8, $9, $10, $11, $12), 值数量: 1
INFO:app.core.database:连接数据库: 172.16.10.196:5432/db_house
INFO:app.core.database:批量执行SQL完成
INFO:app.services.data_generator:表 oms_order 已插入剩余 1 条记录并缓存主键值
INFO:app.services.data_generator:独立表 oms_order 生成完成，记录数: 1
INFO:app.services.data_generator:=== 阶段2：生成依赖表 ===
INFO:app.services.data_generator:表依赖排序结果: ['oms_order_item']
INFO:app.services.data_generator:排序后的依赖表: ['oms_order_item']
INFO:app.services.data_generator:开始为依赖表 oms_order_item 生成数据
INFO:app.core.database:批量执行SQL，查询: INSERT INTO oms_order_item (id, order_id, product_sku, product_name, quantity, price) VALUES ($1, $2, $3, $4, $5, $6), 值数量: 1
INFO:app.core.database:连接数据库: 172.16.10.196:5432/db_house
INFO:app.core.database:批量执行SQL完成
INFO:app.services.data_generator:表 oms_order_item 已插入剩余 1 条记录并缓存主键值
INFO:app.services.data_generator:依赖表 oms_order_item 生成完成，记录数: 1
INFO:app.services.data_generator:数据生成完成，总记录数: 2
INFO:app.services.data_generator:退出 generate_data_for_tables 方法
INFO:app.services.data_generator:开始 generate_data_for_tables 方法
INFO:app.services.data_generator:独立表（阶段1）: ['oms_order']
INFO:app.services.data_generator:依赖表（阶段2）: ['oms_order_item']
INFO:app.services.data_generator:初始化数据库计数器
INFO:app.core.database:执行查询: SELECT MAX(id) FROM crawler_competitor_price, 参数: ()
INFO:app.core.database:连接数据库: 172.16.10.196:5432/db_house
INFO:app.core.database:查询执行成功
INFO:app.core.database:执行查询: SELECT MAX(id) FROM ext_market_trend, 参数: ()
INFO:app.core.database:连接数据库: 172.16.10.196:5432/db_house
INFO:app.core.database:查询执行成功
INFO:app.core.database:执行查询: SELECT MAX(id) FROM oms_order_item, 参数: ()
INFO:app.core.database:连接数据库: 172.16.10.196:5432/db_house
INFO:app.core.database:查询执行成功
INFO:app.services.data_generator:计数器初始化完成: {'crawler_competitor_price_id': 0, 'ext_market_trend_id': 0, 'oms_order_item_id': 71}
INFO:app.services.data_generator:开始处理日期: 2025-10-14
INFO:app.services.data_generator:当天计划生成记录数: 1
INFO:app.services.data_generator:已清空外键缓存
INFO:app.services.data_generator:=== 阶段1：生成独立表 ===
INFO:app.services.data_generator:开始为独立表 oms_order 生成数据
INFO:app.core.database:批量执行SQL，查询: INSERT INTO oms_order (order_id, order_channel, customer_code, order_amount, discount_amount, pay_amount, order_status, province, city, district, detail_address, order_time) VALUES ($1, $2, $3, $4, $5, $6, $7, $8, $9, $10, $11, $12), 值数量: 1
INFO:app.core.database:连接数据库: 172.16.10.196:5432/db_house
INFO:app.core.database:批量执行SQL完成
INFO:app.services.data_generator:表 oms_order 已插入剩余 1 条记录并缓存主键值
INFO:app.services.data_generator:独立表 oms_order 生成完成，记录数: 1
INFO:app.services.data_generator:=== 阶段2：生成依赖表 ===
INFO:app.services.data_generator:表依赖排序结果: ['oms_order_item']
INFO:app.services.data_generator:排序后的依赖表: ['oms_order_item']
INFO:app.services.data_generator:开始为依赖表 oms_order_item 生成数据
INFO:app.core.database:批量执行SQL，查询: INSERT INTO oms_order_item (id, order_id, product_sku, product_name, quantity, price) VALUES ($1, $2, $3, $4, $5, $6), 值数量: 1
INFO:app.core.database:连接数据库: 172.16.10.196:5432/db_house
INFO:app.core.database:批量执行SQL完成
INFO:app.services.data_generator:表 oms_order_item 已插入剩余 1 条记录并缓存主键值
INFO:app.services.data_generator:依赖表 oms_order_item 生成完成，记录数: 1
INFO:app.services.data_generator:数据生成完成，总记录数: 2
INFO:app.services.data_generator:退出 generate_data_for_tables 方法
INFO:app.services.data_generator:开始 generate_data_for_tables 方法
INFO:app.services.data_generator:独立表（阶段1）: ['oms_order']
INFO:app.services.data_generator:依赖表（阶段2）: ['oms_order_item']
INFO:app.services.data_generator:初始化数据库计数器
INFO:app.core.database:执行查询: SELECT MAX(id) FROM crawler_competitor_price, 参数: ()
INFO:app.core.database:连接数据库: 172.16.10.196:5432/db_house
INFO:app.core.database:查询执行成功
INFO:app.core.database:执行查询: SELECT MAX(id) FROM ext_market_trend, 参数: ()
INFO:app.core.database:连接数据库: 172.16.10.196:5432/db_house
INFO:app.core.database:查询执行成功
INFO:app.core.database:执行查询: SELECT MAX(id) FROM oms_order_item, 参数: ()
INFO:app.core.database:连接数据库: 172.16.10.196:5432/db_house
INFO:app.core.database:查询执行成功
INFO:app.services.data_generator:计数器初始化完成: {'crawler_competitor_price_id': 0, 'ext_market_trend_id': 0, 'oms_order_item_id': 72}
INFO:app.services.data_generator:开始处理日期: 2025-10-14
INFO:app.services.data_generator:当天计划生成记录数: 1
INFO:app.services.data_generator:已清空外键缓存
INFO:app.services.data_generator:=== 阶段1：生成独立表 ===
INFO:app.services.data_generator:开始为独立表 oms_order 生成数据
INFO:app.core.database:批量执行SQL，查询: INSERT INTO oms_order (order_id, order_channel, customer_code, order_amount, discount_amount, pay_amount, order_status, province, city, district, detail_address, order_time) VALUES ($1, $2, $3, $4, $5, $6, $7, $8, $9, $10, $11, $12), 值数量: 1
INFO:app.core.database:连接数据库: 172.16.10.196:5432/db_house
INFO:app.core.database:批量执行SQL完成
INFO:app.services.data_generator:表 oms_order 已插入剩余 1 条记录并缓存主键值
INFO:app.services.data_generator:独立表 oms_order 生成完成，记录数: 1
INFO:app.services.data_generator:=== 阶段2：生成依赖表 ===
INFO:app.services.data_generator:表依赖排序结果: ['oms_order_item']
INFO:app.services.data_generator:排序后的依赖表: ['oms_order_item']
INFO:app.services.data_generator:开始为依赖表 oms_order_item 生成数据
INFO:app.core.database:批量执行SQL，查询: INSERT INTO oms_order_item (id, order_id, product_sku, product_name, quantity, price) VALUES ($1, $2, $3, $4, $5, $6), 值数量: 1
INFO:app.core.database:连接数据库: 172.16.10.196:5432/db_house
INFO:app.core.database:批量执行SQL完成
INFO:app.services.data_generator:表 oms_order_item 已插入剩余 1 条记录并缓存主键值
INFO:app.services.data_generator:依赖表 oms_order_item 生成完成，记录数: 1
INFO:app.services.data_generator:数据生成完成，总记录数: 2
INFO:app.services.data_generator:退出 generate_data_for_tables 方法
INFO:app.services.data_generator:开始 generate_data_for_tables 方法
INFO:app.services.data_generator:独立表（阶段1）: ['oms_order']
INFO:app.services.data_generator:依赖表（阶段2）: ['oms_order_item']
INFO:app.services.data_generator:初始化数据库计数器
INFO:app.core.database:执行查询: SELECT MAX(id) FROM crawler_competitor_price, 参数: ()
INFO:app.core.database:连接数据库: 172.16.10.196:5432/db_house
INFO:app.core.database:查询执行成功
INFO:app.core.database:执行查询: SELECT MAX(id) FROM ext_market_trend, 参数: ()
INFO:app.core.database:连接数据库: 172.16.10.196:5432/db_house
INFO:app.core.database:查询执行成功
INFO:app.core.database:执行查询: SELECT MAX(id) FROM oms_order_item, 参数: ()
INFO:app.core.database:连接数据库: 172.16.10.196:5432/db_house
INFO:app.core.database:查询执行成功
INFO:app.services.data_generator:计数器初始化完成: {'crawler_competitor_price_id': 10, 'ext_market_trend_id': 0, 'oms_order_item_id': 73}
INFO:app.services.data_generator:开始处理日期: 2025-10-14
INFO:app.services.data_generator:当天计划生成记录数: 1
INFO:app.services.data_generator:已清空外键缓存
INFO:app.services.data_generator:=== 阶段1：生成独立表 ===
INFO:app.services.data_generator:开始为独立表 oms_order 生成数据
INFO:app.core.database:批量执行SQL，查询: INSERT INTO oms_order (order_id, order_channel, customer_code, order_amount, discount_amount, pay_amount, order_status, province, city, district, detail_address, order_time) VALUES ($1, $2, $3, $4, $5, $6, $7, $8, $9, $10, $11, $12), 值数量: 1
INFO:app.core.database:连接数据库: 172.16.10.196:5432/db_house
INFO:app.core.database:批量执行SQL完成
INFO:app.services.data_generator:表 oms_order 已插入剩余 1 条记录并缓存主键值
INFO:app.services.data_generator:独立表 oms_order 生成完成，记录数: 1
INFO:app.services.data_generator:=== 阶段2：生成依赖表 ===
INFO:app.services.data_generator:表依赖排序结果: ['oms_order_item']
INFO:app.services.data_generator:排序后的依赖表: ['oms_order_item']
INFO:app.services.data_generator:开始为依赖表 oms_order_item 生成数据
INFO:app.core.database:批量执行SQL，查询: INSERT INTO oms_order_item (id, order_id, product_sku, product_name, quantity, price) VALUES ($1, $2, $3, $4, $5, $6), 值数量: 1
INFO:app.core.database:连接数据库: 172.16.10.196:5432/db_house
INFO:app.core.database:批量执行SQL完成
INFO:app.services.data_generator:表 oms_order_item 已插入剩余 1 条记录并缓存主键值
INFO:app.services.data_generator:依赖表 oms_order_item 生成完成，记录数: 1
INFO:app.services.data_generator:数据生成完成，总记录数: 2
INFO:app.services.data_generator:退出 generate_data_for_tables 方法
INFO:app.services.data_generator:开始 generate_data_for_tables 方法
INFO:app.services.data_generator:独立表（阶段1）: ['oms_order']
INFO:app.services.data_generator:依赖表（阶段2）: ['oms_order_item']
INFO:app.services.data_generator:初始化数据库计数器
INFO:app.core.database:执行查询: SELECT MAX(id) FROM crawler_competitor_price, 参数: ()
INFO:app.core.database:连接数据库: 172.16.10.196:5432/db_house
INFO:app.core.database:查询执行成功
INFO:app.core.database:执行查询: SELECT MAX(id) FROM ext_market_trend, 参数: ()
INFO:app.core.database:连接数据库: 172.16.10.196:5432/db_house
INFO:app.core.database:查询执行成功
INFO:app.core.database:执行查询: SELECT MAX(id) FROM oms_order_item, 参数: ()
INFO:app.core.database:连接数据库: 172.16.10.196:5432/db_house
INFO:app.core.database:查询执行成功
INFO:app.services.data_generator:计数器初始化完成: {'crawler_competitor_price_id': 10, 'ext_market_trend_id': 10, 'oms_order_item_id': 74}
INFO:app.services.data_generator:开始处理日期: 2025-10-14
INFO:app.services.data_generator:当天计划生成记录数: 1
INFO:app.services.data_generator:已清空外键缓存
INFO:app.services.data_generator:=== 阶段1：生成独立表 ===
INFO:app.services.data_generator:开始为独立表 oms_order 生成数据
INFO:app.core.database:批量执行SQL，查询: INSERT INTO oms_order (order_id, order_channel, customer_code, order_amount, discount_amount, pay_amount, order_status, province, city, district, detail_address, order_time) VALUES ($1, $2, $3, $4, $5, $6, $7, $8, $9, $10, $11, $12), 值数量: 1
INFO:app.core.database:连接数据库: 172.16.10.196:5432/db_house
INFO:app.core.database:批量执行SQL完成
INFO:app.services.data_generator:表 oms_order 已插入剩余 1 条记录并缓存主键值
INFO:app.services.data_generator:独立表 oms_order 生成完成，记录数: 1
INFO:app.services.data_generator:=== 阶段2：生成依赖表 ===
INFO:app.services.data_generator:表依赖排序结果: ['oms_order_item']
INFO:app.services.data_generator:排序后的依赖表: ['oms_order_item']
INFO:app.services.data_generator:开始为依赖表 oms_order_item 生成数据
INFO:app.core.database:批量执行SQL，查询: INSERT INTO oms_order_item (id, order_id, product_sku, product_name, quantity, price) VALUES ($1, $2, $3, $4, $5, $6), 值数量: 1
INFO:app.core.database:连接数据库: 172.16.10.196:5432/db_house
INFO:app.core.database:批量执行SQL完成
INFO:app.services.data_generator:表 oms_order_item 已插入剩余 1 条记录并缓存主键值
INFO:app.services.data_generator:依赖表 oms_order_item 生成完成，记录数: 1
INFO:app.services.data_generator:数据生成完成，总记录数: 2
INFO:app.services.data_generator:退出 generate_data_for_tables 方法
INFO:app.services.data_generator:开始 generate_data_for_tables 方法
INFO:app.services.data_generator:独立表（阶段1）: ['oms_order']
INFO:app.services.data_generator:依赖表（阶段2）: ['oms_order_item']
INFO:app.services.data_generator:初始化数据库计数器
INFO:app.core.database:执行查询: SELECT MAX(id) FROM crawler_competitor_price, 参数: ()
INFO:app.core.database:连接数据库: 172.16.10.196:5432/db_house
INFO:app.core.database:查询执行成功
INFO:app.core.database:执行查询: SELECT MAX(id) FROM ext_market_trend, 参数: ()
INFO:app.core.database:连接数据库: 172.16.10.196:5432/db_house
INFO:app.core.database:查询执行成功
INFO:app.core.database:执行查询: SELECT MAX(id) FROM oms_order_item, 参数: ()
INFO:app.core.database:连接数据库: 172.16.10.196:5432/db_house
INFO:app.core.database:查询执行成功
INFO:app.services.data_generator:计数器初始化完成: {'crawler_competitor_price_id': 10, 'ext_market_trend_id': 10, 'oms_order_item_id': 75}
INFO:app.services.data_generator:开始处理日期: 2025-10-14
INFO:app.services.data_generator:当天计划生成记录数: 1
INFO:app.services.data_generator:已清空外键缓存
INFO:app.services.data_generator:=== 阶段1：生成独立表 ===
INFO:app.services.data_generator:开始为独立表 oms_order 生成数据
INFO:app.core.database:批量执行SQL，查询: INSERT INTO oms_order (order_id, order_channel, customer_code, order_amount, discount_amount, pay_amount, order_status, province, city, district, detail_address, order_time) VALUES ($1, $2, $3, $4, $5, $6, $7, $8, $9, $10, $11, $12), 值数量: 1
INFO:app.core.database:连接数据库: 172.16.10.196:5432/db_house
INFO:app.core.database:批量执行SQL完成
INFO:app.services.data_generator:表 oms_order 已插入剩余 1 条记录并缓存主键值
INFO:app.services.data_generator:独立表 oms_order 生成完成，记录数: 1
INFO:app.services.data_generator:=== 阶段2：生成依赖表 ===
INFO:app.services.data_generator:表依赖排序结果: ['oms_order_item']
INFO:app.services.data_generator:排序后的依赖表: ['oms_order_item']
INFO:app.services.data_generator:开始为依赖表 oms_order_item 生成数据
INFO:app.core.database:批量执行SQL，查询: INSERT INTO oms_order_item (id, order_id, product_sku, product_name, quantity, price) VALUES ($1, $2, $3, $4, $5, $6), 值数量: 1
INFO:app.core.database:连接数据库: 172.16.10.196:5432/db_house
INFO:app.core.database:批量执行SQL完成
INFO:app.services.data_generator:表 oms_order_item 已插入剩余 1 条记录并缓存主键值
INFO:app.services.data_generator:依赖表 oms_order_item 生成完成，记录数: 1
INFO:app.services.data_generator:数据生成完成，总记录数: 2
INFO:app.services.data_generator:退出 generate_data_for_tables 方法
INFO:app.services.data_generator:开始 generate_data_for_tables 方法
INFO:app.services.data_generator:独立表（阶段1）: ['oms_order']
INFO:app.services.data_generator:依赖表（阶段2）: ['oms_order_item']
INFO:app.services.data_generator:初始化数据库计数器
INFO:app.core.database:执行查询: SELECT MAX(id) FROM crawler_competitor_price, 参数: ()
INFO:app.core.database:连接数据库: 172.16.10.196:5432/db_house
INFO:app.core.database:查询执行成功
INFO:app.core.database:执行查询: SELECT MAX(id) FROM ext_market_trend, 参数: ()
INFO:app.core.database:连接数据库: 172.16.10.196:5432/db_house
INFO:app.core.database:查询执行成功
INFO:app.core.database:执行查询: SELECT MAX(id) FROM oms_order_item, 参数: ()
INFO:app.core.database:连接数据库: 172.16.10.196:5432/db_house
INFO:app.core.database:查询执行成功
INFO:app.services.data_generator:计数器初始化完成: {'crawler_competitor_price_id': 10, 'ext_market_trend_id': 10, 'oms_order_item_id': 76}
INFO:app.services.data_generator:开始处理日期: 2025-10-14
INFO:app.services.data_generator:当天计划生成记录数: 1
INFO:app.services.data_generator:已清空外键缓存
INFO:app.services.data_generator:=== 阶段1：生成独立表 ===
INFO:app.services.data_generator:开始为独立表 oms_order 生成数据
INFO:app.core.database:批量执行SQL，查询: INSERT INTO oms_order (order_id, order_channel, customer_code, order_amount, discount_amount, pay_amount, order_status, province, city, district, detail_address, order_time) VALUES ($1, $2, $3, $4, $5, $6, $7, $8, $9, $10, $11, $12), 值数量: 1
INFO:app.core.database:连接数据库: 172.16.10.196:5432/db_house
INFO:app.core.database:批量执行SQL完成
INFO:app.services.data_generator:表 oms_order 已插入剩余 1 条记录并缓存主键值
INFO:app.services.data_generator:独立表 oms_order 生成完成，记录数: 1
INFO:app.services.data_generator:=== 阶段2：生成依赖表 ===
INFO:app.services.data_generator:表依赖排序结果: ['oms_order_item']
INFO:app.services.data_generator:排序后的依赖表: ['oms_order_item']
INFO:app.services.data_generator:开始为依赖表 oms_order_item 生成数据
INFO:app.core.database:批量执行SQL，查询: INSERT INTO oms_order_item (id, order_id, product_sku, product_name, quantity, price) VALUES ($1, $2, $3, $4, $5, $6), 值数量: 1
INFO:app.core.database:连接数据库: 172.16.10.196:5432/db_house
INFO:app.core.database:批量执行SQL完成
INFO:app.services.data_generator:表 oms_order_item 已插入剩余 1 条记录并缓存主键值
INFO:app.services.data_generator:依赖表 oms_order_item 生成完成，记录数: 1
INFO:app.services.data_generator:数据生成完成，总记录数: 2
INFO:app.services.data_generator:退出 generate_data_for_tables 方法
INFO:app.services.data_generator:开始 generate_data_for_tables 方法
INFO:app.services.data_generator:独立表（阶段1）: ['oms_order']
INFO:app.services.data_generator:依赖表（阶段2）: ['oms_order_item']
INFO:app.services.data_generator:初始化数据库计数器
INFO:app.core.database:执行查询: SELECT MAX(id) FROM crawler_competitor_price, 参数: ()
INFO:app.core.database:连接数据库: 172.16.10.196:5432/db_house
INFO:app.core.database:查询执行成功
INFO:app.core.database:执行查询: SELECT MAX(id) FROM ext_market_trend, 参数: ()
INFO:app.core.database:连接数据库: 172.16.10.196:5432/db_house
INFO:app.core.database:查询执行成功
INFO:app.core.database:执行查询: SELECT MAX(id) FROM oms_order_item, 参数: ()
INFO:app.core.database:连接数据库: 172.16.10.196:5432/db_house
INFO:app.core.database:查询执行成功
INFO:app.services.data_generator:计数器初始化完成: {'crawler_competitor_price_id': 10, 'ext_market_trend_id': 10, 'oms_order_item_id': 77}
INFO:app.services.data_generator:开始处理日期: 2025-10-14
INFO:app.services.data_generator:当天计划生成记录数: 1
INFO:app.services.data_generator:已清空外键缓存
INFO:app.services.data_generator:=== 阶段1：生成独立表 ===
INFO:app.services.data_generator:开始为独立表 oms_order 生成数据
INFO:app.core.database:批量执行SQL，查询: INSERT INTO oms_order (order_id, order_channel, customer_code, order_amount, discount_amount, pay_amount, order_status, province, city, district, detail_address, order_time) VALUES ($1, $2, $3, $4, $5, $6, $7, $8, $9, $10, $11, $12), 值数量: 1
INFO:app.core.database:连接数据库: 172.16.10.196:5432/db_house
INFO:app.core.database:批量执行SQL完成
INFO:app.services.data_generator:表 oms_order 已插入剩余 1 条记录并缓存主键值
INFO:app.services.data_generator:独立表 oms_order 生成完成，记录数: 1
INFO:app.services.data_generator:=== 阶段2：生成依赖表 ===
INFO:app.services.data_generator:表依赖排序结果: ['oms_order_item']
INFO:app.services.data_generator:排序后的依赖表: ['oms_order_item']
INFO:app.services.data_generator:开始为依赖表 oms_order_item 生成数据
INFO:app.core.database:批量执行SQL，查询: INSERT INTO oms_order_item (id, order_id, product_sku, product_name, quantity, price) VALUES ($1, $2, $3, $4, $5, $6), 值数量: 1
INFO:app.core.database:连接数据库: 172.16.10.196:5432/db_house
INFO:app.core.database:批量执行SQL完成
INFO:app.services.data_generator:表 oms_order_item 已插入剩余 1 条记录并缓存主键值
INFO:app.services.data_generator:依赖表 oms_order_item 生成完成，记录数: 1
INFO:app.services.data_generator:数据生成完成，总记录数: 2
INFO:app.services.data_generator:退出 generate_data_for_tables 方法
INFO:app.services.data_generator:开始 generate_data_for_tables 方法
INFO:app.services.data_generator:独立表（阶段1）: ['oms_order']
INFO:app.services.data_generator:依赖表（阶段2）: ['oms_order_item']
INFO:app.services.data_generator:初始化数据库计数器
INFO:app.core.database:执行查询: SELECT MAX(id) FROM crawler_competitor_price, 参数: ()
INFO:app.core.database:连接数据库: 172.16.10.196:5432/db_house
INFO:app.core.database:查询执行成功
INFO:app.core.database:执行查询: SELECT MAX(id) FROM ext_market_trend, 参数: ()
INFO:app.core.database:连接数据库: 172.16.10.196:5432/db_house
INFO:app.core.database:查询执行成功
INFO:app.core.database:执行查询: SELECT MAX(id) FROM oms_order_item, 参数: ()
INFO:app.core.database:连接数据库: 172.16.10.196:5432/db_house
INFO:app.core.database:查询执行成功
INFO:app.services.data_generator:计数器初始化完成: {'crawler_competitor_price_id': 10, 'ext_market_trend_id': 10, 'oms_order_item_id': 78}
INFO:app.services.data_generator:开始处理日期: 2025-10-14
INFO:app.services.data_generator:当天计划生成记录数: 1
INFO:app.services.data_generator:已清空外键缓存
INFO:app.services.data_generator:=== 阶段1：生成独立表 ===
INFO:app.services.data_generator:开始为独立表 oms_order 生成数据
INFO:app.core.database:批量执行SQL，查询: INSERT INTO oms_order (order_id, order_channel, customer_code, order_amount, discount_amount, pay_amount, order_status, province, city, district, detail_address, order_time) VALUES ($1, $2, $3, $4, $5, $6, $7, $8, $9, $10, $11, $12), 值数量: 1
INFO:app.core.database:连接数据库: 172.16.10.196:5432/db_house
INFO:app.core.database:批量执行SQL完成
INFO:app.services.data_generator:表 oms_order 已插入剩余 1 条记录并缓存主键值
INFO:app.services.data_generator:独立表 oms_order 生成完成，记录数: 1
INFO:app.services.data_generator:=== 阶段2：生成依赖表 ===
INFO:app.services.data_generator:表依赖排序结果: ['oms_order_item']
INFO:app.services.data_generator:排序后的依赖表: ['oms_order_item']
INFO:app.services.data_generator:开始为依赖表 oms_order_item 生成数据
INFO:app.core.database:批量执行SQL，查询: INSERT INTO oms_order_item (id, order_id, product_sku, product_name, quantity, price) VALUES ($1, $2, $3, $4, $5, $6), 值数量: 1
INFO:app.core.database:连接数据库: 172.16.10.196:5432/db_house
INFO:app.core.database:批量执行SQL完成
INFO:app.services.data_generator:表 oms_order_item 已插入剩余 1 条记录并缓存主键值
INFO:app.services.data_generator:依赖表 oms_order_item 生成完成，记录数: 1
INFO:app.services.data_generator:数据生成完成，总记录数: 2
INFO:app.services.data_generator:退出 generate_data_for_tables 方法
INFO:app.services.data_generator:开始 generate_data_for_tables 方法
INFO:app.services.data_generator:独立表（阶段1）: ['oms_order']
INFO:app.services.data_generator:依赖表（阶段2）: ['oms_order_item']
INFO:app.services.data_generator:初始化数据库计数器
INFO:app.core.database:执行查询: SELECT MAX(id) FROM crawler_competitor_price, 参数: ()
INFO:app.core.database:连接数据库: 172.16.10.196:5432/db_house
INFO:app.core.database:查询执行成功
INFO:app.core.database:执行查询: SELECT MAX(id) FROM ext_market_trend, 参数: ()
INFO:app.core.database:连接数据库: 172.16.10.196:5432/db_house
INFO:app.core.database:查询执行成功
INFO:app.core.database:执行查询: SELECT MAX(id) FROM oms_order_item, 参数: ()
INFO:app.core.database:连接数据库: 172.16.10.196:5432/db_house
INFO:app.core.database:查询执行成功
INFO:app.services.data_generator:计数器初始化完成: {'crawler_competitor_price_id': 10, 'ext_market_trend_id': 10, 'oms_order_item_id': 79}
INFO:app.services.data_generator:开始处理日期: 2025-10-14
INFO:app.services.data_generator:当天计划生成记录数: 1
INFO:app.services.data_generator:已清空外键缓存
INFO:app.services.data_generator:=== 阶段1：生成独立表 ===
INFO:app.services.data_generator:开始为独立表 oms_order 生成数据
INFO:app.core.database:批量执行SQL，查询: INSERT INTO oms_order (order_id, order_channel, customer_code, order_amount, discount_amount, pay_amount, order_status, province, city, district, detail_address, order_time) VALUES ($1, $2, $3, $4, $5, $6, $7, $8, $9, $10, $11, $12), 值数量: 1
INFO:app.core.database:连接数据库: 172.16.10.196:5432/db_house
INFO:app.core.database:批量执行SQL完成
INFO:app.services.data_generator:表 oms_order 已插入剩余 1 条记录并缓存主键值
INFO:app.services.data_generator:独立表 oms_order 生成完成，记录数: 1
INFO:app.services.data_generator:=== 阶段2：生成依赖表 ===
INFO:app.services.data_generator:表依赖排序结果: ['oms_order_item']
INFO:app.services.data_generator:排序后的依赖表: ['oms_order_item']
INFO:app.services.data_generator:开始为依赖表 oms_order_item 生成数据
INFO:app.core.database:批量执行SQL，查询: INSERT INTO oms_order_item (id, order_id, product_sku, product_name, quantity, price) VALUES ($1, $2, $3, $4, $5, $6), 值数量: 1
INFO:app.core.database:连接数据库: 172.16.10.196:5432/db_house
INFO:app.core.database:批量执行SQL完成
INFO:app.services.data_generator:表 oms_order_item 已插入剩余 1 条记录并缓存主键值
INFO:app.services.data_generator:依赖表 oms_order_item 生成完成，记录数: 1
INFO:app.services.data_generator:数据生成完成，总记录数: 2
INFO:app.services.data_generator:退出 generate_data_for_tables 方法
INFO:app.services.data_generator:开始 generate_data_for_tables 方法
INFO:app.services.data_generator:独立表（阶段1）: ['oms_order']
INFO:app.services.data_generator:依赖表（阶段2）: ['oms_order_item']
INFO:app.services.data_generator:初始化数据库计数器
INFO:app.core.database:执行查询: SELECT MAX(id) FROM crawler_competitor_price, 参数: ()
INFO:app.core.database:连接数据库: 172.16.10.196:5432/db_house
INFO:app.core.database:查询执行成功
INFO:app.core.database:执行查询: SELECT MAX(id) FROM ext_market_trend, 参数: ()
INFO:app.core.database:连接数据库: 172.16.10.196:5432/db_house
INFO:app.core.database:查询执行成功
INFO:app.core.database:执行查询: SELECT MAX(id) FROM oms_order_item, 参数: ()
INFO:app.core.database:连接数据库: 172.16.10.196:5432/db_house
INFO:app.core.database:查询执行成功
INFO:app.services.data_generator:计数器初始化完成: {'crawler_competitor_price_id': 10, 'ext_market_trend_id': 10, 'oms_order_item_id': 80}
INFO:app.services.data_generator:开始处理日期: 2025-10-14
INFO:app.services.data_generator:当天计划生成记录数: 1
INFO:app.services.data_generator:已清空外键缓存
INFO:app.services.data_generator:=== 阶段1：生成独立表 ===
INFO:app.services.data_generator:开始为独立表 oms_order 生成数据
INFO:app.core.database:批量执行SQL，查询: INSERT INTO oms_order (order_id, order_channel, customer_code, order_amount, discount_amount, pay_amount, order_status, province, city, district, detail_address, order_time) VALUES ($1, $2, $3, $4, $5, $6, $7, $8, $9, $10, $11, $12), 值数量: 1
INFO:app.core.database:连接数据库: 172.16.10.196:5432/db_house
INFO:app.core.database:批量执行SQL完成
INFO:app.services.data_generator:表 oms_order 已插入剩余 1 条记录并缓存主键值
INFO:app.services.data_generator:独立表 oms_order 生成完成，记录数: 1
INFO:app.services.data_generator:=== 阶段2：生成依赖表 ===
INFO:app.services.data_generator:表依赖排序结果: ['oms_order_item']
INFO:app.services.data_generator:排序后的依赖表: ['oms_order_item']
INFO:app.services.data_generator:开始为依赖表 oms_order_item 生成数据
INFO:app.core.database:批量执行SQL，查询: INSERT INTO oms_order_item (id, order_id, product_sku, product_name, quantity, price) VALUES ($1, $2, $3, $4, $5, $6), 值数量: 1
INFO:app.core.database:连接数据库: 172.16.10.196:5432/db_house
INFO:app.core.database:批量执行SQL完成
INFO:app.services.data_generator:表 oms_order_item 已插入剩余 1 条记录并缓存主键值
INFO:app.services.data_generator:依赖表 oms_order_item 生成完成，记录数: 1
INFO:app.services.data_generator:数据生成完成，总记录数: 2
INFO:app.services.data_generator:退出 generate_data_for_tables 方法
INFO:app.services.data_generator:开始 generate_data_for_tables 方法
INFO:app.services.data_generator:独立表（阶段1）: ['oms_order']
INFO:app.services.data_generator:依赖表（阶段2）: ['oms_order_item']
INFO:app.services.data_generator:初始化数据库计数器
INFO:app.core.database:执行查询: SELECT MAX(id) FROM crawler_competitor_price, 参数: ()
INFO:app.core.database:连接数据库: 172.16.10.196:5432/db_house
INFO:app.core.database:查询执行成功
INFO:app.core.database:执行查询: SELECT MAX(id) FROM ext_market_trend, 参数: ()
INFO:app.core.database:连接数据库: 172.16.10.196:5432/db_house
INFO:app.core.database:查询执行成功
INFO:app.core.database:执行查询: SELECT MAX(id) FROM oms_order_item, 参数: ()
INFO:app.core.database:连接数据库: 172.16.10.196:5432/db_house
INFO:app.core.database:查询执行成功
INFO:app.services.data_generator:计数器初始化完成: {'crawler_competitor_price_id': 10, 'ext_market_trend_id': 10, 'oms_order_item_id': 81}
INFO:app.services.data_generator:开始处理日期: 2025-10-14
INFO:app.services.data_generator:当天计划生成记录数: 1
INFO:app.services.data_generator:已清空外键缓存
INFO:app.services.data_generator:=== 阶段1：生成独立表 ===
INFO:app.services.data_generator:开始为独立表 oms_order 生成数据
INFO:app.core.database:批量执行SQL，查询: INSERT INTO oms_order (order_id, order_channel, customer_code, order_amount, discount_amount, pay_amount, order_status, province, city, district, detail_address, order_time) VALUES ($1, $2, $3, $4, $5, $6, $7, $8, $9, $10, $11, $12), 值数量: 1
INFO:app.core.database:连接数据库: 172.16.10.196:5432/db_house
INFO:app.core.database:批量执行SQL完成
INFO:app.services.data_generator:表 oms_order 已插入剩余 1 条记录并缓存主键值
INFO:app.services.data_generator:独立表 oms_order 生成完成，记录数: 1
INFO:app.services.data_generator:=== 阶段2：生成依赖表 ===
INFO:app.services.data_generator:表依赖排序结果: ['oms_order_item']
INFO:app.services.data_generator:排序后的依赖表: ['oms_order_item']
INFO:app.services.data_generator:开始为依赖表 oms_order_item 生成数据
INFO:app.core.database:批量执行SQL，查询: INSERT INTO oms_order_item (id, order_id, product_sku, product_name, quantity, price) VALUES ($1, $2, $3, $4, $5, $6), 值数量: 1
INFO:app.core.database:连接数据库: 172.16.10.196:5432/db_house
INFO:app.core.database:批量执行SQL完成
INFO:app.services.data_generator:表 oms_order_item 已插入剩余 1 条记录并缓存主键值
INFO:app.services.data_generator:依赖表 oms_order_item 生成完成，记录数: 1
INFO:app.services.data_generator:数据生成完成，总记录数: 2
INFO:app.services.data_generator:退出 generate_data_for_tables 方法
INFO:app.services.data_generator:开始 generate_data_for_tables 方法
INFO:app.services.data_generator:独立表（阶段1）: ['oms_order']
INFO:app.services.data_generator:依赖表（阶段2）: ['oms_order_item']
INFO:app.services.data_generator:初始化数据库计数器
INFO:app.core.database:执行查询: SELECT MAX(id) FROM crawler_competitor_price, 参数: ()
INFO:app.core.database:连接数据库: 172.16.10.196:5432/db_house
INFO:app.core.database:查询执行成功
INFO:app.core.database:执行查询: SELECT MAX(id) FROM ext_market_trend, 参数: ()
INFO:app.core.database:连接数据库: 172.16.10.196:5432/db_house
INFO:app.core.database:查询执行成功
INFO:app.core.database:执行查询: SELECT MAX(id) FROM oms_order_item, 参数: ()
INFO:app.core.database:连接数据库: 172.16.10.196:5432/db_house
INFO:app.core.database:查询执行成功
INFO:app.services.data_generator:计数器初始化完成: {'crawler_competitor_price_id': 10, 'ext_market_trend_id': 10, 'oms_order_item_id': 82}
INFO:app.services.data_generator:开始处理日期: 2025-10-14
INFO:app.services.data_generator:当天计划生成记录数: 1
INFO:app.services.data_generator:已清空外键缓存
INFO:app.services.data_generator:=== 阶段1：生成独立表 ===
INFO:app.services.data_generator:开始为独立表 oms_order 生成数据
INFO:app.core.database:批量执行SQL，查询: INSERT INTO oms_order (order_id, order_channel, customer_code, order_amount, discount_amount, pay_amount, order_status, province, city, district, detail_address, order_time) VALUES ($1, $2, $3, $4, $5, $6, $7, $8, $9, $10, $11, $12), 值数量: 1
INFO:app.core.database:连接数据库: 172.16.10.196:5432/db_house
INFO:app.core.database:批量执行SQL完成
INFO:app.services.data_generator:表 oms_order 已插入剩余 1 条记录并缓存主键值
INFO:app.services.data_generator:独立表 oms_order 生成完成，记录数: 1
INFO:app.services.data_generator:=== 阶段2：生成依赖表 ===
INFO:app.services.data_generator:表依赖排序结果: ['oms_order_item']
INFO:app.services.data_generator:排序后的依赖表: ['oms_order_item']
INFO:app.services.data_generator:开始为依赖表 oms_order_item 生成数据
INFO:app.core.database:批量执行SQL，查询: INSERT INTO oms_order_item (id, order_id, product_sku, product_name, quantity, price) VALUES ($1, $2, $3, $4, $5, $6), 值数量: 1
INFO:app.core.database:连接数据库: 172.16.10.196:5432/db_house
INFO:app.core.database:批量执行SQL完成
INFO:app.services.data_generator:表 oms_order_item 已插入剩余 1 条记录并缓存主键值
INFO:app.services.data_generator:依赖表 oms_order_item 生成完成，记录数: 1
INFO:app.services.data_generator:数据生成完成，总记录数: 2
INFO:app.services.data_generator:退出 generate_data_for_tables 方法
INFO:app.services.data_generator:开始 generate_data_for_tables 方法
INFO:app.services.data_generator:独立表（阶段1）: ['oms_order']
INFO:app.services.data_generator:依赖表（阶段2）: ['oms_order_item']
INFO:app.services.data_generator:初始化数据库计数器
INFO:app.core.database:执行查询: SELECT MAX(id) FROM crawler_competitor_price, 参数: ()
INFO:app.core.database:连接数据库: 172.16.10.196:5432/db_house
INFO:app.core.database:查询执行成功
INFO:app.core.database:执行查询: SELECT MAX(id) FROM ext_market_trend, 参数: ()
INFO:app.core.database:连接数据库: 172.16.10.196:5432/db_house
INFO:app.core.database:查询执行成功
INFO:app.core.database:执行查询: SELECT MAX(id) FROM oms_order_item, 参数: ()
INFO:app.core.database:连接数据库: 172.16.10.196:5432/db_house
INFO:app.core.database:查询执行成功
INFO:app.services.data_generator:计数器初始化完成: {'crawler_competitor_price_id': 10, 'ext_market_trend_id': 10, 'oms_order_item_id': 83}
INFO:app.services.data_generator:开始处理日期: 2025-10-14
INFO:app.services.data_generator:当天计划生成记录数: 1
INFO:app.services.data_generator:已清空外键缓存
INFO:app.services.data_generator:=== 阶段1：生成独立表 ===
INFO:app.services.data_generator:开始为独立表 oms_order 生成数据
INFO:app.core.database:批量执行SQL，查询: INSERT INTO oms_order (order_id, order_channel, customer_code, order_amount, discount_amount, pay_amount, order_status, province, city, district, detail_address, order_time) VALUES ($1, $2, $3, $4, $5, $6, $7, $8, $9, $10, $11, $12), 值数量: 1
INFO:app.core.database:连接数据库: 172.16.10.196:5432/db_house
INFO:app.core.database:批量执行SQL完成
INFO:app.services.data_generator:表 oms_order 已插入剩余 1 条记录并缓存主键值
INFO:app.services.data_generator:独立表 oms_order 生成完成，记录数: 1
INFO:app.services.data_generator:=== 阶段2：生成依赖表 ===
INFO:app.services.data_generator:表依赖排序结果: ['oms_order_item']
INFO:app.services.data_generator:排序后的依赖表: ['oms_order_item']
INFO:app.services.data_generator:开始为依赖表 oms_order_item 生成数据
INFO:app.core.database:批量执行SQL，查询: INSERT INTO oms_order_item (id, order_id, product_sku, product_name, quantity, price) VALUES ($1, $2, $3, $4, $5, $6), 值数量: 1
INFO:app.core.database:连接数据库: 172.16.10.196:5432/db_house
INFO:app.core.database:批量执行SQL完成
INFO:app.services.data_generator:表 oms_order_item 已插入剩余 1 条记录并缓存主键值
INFO:app.services.data_generator:依赖表 oms_order_item 生成完成，记录数: 1
INFO:app.services.data_generator:数据生成完成，总记录数: 2
INFO:app.services.data_generator:退出 generate_data_for_tables 方法
INFO:app.services.data_generator:开始 generate_data_for_tables 方法
INFO:app.services.data_generator:独立表（阶段1）: ['oms_order']
INFO:app.services.data_generator:依赖表（阶段2）: ['oms_order_item']
INFO:app.services.data_generator:初始化数据库计数器
INFO:app.core.database:执行查询: SELECT MAX(id) FROM crawler_competitor_price, 参数: ()
INFO:app.core.database:连接数据库: 172.16.10.196:5432/db_house
INFO:app.core.database:查询执行成功
INFO:app.core.database:执行查询: SELECT MAX(id) FROM ext_market_trend, 参数: ()
INFO:app.core.database:连接数据库: 172.16.10.196:5432/db_house
INFO:app.core.database:查询执行成功
INFO:app.core.database:执行查询: SELECT MAX(id) FROM oms_order_item, 参数: ()
INFO:app.core.database:连接数据库: 172.16.10.196:5432/db_house
INFO:app.core.database:查询执行成功
INFO:app.services.data_generator:计数器初始化完成: {'crawler_competitor_price_id': 10, 'ext_market_trend_id': 10, 'oms_order_item_id': 84}
INFO:app.services.data_generator:开始处理日期: 2025-10-14
INFO:app.services.data_generator:当天计划生成记录数: 1
INFO:app.services.data_generator:已清空外键缓存
INFO:app.services.data_generator:=== 阶段1：生成独立表 ===
INFO:app.services.data_generator:开始为独立表 oms_order 生成数据
INFO:app.core.database:批量执行SQL，查询: INSERT INTO oms_order (order_id, order_channel, customer_code, order_amount, discount_amount, pay_amount, order_status, province, city, district, detail_address, order_time) VALUES ($1, $2, $3, $4, $5, $6, $7, $8, $9, $10, $11, $12), 值数量: 1
INFO:app.core.database:连接数据库: 172.16.10.196:5432/db_house
INFO:app.core.database:批量执行SQL完成
INFO:app.services.data_generator:表 oms_order 已插入剩余 1 条记录并缓存主键值
INFO:app.services.data_generator:独立表 oms_order 生成完成，记录数: 1
INFO:app.services.data_generator:=== 阶段2：生成依赖表 ===
INFO:app.services.data_generator:表依赖排序结果: ['oms_order_item']
INFO:app.services.data_generator:排序后的依赖表: ['oms_order_item']
INFO:app.services.data_generator:开始为依赖表 oms_order_item 生成数据
INFO:app.core.database:批量执行SQL，查询: INSERT INTO oms_order_item (id, order_id, product_sku, product_name, quantity, price) VALUES ($1, $2, $3, $4, $5, $6), 值数量: 1
INFO:app.core.database:连接数据库: 172.16.10.196:5432/db_house
INFO:app.core.database:批量执行SQL完成
INFO:app.services.data_generator:表 oms_order_item 已插入剩余 1 条记录并缓存主键值
INFO:app.services.data_generator:依赖表 oms_order_item 生成完成，记录数: 1
INFO:app.services.data_generator:数据生成完成，总记录数: 2
INFO:app.services.data_generator:退出 generate_data_for_tables 方法
INFO:app.services.data_generator:开始 generate_data_for_tables 方法
INFO:app.services.data_generator:独立表（阶段1）: ['oms_order']
INFO:app.services.data_generator:依赖表（阶段2）: ['oms_order_item']
INFO:app.services.data_generator:初始化数据库计数器
INFO:app.core.database:执行查询: SELECT MAX(id) FROM crawler_competitor_price, 参数: ()
INFO:app.core.database:连接数据库: 172.16.10.196:5432/db_house
INFO:app.core.database:查询执行成功
INFO:app.core.database:执行查询: SELECT MAX(id) FROM ext_market_trend, 参数: ()
INFO:app.core.database:连接数据库: 172.16.10.196:5432/db_house
INFO:app.core.database:查询执行成功
INFO:app.core.database:执行查询: SELECT MAX(id) FROM oms_order_item, 参数: ()
INFO:app.core.database:连接数据库: 172.16.10.196:5432/db_house
INFO:app.core.database:查询执行成功
INFO:app.services.data_generator:计数器初始化完成: {'crawler_competitor_price_id': 10, 'ext_market_trend_id': 10, 'oms_order_item_id': 85}
INFO:app.services.data_generator:开始处理日期: 2025-10-14
INFO:app.services.data_generator:当天计划生成记录数: 1
INFO:app.services.data_generator:已清空外键缓存
INFO:app.services.data_generator:=== 阶段1：生成独立表 ===
INFO:app.services.data_generator:开始为独立表 oms_order 生成数据
INFO:app.core.database:批量执行SQL，查询: INSERT INTO oms_order (order_id, order_channel, customer_code, order_amount, discount_amount, pay_amount, order_status, province, city, district, detail_address, order_time) VALUES ($1, $2, $3, $4, $5, $6, $7, $8, $9, $10, $11, $12), 值数量: 1
INFO:app.core.database:连接数据库: 172.16.10.196:5432/db_house
INFO:app.core.database:批量执行SQL完成
INFO:app.services.data_generator:表 oms_order 已插入剩余 1 条记录并缓存主键值
INFO:app.services.data_generator:独立表 oms_order 生成完成，记录数: 1
INFO:app.services.data_generator:=== 阶段2：生成依赖表 ===
INFO:app.services.data_generator:表依赖排序结果: ['oms_order_item']
INFO:app.services.data_generator:排序后的依赖表: ['oms_order_item']
INFO:app.services.data_generator:开始为依赖表 oms_order_item 生成数据
INFO:app.core.database:批量执行SQL，查询: INSERT INTO oms_order_item (id, order_id, product_sku, product_name, quantity, price) VALUES ($1, $2, $3, $4, $5, $6), 值数量: 1
INFO:app.core.database:连接数据库: 172.16.10.196:5432/db_house
INFO:app.core.database:批量执行SQL完成
INFO:app.services.data_generator:表 oms_order_item 已插入剩余 1 条记录并缓存主键值
INFO:app.services.data_generator:依赖表 oms_order_item 生成完成，记录数: 1
INFO:app.services.data_generator:数据生成完成，总记录数: 2
INFO:app.services.data_generator:退出 generate_data_for_tables 方法
INFO:app.services.data_generator:开始 generate_data_for_tables 方法
INFO:app.services.data_generator:独立表（阶段1）: ['oms_order']
INFO:app.services.data_generator:依赖表（阶段2）: ['oms_order_item']
INFO:app.services.data_generator:初始化数据库计数器
INFO:app.core.database:执行查询: SELECT MAX(id) FROM crawler_competitor_price, 参数: ()
INFO:app.core.database:连接数据库: 172.16.10.196:5432/db_house
INFO:app.core.database:查询执行成功
INFO:app.core.database:执行查询: SELECT MAX(id) FROM ext_market_trend, 参数: ()
INFO:app.core.database:连接数据库: 172.16.10.196:5432/db_house
INFO:app.core.database:查询执行成功
INFO:app.core.database:执行查询: SELECT MAX(id) FROM oms_order_item, 参数: ()
INFO:app.core.database:连接数据库: 172.16.10.196:5432/db_house
INFO:app.core.database:查询执行成功
INFO:app.services.data_generator:计数器初始化完成: {'crawler_competitor_price_id': 10, 'ext_market_trend_id': 10, 'oms_order_item_id': 86}
INFO:app.services.data_generator:开始处理日期: 2025-10-14
INFO:app.services.data_generator:当天计划生成记录数: 1
INFO:app.services.data_generator:已清空外键缓存
INFO:app.services.data_generator:=== 阶段1：生成独立表 ===
INFO:app.services.data_generator:开始为独立表 oms_order 生成数据
INFO:app.core.database:批量执行SQL，查询: INSERT INTO oms_order (order_id, order_channel, customer_code, order_amount, discount_amount, pay_amount, order_status, province, city, district, detail_address, order_time) VALUES ($1, $2, $3, $4, $5, $6, $7, $8, $9, $10, $11, $12), 值数量: 1
INFO:app.core.database:连接数据库: 172.16.10.196:5432/db_house
INFO:app.core.database:批量执行SQL完成
INFO:app.services.data_generator:表 oms_order 已插入剩余 1 条记录并缓存主键值
INFO:app.services.data_generator:独立表 oms_order 生成完成，记录数: 1
INFO:app.services.data_generator:=== 阶段2：生成依赖表 ===
INFO:app.services.data_generator:表依赖排序结果: ['oms_order_item']
INFO:app.services.data_generator:排序后的依赖表: ['oms_order_item']
INFO:app.services.data_generator:开始为依赖表 oms_order_item 生成数据
INFO:app.core.database:批量执行SQL，查询: INSERT INTO oms_order_item (id, order_id, product_sku, product_name, quantity, price) VALUES ($1, $2, $3, $4, $5, $6), 值数量: 1
INFO:app.core.database:连接数据库: 172.16.10.196:5432/db_house
INFO:app.core.database:批量执行SQL完成
INFO:app.services.data_generator:表 oms_order_item 已插入剩余 1 条记录并缓存主键值
INFO:app.services.data_generator:依赖表 oms_order_item 生成完成，记录数: 1
INFO:app.services.data_generator:数据生成完成，总记录数: 2
INFO:app.services.data_generator:退出 generate_data_for_tables 方法
INFO:app.services.data_generator:开始 generate_data_for_tables 方法
INFO:app.services.data_generator:独立表（阶段1）: ['oms_order']
INFO:app.services.data_generator:依赖表（阶段2）: ['oms_order_item']
INFO:app.services.data_generator:初始化数据库计数器
INFO:app.core.database:执行查询: SELECT MAX(id) FROM crawler_competitor_price, 参数: ()
INFO:app.core.database:连接数据库: 172.16.10.196:5432/db_house
INFO:app.core.database:查询执行成功
INFO:app.core.database:执行查询: SELECT MAX(id) FROM ext_market_trend, 参数: ()
INFO:app.core.database:连接数据库: 172.16.10.196:5432/db_house
INFO:app.core.database:查询执行成功
INFO:app.core.database:执行查询: SELECT MAX(id) FROM oms_order_item, 参数: ()
INFO:app.core.database:连接数据库: 172.16.10.196:5432/db_house
INFO:app.core.database:查询执行成功
INFO:app.services.data_generator:计数器初始化完成: {'crawler_competitor_price_id': 10, 'ext_market_trend_id': 10, 'oms_order_item_id': 87}
INFO:app.services.data_generator:开始处理日期: 2025-10-14
INFO:app.services.data_generator:当天计划生成记录数: 1
INFO:app.services.data_generator:已清空外键缓存
INFO:app.services.data_generator:=== 阶段1：生成独立表 ===
INFO:app.services.data_generator:开始为独立表 oms_order 生成数据
INFO:app.core.database:批量执行SQL，查询: INSERT INTO oms_order (order_id, order_channel, customer_code, order_amount, discount_amount, pay_amount, order_status, province, city, district, detail_address, order_time) VALUES ($1, $2, $3, $4, $5, $6, $7, $8, $9, $10, $11, $12), 值数量: 1
INFO:app.core.database:连接数据库: 172.16.10.196:5432/db_house
INFO:app.core.database:批量执行SQL完成
INFO:app.services.data_generator:表 oms_order 已插入剩余 1 条记录并缓存主键值
INFO:app.services.data_generator:独立表 oms_order 生成完成，记录数: 1
INFO:app.services.data_generator:=== 阶段2：生成依赖表 ===
INFO:app.services.data_generator:表依赖排序结果: ['oms_order_item']
INFO:app.services.data_generator:排序后的依赖表: ['oms_order_item']
INFO:app.services.data_generator:开始为依赖表 oms_order_item 生成数据
INFO:app.core.database:批量执行SQL，查询: INSERT INTO oms_order_item (id, order_id, product_sku, product_name, quantity, price) VALUES ($1, $2, $3, $4, $5, $6), 值数量: 1
INFO:app.core.database:连接数据库: 172.16.10.196:5432/db_house
INFO:app.core.database:批量执行SQL完成
INFO:app.services.data_generator:表 oms_order_item 已插入剩余 1 条记录并缓存主键值
INFO:app.services.data_generator:依赖表 oms_order_item 生成完成，记录数: 1
INFO:app.services.data_generator:数据生成完成，总记录数: 2
INFO:app.services.data_generator:退出 generate_data_for_tables 方法
INFO:app.services.data_generator:开始 generate_data_for_tables 方法
INFO:app.services.data_generator:独立表（阶段1）: ['oms_order']
INFO:app.services.data_generator:依赖表（阶段2）: ['oms_order_item']
INFO:app.services.data_generator:初始化数据库计数器
INFO:app.core.database:执行查询: SELECT MAX(id) FROM crawler_competitor_price, 参数: ()
INFO:app.core.database:连接数据库: 172.16.10.196:5432/db_house
INFO:app.core.database:查询执行成功
INFO:app.core.database:执行查询: SELECT MAX(id) FROM ext_market_trend, 参数: ()
INFO:app.core.database:连接数据库: 172.16.10.196:5432/db_house
INFO:app.core.database:查询执行成功
INFO:app.core.database:执行查询: SELECT MAX(id) FROM oms_order_item, 参数: ()
INFO:app.core.database:连接数据库: 172.16.10.196:5432/db_house
INFO:app.core.database:查询执行成功
INFO:app.services.data_generator:计数器初始化完成: {'crawler_competitor_price_id': 10, 'ext_market_trend_id': 10, 'oms_order_item_id': 88}
INFO:app.services.data_generator:开始处理日期: 2025-10-14
INFO:app.services.data_generator:当天计划生成记录数: 1
INFO:app.services.data_generator:已清空外键缓存
INFO:app.services.data_generator:=== 阶段1：生成独立表 ===
INFO:app.services.data_generator:开始为独立表 oms_order 生成数据
INFO:app.core.database:批量执行SQL，查询: INSERT INTO oms_order (order_id, order_channel, customer_code, order_amount, discount_amount, pay_amount, order_status, province, city, district, detail_address, order_time) VALUES ($1, $2, $3, $4, $5, $6, $7, $8, $9, $10, $11, $12), 值数量: 1
INFO:app.core.database:连接数据库: 172.16.10.196:5432/db_house
INFO:app.core.database:批量执行SQL完成
INFO:app.services.data_generator:表 oms_order 已插入剩余 1 条记录并缓存主键值
INFO:app.services.data_generator:独立表 oms_order 生成完成，记录数: 1
INFO:app.services.data_generator:=== 阶段2：生成依赖表 ===
INFO:app.services.data_generator:表依赖排序结果: ['oms_order_item']
INFO:app.services.data_generator:排序后的依赖表: ['oms_order_item']
INFO:app.services.data_generator:开始为依赖表 oms_order_item 生成数据
INFO:app.core.database:批量执行SQL，查询: INSERT INTO oms_order_item (id, order_id, product_sku, product_name, quantity, price) VALUES ($1, $2, $3, $4, $5, $6), 值数量: 1
INFO:app.core.database:连接数据库: 172.16.10.196:5432/db_house
INFO:app.core.database:批量执行SQL完成
INFO:app.services.data_generator:表 oms_order_item 已插入剩余 1 条记录并缓存主键值
INFO:app.services.data_generator:依赖表 oms_order_item 生成完成，记录数: 1
INFO:app.services.data_generator:数据生成完成，总记录数: 2
INFO:app.services.data_generator:退出 generate_data_for_tables 方法
INFO:app.services.data_generator:开始 generate_data_for_tables 方法
INFO:app.services.data_generator:独立表（阶段1）: ['oms_order']
INFO:app.services.data_generator:依赖表（阶段2）: ['oms_order_item']
INFO:app.services.data_generator:初始化数据库计数器
INFO:app.core.database:执行查询: SELECT MAX(id) FROM crawler_competitor_price, 参数: ()
INFO:app.core.database:连接数据库: 172.16.10.196:5432/db_house
INFO:app.core.database:查询执行成功
INFO:app.core.database:执行查询: SELECT MAX(id) FROM ext_market_trend, 参数: ()
INFO:app.core.database:连接数据库: 172.16.10.196:5432/db_house
INFO:app.core.database:查询执行成功
INFO:app.core.database:执行查询: SELECT MAX(id) FROM oms_order_item, 参数: ()
INFO:app.core.database:连接数据库: 172.16.10.196:5432/db_house
INFO:app.core.database:查询执行成功
INFO:app.services.data_generator:计数器初始化完成: {'crawler_competitor_price_id': 10, 'ext_market_trend_id': 10, 'oms_order_item_id': 89}
INFO:app.services.data_generator:开始处理日期: 2025-10-14
INFO:app.services.data_generator:当天计划生成记录数: 1
INFO:app.services.data_generator:已清空外键缓存
INFO:app.services.data_generator:=== 阶段1：生成独立表 ===
INFO:app.services.data_generator:开始为独立表 oms_order 生成数据
INFO:app.core.database:批量执行SQL，查询: INSERT INTO oms_order (order_id, order_channel, customer_code, order_amount, discount_amount, pay_amount, order_status, province, city, district, detail_address, order_time) VALUES ($1, $2, $3, $4, $5, $6, $7, $8, $9, $10, $11, $12), 值数量: 1
INFO:app.core.database:连接数据库: 172.16.10.196:5432/db_house
INFO:app.core.database:批量执行SQL完成
INFO:app.services.data_generator:表 oms_order 已插入剩余 1 条记录并缓存主键值
INFO:app.services.data_generator:独立表 oms_order 生成完成，记录数: 1
INFO:app.services.data_generator:=== 阶段2：生成依赖表 ===
INFO:app.services.data_generator:表依赖排序结果: ['oms_order_item']
INFO:app.services.data_generator:排序后的依赖表: ['oms_order_item']
INFO:app.services.data_generator:开始为依赖表 oms_order_item 生成数据
INFO:app.core.database:批量执行SQL，查询: INSERT INTO oms_order_item (id, order_id, product_sku, product_name, quantity, price) VALUES ($1, $2, $3, $4, $5, $6), 值数量: 1
INFO:app.core.database:连接数据库: 172.16.10.196:5432/db_house
INFO:app.core.database:批量执行SQL完成
INFO:app.services.data_generator:表 oms_order_item 已插入剩余 1 条记录并缓存主键值
INFO:app.services.data_generator:依赖表 oms_order_item 生成完成，记录数: 1
INFO:app.services.data_generator:数据生成完成，总记录数: 2
INFO:app.services.data_generator:退出 generate_data_for_tables 方法
INFO:app.services.data_generator:开始 generate_data_for_tables 方法
INFO:app.services.data_generator:独立表（阶段1）: ['oms_order']
INFO:app.services.data_generator:依赖表（阶段2）: ['oms_order_item']
INFO:app.services.data_generator:初始化数据库计数器
INFO:app.core.database:执行查询: SELECT MAX(id) FROM crawler_competitor_price, 参数: ()
INFO:app.core.database:连接数据库: 172.16.10.196:5432/db_house
INFO:app.core.database:查询执行成功
INFO:app.core.database:执行查询: SELECT MAX(id) FROM ext_market_trend, 参数: ()
INFO:app.core.database:连接数据库: 172.16.10.196:5432/db_house
INFO:app.core.database:查询执行成功
INFO:app.core.database:执行查询: SELECT MAX(id) FROM oms_order_item, 参数: ()
INFO:app.core.database:连接数据库: 172.16.10.196:5432/db_house
INFO:app.core.database:查询执行成功
INFO:app.services.data_generator:计数器初始化完成: {'crawler_competitor_price_id': 10, 'ext_market_trend_id': 10, 'oms_order_item_id': 90}
INFO:app.services.data_generator:开始处理日期: 2025-10-14
INFO:app.services.data_generator:当天计划生成记录数: 1
INFO:app.services.data_generator:已清空外键缓存
INFO:app.services.data_generator:=== 阶段1：生成独立表 ===
INFO:app.services.data_generator:开始为独立表 oms_order 生成数据
INFO:app.core.database:批量执行SQL，查询: INSERT INTO oms_order (order_id, order_channel, customer_code, order_amount, discount_amount, pay_amount, order_status, province, city, district, detail_address, order_time) VALUES ($1, $2, $3, $4, $5, $6, $7, $8, $9, $10, $11, $12), 值数量: 1
INFO:app.core.database:连接数据库: 172.16.10.196:5432/db_house
INFO:app.core.database:批量执行SQL完成
INFO:app.services.data_generator:表 oms_order 已插入剩余 1 条记录并缓存主键值
INFO:app.services.data_generator:独立表 oms_order 生成完成，记录数: 1
INFO:app.services.data_generator:=== 阶段2：生成依赖表 ===
INFO:app.services.data_generator:表依赖排序结果: ['oms_order_item']
INFO:app.services.data_generator:排序后的依赖表: ['oms_order_item']
INFO:app.services.data_generator:开始为依赖表 oms_order_item 生成数据
INFO:app.core.database:批量执行SQL，查询: INSERT INTO oms_order_item (id, order_id, product_sku, product_name, quantity, price) VALUES ($1, $2, $3, $4, $5, $6), 值数量: 1
INFO:app.core.database:连接数据库: 172.16.10.196:5432/db_house
INFO:app.core.database:批量执行SQL完成
INFO:app.services.data_generator:表 oms_order_item 已插入剩余 1 条记录并缓存主键值
INFO:app.services.data_generator:依赖表 oms_order_item 生成完成，记录数: 1
INFO:app.services.data_generator:数据生成完成，总记录数: 2
INFO:app.services.data_generator:退出 generate_data_for_tables 方法
INFO:app.services.data_generator:开始 generate_data_for_tables 方法
INFO:app.services.data_generator:独立表（阶段1）: ['oms_order']
INFO:app.services.data_generator:依赖表（阶段2）: ['oms_order_item']
INFO:app.services.data_generator:初始化数据库计数器
INFO:app.core.database:执行查询: SELECT MAX(id) FROM crawler_competitor_price, 参数: ()
INFO:app.core.database:连接数据库: 172.16.10.196:5432/db_house
INFO:app.core.database:查询执行成功
INFO:app.core.database:执行查询: SELECT MAX(id) FROM ext_market_trend, 参数: ()
INFO:app.core.database:连接数据库: 172.16.10.196:5432/db_house
INFO:app.core.database:查询执行成功
INFO:app.core.database:执行查询: SELECT MAX(id) FROM oms_order_item, 参数: ()
INFO:app.core.database:连接数据库: 172.16.10.196:5432/db_house
INFO:app.core.database:查询执行成功
INFO:app.services.data_generator:计数器初始化完成: {'crawler_competitor_price_id': 10, 'ext_market_trend_id': 10, 'oms_order_item_id': 91}
INFO:app.services.data_generator:开始处理日期: 2025-10-14
INFO:app.services.data_generator:当天计划生成记录数: 1
INFO:app.services.data_generator:已清空外键缓存
INFO:app.services.data_generator:=== 阶段1：生成独立表 ===
INFO:app.services.data_generator:开始为独立表 oms_order 生成数据
INFO:app.core.database:批量执行SQL，查询: INSERT INTO oms_order (order_id, order_channel, customer_code, order_amount, discount_amount, pay_amount, order_status, province, city, district, detail_address, order_time) VALUES ($1, $2, $3, $4, $5, $6, $7, $8, $9, $10, $11, $12), 值数量: 1
INFO:app.core.database:连接数据库: 172.16.10.196:5432/db_house
INFO:app.core.database:批量执行SQL完成
INFO:app.services.data_generator:表 oms_order 已插入剩余 1 条记录并缓存主键值
INFO:app.services.data_generator:独立表 oms_order 生成完成，记录数: 1
INFO:app.services.data_generator:=== 阶段2：生成依赖表 ===
INFO:app.services.data_generator:表依赖排序结果: ['oms_order_item']
INFO:app.services.data_generator:排序后的依赖表: ['oms_order_item']
INFO:app.services.data_generator:开始为依赖表 oms_order_item 生成数据
INFO:app.core.database:批量执行SQL，查询: INSERT INTO oms_order_item (id, order_id, product_sku, product_name, quantity, price) VALUES ($1, $2, $3, $4, $5, $6), 值数量: 1
INFO:app.core.database:连接数据库: 172.16.10.196:5432/db_house
INFO:app.core.database:批量执行SQL完成
INFO:app.services.data_generator:表 oms_order_item 已插入剩余 1 条记录并缓存主键值
INFO:app.services.data_generator:依赖表 oms_order_item 生成完成，记录数: 1
INFO:app.services.data_generator:数据生成完成，总记录数: 2
INFO:app.services.data_generator:退出 generate_data_for_tables 方法
INFO:app.services.data_generator:开始 generate_data_for_tables 方法
INFO:app.services.data_generator:独立表（阶段1）: ['oms_order']
INFO:app.services.data_generator:依赖表（阶段2）: ['oms_order_item']
INFO:app.services.data_generator:初始化数据库计数器
INFO:app.core.database:执行查询: SELECT MAX(id) FROM crawler_competitor_price, 参数: ()
INFO:app.core.database:连接数据库: 172.16.10.196:5432/db_house
INFO:app.core.database:查询执行成功
INFO:app.core.database:执行查询: SELECT MAX(id) FROM ext_market_trend, 参数: ()
INFO:app.core.database:连接数据库: 172.16.10.196:5432/db_house
INFO:app.core.database:查询执行成功
INFO:app.core.database:执行查询: SELECT MAX(id) FROM oms_order_item, 参数: ()
INFO:app.core.database:连接数据库: 172.16.10.196:5432/db_house
INFO:app.core.database:查询执行成功
INFO:app.services.data_generator:计数器初始化完成: {'crawler_competitor_price_id': 10, 'ext_market_trend_id': 10, 'oms_order_item_id': 92}
INFO:app.services.data_generator:开始处理日期: 2025-10-14
INFO:app.services.data_generator:当天计划生成记录数: 1
INFO:app.services.data_generator:已清空外键缓存
INFO:app.services.data_generator:=== 阶段1：生成独立表 ===
INFO:app.services.data_generator:开始为独立表 oms_order 生成数据
INFO:app.core.database:批量执行SQL，查询: INSERT INTO oms_order (order_id, order_channel, customer_code, order_amount, discount_amount, pay_amount, order_status, province, city, district, detail_address, order_time) VALUES ($1, $2, $3, $4, $5, $6, $7, $8, $9, $10, $11, $12), 值数量: 1
INFO:app.core.database:连接数据库: 172.16.10.196:5432/db_house
INFO:app.core.database:批量执行SQL完成
INFO:app.services.data_generator:表 oms_order 已插入剩余 1 条记录并缓存主键值
INFO:app.services.data_generator:独立表 oms_order 生成完成，记录数: 1
INFO:app.services.data_generator:=== 阶段2：生成依赖表 ===
INFO:app.services.data_generator:表依赖排序结果: ['oms_order_item']
INFO:app.services.data_generator:排序后的依赖表: ['oms_order_item']
INFO:app.services.data_generator:开始为依赖表 oms_order_item 生成数据
INFO:app.core.database:批量执行SQL，查询: INSERT INTO oms_order_item (id, order_id, product_sku, product_name, quantity, price) VALUES ($1, $2, $3, $4, $5, $6), 值数量: 1
INFO:app.core.database:连接数据库: 172.16.10.196:5432/db_house
INFO:app.core.database:批量执行SQL完成
INFO:app.services.data_generator:表 oms_order_item 已插入剩余 1 条记录并缓存主键值
INFO:app.services.data_generator:依赖表 oms_order_item 生成完成，记录数: 1
INFO:app.services.data_generator:数据生成完成，总记录数: 2
INFO:app.services.data_generator:退出 generate_data_for_tables 方法
INFO:app.services.data_generator:开始 generate_data_for_tables 方法
INFO:app.services.data_generator:独立表（阶段1）: ['oms_order']
INFO:app.services.data_generator:依赖表（阶段2）: ['oms_order_item']
INFO:app.services.data_generator:初始化数据库计数器
INFO:app.core.database:执行查询: SELECT MAX(id) FROM crawler_competitor_price, 参数: ()
INFO:app.core.database:连接数据库: 172.16.10.196:5432/db_house
INFO:app.core.database:查询执行成功
INFO:app.core.database:执行查询: SELECT MAX(id) FROM ext_market_trend, 参数: ()
INFO:app.core.database:连接数据库: 172.16.10.196:5432/db_house
INFO:app.core.database:查询执行成功
INFO:app.core.database:执行查询: SELECT MAX(id) FROM oms_order_item, 参数: ()
INFO:app.core.database:连接数据库: 172.16.10.196:5432/db_house
INFO:app.core.database:查询执行成功
INFO:app.services.data_generator:计数器初始化完成: {'crawler_competitor_price_id': 10, 'ext_market_trend_id': 10, 'oms_order_item_id': 93}
INFO:app.services.data_generator:开始处理日期: 2025-10-14
INFO:app.services.data_generator:当天计划生成记录数: 1
INFO:app.services.data_generator:已清空外键缓存
INFO:app.services.data_generator:=== 阶段1：生成独立表 ===
INFO:app.services.data_generator:开始为独立表 oms_order 生成数据
INFO:app.core.database:批量执行SQL，查询: INSERT INTO oms_order (order_id, order_channel, customer_code, order_amount, discount_amount, pay_amount, order_status, province, city, district, detail_address, order_time) VALUES ($1, $2, $3, $4, $5, $6, $7, $8, $9, $10, $11, $12), 值数量: 1
INFO:app.core.database:连接数据库: 172.16.10.196:5432/db_house
INFO:app.core.database:批量执行SQL完成
INFO:app.services.data_generator:表 oms_order 已插入剩余 1 条记录并缓存主键值
INFO:app.services.data_generator:独立表 oms_order 生成完成，记录数: 1
INFO:app.services.data_generator:=== 阶段2：生成依赖表 ===
INFO:app.services.data_generator:表依赖排序结果: ['oms_order_item']
INFO:app.services.data_generator:排序后的依赖表: ['oms_order_item']
INFO:app.services.data_generator:开始为依赖表 oms_order_item 生成数据
INFO:app.core.database:批量执行SQL，查询: INSERT INTO oms_order_item (id, order_id, product_sku, product_name, quantity, price) VALUES ($1, $2, $3, $4, $5, $6), 值数量: 1
INFO:app.core.database:连接数据库: 172.16.10.196:5432/db_house
INFO:app.core.database:批量执行SQL完成
INFO:app.services.data_generator:表 oms_order_item 已插入剩余 1 条记录并缓存主键值
INFO:app.services.data_generator:依赖表 oms_order_item 生成完成，记录数: 1
INFO:app.services.data_generator:数据生成完成，总记录数: 2
INFO:app.services.data_generator:退出 generate_data_for_tables 方法
INFO:app.services.data_generator:开始 generate_data_for_tables 方法
INFO:app.services.data_generator:独立表（阶段1）: ['oms_order']
INFO:app.services.data_generator:依赖表（阶段2）: ['oms_order_item']
INFO:app.services.data_generator:初始化数据库计数器
INFO:app.core.database:执行查询: SELECT MAX(id) FROM crawler_competitor_price, 参数: ()
INFO:app.core.database:连接数据库: 172.16.10.196:5432/db_house
INFO:app.core.database:查询执行成功
INFO:app.core.database:执行查询: SELECT MAX(id) FROM ext_market_trend, 参数: ()
INFO:app.core.database:连接数据库: 172.16.10.196:5432/db_house
INFO:app.core.database:查询执行成功
INFO:app.core.database:执行查询: SELECT MAX(id) FROM oms_order_item, 参数: ()
INFO:app.core.database:连接数据库: 172.16.10.196:5432/db_house
INFO:app.core.database:查询执行成功
INFO:app.services.data_generator:计数器初始化完成: {'crawler_competitor_price_id': 10, 'ext_market_trend_id': 10, 'oms_order_item_id': 94}
INFO:app.services.data_generator:开始处理日期: 2025-10-14
INFO:app.services.data_generator:当天计划生成记录数: 1
INFO:app.services.data_generator:已清空外键缓存
INFO:app.services.data_generator:=== 阶段1：生成独立表 ===
INFO:app.services.data_generator:开始为独立表 oms_order 生成数据
INFO:app.core.database:批量执行SQL，查询: INSERT INTO oms_order (order_id, order_channel, customer_code, order_amount, discount_amount, pay_amount, order_status, province, city, district, detail_address, order_time) VALUES ($1, $2, $3, $4, $5, $6, $7, $8, $9, $10, $11, $12), 值数量: 1
INFO:app.core.database:连接数据库: 172.16.10.196:5432/db_house
INFO:app.core.database:批量执行SQL完成
INFO:app.services.data_generator:表 oms_order 已插入剩余 1 条记录并缓存主键值
INFO:app.services.data_generator:独立表 oms_order 生成完成，记录数: 1
INFO:app.services.data_generator:=== 阶段2：生成依赖表 ===
INFO:app.services.data_generator:表依赖排序结果: ['oms_order_item']
INFO:app.services.data_generator:排序后的依赖表: ['oms_order_item']
INFO:app.services.data_generator:开始为依赖表 oms_order_item 生成数据
INFO:app.core.database:批量执行SQL，查询: INSERT INTO oms_order_item (id, order_id, product_sku, product_name, quantity, price) VALUES ($1, $2, $3, $4, $5, $6), 值数量: 1
INFO:app.core.database:连接数据库: 172.16.10.196:5432/db_house
INFO:app.core.database:批量执行SQL完成
INFO:app.services.data_generator:表 oms_order_item 已插入剩余 1 条记录并缓存主键值
INFO:app.services.data_generator:依赖表 oms_order_item 生成完成，记录数: 1
INFO:app.services.data_generator:数据生成完成，总记录数: 2
INFO:app.services.data_generator:退出 generate_data_for_tables 方法
INFO:app.services.data_generator:开始 generate_data_for_tables 方法
INFO:app.services.data_generator:独立表（阶段1）: ['oms_order']
INFO:app.services.data_generator:依赖表（阶段2）: ['oms_order_item']
INFO:app.services.data_generator:初始化数据库计数器
INFO:app.core.database:执行查询: SELECT MAX(id) FROM crawler_competitor_price, 参数: ()
INFO:app.core.database:连接数据库: 172.16.10.196:5432/db_house
INFO:app.core.database:查询执行成功
INFO:app.core.database:执行查询: SELECT MAX(id) FROM ext_market_trend, 参数: ()
INFO:app.core.database:连接数据库: 172.16.10.196:5432/db_house
INFO:app.core.database:查询执行成功
INFO:app.core.database:执行查询: SELECT MAX(id) FROM oms_order_item, 参数: ()
INFO:app.core.database:连接数据库: 172.16.10.196:5432/db_house
INFO:app.core.database:查询执行成功
INFO:app.services.data_generator:计数器初始化完成: {'crawler_competitor_price_id': 10, 'ext_market_trend_id': 10, 'oms_order_item_id': 95}
INFO:app.services.data_generator:开始处理日期: 2025-10-14
INFO:app.services.data_generator:当天计划生成记录数: 1
INFO:app.services.data_generator:已清空外键缓存
INFO:app.services.data_generator:=== 阶段1：生成独立表 ===
INFO:app.services.data_generator:开始为独立表 oms_order 生成数据
INFO:app.core.database:批量执行SQL，查询: INSERT INTO oms_order (order_id, order_channel, customer_code, order_amount, discount_amount, pay_amount, order_status, province, city, district, detail_address, order_time) VALUES ($1, $2, $3, $4, $5, $6, $7, $8, $9, $10, $11, $12), 值数量: 1
INFO:app.core.database:连接数据库: 172.16.10.196:5432/db_house
INFO:app.core.database:批量执行SQL完成
INFO:app.services.data_generator:表 oms_order 已插入剩余 1 条记录并缓存主键值
INFO:app.services.data_generator:独立表 oms_order 生成完成，记录数: 1
INFO:app.services.data_generator:=== 阶段2：生成依赖表 ===
INFO:app.services.data_generator:表依赖排序结果: ['oms_order_item']
INFO:app.services.data_generator:排序后的依赖表: ['oms_order_item']
INFO:app.services.data_generator:开始为依赖表 oms_order_item 生成数据
INFO:app.core.database:批量执行SQL，查询: INSERT INTO oms_order_item (id, order_id, product_sku, product_name, quantity, price) VALUES ($1, $2, $3, $4, $5, $6), 值数量: 1
INFO:app.core.database:连接数据库: 172.16.10.196:5432/db_house
INFO:app.core.database:批量执行SQL完成
INFO:app.services.data_generator:表 oms_order_item 已插入剩余 1 条记录并缓存主键值
INFO:app.services.data_generator:依赖表 oms_order_item 生成完成，记录数: 1
INFO:app.services.data_generator:数据生成完成，总记录数: 2
INFO:app.services.data_generator:退出 generate_data_for_tables 方法
INFO:app.services.data_generator:开始 generate_data_for_tables 方法
INFO:app.services.data_generator:独立表（阶段1）: ['oms_order']
INFO:app.services.data_generator:依赖表（阶段2）: ['oms_order_item']
INFO:app.services.data_generator:初始化数据库计数器
INFO:app.core.database:执行查询: SELECT MAX(id) FROM crawler_competitor_price, 参数: ()
INFO:app.core.database:连接数据库: 172.16.10.196:5432/db_house
INFO:app.core.database:查询执行成功
INFO:app.core.database:执行查询: SELECT MAX(id) FROM ext_market_trend, 参数: ()
INFO:app.core.database:连接数据库: 172.16.10.196:5432/db_house
INFO:app.core.database:查询执行成功
INFO:app.core.database:执行查询: SELECT MAX(id) FROM oms_order_item, 参数: ()
INFO:app.core.database:连接数据库: 172.16.10.196:5432/db_house
INFO:app.core.database:查询执行成功
INFO:app.services.data_generator:计数器初始化完成: {'crawler_competitor_price_id': 10, 'ext_market_trend_id': 10, 'oms_order_item_id': 96}
INFO:app.services.data_generator:开始处理日期: 2025-10-14
INFO:app.services.data_generator:当天计划生成记录数: 1
INFO:app.services.data_generator:已清空外键缓存
INFO:app.services.data_generator:=== 阶段1：生成独立表 ===
INFO:app.services.data_generator:开始为独立表 oms_order 生成数据
INFO:app.core.database:批量执行SQL，查询: INSERT INTO oms_order (order_id, order_channel, customer_code, order_amount, discount_amount, pay_amount, order_status, province, city, district, detail_address, order_time) VALUES ($1, $2, $3, $4, $5, $6, $7, $8, $9, $10, $11, $12), 值数量: 1
INFO:app.core.database:连接数据库: 172.16.10.196:5432/db_house
INFO:app.core.database:批量执行SQL完成
INFO:app.services.data_generator:表 oms_order 已插入剩余 1 条记录并缓存主键值
INFO:app.services.data_generator:独立表 oms_order 生成完成，记录数: 1
INFO:app.services.data_generator:=== 阶段2：生成依赖表 ===
INFO:app.services.data_generator:表依赖排序结果: ['oms_order_item']
INFO:app.services.data_generator:排序后的依赖表: ['oms_order_item']
INFO:app.services.data_generator:开始为依赖表 oms_order_item 生成数据
INFO:app.core.database:批量执行SQL，查询: INSERT INTO oms_order_item (id, order_id, product_sku, product_name, quantity, price) VALUES ($1, $2, $3, $4, $5, $6), 值数量: 1
INFO:app.core.database:连接数据库: 172.16.10.196:5432/db_house
INFO:app.core.database:批量执行SQL完成
INFO:app.services.data_generator:表 oms_order_item 已插入剩余 1 条记录并缓存主键值
INFO:app.services.data_generator:依赖表 oms_order_item 生成完成，记录数: 1
INFO:app.services.data_generator:数据生成完成，总记录数: 2
INFO:app.services.data_generator:退出 generate_data_for_tables 方法
INFO:app.services.data_generator:开始 generate_data_for_tables 方法
INFO:app.services.data_generator:独立表（阶段1）: ['oms_order']
INFO:app.services.data_generator:依赖表（阶段2）: ['oms_order_item']
INFO:app.services.data_generator:初始化数据库计数器
INFO:app.core.database:执行查询: SELECT MAX(id) FROM crawler_competitor_price, 参数: ()
INFO:app.core.database:连接数据库: 172.16.10.196:5432/db_house
INFO:app.core.database:查询执行成功
INFO:app.core.database:执行查询: SELECT MAX(id) FROM ext_market_trend, 参数: ()
INFO:app.core.database:连接数据库: 172.16.10.196:5432/db_house
INFO:app.core.database:查询执行成功
INFO:app.core.database:执行查询: SELECT MAX(id) FROM oms_order_item, 参数: ()
INFO:app.core.database:连接数据库: 172.16.10.196:5432/db_house
INFO:app.core.database:查询执行成功
INFO:app.services.data_generator:计数器初始化完成: {'crawler_competitor_price_id': 20, 'ext_market_trend_id': 20, 'oms_order_item_id': 97}
INFO:app.services.data_generator:开始处理日期: 2025-10-14
INFO:app.services.data_generator:当天计划生成记录数: 1
INFO:app.services.data_generator:已清空外键缓存
INFO:app.services.data_generator:=== 阶段1：生成独立表 ===
INFO:app.services.data_generator:开始为独立表 oms_order 生成数据
INFO:app.core.database:批量执行SQL，查询: INSERT INTO oms_order (order_id, order_channel, customer_code, order_amount, discount_amount, pay_amount, order_status, province, city, district, detail_address, order_time) VALUES ($1, $2, $3, $4, $5, $6, $7, $8, $9, $10, $11, $12), 值数量: 1
INFO:app.core.database:连接数据库: 172.16.10.196:5432/db_house
INFO:app.core.database:批量执行SQL完成
INFO:app.services.data_generator:表 oms_order 已插入剩余 1 条记录并缓存主键值
INFO:app.services.data_generator:独立表 oms_order 生成完成，记录数: 1
INFO:app.services.data_generator:=== 阶段2：生成依赖表 ===
INFO:app.services.data_generator:表依赖排序结果: ['oms_order_item']
INFO:app.services.data_generator:排序后的依赖表: ['oms_order_item']
INFO:app.services.data_generator:开始为依赖表 oms_order_item 生成数据
INFO:app.core.database:批量执行SQL，查询: INSERT INTO oms_order_item (id, order_id, product_sku, product_name, quantity, price) VALUES ($1, $2, $3, $4, $5, $6), 值数量: 1
INFO:app.core.database:连接数据库: 172.16.10.196:5432/db_house
INFO:app.core.database:批量执行SQL完成
INFO:app.services.data_generator:表 oms_order_item 已插入剩余 1 条记录并缓存主键值
INFO:app.services.data_generator:依赖表 oms_order_item 生成完成，记录数: 1
INFO:app.services.data_generator:数据生成完成，总记录数: 2
INFO:app.services.data_generator:退出 generate_data_for_tables 方法
INFO:app.services.data_generator:开始 generate_data_for_tables 方法
INFO:app.services.data_generator:独立表（阶段1）: ['oms_order']
INFO:app.services.data_generator:依赖表（阶段2）: ['oms_order_item']
INFO:app.services.data_generator:初始化数据库计数器
INFO:app.core.database:执行查询: SELECT MAX(id) FROM crawler_competitor_price, 参数: ()
INFO:app.core.database:连接数据库: 172.16.10.196:5432/db_house
INFO:app.core.database:查询执行成功
INFO:app.core.database:执行查询: SELECT MAX(id) FROM ext_market_trend, 参数: ()
INFO:app.core.database:连接数据库: 172.16.10.196:5432/db_house
INFO:app.core.database:查询执行成功
INFO:app.core.database:执行查询: SELECT MAX(id) FROM oms_order_item, 参数: ()
INFO:app.core.database:连接数据库: 172.16.10.196:5432/db_house
INFO:app.core.database:查询执行成功
INFO:app.services.data_generator:计数器初始化完成: {'crawler_competitor_price_id': 20, 'ext_market_trend_id': 20, 'oms_order_item_id': 98}
INFO:app.services.data_generator:开始处理日期: 2025-10-14
INFO:app.services.data_generator:当天计划生成记录数: 1
INFO:app.services.data_generator:已清空外键缓存
INFO:app.services.data_generator:=== 阶段1：生成独立表 ===
INFO:app.services.data_generator:开始为独立表 oms_order 生成数据
INFO:app.core.database:批量执行SQL，查询: INSERT INTO oms_order (order_id, order_channel, customer_code, order_amount, discount_amount, pay_amount, order_status, province, city, district, detail_address, order_time) VALUES ($1, $2, $3, $4, $5, $6, $7, $8, $9, $10, $11, $12), 值数量: 1
INFO:app.core.database:连接数据库: 172.16.10.196:5432/db_house
INFO:app.core.database:批量执行SQL完成
INFO:app.services.data_generator:表 oms_order 已插入剩余 1 条记录并缓存主键值
INFO:app.services.data_generator:独立表 oms_order 生成完成，记录数: 1
INFO:app.services.data_generator:=== 阶段2：生成依赖表 ===
INFO:app.services.data_generator:表依赖排序结果: ['oms_order_item']
INFO:app.services.data_generator:排序后的依赖表: ['oms_order_item']
INFO:app.services.data_generator:开始为依赖表 oms_order_item 生成数据
INFO:app.core.database:批量执行SQL，查询: INSERT INTO oms_order_item (id, order_id, product_sku, product_name, quantity, price) VALUES ($1, $2, $3, $4, $5, $6), 值数量: 1
INFO:app.core.database:连接数据库: 172.16.10.196:5432/db_house
INFO:app.core.database:批量执行SQL完成
INFO:app.services.data_generator:表 oms_order_item 已插入剩余 1 条记录并缓存主键值
INFO:app.services.data_generator:依赖表 oms_order_item 生成完成，记录数: 1
INFO:app.services.data_generator:数据生成完成，总记录数: 2
INFO:app.services.data_generator:退出 generate_data_for_tables 方法

[2025-10-14 10:46:34.812407] ✅ 第 66 批数据生成完成
[2025-10-14 10:46:34.812418] ⏱️ 等待 1 秒后继续...
[2025-10-14 10:46:35.812685] 📦 开始生成第 67 批数据...
[2025-10-14 10:46:36.236482] 📦 生成了 2 条记录
[2025-10-14 10:46:36.236503] ✅ 第 67 批数据生成完成
[2025-10-14 10:46:36.236508] ⏱️ 等待 1 秒后继续...
[2025-10-14 10:46:37.237594] 📦 开始生成第 68 批数据...
[2025-10-14 10:46:37.426485] 📦 生成了 2 条记录
[2025-10-14 10:46:37.426498] ✅ 第 68 批数据生成完成
[2025-10-14 10:46:37.426501] ⏱️ 等待 1 秒后继续...
[2025-10-14 10:46:38.427616] 📦 开始生成第 69 批数据...
[2025-10-14 10:46:38.551430] 📦 生成了 2 条记录
[2025-10-14 10:46:38.551456] ✅ 第 69 批数据生成完成
[2025-10-14 10:46:38.551465] ⏱️ 等待 1 秒后继续...
[2025-10-14 10:46:39.552363] 📦 开始生成第 70 批数据...
[2025-10-14 10:46:39.600314] 📦 生成了 2 条记录
[2025-10-14 10:46:39.600332] ✅ 第 70 批数据生成完成
[2025-10-14 10:46:39.600336] ⏱️ 等待 1 秒后继续...
[2025-10-14 10:46:40.601442] 📦 开始生成第 71 批数据...
[2025-10-14 10:46:40.649583] 📦 生成了 2 条记录
[2025-10-14 10:46:40.649612] ✅ 第 71 批数据生成完成
[2025-10-14 10:46:40.649620] ⏱️ 等待 1 秒后继续...
[2025-10-14 10:46:41.650778] 📦 开始生成第 72 批数据...
[2025-10-14 10:46:41.770387] 📦 生成了 2 条记录
[2025-10-14 10:46:41.770406] ✅ 第 72 批数据生成完成
[2025-10-14 10:46:41.770409] ⏱️ 等待 1 秒后继续...
[2025-10-14 10:46:42.771626] 📦 开始生成第 73 批数据...
[2025-10-14 10:46:42.817009] 📦 生成了 2 条记录
[2025-10-14 10:46:42.817031] ✅ 第 73 批数据生成完成
[2025-10-14 10:46:42.817036] ⏱️ 等待 1 秒后继续...
[2025-10-14 10:46:43.818180] 📦 开始生成第 74 批数据...
[2025-10-14 10:46:44.208426] 📦 生成了 2 条记录
[2025-10-14 10:46:44.208452] ✅ 第 74 批数据生成完成
[2025-10-14 10:46:44.208455] ⏱️ 等待 1 秒后继续...
[2025-10-14 10:46:45.209577] 📦 开始生成第 75 批数据...
[2025-10-14 10:46:45.590538] 📦 生成了 2 条记录
[2025-10-14 10:46:45.590567] ✅ 第 75 批数据生成完成
[2025-10-14 10:46:45.590575] ⏱️ 等待 1 秒后继续...
[2025-10-14 10:46:46.591765] 📦 开始生成第 76 批数据...
[2025-10-14 10:46:46.684890] 📦 生成了 2 条记录
[2025-10-14 10:46:46.684911] ✅ 第 76 批数据生成完成
[2025-10-14 10:46:46.684917] ⏱️ 等待 1 秒后继续...
[2025-10-14 10:46:47.685889] 📦 开始生成第 77 批数据...
[2025-10-14 10:46:47.950365] 📦 生成了 2 条记录
[2025-10-14 10:46:47.950393] ✅ 第 77 批数据生成完成
[2025-10-14 10:46:47.950401] ⏱️ 等待 1 秒后继续...
[2025-10-14 10:46:48.951705] 📦 开始生成第 78 批数据...
[2025-10-14 10:46:48.999235] 📦 生成了 2 条记录
[2025-10-14 10:46:48.999251] ✅ 第 78 批数据生成完成
[2025-10-14 10:46:48.999255] ⏱️ 等待 1 秒后继续...
[2025-10-14 10:46:50.000378] 📦 开始生成第 79 批数据...
[2025-10-14 10:46:50.483687] 📦 生成了 2 条记录
[2025-10-14 10:46:50.483696] ✅ 第 79 批数据生成完成
[2025-10-14 10:46:50.483698] ⏱️ 等待 1 秒后继续...
[2025-10-14 10:46:51.484831] 📦 开始生成第 80 批数据...
[2025-10-14 10:46:51.770965] 📦 生成了 2 条记录
[2025-10-14 10:46:51.770983] ✅ 第 80 批数据生成完成
[2025-10-14 10:46:51.770987] ⏱️ 等待 1 秒后继续...
[2025-10-14 10:46:52.772154] 📦 开始生成第 81 批数据...
[2025-10-14 10:46:53.062566] 📦 生成了 2 条记录
[2025-10-14 10:46:53.062589] ✅ 第 81 批数据生成完成
[2025-10-14 10:46:53.062594] ⏱️ 等待 1 秒后继续...
[2025-10-14 10:46:54.063732] 📦 开始生成第 82 批数据...
[2025-10-14 10:46:54.126799] 📦 生成了 2 条记录
[2025-10-14 10:46:54.126832] ✅ 第 82 批数据生成完成
[2025-10-14 10:46:54.126841] ⏱️ 等待 1 秒后继续...
[2025-10-14 10:46:55.128098] 📦 开始生成第 83 批数据...
[2025-10-14 10:46:56.154813] 📦 生成了 2 条记录
[2025-10-14 10:46:56.154837] ✅ 第 83 批数据生成完成
[2025-10-14 10:46:56.154841] ⏱️ 等待 1 秒后继续...
[2025-10-14 10:46:57.155958] 📦 开始生成第 84 批数据...
[2025-10-14 10:46:57.564251] 📦 生成了 2 条记录
[2025-10-14 10:46:57.564295] ✅ 第 84 批数据生成完成
[2025-10-14 10:46:57.564310] ⏱️ 等待 1 秒后继续...
[2025-10-14 10:46:58.565486] 📦 开始生成第 85 批数据...
[2025-10-14 10:46:58.702741] 📦 生成了 2 条记录
[2025-10-14 10:46:58.702769] ✅ 第 85 批数据生成完成
[2025-10-14 10:46:58.702777] ⏱️ 等待 1 秒后继续...
[2025-10-14 10:46:59.703380] 📦 开始生成第 86 批数据...
[2025-10-14 10:46:59.828830] 📦 生成了 2 条记录
[2025-10-14 10:46:59.828859] ✅ 第 86 批数据生成完成
[2025-10-14 10:46:59.828868] ⏱️ 等待 1 秒后继续...
[2025-10-14 10:47:00.829479] 📦 开始生成第 87 批数据...
[2025-10-14 10:47:00.875543] 📦 生成了 2 条记录
[2025-10-14 10:47:00.875561] ✅ 第 87 批数据生成完成
[2025-10-14 10:47:00.875565] ⏱️ 等待 1 秒后继续...
[2025-10-14 10:47:01.876724] 📦 开始生成第 88 批数据...
[2025-10-14 10:47:02.247775] 📦 生成了 2 条记录
[2025-10-14 10:47:02.247800] ✅ 第 88 批数据生成完成
[2025-10-14 10:47:02.247806] ⏱️ 等待 1 秒后继续...
[2025-10-14 10:47:03.248986] 📦 开始生成第 89 批数据...
[2025-10-14 10:47:03.329695] 📦 生成了 2 条记录
[2025-10-14 10:47:03.329724] ✅ 第 89 批数据生成完成
[2025-10-14 10:47:03.329733] ⏱️ 等待 1 秒后继续...
[2025-10-14 10:47:04.330211] 📦 开始生成第 90 批数据...
[2025-10-14 10:47:04.377260] 📦 生成了 2 条记录
[2025-10-14 10:47:04.377289] ✅ 第 90 批数据生成完成
[2025-10-14 10:47:04.377297] ⏱️ 等待 1 秒后继续...
[2025-10-14 10:47:05.377711] 📦 开始生成第 91 批数据...
[2025-10-14 10:47:05.905045] 📦 生成了 2 条记录
[2025-10-14 10:47:05.905070] ✅ 第 91 批数据生成完成
[2025-10-14 10:47:05.905075] ⏱️ 等待 1 秒后继续...
[2025-10-14 10:47:06.906201] 📦 开始生成第 92 批数据...
[2025-10-14 10:47:07.061476] 📦 生成了 2 条记录
[2025-10-14 10:47:07.061507] ✅ 第 92 批数据生成完成
[2025-10-14 10:47:07.061515] ⏱️ 等待 1 秒后继续...
[2025-10-14 10:47:08.062699] 📦 开始生成第 93 批数据...
[2025-10-14 10:47:08.112070] 📦 生成了 2 条记录
[2025-10-14 10:47:08.112096] ✅ 第 93 批数据生成完成
[2025-10-14 10:47:08.112104] ⏱️ 等待 1 秒后继续...
[2025-10-14 10:47:09.113269] 📦 开始生成第 94 批数据...
[2025-10-14 10:47:09.165159] 📦 生成了 2 条记录
[2025-10-14 10:47:09.165178] ✅ 第 94 批数据生成完成
[2025-10-14 10:47:09.165182] ⏱️ 等待 1 秒后继续...
[2025-10-14 10:47:10.166336] 📦 开始生成第 95 批数据...
[2025-10-14 10:47:10.675642] 📦 生成了 2 条记录
[2025-10-14 10:47:10.675676] ✅ 第 95 批数据生成完成
[2025-10-14 10:47:10.675686] ⏱️ 等待 1 秒后继续...
[2025-10-14 10:47:11.676828] 📦 开始生成第 96 批数据...
[2025-10-14 10:47:12.196829] 📦 生成了 2 条记录
[2025-10-14 10:47:12.196859] ✅ 第 96 批数据生成完成
[2025-10-14 10:47:12.196867] ⏱️ 等待 1 秒后继续...
[2025-10-14 10:47:13.198016] 📦 开始生成第 97 批数据...
[2025-10-14 10:47:13.410341] 📦 生成了 2 条记录
[2025-10-14 10:47:13.410374] ✅ 第 97 批数据生成完成
[2025-10-14 10:47:13.410382] ⏱️ 等待 1 秒后继续...
[2025-10-14 10:47:14.416091] 📦 开始生成第 98 批数据...
[2025-10-14 10:47:14.477738] 📦 生成了 2 条记录
[2025-10-14 10:47:14.477761] ✅ 第 98 批数据生成完成
[2025-10-14 10:47:14.477766] ⏱️ 等待 1 秒后继续...
[2025-10-14 10:47:15.478898] 📦 开始生成第 99 批数据...
[2025-10-14 10:47:15.525679] 📦 生成了 2 条记录
[2025-10-14 10:47:15.525701] ✅ 第 99 批数据生成完成
[2025-10-14 10:47:15.525704] ⏱️ 等待 1 秒后继续...INFO:app.services.data_generator:开始 generate_data_for_tables 方法
INFO:app.services.data_generator:独立表（阶段1）: ['oms_order']
INFO:app.services.data_generator:依赖表（阶段2）: ['oms_order_item']
INFO:app.services.data_generator:初始化数据库计数器
INFO:app.core.database:执行查询: SELECT MAX(id) FROM crawler_competitor_price, 参数: ()
INFO:app.core.database:连接数据库: 172.16.10.196:5432/db_house
INFO:app.core.database:查询执行成功
INFO:app.core.database:执行查询: SELECT MAX(id) FROM ext_market_trend, 参数: ()
INFO:app.core.database:连接数据库: 172.16.10.196:5432/db_house
INFO:app.core.database:查询执行成功
INFO:app.core.database:执行查询: SELECT MAX(id) FROM oms_order_item, 参数: ()
INFO:app.core.database:连接数据库: 172.16.10.196:5432/db_house
INFO:app.core.database:查询执行成功
INFO:app.services.data_generator:计数器初始化完成: {'crawler_competitor_price_id': 20, 'ext_market_trend_id': 20, 'oms_order_item_id': 99}
INFO:app.services.data_generator:开始处理日期: 2025-10-14
INFO:app.services.data_generator:当天计划生成记录数: 1
INFO:app.services.data_generator:已清空外键缓存
INFO:app.services.data_generator:=== 阶段1：生成独立表 ===
INFO:app.services.data_generator:开始为独立表 oms_order 生成数据
INFO:app.core.database:批量执行SQL，查询: INSERT INTO oms_order (order_id, order_channel, customer_code, order_amount, discount_amount, pay_amount, order_status, province, city, district, detail_address, order_time) VALUES ($1, $2, $3, $4, $5, $6, $7, $8, $9, $10, $11, $12), 值数量: 1
INFO:app.core.database:连接数据库: 172.16.10.196:5432/db_house
INFO:app.core.database:批量执行SQL完成
INFO:app.services.data_generator:表 oms_order 已插入剩余 1 条记录并缓存主键值
INFO:app.services.data_generator:独立表 oms_order 生成完成，记录数: 1
INFO:app.services.data_generator:=== 阶段2：生成依赖表 ===
INFO:app.services.data_generator:表依赖排序结果: ['oms_order_item']
INFO:app.services.data_generator:排序后的依赖表: ['oms_order_item']
INFO:app.services.data_generator:开始为依赖表 oms_order_item 生成数据
INFO:app.core.database:批量执行SQL，查询: INSERT INTO oms_order_item (id, order_id, product_sku, product_name, quantity, price) VALUES ($1, $2, $3, $4, $5, $6), 值数量: 1
INFO:app.core.database:连接数据库: 172.16.10.196:5432/db_house
INFO:app.core.database:批量执行SQL完成
INFO:app.services.data_generator:表 oms_order_item 已插入剩余 1 条记录并缓存主键值
INFO:app.services.data_generator:依赖表 oms_order_item 生成完成，记录数: 1
INFO:app.services.data_generator:数据生成完成，总记录数: 2
INFO:app.services.data_generator:退出 generate_data_for_tables 方法
INFO:app.services.data_generator:开始 generate_data_for_tables 方法
INFO:app.services.data_generator:独立表（阶段1）: ['oms_order']
INFO:app.services.data_generator:依赖表（阶段2）: ['oms_order_item']
INFO:app.services.data_generator:初始化数据库计数器
INFO:app.core.database:执行查询: SELECT MAX(id) FROM crawler_competitor_price, 参数: ()
INFO:app.core.database:连接数据库: 172.16.10.196:5432/db_house
INFO:app.core.database:查询执行成功
INFO:app.core.database:执行查询: SELECT MAX(id) FROM ext_market_trend, 参数: ()
INFO:app.core.database:连接数据库: 172.16.10.196:5432/db_house
INFO:app.core.database:查询执行成功
INFO:app.core.database:执行查询: SELECT MAX(id) FROM oms_order_item, 参数: ()
INFO:app.core.database:连接数据库: 172.16.10.196:5432/db_house
INFO:app.core.database:查询执行成功
INFO:app.services.data_generator:计数器初始化完成: {'crawler_competitor_price_id': 20, 'ext_market_trend_id': 20, 'oms_order_item_id': 100}
INFO:app.services.data_generator:开始处理日期: 2025-10-14
INFO:app.services.data_generator:当天计划生成记录数: 1
INFO:app.services.data_generator:已清空外键缓存
INFO:app.services.data_generator:=== 阶段1：生成独立表 ===
INFO:app.services.data_generator:开始为独立表 oms_order 生成数据
INFO:app.core.database:批量执行SQL，查询: INSERT INTO oms_order (order_id, order_channel, customer_code, order_amount, discount_amount, pay_amount, order_status, province, city, district, detail_address, order_time) VALUES ($1, $2, $3, $4, $5, $6, $7, $8, $9, $10, $11, $12), 值数量: 1
INFO:app.core.database:连接数据库: 172.16.10.196:5432/db_house
INFO:app.core.database:批量执行SQL完成
INFO:app.services.data_generator:表 oms_order 已插入剩余 1 条记录并缓存主键值
INFO:app.services.data_generator:独立表 oms_order 生成完成，记录数: 1
INFO:app.services.data_generator:=== 阶段2：生成依赖表 ===
INFO:app.services.data_generator:表依赖排序结果: ['oms_order_item']
INFO:app.services.data_generator:排序后的依赖表: ['oms_order_item']
INFO:app.services.data_generator:开始为依赖表 oms_order_item 生成数据
INFO:app.core.database:批量执行SQL，查询: INSERT INTO oms_order_item (id, order_id, product_sku, product_name, quantity, price) VALUES ($1, $2, $3, $4, $5, $6), 值数量: 1
INFO:app.core.database:连接数据库: 172.16.10.196:5432/db_house
INFO:app.core.database:批量执行SQL完成
INFO:app.services.data_generator:表 oms_order_item 已插入剩余 1 条记录并缓存主键值
INFO:app.services.data_generator:依赖表 oms_order_item 生成完成，记录数: 1
INFO:app.services.data_generator:数据生成完成，总记录数: 2
INFO:app.services.data_generator:退出 generate_data_for_tables 方法
INFO:app.services.data_generator:开始 generate_data_for_tables 方法
INFO:app.services.data_generator:独立表（阶段1）: ['oms_order']
INFO:app.services.data_generator:依赖表（阶段2）: ['oms_order_item']
INFO:app.services.data_generator:初始化数据库计数器
INFO:app.core.database:执行查询: SELECT MAX(id) FROM crawler_competitor_price, 参数: ()
INFO:app.core.database:连接数据库: 172.16.10.196:5432/db_house
INFO:app.core.database:查询执行成功
INFO:app.core.database:执行查询: SELECT MAX(id) FROM ext_market_trend, 参数: ()
INFO:app.core.database:连接数据库: 172.16.10.196:5432/db_house
INFO:app.core.database:查询执行成功
INFO:app.core.database:执行查询: SELECT MAX(id) FROM oms_order_item, 参数: ()
INFO:app.core.database:连接数据库: 172.16.10.196:5432/db_house
INFO:app.core.database:查询执行成功
INFO:app.services.data_generator:计数器初始化完成: {'crawler_competitor_price_id': 20, 'ext_market_trend_id': 20, 'oms_order_item_id': 101}
INFO:app.services.data_generator:开始处理日期: 2025-10-14
INFO:app.services.data_generator:当天计划生成记录数: 1
INFO:app.services.data_generator:已清空外键缓存
INFO:app.services.data_generator:=== 阶段1：生成独立表 ===
INFO:app.services.data_generator:开始为独立表 oms_order 生成数据
INFO:app.core.database:批量执行SQL，查询: INSERT INTO oms_order (order_id, order_channel, customer_code, order_amount, discount_amount, pay_amount, order_status, province, city, district, detail_address, order_time) VALUES ($1, $2, $3, $4, $5, $6, $7, $8, $9, $10, $11, $12), 值数量: 1
INFO:app.core.database:连接数据库: 172.16.10.196:5432/db_house
INFO:app.core.database:批量执行SQL完成
INFO:app.services.data_generator:表 oms_order 已插入剩余 1 条记录并缓存主键值
INFO:app.services.data_generator:独立表 oms_order 生成完成，记录数: 1
INFO:app.services.data_generator:=== 阶段2：生成依赖表 ===
INFO:app.services.data_generator:表依赖排序结果: ['oms_order_item']
INFO:app.services.data_generator:排序后的依赖表: ['oms_order_item']
INFO:app.services.data_generator:开始为依赖表 oms_order_item 生成数据
INFO:app.core.database:批量执行SQL，查询: INSERT INTO oms_order_item (id, order_id, product_sku, product_name, quantity, price) VALUES ($1, $2, $3, $4, $5, $6), 值数量: 1
INFO:app.core.database:连接数据库: 172.16.10.196:5432/db_house
INFO:app.core.database:批量执行SQL完成
INFO:app.services.data_generator:表 oms_order_item 已插入剩余 1 条记录并缓存主键值
INFO:app.services.data_generator:依赖表 oms_order_item 生成完成，记录数: 1
INFO:app.services.data_generator:数据生成完成，总记录数: 2
INFO:app.services.data_generator:退出 generate_data_for_tables 方法
INFO:app.services.data_generator:开始 generate_data_for_tables 方法
INFO:app.services.data_generator:独立表（阶段1）: ['oms_order']
INFO:app.services.data_generator:依赖表（阶段2）: ['oms_order_item']
INFO:app.services.data_generator:初始化数据库计数器
INFO:app.core.database:执行查询: SELECT MAX(id) FROM crawler_competitor_price, 参数: ()
INFO:app.core.database:连接数据库: 172.16.10.196:5432/db_house
INFO:app.core.database:查询执行成功
INFO:app.core.database:执行查询: SELECT MAX(id) FROM ext_market_trend, 参数: ()
INFO:app.core.database:连接数据库: 172.16.10.196:5432/db_house
INFO:app.core.database:查询执行成功
INFO:app.core.database:执行查询: SELECT MAX(id) FROM oms_order_item, 参数: ()
INFO:app.core.database:连接数据库: 172.16.10.196:5432/db_house
INFO:app.core.database:查询执行成功
INFO:app.services.data_generator:计数器初始化完成: {'crawler_competitor_price_id': 20, 'ext_market_trend_id': 20, 'oms_order_item_id': 102}
INFO:app.services.data_generator:开始处理日期: 2025-10-14
INFO:app.services.data_generator:当天计划生成记录数: 1
INFO:app.services.data_generator:已清空外键缓存
INFO:app.services.data_generator:=== 阶段1：生成独立表 ===
INFO:app.services.data_generator:开始为独立表 oms_order 生成数据
INFO:app.core.database:批量执行SQL，查询: INSERT INTO oms_order (order_id, order_channel, customer_code, order_amount, discount_amount, pay_amount, order_status, province, city, district, detail_address, order_time) VALUES ($1, $2, $3, $4, $5, $6, $7, $8, $9, $10, $11, $12), 值数量: 1
INFO:app.core.database:连接数据库: 172.16.10.196:5432/db_house
INFO:app.core.database:批量执行SQL完成
INFO:app.services.data_generator:表 oms_order 已插入剩余 1 条记录并缓存主键值
INFO:app.services.data_generator:独立表 oms_order 生成完成，记录数: 1
INFO:app.services.data_generator:=== 阶段2：生成依赖表 ===
INFO:app.services.data_generator:表依赖排序结果: ['oms_order_item']
INFO:app.services.data_generator:排序后的依赖表: ['oms_order_item']
INFO:app.services.data_generator:开始为依赖表 oms_order_item 生成数据
INFO:app.core.database:批量执行SQL，查询: INSERT INTO oms_order_item (id, order_id, product_sku, product_name, quantity, price) VALUES ($1, $2, $3, $4, $5, $6), 值数量: 1
INFO:app.core.database:连接数据库: 172.16.10.196:5432/db_house
INFO:app.core.database:批量执行SQL完成
INFO:app.services.data_generator:表 oms_order_item 已插入剩余 1 条记录并缓存主键值
INFO:app.services.data_generator:依赖表 oms_order_item 生成完成，记录数: 1
INFO:app.services.data_generator:数据生成完成，总记录数: 2
INFO:app.services.data_generator:退出 generate_data_for_tables 方法
INFO:app.services.data_generator:开始 generate_data_for_tables 方法
INFO:app.services.data_generator:独立表（阶段1）: ['oms_order']
INFO:app.services.data_generator:依赖表（阶段2）: ['oms_order_item']
INFO:app.services.data_generator:初始化数据库计数器
INFO:app.core.database:执行查询: SELECT MAX(id) FROM crawler_competitor_price, 参数: ()
INFO:app.core.database:连接数据库: 172.16.10.196:5432/db_house
INFO:app.core.database:查询执行成功
INFO:app.core.database:执行查询: SELECT MAX(id) FROM ext_market_trend, 参数: ()
INFO:app.core.database:连接数据库: 172.16.10.196:5432/db_house
INFO:app.core.database:查询执行成功
INFO:app.core.database:执行查询: SELECT MAX(id) FROM oms_order_item, 参数: ()
INFO:app.core.database:连接数据库: 172.16.10.196:5432/db_house
INFO:app.core.database:查询执行成功
INFO:app.services.data_generator:计数器初始化完成: {'crawler_competitor_price_id': 20, 'ext_market_trend_id': 20, 'oms_order_item_id': 103}
INFO:app.services.data_generator:开始处理日期: 2025-10-14
INFO:app.services.data_generator:当天计划生成记录数: 1
INFO:app.services.data_generator:已清空外键缓存
INFO:app.services.data_generator:=== 阶段1：生成独立表 ===
INFO:app.services.data_generator:开始为独立表 oms_order 生成数据
INFO:app.core.database:批量执行SQL，查询: INSERT INTO oms_order (order_id, order_channel, customer_code, order_amount, discount_amount, pay_amount, order_status, province, city, district, detail_address, order_time) VALUES ($1, $2, $3, $4, $5, $6, $7, $8, $9, $10, $11, $12), 值数量: 1
INFO:app.core.database:连接数据库: 172.16.10.196:5432/db_house
INFO:app.core.database:批量执行SQL完成
INFO:app.services.data_generator:表 oms_order 已插入剩余 1 条记录并缓存主键值
INFO:app.services.data_generator:独立表 oms_order 生成完成，记录数: 1
INFO:app.services.data_generator:=== 阶段2：生成依赖表 ===
INFO:app.services.data_generator:表依赖排序结果: ['oms_order_item']
INFO:app.services.data_generator:排序后的依赖表: ['oms_order_item']
INFO:app.services.data_generator:开始为依赖表 oms_order_item 生成数据
INFO:app.core.database:批量执行SQL，查询: INSERT INTO oms_order_item (id, order_id, product_sku, product_name, quantity, price) VALUES ($1, $2, $3, $4, $5, $6), 值数量: 1
INFO:app.core.database:连接数据库: 172.16.10.196:5432/db_house
INFO:app.core.database:批量执行SQL完成
INFO:app.services.data_generator:表 oms_order_item 已插入剩余 1 条记录并缓存主键值
INFO:app.services.data_generator:依赖表 oms_order_item 生成完成，记录数: 1
INFO:app.services.data_generator:数据生成完成，总记录数: 2
INFO:app.services.data_generator:退出 generate_data_for_tables 方法
INFO:app.services.data_generator:开始 generate_data_for_tables 方法
INFO:app.services.data_generator:独立表（阶段1）: ['oms_order']
INFO:app.services.data_generator:依赖表（阶段2）: ['oms_order_item']
INFO:app.services.data_generator:初始化数据库计数器
INFO:app.core.database:执行查询: SELECT MAX(id) FROM crawler_competitor_price, 参数: ()
INFO:app.core.database:连接数据库: 172.16.10.196:5432/db_house
INFO:app.core.database:查询执行成功
INFO:app.core.database:执行查询: SELECT MAX(id) FROM ext_market_trend, 参数: ()
INFO:app.core.database:连接数据库: 172.16.10.196:5432/db_house
INFO:app.core.database:查询执行成功
INFO:app.core.database:执行查询: SELECT MAX(id) FROM oms_order_item, 参数: ()
INFO:app.core.database:连接数据库: 172.16.10.196:5432/db_house
INFO:app.core.database:查询执行成功
INFO:app.services.data_generator:计数器初始化完成: {'crawler_competitor_price_id': 20, 'ext_market_trend_id': 20, 'oms_order_item_id': 104}
INFO:app.services.data_generator:开始处理日期: 2025-10-14
INFO:app.services.data_generator:当天计划生成记录数: 1
INFO:app.services.data_generator:已清空外键缓存
INFO:app.services.data_generator:=== 阶段1：生成独立表 ===
INFO:app.services.data_generator:开始为独立表 oms_order 生成数据
INFO:app.core.database:批量执行SQL，查询: INSERT INTO oms_order (order_id, order_channel, customer_code, order_amount, discount_amount, pay_amount, order_status, province, city, district, detail_address, order_time) VALUES ($1, $2, $3, $4, $5, $6, $7, $8, $9, $10, $11, $12), 值数量: 1
INFO:app.core.database:连接数据库: 172.16.10.196:5432/db_house
INFO:app.core.database:批量执行SQL完成
INFO:app.services.data_generator:表 oms_order 已插入剩余 1 条记录并缓存主键值
INFO:app.services.data_generator:独立表 oms_order 生成完成，记录数: 1
INFO:app.services.data_generator:=== 阶段2：生成依赖表 ===
INFO:app.services.data_generator:表依赖排序结果: ['oms_order_item']
INFO:app.services.data_generator:排序后的依赖表: ['oms_order_item']
INFO:app.services.data_generator:开始为依赖表 oms_order_item 生成数据
INFO:app.core.database:批量执行SQL，查询: INSERT INTO oms_order_item (id, order_id, product_sku, product_name, quantity, price) VALUES ($1, $2, $3, $4, $5, $6), 值数量: 1
INFO:app.core.database:连接数据库: 172.16.10.196:5432/db_house
INFO:app.core.database:批量执行SQL完成
INFO:app.services.data_generator:表 oms_order_item 已插入剩余 1 条记录并缓存主键值
INFO:app.services.data_generator:依赖表 oms_order_item 生成完成，记录数: 1
INFO:app.services.data_generator:数据生成完成，总记录数: 2
INFO:app.services.data_generator:退出 generate_data_for_tables 方法
INFO:app.services.data_generator:开始 generate_data_for_tables 方法
INFO:app.services.data_generator:独立表（阶段1）: ['oms_order']
INFO:app.services.data_generator:依赖表（阶段2）: ['oms_order_item']
INFO:app.services.data_generator:初始化数据库计数器
INFO:app.core.database:执行查询: SELECT MAX(id) FROM crawler_competitor_price, 参数: ()
INFO:app.core.database:连接数据库: 172.16.10.196:5432/db_house
INFO:app.core.database:查询执行成功
INFO:app.core.database:执行查询: SELECT MAX(id) FROM ext_market_trend, 参数: ()
INFO:app.core.database:连接数据库: 172.16.10.196:5432/db_house
INFO:app.core.database:查询执行成功
INFO:app.core.database:执行查询: SELECT MAX(id) FROM oms_order_item, 参数: ()
INFO:app.core.database:连接数据库: 172.16.10.196:5432/db_house
INFO:app.core.database:查询执行成功
INFO:app.services.data_generator:计数器初始化完成: {'crawler_competitor_price_id': 20, 'ext_market_trend_id': 20, 'oms_order_item_id': 105}
INFO:app.services.data_generator:开始处理日期: 2025-10-14
INFO:app.services.data_generator:当天计划生成记录数: 1
INFO:app.services.data_generator:已清空外键缓存
INFO:app.services.data_generator:=== 阶段1：生成独立表 ===
INFO:app.services.data_generator:开始为独立表 oms_order 生成数据
INFO:app.core.database:批量执行SQL，查询: INSERT INTO oms_order (order_id, order_channel, customer_code, order_amount, discount_amount, pay_amount, order_status, province, city, district, detail_address, order_time) VALUES ($1, $2, $3, $4, $5, $6, $7, $8, $9, $10, $11, $12), 值数量: 1
INFO:app.core.database:连接数据库: 172.16.10.196:5432/db_house
INFO:app.core.database:批量执行SQL完成
INFO:app.services.data_generator:表 oms_order 已插入剩余 1 条记录并缓存主键值
INFO:app.services.data_generator:独立表 oms_order 生成完成，记录数: 1
INFO:app.services.data_generator:=== 阶段2：生成依赖表 ===
INFO:app.services.data_generator:表依赖排序结果: ['oms_order_item']
INFO:app.services.data_generator:排序后的依赖表: ['oms_order_item']
INFO:app.services.data_generator:开始为依赖表 oms_order_item 生成数据
INFO:app.core.database:批量执行SQL，查询: INSERT INTO oms_order_item (id, order_id, product_sku, product_name, quantity, price) VALUES ($1, $2, $3, $4, $5, $6), 值数量: 1
INFO:app.core.database:连接数据库: 172.16.10.196:5432/db_house
INFO:app.core.database:批量执行SQL完成
INFO:app.services.data_generator:表 oms_order_item 已插入剩余 1 条记录并缓存主键值
INFO:app.services.data_generator:依赖表 oms_order_item 生成完成，记录数: 1
INFO:app.services.data_generator:数据生成完成，总记录数: 2
INFO:app.services.data_generator:退出 generate_data_for_tables 方法
INFO:app.services.data_generator:开始 generate_data_for_tables 方法
INFO:app.services.data_generator:独立表（阶段1）: ['oms_order']
INFO:app.services.data_generator:依赖表（阶段2）: ['oms_order_item']
INFO:app.services.data_generator:初始化数据库计数器
INFO:app.core.database:执行查询: SELECT MAX(id) FROM crawler_competitor_price, 参数: ()
INFO:app.core.database:连接数据库: 172.16.10.196:5432/db_house
INFO:app.core.database:查询执行成功
INFO:app.core.database:执行查询: SELECT MAX(id) FROM ext_market_trend, 参数: ()
INFO:app.core.database:连接数据库: 172.16.10.196:5432/db_house
INFO:app.core.database:查询执行成功
INFO:app.core.database:执行查询: SELECT MAX(id) FROM oms_order_item, 参数: ()
INFO:app.core.database:连接数据库: 172.16.10.196:5432/db_house
INFO:app.core.database:查询执行成功
INFO:app.services.data_generator:计数器初始化完成: {'crawler_competitor_price_id': 20, 'ext_market_trend_id': 20, 'oms_order_item_id': 106}
INFO:app.services.data_generator:开始处理日期: 2025-10-14
INFO:app.services.data_generator:当天计划生成记录数: 1
INFO:app.services.data_generator:已清空外键缓存
INFO:app.services.data_generator:=== 阶段1：生成独立表 ===
INFO:app.services.data_generator:开始为独立表 oms_order 生成数据
INFO:app.core.database:批量执行SQL，查询: INSERT INTO oms_order (order_id, order_channel, customer_code, order_amount, discount_amount, pay_amount, order_status, province, city, district, detail_address, order_time) VALUES ($1, $2, $3, $4, $5, $6, $7, $8, $9, $10, $11, $12), 值数量: 1
INFO:app.core.database:连接数据库: 172.16.10.196:5432/db_house
INFO:app.core.database:批量执行SQL完成
INFO:app.services.data_generator:表 oms_order 已插入剩余 1 条记录并缓存主键值
INFO:app.services.data_generator:独立表 oms_order 生成完成，记录数: 1
INFO:app.services.data_generator:=== 阶段2：生成依赖表 ===
INFO:app.services.data_generator:表依赖排序结果: ['oms_order_item']
INFO:app.services.data_generator:排序后的依赖表: ['oms_order_item']
INFO:app.services.data_generator:开始为依赖表 oms_order_item 生成数据
INFO:app.core.database:批量执行SQL，查询: INSERT INTO oms_order_item (id, order_id, product_sku, product_name, quantity, price) VALUES ($1, $2, $3, $4, $5, $6), 值数量: 1
INFO:app.core.database:连接数据库: 172.16.10.196:5432/db_house
INFO:app.core.database:批量执行SQL完成
INFO:app.services.data_generator:表 oms_order_item 已插入剩余 1 条记录并缓存主键值
INFO:app.services.data_generator:依赖表 oms_order_item 生成完成，记录数: 1
INFO:app.services.data_generator:数据生成完成，总记录数: 2
INFO:app.services.data_generator:退出 generate_data_for_tables 方法
INFO:app.services.data_generator:开始 generate_data_for_tables 方法
INFO:app.services.data_generator:独立表（阶段1）: ['oms_order']
INFO:app.services.data_generator:依赖表（阶段2）: ['oms_order_item']
INFO:app.services.data_generator:初始化数据库计数器
INFO:app.core.database:执行查询: SELECT MAX(id) FROM crawler_competitor_price, 参数: ()
INFO:app.core.database:连接数据库: 172.16.10.196:5432/db_house
INFO:app.core.database:查询执行成功
INFO:app.core.database:执行查询: SELECT MAX(id) FROM ext_market_trend, 参数: ()
INFO:app.core.database:连接数据库: 172.16.10.196:5432/db_house
INFO:app.core.database:查询执行成功
INFO:app.core.database:执行查询: SELECT MAX(id) FROM oms_order_item, 参数: ()
INFO:app.core.database:连接数据库: 172.16.10.196:5432/db_house
INFO:app.core.database:查询执行成功
INFO:app.services.data_generator:计数器初始化完成: {'crawler_competitor_price_id': 20, 'ext_market_trend_id': 20, 'oms_order_item_id': 107}
INFO:app.services.data_generator:开始处理日期: 2025-10-14
INFO:app.services.data_generator:当天计划生成记录数: 1
INFO:app.services.data_generator:已清空外键缓存
INFO:app.services.data_generator:=== 阶段1：生成独立表 ===
INFO:app.services.data_generator:开始为独立表 oms_order 生成数据
INFO:app.core.database:批量执行SQL，查询: INSERT INTO oms_order (order_id, order_channel, customer_code, order_amount, discount_amount, pay_amount, order_status, province, city, district, detail_address, order_time) VALUES ($1, $2, $3, $4, $5, $6, $7, $8, $9, $10, $11, $12), 值数量: 1
INFO:app.core.database:连接数据库: 172.16.10.196:5432/db_house
INFO:app.core.database:批量执行SQL完成
INFO:app.services.data_generator:表 oms_order 已插入剩余 1 条记录并缓存主键值
INFO:app.services.data_generator:独立表 oms_order 生成完成，记录数: 1
INFO:app.services.data_generator:=== 阶段2：生成依赖表 ===
INFO:app.services.data_generator:表依赖排序结果: ['oms_order_item']
INFO:app.services.data_generator:排序后的依赖表: ['oms_order_item']
INFO:app.services.data_generator:开始为依赖表 oms_order_item 生成数据
INFO:app.core.database:批量执行SQL，查询: INSERT INTO oms_order_item (id, order_id, product_sku, product_name, quantity, price) VALUES ($1, $2, $3, $4, $5, $6), 值数量: 1
INFO:app.core.database:连接数据库: 172.16.10.196:5432/db_house
INFO:app.core.database:批量执行SQL完成
INFO:app.services.data_generator:表 oms_order_item 已插入剩余 1 条记录并缓存主键值
INFO:app.services.data_generator:依赖表 oms_order_item 生成完成，记录数: 1
INFO:app.services.data_generator:数据生成完成，总记录数: 2
INFO:app.services.data_generator:退出 generate_data_for_tables 方法
INFO:app.services.data_generator:开始 generate_data_for_tables 方法
INFO:app.services.data_generator:独立表（阶段1）: ['oms_order']
INFO:app.services.data_generator:依赖表（阶段2）: ['oms_order_item']
INFO:app.services.data_generator:初始化数据库计数器
INFO:app.core.database:执行查询: SELECT MAX(id) FROM crawler_competitor_price, 参数: ()
INFO:app.core.database:连接数据库: 172.16.10.196:5432/db_house
INFO:app.core.database:查询执行成功
INFO:app.core.database:执行查询: SELECT MAX(id) FROM ext_market_trend, 参数: ()
INFO:app.core.database:连接数据库: 172.16.10.196:5432/db_house
INFO:app.core.database:查询执行成功
INFO:app.core.database:执行查询: SELECT MAX(id) FROM oms_order_item, 参数: ()
INFO:app.core.database:连接数据库: 172.16.10.196:5432/db_house
INFO:app.core.database:查询执行成功
INFO:app.services.data_generator:计数器初始化完成: {'crawler_competitor_price_id': 20, 'ext_market_trend_id': 20, 'oms_order_item_id': 108}
INFO:app.services.data_generator:开始处理日期: 2025-10-14
INFO:app.services.data_generator:当天计划生成记录数: 1
INFO:app.services.data_generator:已清空外键缓存
INFO:app.services.data_generator:=== 阶段1：生成独立表 ===
INFO:app.services.data_generator:开始为独立表 oms_order 生成数据
INFO:app.core.database:批量执行SQL，查询: INSERT INTO oms_order (order_id, order_channel, customer_code, order_amount, discount_amount, pay_amount, order_status, province, city, district, detail_address, order_time) VALUES ($1, $2, $3, $4, $5, $6, $7, $8, $9, $10, $11, $12), 值数量: 1
INFO:app.core.database:连接数据库: 172.16.10.196:5432/db_house
INFO:app.core.database:批量执行SQL完成
INFO:app.services.data_generator:表 oms_order 已插入剩余 1 条记录并缓存主键值
INFO:app.services.data_generator:独立表 oms_order 生成完成，记录数: 1
INFO:app.services.data_generator:=== 阶段2：生成依赖表 ===
INFO:app.services.data_generator:表依赖排序结果: ['oms_order_item']
INFO:app.services.data_generator:排序后的依赖表: ['oms_order_item']
INFO:app.services.data_generator:开始为依赖表 oms_order_item 生成数据
INFO:app.core.database:批量执行SQL，查询: INSERT INTO oms_order_item (id, order_id, product_sku, product_name, quantity, price) VALUES ($1, $2, $3, $4, $5, $6), 值数量: 1
INFO:app.core.database:连接数据库: 172.16.10.196:5432/db_house
INFO:app.core.database:批量执行SQL完成
INFO:app.services.data_generator:表 oms_order_item 已插入剩余 1 条记录并缓存主键值
INFO:app.services.data_generator:依赖表 oms_order_item 生成完成，记录数: 1
INFO:app.services.data_generator:数据生成完成，总记录数: 2
INFO:app.services.data_generator:退出 generate_data_for_tables 方法
INFO:app.services.data_generator:开始 generate_data_for_tables 方法
INFO:app.services.data_generator:独立表（阶段1）: ['oms_order']
INFO:app.services.data_generator:依赖表（阶段2）: ['oms_order_item']
INFO:app.services.data_generator:初始化数据库计数器
INFO:app.core.database:执行查询: SELECT MAX(id) FROM crawler_competitor_price, 参数: ()
INFO:app.core.database:连接数据库: 172.16.10.196:5432/db_house
INFO:app.core.database:查询执行成功
INFO:app.core.database:执行查询: SELECT MAX(id) FROM ext_market_trend, 参数: ()
INFO:app.core.database:连接数据库: 172.16.10.196:5432/db_house
INFO:app.core.database:查询执行成功
INFO:app.core.database:执行查询: SELECT MAX(id) FROM oms_order_item, 参数: ()
INFO:app.core.database:连接数据库: 172.16.10.196:5432/db_house
INFO:app.core.database:查询执行成功
INFO:app.services.data_generator:计数器初始化完成: {'crawler_competitor_price_id': 20, 'ext_market_trend_id': 20, 'oms_order_item_id': 109}
INFO:app.services.data_generator:开始处理日期: 2025-10-14
INFO:app.services.data_generator:当天计划生成记录数: 1
INFO:app.services.data_generator:已清空外键缓存
INFO:app.services.data_generator:=== 阶段1：生成独立表 ===
INFO:app.services.data_generator:开始为独立表 oms_order 生成数据
INFO:app.core.database:批量执行SQL，查询: INSERT INTO oms_order (order_id, order_channel, customer_code, order_amount, discount_amount, pay_amount, order_status, province, city, district, detail_address, order_time) VALUES ($1, $2, $3, $4, $5, $6, $7, $8, $9, $10, $11, $12), 值数量: 1
INFO:app.core.database:连接数据库: 172.16.10.196:5432/db_house
INFO:app.core.database:批量执行SQL完成
INFO:app.services.data_generator:表 oms_order 已插入剩余 1 条记录并缓存主键值
INFO:app.services.data_generator:独立表 oms_order 生成完成，记录数: 1
INFO:app.services.data_generator:=== 阶段2：生成依赖表 ===
INFO:app.services.data_generator:表依赖排序结果: ['oms_order_item']
INFO:app.services.data_generator:排序后的依赖表: ['oms_order_item']
INFO:app.services.data_generator:开始为依赖表 oms_order_item 生成数据
INFO:app.core.database:批量执行SQL，查询: INSERT INTO oms_order_item (id, order_id, product_sku, product_name, quantity, price) VALUES ($1, $2, $3, $4, $5, $6), 值数量: 1
INFO:app.core.database:连接数据库: 172.16.10.196:5432/db_house
INFO:app.core.database:批量执行SQL完成
INFO:app.services.data_generator:表 oms_order_item 已插入剩余 1 条记录并缓存主键值
INFO:app.services.data_generator:依赖表 oms_order_item 生成完成，记录数: 1
INFO:app.services.data_generator:数据生成完成，总记录数: 2
INFO:app.services.data_generator:退出 generate_data_for_tables 方法
INFO:app.services.data_generator:开始 generate_data_for_tables 方法
INFO:app.services.data_generator:独立表（阶段1）: ['oms_order']
INFO:app.services.data_generator:依赖表（阶段2）: ['oms_order_item']
INFO:app.services.data_generator:初始化数据库计数器
INFO:app.core.database:执行查询: SELECT MAX(id) FROM crawler_competitor_price, 参数: ()
INFO:app.core.database:连接数据库: 172.16.10.196:5432/db_house
INFO:app.core.database:查询执行成功
INFO:app.core.database:执行查询: SELECT MAX(id) FROM ext_market_trend, 参数: ()
INFO:app.core.database:连接数据库: 172.16.10.196:5432/db_house
INFO:app.core.database:查询执行成功
INFO:app.core.database:执行查询: SELECT MAX(id) FROM oms_order_item, 参数: ()
INFO:app.core.database:连接数据库: 172.16.10.196:5432/db_house
INFO:app.core.database:查询执行成功
INFO:app.services.data_generator:计数器初始化完成: {'crawler_competitor_price_id': 20, 'ext_market_trend_id': 20, 'oms_order_item_id': 110}
INFO:app.services.data_generator:开始处理日期: 2025-10-14
INFO:app.services.data_generator:当天计划生成记录数: 1
INFO:app.services.data_generator:已清空外键缓存
INFO:app.services.data_generator:=== 阶段1：生成独立表 ===
INFO:app.services.data_generator:开始为独立表 oms_order 生成数据
INFO:app.core.database:批量执行SQL，查询: INSERT INTO oms_order (order_id, order_channel, customer_code, order_amount, discount_amount, pay_amount, order_status, province, city, district, detail_address, order_time) VALUES ($1, $2, $3, $4, $5, $6, $7, $8, $9, $10, $11, $12), 值数量: 1
INFO:app.core.database:连接数据库: 172.16.10.196:5432/db_house
INFO:app.core.database:批量执行SQL完成
INFO:app.services.data_generator:表 oms_order 已插入剩余 1 条记录并缓存主键值
INFO:app.services.data_generator:独立表 oms_order 生成完成，记录数: 1
INFO:app.services.data_generator:=== 阶段2：生成依赖表 ===
INFO:app.services.data_generator:表依赖排序结果: ['oms_order_item']
INFO:app.services.data_generator:排序后的依赖表: ['oms_order_item']
INFO:app.services.data_generator:开始为依赖表 oms_order_item 生成数据
INFO:app.core.database:批量执行SQL，查询: INSERT INTO oms_order_item (id, order_id, product_sku, product_name, quantity, price) VALUES ($1, $2, $3, $4, $5, $6), 值数量: 1
INFO:app.core.database:连接数据库: 172.16.10.196:5432/db_house
INFO:app.core.database:批量执行SQL完成
INFO:app.services.data_generator:表 oms_order_item 已插入剩余 1 条记录并缓存主键值
INFO:app.services.data_generator:依赖表 oms_order_item 生成完成，记录数: 1
INFO:app.services.data_generator:数据生成完成，总记录数: 2
INFO:app.services.data_generator:退出 generate_data_for_tables 方法
INFO:app.core.database:数据库连接已关闭

[2025-10-14 10:47:16.526854] 📦 开始生成第 100 批数据...
[2025-10-14 10:47:16.649682] 📦 生成了 2 条记录
[2025-10-14 10:47:16.649709] ✅ 第 100 批数据生成完成
[2025-10-14 10:47:16.649717] ⏱️ 等待 1 秒后继续...
[2025-10-14 10:47:17.650260] 📦 开始生成第 101 批数据...
[2025-10-14 10:47:17.694265] 📦 生成了 2 条记录
[2025-10-14 10:47:17.694293] ✅ 第 101 批数据生成完成
[2025-10-14 10:47:17.694301] ⏱️ 等待 1 秒后继续...
[2025-10-14 10:47:18.695784] 📦 开始生成第 102 批数据...
[2025-10-14 10:47:18.739716] 📦 生成了 2 条记录
[2025-10-14 10:47:18.739733] ✅ 第 102 批数据生成完成
[2025-10-14 10:47:18.739736] ⏱️ 等待 1 秒后继续...
[2025-10-14 10:47:19.740865] 📦 开始生成第 103 批数据...
[2025-10-14 10:47:19.792538] 📦 生成了 2 条记录
[2025-10-14 10:47:19.792558] ✅ 第 103 批数据生成完成
[2025-10-14 10:47:19.792561] ⏱️ 等待 1 秒后继续...
[2025-10-14 10:47:20.793690] 📦 开始生成第 104 批数据...
[2025-10-14 10:47:21.338642] 📦 生成了 2 条记录
[2025-10-14 10:47:21.338666] ✅ 第 104 批数据生成完成
[2025-10-14 10:47:21.338674] ⏱️ 等待 1 秒后继续...
[2025-10-14 10:47:22.339586] 📦 开始生成第 105 批数据...
[2025-10-14 10:47:22.403671] 📦 生成了 2 条记录
[2025-10-14 10:47:22.403711] ✅ 第 105 批数据生成完成
[2025-10-14 10:47:22.403717] ⏱️ 等待 1 秒后继续...
[2025-10-14 10:47:23.404857] 📦 开始生成第 106 批数据...
[2025-10-14 10:47:23.452625] 📦 生成了 2 条记录
[2025-10-14 10:47:23.452653] ✅ 第 106 批数据生成完成
[2025-10-14 10:47:23.452662] ⏱️ 等待 1 秒后继续...
[2025-10-14 10:47:24.453779] 📦 开始生成第 107 批数据...
[2025-10-14 10:47:24.501953] 📦 生成了 2 条记录
[2025-10-14 10:47:24.501975] ✅ 第 107 批数据生成完成
[2025-10-14 10:47:24.501981] ⏱️ 等待 1 秒后继续...
[2025-10-14 10:47:25.502537] 📦 开始生成第 108 批数据...
[2025-10-14 10:47:25.565357] 📦 生成了 2 条记录
[2025-10-14 10:47:25.565368] ✅ 第 108 批数据生成完成
[2025-10-14 10:47:25.565370] ⏱️ 等待 1 秒后继续...
[2025-10-14 10:47:26.566477] 📦 开始生成第 109 批数据...
[2025-10-14 10:47:26.894289] 📦 生成了 2 条记录
[2025-10-14 10:47:26.894310] ✅ 第 109 批数据生成完成
[2025-10-14 10:47:26.894314] ⏱️ 等待 1 秒后继续...
[2025-10-14 10:47:27.895474] 📦 开始生成第 110 批数据...
[2025-10-14 10:47:27.979712] 📦 生成了 2 条记录
[2025-10-14 10:47:27.979737] ✅ 第 110 批数据生成完成
[2025-10-14 10:47:27.979743] ⏱️ 等待 1 秒后继续...
[2025-10-14 10:47:28.980887] 📦 开始生成第 111 批数据...
[2025-10-14 10:47:29.523540] 📦 生成了 2 条记录
[2025-10-14 10:47:29.523561] ✅ 第 111 批数据生成完成
[2025-10-14 10:47:29.523565] ⏱️ 等待 1 秒后继续...

[2025-10-14 10:47:30.351447] 🛑 收到停止信号，正在关闭...
[2025-10-14 10:47:30.524720] 🛑 持续数据生成服务已停止
[2025-10-14 10:47:30.549431] 🔌 已断开数据库连接
