INFO:app.core.database:连接数据库: 172.16.10.196:5432/db_house
INFO:app.core.database:数据库连接成功
INFO:app.services.data_generator:开始 generate_data_for_tables 方法
INFO:app.services.data_generator:独立表（阶段1）: ['crawler_competitor_price', 'crm_customer', 'ext_market_trend']
INFO:app.services.data_generator:依赖表（阶段2）: ['oms_order', 'lms_shipment', 'fms_financial_transaction', 'oms_order_item']
INFO:app.services.data_generator:初始化数据库计数器
INFO:app.core.database:执行查询: SELECT MAX(id) FROM crawler_competitor_price, 参数: ()
INFO:app.core.database:连接数据库: 172.16.10.196:5432/db_house
INFO:app.core.database:查询执行成功
INFO:app.core.database:执行查询: SELECT MAX(id) FROM ext_market_trend, 参数: ()
INFO:app.core.database:连接数据库: 172.16.10.196:5432/db_house
INFO:app.core.database:查询执行成功
INFO:app.core.database:执行查询: SELECT MAX(id) FROM oms_order_item, 参数: ()
INFO:app.core.database:连接数据库: 172.16.10.196:5432/db_house
INFO:app.core.database:查询执行成功
INFO:app.services.data_generator:计数器初始化完成: {'crawler_competitor_price_id': 0, 'ext_market_trend_id': 0, 'oms_order_item_id': 0}
INFO:app.services.data_generator:开始处理日期: 2025-10-21
INFO:app.services.data_generator:当天计划生成记录数: 1
INFO:app.services.data_generator:已清空外键缓存
INFO:app.services.data_generator:=== 阶段1：生成独立表 ===
INFO:app.services.data_generator:开始为独立表 crawler_competitor_price 生成数据
INFO:app.core.database:批量执行SQL，查询: INSERT INTO crawler_competitor_price (id, crawl_time, platform, competitor_name, product_name, product_sku, price, promotion_info, is_in_stock) VALUES ($1, $2, $3, $4, $5, $6, $7, $8, $9), 值数量: 1
INFO:app.core.database:连接数据库: 172.16.10.196:5432/db_house
INFO:app.core.database:批量执行SQL完成
INFO:app.services.data_generator:表 crawler_competitor_price 已插入剩余 1 条记录并缓存主键值
INFO:app.services.data_generator:独立表 crawler_competitor_price 生成完成，记录数: 1
INFO:app.services.data_generator:开始为独立表 crm_customer 生成数据
INFO:app.core.database:批量执行SQL，查询: INSERT INTO crm_customer (customer_id, name, gender, phone, email, birthday, address, create_time, update_time, is_deleted) VALUES ($1, $2, $3, $4, $5, $6, $7, $8, $9, $10), 值数量: 1
INFO:app.core.database:连接数据库: 172.16.10.196:5432/db_house
INFO:app.core.database:批量执行SQL完成
INFO:app.services.data_generator:表 crm_customer 已插入剩余 1 条记录并缓存主键值
INFO:app.services.data_generator:独立表 crm_customer 生成完成，记录数: 1
INFO:app.services.data_generator:开始为独立表 ext_market_trend 生成数据
INFO:app.core.database:批量执行SQL，查询: INSERT INTO ext_market_trend (id, period, region, category, market_size, growth_rate, data_source) VALUES ($1, $2, $3, $4, $5, $6, $7), 值数量: 1
INFO:app.core.database:连接数据库: 172.16.10.196:5432/db_house
INFO:app.core.database:批量执行SQL完成
INFO:app.services.data_generator:表 ext_market_trend 已插入剩余 1 条记录并缓存主键值
INFO:app.services.data_generator:独立表 ext_market_trend 生成完成，记录数: 1
INFO:app.services.data_generator:=== 阶段2：生成依赖表 ===
INFO:app.services.data_generator:表依赖排序结果: ['oms_order', 'fms_financial_transaction', 'lms_shipment', 'oms_order_item']
INFO:app.services.data_generator:排序后的依赖表: ['oms_order', 'fms_financial_transaction', 'lms_shipment', 'oms_order_item']
INFO:app.services.data_generator:开始为依赖表 oms_order 生成数据
INFO:app.core.database:批量执行SQL，查询: INSERT INTO oms_order (order_id, order_channel, customer_code, order_amount, discount_amount, pay_amount, order_status, province, city, district, detail_address, order_time) VALUES ($1, $2, $3, $4, $5, $6, $7, $8, $9, $10, $11, $12), 值数量: 1
INFO:app.core.database:连接数据库: 172.16.10.196:5432/db_house
INFO:app.core.database:批量执行SQL完成
INFO:app.services.data_generator:表 oms_order 已插入剩余 1 条记录并缓存主键值
INFO:app.services.data_generator:依赖表 oms_order 生成完成，记录数: 1
INFO:app.services.data_generator:开始为依赖表 fms_financial_transaction 生成数据
INFO:app.core.database:批量执行SQL，查询: INSERT INTO fms_financial_transaction (transaction_id, order_id, payment_method, transaction_type, transaction_amount, transaction_status, transaction_time) VALUES ($1, $2, $3, $4, $5, $6, $7), 值数量: 1
INFO:app.core.database:连接数据库: 172.16.10.196:5432/db_house
INFO:app.core.database:批量执行SQL完成
INFO:app.services.data_generator:表 fms_financial_transaction 已插入剩余 1 条记录并缓存主键值
INFO:app.services.data_generator:依赖表 fms_financial_transaction 生成完成，记录数: 1
INFO:app.services.data_generator:开始为依赖表 lms_shipment 生成数据
INFO:app.core.database:批量执行SQL，查询: INSERT INTO lms_shipment (shipment_id, order_id, carrier, sender_address, receiver_info, current_status, shipping_time, estimated_delivery, actual_delivery) VALUES ($1, $2, $3, $4, $5, $6, $7, $8, $9), 值数量: 1
INFO:app.core.database:连接数据库: 172.16.10.196:5432/db_house
INFO:app.core.database:批量执行SQL完成
INFO:app.services.data_generator:表 lms_shipment 已插入剩余 1 条记录并缓存主键值
INFO:app.services.data_generator:依赖表 lms_shipment 生成完成，记录数: 1
INFO:app.services.data_generator:开始为依赖表 oms_order_item 生成数据
INFO:app.core.database:批量执行SQL，查询: INSERT INTO oms_order_item (id, order_id, product_sku, product_name, quantity, price) VALUES ($1, $2, $3, $4, $5, $6), 值数量: 1
INFO:app.core.database:连接数据库: 172.16.10.196:5432/db_house
INFO:app.core.database:批量执行SQL完成
INFO:app.services.data_generator:表 oms_order_item 已插入剩余 1 条记录并缓存主键值
INFO:app.services.data_generator:依赖表 oms_order_item 生成完成，记录数: 1
INFO:app.services.data_generator:数据生成完成，总记录数: 7
INFO:app.services.data_generator:退出 generate_data_for_tables 方法
INFO:app.services.data_generator:开始 generate_data_for_tables 方法
INFO:app.services.data_generator:独立表（阶段1）: ['crawler_competitor_price', 'crm_customer', 'ext_market_trend']
INFO:app.services.data_generator:依赖表（阶段2）: ['oms_order', 'lms_shipment', 'fms_financial_transaction', 'oms_order_item']
INFO:app.services.data_generator:初始化数据库计数器
INFO:app.core.database:执行查询: SELECT MAX(id) FROM crawler_competitor_price, 参数: ()
INFO:app.core.database:连接数据库: 172.16.10.196:5432/db_house
INFO:app.core.database:查询执行成功
INFO:app.core.database:执行查询: SELECT MAX(id) FROM ext_market_trend, 参数: ()
INFO:app.core.database:连接数据库: 172.16.10.196:5432/db_house
INFO:app.core.database:查询执行成功
INFO:app.core.database:执行查询: SELECT MAX(id) FROM oms_order_item, 参数: ()
INFO:app.core.database:连接数据库: 172.16.10.196:5432/db_house
INFO:app.core.database:查询执行成功
INFO:app.services.data_generator:计数器初始化完成: {'crawler_competitor_price_id': 1, 'ext_market_trend_id': 1, 'oms_order_item_id': 1}
INFO:app.services.data_generator:开始处理日期: 2025-10-21
INFO:app.services.data_generator:当天计划生成记录数: 1
INFO:app.services.data_generator:已清空外键缓存
INFO:app.services.data_generator:=== 阶段1：生成独立表 ===
INFO:app.services.data_generator:开始为独立表 crawler_competitor_price 生成数据
INFO:app.core.database:批量执行SQL，查询: INSERT INTO crawler_competitor_price (id, crawl_time, platform, competitor_name, product_name, product_sku, price, promotion_info, is_in_stock) VALUES ($1, $2, $3, $4, $5, $6, $7, $8, $9), 值数量: 1
INFO:app.core.database:连接数据库: 172.16.10.196:5432/db_house
INFO:app.core.database:批量执行SQL完成
INFO:app.services.data_generator:表 crawler_competitor_price 已插入剩余 1 条记录并缓存主键值
INFO:app.services.data_generator:独立表 crawler_competitor_price 生成完成，记录数: 1
INFO:app.services.data_generator:开始为独立表 crm_customer 生成数据
INFO:app.core.database:批量执行SQL，查询: INSERT INTO crm_customer (customer_id, name, gender, phone, email, birthday, address, create_time, update_time, is_deleted) VALUES ($1, $2, $3, $4, $5, $6, $7, $8, $9, $10), 值数量: 1
INFO:app.core.database:连接数据库: 172.16.10.196:5432/db_house
INFO:app.core.database:批量执行SQL完成
INFO:app.services.data_generator:表 crm_customer 已插入剩余 1 条记录并缓存主键值
INFO:app.services.data_generator:独立表 crm_customer 生成完成，记录数: 1
INFO:app.services.data_generator:开始为独立表 ext_market_trend 生成数据
INFO:app.core.database:批量执行SQL，查询: INSERT INTO ext_market_trend (id, period, region, category, market_size, growth_rate, data_source) VALUES ($1, $2, $3, $4, $5, $6, $7), 值数量: 1
INFO:app.core.database:连接数据库: 172.16.10.196:5432/db_house
INFO:app.core.database:批量执行SQL完成
INFO:app.services.data_generator:表 ext_market_trend 已插入剩余 1 条记录并缓存主键值
INFO:app.services.data_generator:独立表 ext_market_trend 生成完成，记录数: 1
INFO:app.services.data_generator:=== 阶段2：生成依赖表 ===
INFO:app.services.data_generator:表依赖排序结果: ['oms_order', 'fms_financial_transaction', 'lms_shipment', 'oms_order_item']
INFO:app.services.data_generator:排序后的依赖表: ['oms_order', 'fms_financial_transaction', 'lms_shipment', 'oms_order_item']
INFO:app.services.data_generator:开始为依赖表 oms_order 生成数据
INFO:app.core.database:批量执行SQL，查询: INSERT INTO oms_order (order_id, order_channel, customer_code, order_amount, discount_amount, pay_amount, order_status, province, city, district, detail_address, order_time) VALUES ($1, $2, $3, $4, $5, $6, $7, $8, $9, $10, $11, $12), 值数量: 1
INFO:app.core.database:连接数据库: 172.16.10.196:5432/db_house
INFO:app.core.database:批量执行SQL完成
INFO:app.services.data_generator:表 oms_order 已插入剩余 1 条记录并缓存主键值
INFO:app.services.data_generator:依赖表 oms_order 生成完成，记录数: 1
INFO:app.services.data_generator:开始为依赖表 fms_financial_transaction 生成数据
INFO:app.core.database:批量执行SQL，查询: INSERT INTO fms_financial_transaction (transaction_id, order_id, payment_method, transaction_type, transaction_amount, transaction_status, transaction_time) VALUES ($1, $2, $3, $4, $5, $6, $7), 值数量: 1
INFO:app.core.database:连接数据库: 172.16.10.196:5432/db_house
INFO:app.core.database:批量执行SQL完成
INFO:app.services.data_generator:表 fms_financial_transaction 已插入剩余 1 条记录并缓存主键值
INFO:app.services.data_generator:依赖表 fms_financial_transaction 生成完成，记录数: 1
INFO:app.services.data_generator:开始为依赖表 lms_shipment 生成数据
INFO:app.core.database:批量执行SQL，查询: INSERT INTO lms_shipment (shipment_id, order_id, carrier, sender_address, receiver_info, current_status, shipping_time, estimated_delivery, actual_delivery) VALUES ($1, $2, $3, $4, $5, $6, $7, $8, $9), 值数量: 1
INFO:app.core.database:连接数据库: 172.16.10.196:5432/db_house
INFO:app.core.database:批量执行SQL完成
INFO:app.services.data_generator:表 lms_shipment 已插入剩余 1 条记录并缓存主键值
INFO:app.services.data_generator:依赖表 lms_shipment 生成完成，记录数: 1
INFO:app.services.data_generator:开始为依赖表 oms_order_item 生成数据
INFO:app.core.database:批量执行SQL，查询: INSERT INTO oms_order_item (id, order_id, product_sku, product_name, quantity, price) VALUES ($1, $2, $3, $4, $5, $6), 值数量: 1
INFO:app.core.database:连接数据库: 172.16.10.196:5432/db_house
INFO:app.core.database:批量执行SQL完成
INFO:app.services.data_generator:表 oms_order_item 已插入剩余 1 条记录并缓存主键值
INFO:app.services.data_generator:依赖表 oms_order_item 生成完成，记录数: 1
INFO:app.services.data_generator:数据生成完成，总记录数: 7
INFO:app.services.data_generator:退出 generate_data_for_tables 方法
INFO:app.services.data_generator:开始 generate_data_for_tables 方法
INFO:app.services.data_generator:独立表（阶段1）: ['crawler_competitor_price', 'crm_customer', 'ext_market_trend']
INFO:app.services.data_generator:依赖表（阶段2）: ['oms_order', 'lms_shipment', 'fms_financial_transaction', 'oms_order_item']
INFO:app.services.data_generator:初始化数据库计数器
INFO:app.core.database:执行查询: SELECT MAX(id) FROM crawler_competitor_price, 参数: ()
INFO:app.core.database:连接数据库: 172.16.10.196:5432/db_house
INFO:app.core.database:查询执行成功
INFO:app.core.database:执行查询: SELECT MAX(id) FROM ext_market_trend, 参数: ()
INFO:app.core.database:连接数据库: 172.16.10.196:5432/db_house
INFO:app.core.database:查询执行成功
INFO:app.core.database:执行查询: SELECT MAX(id) FROM oms_order_item, 参数: ()
INFO:app.core.database:连接数据库: 172.16.10.196:5432/db_house
INFO:app.core.database:查询执行成功
INFO:app.services.data_generator:计数器初始化完成: {'crawler_competitor_price_id': 2, 'ext_market_trend_id': 2, 'oms_order_item_id': 2}
INFO:app.services.data_generator:开始处理日期: 2025-10-21
INFO:app.services.data_generator:当天计划生成记录数: 1
INFO:app.services.data_generator:已清空外键缓存
INFO:app.services.data_generator:=== 阶段1：生成独立表 ===
INFO:app.services.data_generator:开始为独立表 crawler_competitor_price 生成数据
INFO:app.core.database:批量执行SQL，查询: INSERT INTO crawler_competitor_price (id, crawl_time, platform, competitor_name, product_name, product_sku, price, promotion_info, is_in_stock) VALUES ($1, $2, $3, $4, $5, $6, $7, $8, $9), 值数量: 1
INFO:app.core.database:连接数据库: 172.16.10.196:5432/db_house
INFO:app.core.database:批量执行SQL完成
INFO:app.services.data_generator:表 crawler_competitor_price 已插入剩余 1 条记录并缓存主键值
INFO:app.services.data_generator:独立表 crawler_competitor_price 生成完成，记录数: 1
INFO:app.services.data_generator:开始为独立表 crm_customer 生成数据
INFO:app.core.database:批量执行SQL，查询: INSERT INTO crm_customer (customer_id, name, gender, phone, email, birthday, address, create_time, update_time, is_deleted) VALUES ($1, $2, $3, $4, $5, $6, $7, $8, $9, $10), 值数量: 1
INFO:app.core.database:连接数据库: 172.16.10.196:5432/db_house
INFO:app.core.database:批量执行SQL完成
INFO:app.services.data_generator:表 crm_customer 已插入剩余 1 条记录并缓存主键值
INFO:app.services.data_generator:独立表 crm_customer 生成完成，记录数: 1
INFO:app.services.data_generator:开始为独立表 ext_market_trend 生成数据
INFO:app.core.database:批量执行SQL，查询: INSERT INTO ext_market_trend (id, period, region, category, market_size, growth_rate, data_source) VALUES ($1, $2, $3, $4, $5, $6, $7), 值数量: 1
INFO:app.core.database:连接数据库: 172.16.10.196:5432/db_house
INFO:app.core.database:批量执行SQL完成
INFO:app.services.data_generator:表 ext_market_trend 已插入剩余 1 条记录并缓存主键值
INFO:app.services.data_generator:独立表 ext_market_trend 生成完成，记录数: 1
INFO:app.services.data_generator:=== 阶段2：生成依赖表 ===
INFO:app.services.data_generator:表依赖排序结果: ['oms_order', 'fms_financial_transaction', 'lms_shipment', 'oms_order_item']
INFO:app.services.data_generator:排序后的依赖表: ['oms_order', 'fms_financial_transaction', 'lms_shipment', 'oms_order_item']
INFO:app.services.data_generator:开始为依赖表 oms_order 生成数据
INFO:app.core.database:批量执行SQL，查询: INSERT INTO oms_order (order_id, order_channel, customer_code, order_amount, discount_amount, pay_amount, order_status, province, city, district, detail_address, order_time) VALUES ($1, $2, $3, $4, $5, $6, $7, $8, $9, $10, $11, $12), 值数量: 1
INFO:app.core.database:连接数据库: 172.16.10.196:5432/db_house
INFO:app.core.database:批量执行SQL完成
INFO:app.services.data_generator:表 oms_order 已插入剩余 1 条记录并缓存主键值
INFO:app.services.data_generator:依赖表 oms_order 生成完成，记录数: 1
INFO:app.services.data_generator:开始为依赖表 fms_financial_transaction 生成数据
INFO:app.core.database:批量执行SQL，查询: INSERT INTO fms_financial_transaction (transaction_id, order_id, payment_method, transaction_type, transaction_amount, transaction_status, transaction_time) VALUES ($1, $2, $3, $4, $5, $6, $7), 值数量: 1
INFO:app.core.database:连接数据库: 172.16.10.196:5432/db_house
INFO:app.core.database:批量执行SQL完成
INFO:app.services.data_generator:表 fms_financial_transaction 已插入剩余 1 条记录并缓存主键值
INFO:app.services.data_generator:依赖表 fms_financial_transaction 生成完成，记录数: 1
INFO:app.services.data_generator:开始为依赖表 lms_shipment 生成数据
INFO:app.core.database:批量执行SQL，查询: INSERT INTO lms_shipment (shipment_id, order_id, carrier, sender_address, receiver_info, current_status, shipping_time, estimated_delivery, actual_delivery) VALUES ($1, $2, $3, $4, $5, $6, $7, $8, $9), 值数量: 1
INFO:app.core.database:连接数据库: 172.16.10.196:5432/db_house
INFO:app.core.database:批量执行SQL完成
INFO:app.services.data_generator:表 lms_shipment 已插入剩余 1 条记录并缓存主键值
INFO:app.services.data_generator:依赖表 lms_shipment 生成完成，记录数: 1
INFO:app.services.data_generator:开始为依赖表 oms_order_item 生成数据
INFO:app.core.database:批量执行SQL，查询: INSERT INTO oms_order_item (id, order_id, product_sku, product_name, quantity, price) VALUES ($1, $2, $3, $4, $5, $6), 值数量: 1
INFO:app.core.database:连接数据库: 172.16.10.196:5432/db_house
INFO:app.core.database:批量执行SQL完成
INFO:app.services.data_generator:表 oms_order_item 已插入剩余 1 条记录并缓存主键值
INFO:app.services.data_generator:依赖表 oms_order_item 生成完成，记录数: 1
INFO:app.services.data_generator:数据生成完成，总记录数: 7
INFO:app.services.data_generator:退出 generate_data_for_tables 方法
INFO:app.services.data_generator:开始 generate_data_for_tables 方法
INFO:app.services.data_generator:独立表（阶段1）: ['crawler_competitor_price', 'crm_customer', 'ext_market_trend']
INFO:app.services.data_generator:依赖表（阶段2）: ['oms_order', 'lms_shipment', 'fms_financial_transaction', 'oms_order_item']
INFO:app.services.data_generator:初始化数据库计数器
INFO:app.core.database:执行查询: SELECT MAX(id) FROM crawler_competitor_price, 参数: ()
INFO:app.core.database:连接数据库: 172.16.10.196:5432/db_house
INFO:app.core.database:查询执行成功
INFO:app.core.database:执行查询: SELECT MAX(id) FROM ext_market_trend, 参数: ()
INFO:app.core.database:连接数据库: 172.16.10.196:5432/db_house
INFO:app.core.database:查询执行成功
INFO:app.core.database:执行查询: SELECT MAX(id) FROM oms_order_item, 参数: ()
INFO:app.core.database:连接数据库: 172.16.10.196:5432/db_house
INFO:app.core.database:查询执行成功
INFO:app.services.data_generator:计数器初始化完成: {'crawler_competitor_price_id': 3, 'ext_market_trend_id': 3, 'oms_order_item_id': 3}
INFO:app.services.data_generator:开始处理日期: 2025-10-21
INFO:app.services.data_generator:当天计划生成记录数: 1
INFO:app.services.data_generator:已清空外键缓存
INFO:app.services.data_generator:=== 阶段1：生成独立表 ===
INFO:app.services.data_generator:开始为独立表 crawler_competitor_price 生成数据
INFO:app.core.database:批量执行SQL，查询: INSERT INTO crawler_competitor_price (id, crawl_time, platform, competitor_name, product_name, product_sku, price, promotion_info, is_in_stock) VALUES ($1, $2, $3, $4, $5, $6, $7, $8, $9), 值数量: 1
INFO:app.core.database:连接数据库: 172.16.10.196:5432/db_house
INFO:app.core.database:批量执行SQL完成
INFO:app.services.data_generator:表 crawler_competitor_price 已插入剩余 1 条记录并缓存主键值
INFO:app.services.data_generator:独立表 crawler_competitor_price 生成完成，记录数: 1
INFO:app.services.data_generator:开始为独立表 crm_customer 生成数据
INFO:app.core.database:批量执行SQL，查询: INSERT INTO crm_customer (customer_id, name, gender, phone, email, birthday, address, create_time, update_time, is_deleted) VALUES ($1, $2, $3, $4, $5, $6, $7, $8, $9, $10), 值数量: 1
INFO:app.core.database:连接数据库: 172.16.10.196:5432/db_house
INFO:app.core.database:批量执行SQL完成
INFO:app.services.data_generator:表 crm_customer 已插入剩余 1 条记录并缓存主键值
INFO:app.services.data_generator:独立表 crm_customer 生成完成，记录数: 1
INFO:app.services.data_generator:开始为独立表 ext_market_trend 生成数据
INFO:app.core.database:批量执行SQL，查询: INSERT INTO ext_market_trend (id, period, region, category, market_size, growth_rate, data_source) VALUES ($1, $2, $3, $4, $5, $6, $7), 值数量: 1
INFO:app.core.database:连接数据库: 172.16.10.196:5432/db_house
INFO:app.core.database:批量执行SQL完成
INFO:app.services.data_generator:表 ext_market_trend 已插入剩余 1 条记录并缓存主键值
INFO:app.services.data_generator:独立表 ext_market_trend 生成完成，记录数: 1
INFO:app.services.data_generator:=== 阶段2：生成依赖表 ===
INFO:app.services.data_generator:表依赖排序结果: ['oms_order', 'fms_financial_transaction', 'lms_shipment', 'oms_order_item']
INFO:app.services.data_generator:排序后的依赖表: ['oms_order', 'fms_financial_transaction', 'lms_shipment', 'oms_order_item']
INFO:app.services.data_generator:开始为依赖表 oms_order 生成数据
INFO:app.core.database:批量执行SQL，查询: INSERT INTO oms_order (order_id, order_channel, customer_code, order_amount, discount_amount, pay_amount, order_status, province, city, district, detail_address, order_time) VALUES ($1, $2, $3, $4, $5, $6, $7, $8, $9, $10, $11, $12), 值数量: 1
INFO:app.core.database:连接数据库: 172.16.10.196:5432/db_house
INFO:app.core.database:批量执行SQL完成
INFO:app.services.data_generator:表 oms_order 已插入剩余 1 条记录并缓存主键值
INFO:app.services.data_generator:依赖表 oms_order 生成完成，记录数: 1
INFO:app.services.data_generator:开始为依赖表 fms_financial_transaction 生成数据
INFO:app.core.database:批量执行SQL，查询: INSERT INTO fms_financial_transaction (transaction_id, order_id, payment_method, transaction_type, transaction_amount, transaction_status, transaction_time) VALUES ($1, $2, $3, $4, $5, $6, $7), 值数量: 1
INFO:app.core.database:连接数据库: 172.16.10.196:5432/db_house
INFO:app.core.database:批量执行SQL完成
INFO:app.services.data_generator:表 fms_financial_transaction 已插入剩余 1 条记录并缓存主键值
INFO:app.services.data_generator:依赖表 fms_financial_transaction 生成完成，记录数: 1
INFO:app.services.data_generator:开始为依赖表 lms_shipment 生成数据
INFO:app.core.database:批量执行SQL，查询: INSERT INTO lms_shipment (shipment_id, order_id, carrier, sender_address, receiver_info, current_status, shipping_time, estimated_delivery, actual_delivery) VALUES ($1, $2, $3, $4, $5, $6, $7, $8, $9), 值数量: 1
INFO:app.core.database:连接数据库: 172.16.10.196:5432/db_house
INFO:app.core.database:批量执行SQL完成
INFO:app.services.data_generator:表 lms_shipment 已插入剩余 1 条记录并缓存主键值
INFO:app.services.data_generator:依赖表 lms_shipment 生成完成，记录数: 1
INFO:app.services.data_generator:开始为依赖表 oms_order_item 生成数据
INFO:app.core.database:批量执行SQL，查询: INSERT INTO oms_order_item (id, order_id, product_sku, product_name, quantity, price) VALUES ($1, $2, $3, $4, $5, $6), 值数量: 1
INFO:app.core.database:连接数据库: 172.16.10.196:5432/db_house
INFO:app.core.database:批量执行SQL完成
INFO:app.services.data_generator:表 oms_order_item 已插入剩余 1 条记录并缓存主键值
INFO:app.services.data_generator:依赖表 oms_order_item 生成完成，记录数: 1
INFO:app.services.data_generator:数据生成完成，总记录数: 7
INFO:app.services.data_generator:退出 generate_data_for_tables 方法
INFO:app.services.data_generator:开始 generate_data_for_tables 方法
INFO:app.services.data_generator:独立表（阶段1）: ['crawler_competitor_price', 'crm_customer', 'ext_market_trend']
INFO:app.services.data_generator:依赖表（阶段2）: ['oms_order', 'lms_shipment', 'fms_financial_transaction', 'oms_order_item']
INFO:app.services.data_generator:初始化数据库计数器
INFO:app.core.database:执行查询: SELECT MAX(id) FROM crawler_competitor_price, 参数: ()
INFO:app.core.database:连接数据库: 172.16.10.196:5432/db_house
INFO:app.core.database:查询执行成功
INFO:app.core.database:执行查询: SELECT MAX(id) FROM ext_market_trend, 参数: ()
INFO:app.core.database:连接数据库: 172.16.10.196:5432/db_house
INFO:app.core.database:查询执行成功
INFO:app.core.database:执行查询: SELECT MAX(id) FROM oms_order_item, 参数: ()
INFO:app.core.database:连接数据库: 172.16.10.196:5432/db_house
INFO:app.core.database:查询执行成功
INFO:app.services.data_generator:计数器初始化完成: {'crawler_competitor_price_id': 4, 'ext_market_trend_id': 4, 'oms_order_item_id': 4}
INFO:app.services.data_generator:开始处理日期: 2025-10-21
INFO:app.services.data_generator:当天计划生成记录数: 1
INFO:app.services.data_generator:已清空外键缓存
INFO:app.services.data_generator:=== 阶段1：生成独立表 ===
INFO:app.services.data_generator:开始为独立表 crawler_competitor_price 生成数据
INFO:app.core.database:批量执行SQL，查询: INSERT INTO crawler_competitor_price (id, crawl_time, platform, competitor_name, product_name, product_sku, price, promotion_info, is_in_stock) VALUES ($1, $2, $3, $4, $5, $6, $7, $8, $9), 值数量: 1
INFO:app.core.database:连接数据库: 172.16.10.196:5432/db_house
INFO:app.core.database:批量执行SQL完成
INFO:app.services.data_generator:表 crawler_competitor_price 已插入剩余 1 条记录并缓存主键值
INFO:app.services.data_generator:独立表 crawler_competitor_price 生成完成，记录数: 1
INFO:app.services.data_generator:开始为独立表 crm_customer 生成数据
INFO:app.core.database:批量执行SQL，查询: INSERT INTO crm_customer (customer_id, name, gender, phone, email, birthday, address, create_time, update_time, is_deleted) VALUES ($1, $2, $3, $4, $5, $6, $7, $8, $9, $10), 值数量: 1
INFO:app.core.database:连接数据库: 172.16.10.196:5432/db_house
INFO:app.core.database:批量执行SQL完成
INFO:app.services.data_generator:表 crm_customer 已插入剩余 1 条记录并缓存主键值
INFO:app.services.data_generator:独立表 crm_customer 生成完成，记录数: 1
INFO:app.services.data_generator:开始为独立表 ext_market_trend 生成数据
INFO:app.core.database:批量执行SQL，查询: INSERT INTO ext_market_trend (id, period, region, category, market_size, growth_rate, data_source) VALUES ($1, $2, $3, $4, $5, $6, $7), 值数量: 1
INFO:app.core.database:连接数据库: 172.16.10.196:5432/db_house
INFO:app.core.database:批量执行SQL完成
INFO:app.services.data_generator:表 ext_market_trend 已插入剩余 1 条记录并缓存主键值
INFO:app.services.data_generator:独立表 ext_market_trend 生成完成，记录数: 1
INFO:app.services.data_generator:=== 阶段2：生成依赖表 ===
INFO:app.services.data_generator:表依赖排序结果: ['oms_order', 'fms_financial_transaction', 'lms_shipment', 'oms_order_item']
INFO:app.services.data_generator:排序后的依赖表: ['oms_order', 'fms_financial_transaction', 'lms_shipment', 'oms_order_item']
INFO:app.services.data_generator:开始为依赖表 oms_order 生成数据
INFO:app.core.database:批量执行SQL，查询: INSERT INTO oms_order (order_id, order_channel, customer_code, order_amount, discount_amount, pay_amount, order_status, province, city, district, detail_address, order_time) VALUES ($1, $2, $3, $4, $5, $6, $7, $8, $9, $10, $11, $12), 值数量: 1
INFO:app.core.database:连接数据库: 172.16.10.196:5432/db_house
INFO:app.core.database:批量执行SQL完成
INFO:app.services.data_generator:表 oms_order 已插入剩余 1 条记录并缓存主键值
INFO:app.services.data_generator:依赖表 oms_order 生成完成，记录数: 1
INFO:app.services.data_generator:开始为依赖表 fms_financial_transaction 生成数据
INFO:app.core.database:批量执行SQL，查询: INSERT INTO fms_financial_transaction (transaction_id, order_id, payment_method, transaction_type, transaction_amount, transaction_status, transaction_time) VALUES ($1, $2, $3, $4, $5, $6, $7), 值数量: 1
INFO:app.core.database:连接数据库: 172.16.10.196:5432/db_house
INFO:app.core.database:批量执行SQL完成
INFO:app.services.data_generator:表 fms_financial_transaction 已插入剩余 1 条记录并缓存主键值
INFO:app.services.data_generator:依赖表 fms_financial_transaction 生成完成，记录数: 1
INFO:app.services.data_generator:开始为依赖表 lms_shipment 生成数据
INFO:app.core.database:批量执行SQL，查询: INSERT INTO lms_shipment (shipment_id, order_id, carrier, sender_address, receiver_info, current_status, shipping_time, estimated_delivery, actual_delivery) VALUES ($1, $2, $3, $4, $5, $6, $7, $8, $9), 值数量: 1
INFO:app.core.database:连接数据库: 172.16.10.196:5432/db_house
INFO:app.core.database:批量执行SQL完成
INFO:app.services.data_generator:表 lms_shipment 已插入剩余 1 条记录并缓存主键值
INFO:app.services.data_generator:依赖表 lms_shipment 生成完成，记录数: 1
INFO:app.services.data_generator:开始为依赖表 oms_order_item 生成数据
INFO:app.core.database:批量执行SQL，查询: INSERT INTO oms_order_item (id, order_id, product_sku, product_name, quantity, price) VALUES ($1, $2, $3, $4, $5, $6), 值数量: 1
INFO:app.core.database:连接数据库: 172.16.10.196:5432/db_house
INFO:app.core.database:批量执行SQL完成
INFO:app.services.data_generator:表 oms_order_item 已插入剩余 1 条记录并缓存主键值
INFO:app.services.data_generator:依赖表 oms_order_item 生成完成，记录数: 1
INFO:app.services.data_generator:数据生成完成，总记录数: 7
INFO:app.services.data_generator:退出 generate_data_for_tables 方法
INFO:app.services.data_generator:开始 generate_data_for_tables 方法
INFO:app.services.data_generator:独立表（阶段1）: ['crawler_competitor_price', 'crm_customer', 'ext_market_trend']
INFO:app.services.data_generator:依赖表（阶段2）: ['oms_order', 'lms_shipment', 'fms_financial_transaction', 'oms_order_item']
INFO:app.services.data_generator:初始化数据库计数器
INFO:app.core.database:执行查询: SELECT MAX(id) FROM crawler_competitor_price, 参数: ()
INFO:app.core.database:连接数据库: 172.16.10.196:5432/db_house
INFO:app.core.database:查询执行成功
INFO:app.core.database:执行查询: SELECT MAX(id) FROM ext_market_trend, 参数: ()
INFO:app.core.database:连接数据库: 172.16.10.196:5432/db_house
INFO:app.core.database:查询执行成功
INFO:app.core.database:执行查询: SELECT MAX(id) FROM oms_order_item, 参数: ()
INFO:app.core.database:连接数据库: 172.16.10.196:5432/db_house
INFO:app.core.database:查询执行成功
INFO:app.services.data_generator:计数器初始化完成: {'crawler_competitor_price_id': 5, 'ext_market_trend_id': 5, 'oms_order_item_id': 5}
INFO:app.services.data_generator:开始处理日期: 2025-10-21
INFO:app.services.data_generator:当天计划生成记录数: 1
INFO:app.services.data_generator:已清空外键缓存
INFO:app.services.data_generator:=== 阶段1：生成独立表 ===
INFO:app.services.data_generator:开始为独立表 crawler_competitor_price 生成数据
INFO:app.core.database:批量执行SQL，查询: INSERT INTO crawler_competitor_price (id, crawl_time, platform, competitor_name, product_name, product_sku, price, promotion_info, is_in_stock) VALUES ($1, $2, $3, $4, $5, $6, $7, $8, $9), 值数量: 1
INFO:app.core.database:连接数据库: 172.16.10.196:5432/db_house
INFO:app.core.database:批量执行SQL完成
INFO:app.services.data_generator:表 crawler_competitor_price 已插入剩余 1 条记录并缓存主键值
INFO:app.services.data_generator:独立表 crawler_competitor_price 生成完成，记录数: 1
INFO:app.services.data_generator:开始为独立表 crm_customer 生成数据
INFO:app.core.database:批量执行SQL，查询: INSERT INTO crm_customer (customer_id, name, gender, phone, email, birthday, address, create_time, update_time, is_deleted) VALUES ($1, $2, $3, $4, $5, $6, $7, $8, $9, $10), 值数量: 1
INFO:app.core.database:连接数据库: 172.16.10.196:5432/db_house
INFO:app.core.database:批量执行SQL完成
INFO:app.services.data_generator:表 crm_customer 已插入剩余 1 条记录并缓存主键值
INFO:app.services.data_generator:独立表 crm_customer 生成完成，记录数: 1
INFO:app.services.data_generator:开始为独立表 ext_market_trend 生成数据
INFO:app.core.database:批量执行SQL，查询: INSERT INTO ext_market_trend (id, period, region, category, market_size, growth_rate, data_source) VALUES ($1, $2, $3, $4, $5, $6, $7), 值数量: 1
INFO:app.core.database:连接数据库: 172.16.10.196:5432/db_house
INFO:app.core.database:批量执行SQL完成
INFO:app.services.data_generator:表 ext_market_trend 已插入剩余 1 条记录并缓存主键值
INFO:app.services.data_generator:独立表 ext_market_trend 生成完成，记录数: 1
INFO:app.services.data_generator:=== 阶段2：生成依赖表 ===
INFO:app.services.data_generator:表依赖排序结果: ['oms_order', 'fms_financial_transaction', 'lms_shipment', 'oms_order_item']
INFO:app.services.data_generator:排序后的依赖表: ['oms_order', 'fms_financial_transaction', 'lms_shipment', 'oms_order_item']
INFO:app.services.data_generator:开始为依赖表 oms_order 生成数据
INFO:app.core.database:批量执行SQL，查询: INSERT INTO oms_order (order_id, order_channel, customer_code, order_amount, discount_amount, pay_amount, order_status, province, city, district, detail_address, order_time) VALUES ($1, $2, $3, $4, $5, $6, $7, $8, $9, $10, $11, $12), 值数量: 1
INFO:app.core.database:连接数据库: 172.16.10.196:5432/db_house
INFO:app.core.database:批量执行SQL完成
INFO:app.services.data_generator:表 oms_order 已插入剩余 1 条记录并缓存主键值
INFO:app.services.data_generator:依赖表 oms_order 生成完成，记录数: 1
INFO:app.services.data_generator:开始为依赖表 fms_financial_transaction 生成数据
INFO:app.core.database:批量执行SQL，查询: INSERT INTO fms_financial_transaction (transaction_id, order_id, payment_method, transaction_type, transaction_amount, transaction_status, transaction_time) VALUES ($1, $2, $3, $4, $5, $6, $7), 值数量: 1
INFO:app.core.database:连接数据库: 172.16.10.196:5432/db_house
INFO:app.core.database:批量执行SQL完成
INFO:app.services.data_generator:表 fms_financial_transaction 已插入剩余 1 条记录并缓存主键值
INFO:app.services.data_generator:依赖表 fms_financial_transaction 生成完成，记录数: 1
INFO:app.services.data_generator:开始为依赖表 lms_shipment 生成数据
INFO:app.core.database:批量执行SQL，查询: INSERT INTO lms_shipment (shipment_id, order_id, carrier, sender_address, receiver_info, current_status, shipping_time, estimated_delivery, actual_delivery) VALUES ($1, $2, $3, $4, $5, $6, $7, $8, $9), 值数量: 1
INFO:app.core.database:连接数据库: 172.16.10.196:5432/db_house
INFO:app.core.database:批量执行SQL完成
INFO:app.services.data_generator:表 lms_shipment 已插入剩余 1 条记录并缓存主键值
INFO:app.services.data_generator:依赖表 lms_shipment 生成完成，记录数: 1
INFO:app.services.data_generator:开始为依赖表 oms_order_item 生成数据
INFO:app.core.database:批量执行SQL，查询: INSERT INTO oms_order_item (id, order_id, product_sku, product_name, quantity, price) VALUES ($1, $2, $3, $4, $5, $6), 值数量: 1
INFO:app.core.database:连接数据库: 172.16.10.196:5432/db_house
INFO:app.core.database:批量执行SQL完成
INFO:app.services.data_generator:表 oms_order_item 已插入剩余 1 条记录并缓存主键值
INFO:app.services.data_generator:依赖表 oms_order_item 生成完成，记录数: 1
INFO:app.services.data_generator:数据生成完成，总记录数: 7
INFO:app.services.data_generator:退出 generate_data_for_tables 方法
INFO:app.services.data_generator:开始 generate_data_for_tables 方法
INFO:app.services.data_generator:独立表（阶段1）: ['crawler_competitor_price', 'crm_customer', 'ext_market_trend']
INFO:app.services.data_generator:依赖表（阶段2）: ['oms_order', 'lms_shipment', 'fms_financial_transaction', 'oms_order_item']
INFO:app.services.data_generator:初始化数据库计数器
INFO:app.core.database:执行查询: SELECT MAX(id) FROM crawler_competitor_price, 参数: ()
INFO:app.core.database:连接数据库: 172.16.10.196:5432/db_house
INFO:app.core.database:查询执行成功
INFO:app.core.database:执行查询: SELECT MAX(id) FROM ext_market_trend, 参数: ()
INFO:app.core.database:连接数据库: 172.16.10.196:5432/db_house
INFO:app.core.database:查询执行成功
INFO:app.core.database:执行查询: SELECT MAX(id) FROM oms_order_item, 参数: ()
INFO:app.core.database:连接数据库: 172.16.10.196:5432/db_house
INFO:app.core.database:查询执行成功
INFO:app.services.data_generator:计数器初始化完成: {'crawler_competitor_price_id': 6, 'ext_market_trend_id': 6, 'oms_order_item_id': 6}
INFO:app.services.data_generator:开始处理日期: 2025-10-21
INFO:app.services.data_generator:当天计划生成记录数: 1
INFO:app.services.data_generator:已清空外键缓存
INFO:app.services.data_generator:=== 阶段1：生成独立表 ===
INFO:app.services.data_generator:开始为独立表 crawler_competitor_price 生成数据
INFO:app.core.database:批量执行SQL，查询: INSERT INTO crawler_competitor_price (id, crawl_time, platform, competitor_name, product_name, product_sku, price, promotion_info, is_in_stock) VALUES ($1, $2, $3, $4, $5, $6, $7, $8, $9), 值数量: 1
INFO:app.core.database:连接数据库: 172.16.10.196:5432/db_house
INFO:app.core.database:批量执行SQL完成
INFO:app.services.data_generator:表 crawler_competitor_price 已插入剩余 1 条记录并缓存主键值
INFO:app.services.data_generator:独立表 crawler_competitor_price 生成完成，记录数: 1
INFO:app.services.data_generator:开始为独立表 crm_customer 生成数据
INFO:app.core.database:批量执行SQL，查询: INSERT INTO crm_customer (customer_id, name, gender, phone, email, birthday, address, create_time, update_time, is_deleted) VALUES ($1, $2, $3, $4, $5, $6, $7, $8, $9, $10), 值数量: 1
INFO:app.core.database:连接数据库: 172.16.10.196:5432/db_house
INFO:app.core.database:批量执行SQL完成
INFO:app.services.data_generator:表 crm_customer 已插入剩余 1 条记录并缓存主键值
INFO:app.services.data_generator:独立表 crm_customer 生成完成，记录数: 1
INFO:app.services.data_generator:开始为独立表 ext_market_trend 生成数据
INFO:app.core.database:批量执行SQL，查询: INSERT INTO ext_market_trend (id, period, region, category, market_size, growth_rate, data_source) VALUES ($1, $2, $3, $4, $5, $6, $7), 值数量: 1
INFO:app.core.database:连接数据库: 172.16.10.196:5432/db_house
INFO:app.core.database:批量执行SQL完成
INFO:app.services.data_generator:表 ext_market_trend 已插入剩余 1 条记录并缓存主键值
INFO:app.services.data_generator:独立表 ext_market_trend 生成完成，记录数: 1
INFO:app.services.data_generator:=== 阶段2：生成依赖表 ===
INFO:app.services.data_generator:表依赖排序结果: ['oms_order', 'fms_financial_transaction', 'lms_shipment', 'oms_order_item']
INFO:app.services.data_generator:排序后的依赖表: ['oms_order', 'fms_financial_transaction', 'lms_shipment', 'oms_order_item']
INFO:app.services.data_generator:开始为依赖表 oms_order 生成数据
INFO:app.core.database:批量执行SQL，查询: INSERT INTO oms_order (order_id, order_channel, customer_code, order_amount, discount_amount, pay_amount, order_status, province, city, district, detail_address, order_time) VALUES ($1, $2, $3, $4, $5, $6, $7, $8, $9, $10, $11, $12), 值数量: 1
INFO:app.core.database:连接数据库: 172.16.10.196:5432/db_house
INFO:app.core.database:批量执行SQL完成
INFO:app.services.data_generator:表 oms_order 已插入剩余 1 条记录并缓存主键值
INFO:app.services.data_generator:依赖表 oms_order 生成完成，记录数: 1
INFO:app.services.data_generator:开始为依赖表 fms_financial_transaction 生成数据
INFO:app.core.database:批量执行SQL，查询: INSERT INTO fms_financial_transaction (transaction_id, order_id, payment_method, transaction_type, transaction_amount, transaction_status, transaction_time) VALUES ($1, $2, $3, $4, $5, $6, $7), 值数量: 1
INFO:app.core.database:连接数据库: 172.16.10.196:5432/db_house
INFO:app.core.database:批量执行SQL完成
INFO:app.services.data_generator:表 fms_financial_transaction 已插入剩余 1 条记录并缓存主键值
INFO:app.services.data_generator:依赖表 fms_financial_transaction 生成完成，记录数: 1
INFO:app.services.data_generator:开始为依赖表 lms_shipment 生成数据
INFO:app.core.database:批量执行SQL，查询: INSERT INTO lms_shipment (shipment_id, order_id, carrier, sender_address, receiver_info, current_status, shipping_time, estimated_delivery, actual_delivery) VALUES ($1, $2, $3, $4, $5, $6, $7, $8, $9), 值数量: 1
INFO:app.core.database:连接数据库: 172.16.10.196:5432/db_house
INFO:app.core.database:批量执行SQL完成
INFO:app.services.data_generator:表 lms_shipment 已插入剩余 1 条记录并缓存主键值
INFO:app.services.data_generator:依赖表 lms_shipment 生成完成，记录数: 1
INFO:app.services.data_generator:开始为依赖表 oms_order_item 生成数据
INFO:app.core.database:批量执行SQL，查询: INSERT INTO oms_order_item (id, order_id, product_sku, product_name, quantity, price) VALUES ($1, $2, $3, $4, $5, $6), 值数量: 1
INFO:app.core.database:连接数据库: 172.16.10.196:5432/db_house
INFO:app.core.database:批量执行SQL完成
INFO:app.services.data_generator:表 oms_order_item 已插入剩余 1 条记录并缓存主键值
INFO:app.services.data_generator:依赖表 oms_order_item 生成完成，记录数: 1
INFO:app.services.data_generator:数据生成完成，总记录数: 7
INFO:app.services.data_generator:退出 generate_data_for_tables 方法
INFO:app.services.data_generator:开始 generate_data_for_tables 方法
INFO:app.services.data_generator:独立表（阶段1）: ['crawler_competitor_price', 'crm_customer', 'ext_market_trend']
INFO:app.services.data_generator:依赖表（阶段2）: ['oms_order', 'lms_shipment', 'fms_financial_transaction', 'oms_order_item']
INFO:app.services.data_generator:初始化数据库计数器
INFO:app.core.database:执行查询: SELECT MAX(id) FROM crawler_competitor_price, 参数: ()
INFO:app.core.database:连接数据库: 172.16.10.196:5432/db_house
INFO:app.core.database:查询执行成功
INFO:app.core.database:执行查询: SELECT MAX(id) FROM ext_market_trend, 参数: ()
INFO:app.core.database:连接数据库: 172.16.10.196:5432/db_house
INFO:app.core.database:查询执行成功
INFO:app.core.database:执行查询: SELECT MAX(id) FROM oms_order_item, 参数: ()
INFO:app.core.database:连接数据库: 172.16.10.196:5432/db_house
INFO:app.core.database:查询执行成功
INFO:app.services.data_generator:计数器初始化完成: {'crawler_competitor_price_id': 7, 'ext_market_trend_id': 7, 'oms_order_item_id': 7}
INFO:app.services.data_generator:开始处理日期: 2025-10-21
INFO:app.services.data_generator:当天计划生成记录数: 1
INFO:app.services.data_generator:已清空外键缓存
INFO:app.services.data_generator:=== 阶段1：生成独立表 ===
INFO:app.services.data_generator:开始为独立表 crawler_competitor_price 生成数据
INFO:app.core.database:批量执行SQL，查询: INSERT INTO crawler_competitor_price (id, crawl_time, platform, competitor_name, product_name, product_sku, price, promotion_info, is_in_stock) VALUES ($1, $2, $3, $4, $5, $6, $7, $8, $9), 值数量: 1
INFO:app.core.database:连接数据库: 172.16.10.196:5432/db_house
INFO:app.core.database:批量执行SQL完成
INFO:app.services.data_generator:表 crawler_competitor_price 已插入剩余 1 条记录并缓存主键值
INFO:app.services.data_generator:独立表 crawler_competitor_price 生成完成，记录数: 1
INFO:app.services.data_generator:开始为独立表 crm_customer 生成数据
INFO:app.core.database:批量执行SQL，查询: INSERT INTO crm_customer (customer_id, name, gender, phone, email, birthday, address, create_time, update_time, is_deleted) VALUES ($1, $2, $3, $4, $5, $6, $7, $8, $9, $10), 值数量: 1
INFO:app.core.database:连接数据库: 172.16.10.196:5432/db_house
INFO:app.core.database:批量执行SQL完成
INFO:app.services.data_generator:表 crm_customer 已插入剩余 1 条记录并缓存主键值
INFO:app.services.data_generator:独立表 crm_customer 生成完成，记录数: 1
INFO:app.services.data_generator:开始为独立表 ext_market_trend 生成数据
INFO:app.core.database:批量执行SQL，查询: INSERT INTO ext_market_trend (id, period, region, category, market_size, growth_rate, data_source) VALUES ($1, $2, $3, $4, $5, $6, $7), 值数量: 1
INFO:app.core.database:连接数据库: 172.16.10.196:5432/db_house
INFO:app.core.database:批量执行SQL完成
INFO:app.services.data_generator:表 ext_market_trend 已插入剩余 1 条记录并缓存主键值
INFO:app.services.data_generator:独立表 ext_market_trend 生成完成，记录数: 1
INFO:app.services.data_generator:=== 阶段2：生成依赖表 ===
INFO:app.services.data_generator:表依赖排序结果: ['oms_order', 'fms_financial_transaction', 'lms_shipment', 'oms_order_item']
INFO:app.services.data_generator:排序后的依赖表: ['oms_order', 'fms_financial_transaction', 'lms_shipment', 'oms_order_item']
INFO:app.services.data_generator:开始为依赖表 oms_order 生成数据
INFO:app.core.database:批量执行SQL，查询: INSERT INTO oms_order (order_id, order_channel, customer_code, order_amount, discount_amount, pay_amount, order_status, province, city, district, detail_address, order_time) VALUES ($1, $2, $3, $4, $5, $6, $7, $8, $9, $10, $11, $12), 值数量: 1
INFO:app.core.database:连接数据库: 172.16.10.196:5432/db_house
INFO:app.core.database:批量执行SQL完成
INFO:app.services.data_generator:表 oms_order 已插入剩余 1 条记录并缓存主键值
INFO:app.services.data_generator:依赖表 oms_order 生成完成，记录数: 1
INFO:app.services.data_generator:开始为依赖表 fms_financial_transaction 生成数据
INFO:app.core.database:批量执行SQL，查询: INSERT INTO fms_financial_transaction (transaction_id, order_id, payment_method, transaction_type, transaction_amount, transaction_status, transaction_time) VALUES ($1, $2, $3, $4, $5, $6, $7), 值数量: 1
INFO:app.core.database:连接数据库: 172.16.10.196:5432/db_house
INFO:app.core.database:批量执行SQL完成
INFO:app.services.data_generator:表 fms_financial_transaction 已插入剩余 1 条记录并缓存主键值
INFO:app.services.data_generator:依赖表 fms_financial_transaction 生成完成，记录数: 1
INFO:app.services.data_generator:开始为依赖表 lms_shipment 生成数据
INFO:app.core.database:批量执行SQL，查询: INSERT INTO lms_shipment (shipment_id, order_id, carrier, sender_address, receiver_info, current_status, shipping_time, estimated_delivery, actual_delivery) VALUES ($1, $2, $3, $4, $5, $6, $7, $8, $9), 值数量: 1
INFO:app.core.database:连接数据库: 172.16.10.196:5432/db_house
INFO:app.core.database:批量执行SQL完成
INFO:app.services.data_generator:表 lms_shipment 已插入剩余 1 条记录并缓存主键值
INFO:app.services.data_generator:依赖表 lms_shipment 生成完成，记录数: 1
INFO:app.services.data_generator:开始为依赖表 oms_order_item 生成数据
INFO:app.core.database:批量执行SQL，查询: INSERT INTO oms_order_item (id, order_id, product_sku, product_name, quantity, price) VALUES ($1, $2, $3, $4, $5, $6), 值数量: 1
INFO:app.core.database:连接数据库: 172.16.10.196:5432/db_house
INFO:app.core.database:批量执行SQL完成
INFO:app.services.data_generator:表 oms_order_item 已插入剩余 1 条记录并缓存主键值
INFO:app.services.data_generator:依赖表 oms_order_item 生成完成，记录数: 1
INFO:app.services.data_generator:数据生成完成，总记录数: 7
INFO:app.services.data_generator:退出 generate_data_for_tables 方法
INFO:app.services.data_generator:开始 generate_data_for_tables 方法
INFO:app.services.data_generator:独立表（阶段1）: ['crawler_competitor_price', 'crm_customer', 'ext_market_trend']
INFO:app.services.data_generator:依赖表（阶段2）: ['oms_order', 'lms_shipment', 'fms_financial_transaction', 'oms_order_item']
INFO:app.services.data_generator:初始化数据库计数器
INFO:app.core.database:执行查询: SELECT MAX(id) FROM crawler_competitor_price, 参数: ()
INFO:app.core.database:连接数据库: 172.16.10.196:5432/db_house
INFO:app.core.database:查询执行成功
INFO:app.core.database:执行查询: SELECT MAX(id) FROM ext_market_trend, 参数: ()
INFO:app.core.database:连接数据库: 172.16.10.196:5432/db_house
INFO:app.core.database:查询执行成功
INFO:app.core.database:执行查询: SELECT MAX(id) FROM oms_order_item, 参数: ()
INFO:app.core.database:连接数据库: 172.16.10.196:5432/db_house
INFO:app.core.database:查询执行成功
INFO:app.services.data_generator:计数器初始化完成: {'crawler_competitor_price_id': 8, 'ext_market_trend_id': 8, 'oms_order_item_id': 8}
INFO:app.services.data_generator:开始处理日期: 2025-10-21
INFO:app.services.data_generator:当天计划生成记录数: 1
INFO:app.services.data_generator:已清空外键缓存
INFO:app.services.data_generator:=== 阶段1：生成独立表 ===
INFO:app.services.data_generator:开始为独立表 crawler_competitor_price 生成数据
INFO:app.core.database:批量执行SQL，查询: INSERT INTO crawler_competitor_price (id, crawl_time, platform, competitor_name, product_name, product_sku, price, promotion_info, is_in_stock) VALUES ($1, $2, $3, $4, $5, $6, $7, $8, $9), 值数量: 1
INFO:app.core.database:连接数据库: 172.16.10.196:5432/db_house
INFO:app.core.database:批量执行SQL完成
INFO:app.services.data_generator:表 crawler_competitor_price 已插入剩余 1 条记录并缓存主键值
INFO:app.services.data_generator:独立表 crawler_competitor_price 生成完成，记录数: 1
INFO:app.services.data_generator:开始为独立表 crm_customer 生成数据
INFO:app.core.database:批量执行SQL，查询: INSERT INTO crm_customer (customer_id, name, gender, phone, email, birthday, address, create_time, update_time, is_deleted) VALUES ($1, $2, $3, $4, $5, $6, $7, $8, $9, $10), 值数量: 1
INFO:app.core.database:连接数据库: 172.16.10.196:5432/db_house
INFO:app.core.database:批量执行SQL完成
INFO:app.services.data_generator:表 crm_customer 已插入剩余 1 条记录并缓存主键值
INFO:app.services.data_generator:独立表 crm_customer 生成完成，记录数: 1
INFO:app.services.data_generator:开始为独立表 ext_market_trend 生成数据
INFO:app.core.database:批量执行SQL，查询: INSERT INTO ext_market_trend (id, period, region, category, market_size, growth_rate, data_source) VALUES ($1, $2, $3, $4, $5, $6, $7), 值数量: 1
INFO:app.core.database:连接数据库: 172.16.10.196:5432/db_house
INFO:app.core.database:批量执行SQL完成
INFO:app.services.data_generator:表 ext_market_trend 已插入剩余 1 条记录并缓存主键值
INFO:app.services.data_generator:独立表 ext_market_trend 生成完成，记录数: 1
INFO:app.services.data_generator:=== 阶段2：生成依赖表 ===
INFO:app.services.data_generator:表依赖排序结果: ['oms_order', 'fms_financial_transaction', 'lms_shipment', 'oms_order_item']
INFO:app.services.data_generator:排序后的依赖表: ['oms_order', 'fms_financial_transaction', 'lms_shipment', 'oms_order_item']
INFO:app.services.data_generator:开始为依赖表 oms_order 生成数据
INFO:app.core.database:批量执行SQL，查询: INSERT INTO oms_order (order_id, order_channel, customer_code, order_amount, discount_amount, pay_amount, order_status, province, city, district, detail_address, order_time) VALUES ($1, $2, $3, $4, $5, $6, $7, $8, $9, $10, $11, $12), 值数量: 1
INFO:app.core.database:连接数据库: 172.16.10.196:5432/db_house
INFO:app.core.database:批量执行SQL完成
INFO:app.services.data_generator:表 oms_order 已插入剩余 1 条记录并缓存主键值
INFO:app.services.data_generator:依赖表 oms_order 生成完成，记录数: 1
INFO:app.services.data_generator:开始为依赖表 fms_financial_transaction 生成数据
INFO:app.core.database:批量执行SQL，查询: INSERT INTO fms_financial_transaction (transaction_id, order_id, payment_method, transaction_type, transaction_amount, transaction_status, transaction_time) VALUES ($1, $2, $3, $4, $5, $6, $7), 值数量: 1
INFO:app.core.database:连接数据库: 172.16.10.196:5432/db_house
INFO:app.core.database:批量执行SQL完成
INFO:app.services.data_generator:表 fms_financial_transaction 已插入剩余 1 条记录并缓存主键值
INFO:app.services.data_generator:依赖表 fms_financial_transaction 生成完成，记录数: 1
INFO:app.services.data_generator:开始为依赖表 lms_shipment 生成数据
INFO:app.core.database:批量执行SQL，查询: INSERT INTO lms_shipment (shipment_id, order_id, carrier, sender_address, receiver_info, current_status, shipping_time, estimated_delivery, actual_delivery) VALUES ($1, $2, $3, $4, $5, $6, $7, $8, $9), 值数量: 1
INFO:app.core.database:连接数据库: 172.16.10.196:5432/db_house
INFO:app.core.database:批量执行SQL完成
INFO:app.services.data_generator:表 lms_shipment 已插入剩余 1 条记录并缓存主键值
INFO:app.services.data_generator:依赖表 lms_shipment 生成完成，记录数: 1
INFO:app.services.data_generator:开始为依赖表 oms_order_item 生成数据
INFO:app.core.database:批量执行SQL，查询: INSERT INTO oms_order_item (id, order_id, product_sku, product_name, quantity, price) VALUES ($1, $2, $3, $4, $5, $6), 值数量: 1
INFO:app.core.database:连接数据库: 172.16.10.196:5432/db_house
INFO:app.core.database:批量执行SQL完成
INFO:app.services.data_generator:表 oms_order_item 已插入剩余 1 条记录并缓存主键值
INFO:app.services.data_generator:依赖表 oms_order_item 生成完成，记录数: 1
INFO:app.services.data_generator:数据生成完成，总记录数: 7
INFO:app.services.data_generator:退出 generate_data_for_tables 方法
INFO:app.services.data_generator:开始 generate_data_for_tables 方法
INFO:app.services.data_generator:独立表（阶段1）: ['crawler_competitor_price', 'crm_customer', 'ext_market_trend']
INFO:app.services.data_generator:依赖表（阶段2）: ['oms_order', 'lms_shipment', 'fms_financial_transaction', 'oms_order_item']
INFO:app.services.data_generator:初始化数据库计数器
INFO:app.core.database:执行查询: SELECT MAX(id) FROM crawler_competitor_price, 参数: ()
INFO:app.core.database:连接数据库: 172.16.10.196:5432/db_house
INFO:app.core.database:查询执行成功
INFO:app.core.database:执行查询: SELECT MAX(id) FROM ext_market_trend, 参数: ()
INFO:app.core.database:连接数据库: 172.16.10.196:5432/db_house
INFO:app.core.database:查询执行成功
INFO:app.core.database:执行查询: SELECT MAX(id) FROM oms_order_item, 参数: ()
INFO:app.core.database:连接数据库: 172.16.10.196:5432/db_house
INFO:app.core.database:查询执行成功
INFO:app.services.data_generator:计数器初始化完成: {'crawler_competitor_price_id': 9, 'ext_market_trend_id': 9, 'oms_order_item_id': 9}
INFO:app.services.data_generator:开始处理日期: 2025-10-21
INFO:app.services.data_generator:当天计划生成记录数: 1
INFO:app.services.data_generator:已清空外键缓存
INFO:app.services.data_generator:=== 阶段1：生成独立表 ===
INFO:app.services.data_generator:开始为独立表 crawler_competitor_price 生成数据
INFO:app.core.database:批量执行SQL，查询: INSERT INTO crawler_competitor_price (id, crawl_time, platform, competitor_name, product_name, product_sku, price, promotion_info, is_in_stock) VALUES ($1, $2, $3, $4, $5, $6, $7, $8, $9), 值数量: 1
INFO:app.core.database:连接数据库: 172.16.10.196:5432/db_house
INFO:app.core.database:批量执行SQL完成
INFO:app.services.data_generator:表 crawler_competitor_price 已插入剩余 1 条记录并缓存主键值
INFO:app.services.data_generator:独立表 crawler_competitor_price 生成完成，记录数: 1
INFO:app.services.data_generator:开始为独立表 crm_customer 生成数据
INFO:app.core.database:批量执行SQL，查询: INSERT INTO crm_customer (customer_id, name, gender, phone, email, birthday, address, create_time, update_time, is_deleted) VALUES ($1, $2, $3, $4, $5, $6, $7, $8, $9, $10), 值数量: 1
INFO:app.core.database:连接数据库: 172.16.10.196:5432/db_house
INFO:app.core.database:批量执行SQL完成
INFO:app.services.data_generator:表 crm_customer 已插入剩余 1 条记录并缓存主键值
INFO:app.services.data_generator:独立表 crm_customer 生成完成，记录数: 1
INFO:app.services.data_generator:开始为独立表 ext_market_trend 生成数据
INFO:app.core.database:批量执行SQL，查询: INSERT INTO ext_market_trend (id, period, region, category, market_size, growth_rate, data_source) VALUES ($1, $2, $3, $4, $5, $6, $7), 值数量: 1
INFO:app.core.database:连接数据库: 172.16.10.196:5432/db_house
INFO:app.core.database:批量执行SQL完成
INFO:app.services.data_generator:表 ext_market_trend 已插入剩余 1 条记录并缓存主键值
INFO:app.services.data_generator:独立表 ext_market_trend 生成完成，记录数: 1
INFO:app.services.data_generator:=== 阶段2：生成依赖表 ===
INFO:app.services.data_generator:表依赖排序结果: ['oms_order', 'fms_financial_transaction', 'lms_shipment', 'oms_order_item']
INFO:app.services.data_generator:排序后的依赖表: ['oms_order', 'fms_financial_transaction', 'lms_shipment', 'oms_order_item']
INFO:app.services.data_generator:开始为依赖表 oms_order 生成数据
INFO:app.core.database:批量执行SQL，查询: INSERT INTO oms_order (order_id, order_channel, customer_code, order_amount, discount_amount, pay_amount, order_status, province, city, district, detail_address, order_time) VALUES ($1, $2, $3, $4, $5, $6, $7, $8, $9, $10, $11, $12), 值数量: 1
INFO:app.core.database:连接数据库: 172.16.10.196:5432/db_house
INFO:app.core.database:批量执行SQL完成
INFO:app.services.data_generator:表 oms_order 已插入剩余 1 条记录并缓存主键值
INFO:app.services.data_generator:依赖表 oms_order 生成完成，记录数: 1
INFO:app.services.data_generator:开始为依赖表 fms_financial_transaction 生成数据
INFO:app.core.database:批量执行SQL，查询: INSERT INTO fms_financial_transaction (transaction_id, order_id, payment_method, transaction_type, transaction_amount, transaction_status, transaction_time) VALUES ($1, $2, $3, $4, $5, $6, $7), 值数量: 1
INFO:app.core.database:连接数据库: 172.16.10.196:5432/db_house
INFO:app.core.database:批量执行SQL完成
INFO:app.services.data_generator:表 fms_financial_transaction 已插入剩余 1 条记录并缓存主键值
INFO:app.services.data_generator:依赖表 fms_financial_transaction 生成完成，记录数: 1
INFO:app.services.data_generator:开始为依赖表 lms_shipment 生成数据
INFO:app.core.database:批量执行SQL，查询: INSERT INTO lms_shipment (shipment_id, order_id, carrier, sender_address, receiver_info, current_status, shipping_time, estimated_delivery, actual_delivery) VALUES ($1, $2, $3, $4, $5, $6, $7, $8, $9), 值数量: 1
INFO:app.core.database:连接数据库: 172.16.10.196:5432/db_house
INFO:app.core.database:批量执行SQL完成
INFO:app.services.data_generator:表 lms_shipment 已插入剩余 1 条记录并缓存主键值
INFO:app.services.data_generator:依赖表 lms_shipment 生成完成，记录数: 1
INFO:app.services.data_generator:开始为依赖表 oms_order_item 生成数据
INFO:app.core.database:批量执行SQL，查询: INSERT INTO oms_order_item (id, order_id, product_sku, product_name, quantity, price) VALUES ($1, $2, $3, $4, $5, $6), 值数量: 1
INFO:app.core.database:连接数据库: 172.16.10.196:5432/db_house
INFO:app.core.database:批量执行SQL完成
INFO:app.services.data_generator:表 oms_order_item 已插入剩余 1 条记录并缓存主键值
INFO:app.services.data_generator:依赖表 oms_order_item 生成完成，记录数: 1
INFO:app.services.data_generator:数据生成完成，总记录数: 7
INFO:app.services.data_generator:退出 generate_data_for_tables 方法
INFO:app.services.data_generator:开始 generate_data_for_tables 方法
INFO:app.services.data_generator:独立表（阶段1）: ['crawler_competitor_price', 'crm_customer', 'ext_market_trend']
INFO:app.services.data_generator:依赖表（阶段2）: ['oms_order', 'lms_shipment', 'fms_financial_transaction', 'oms_order_item']
INFO:app.services.data_generator:初始化数据库计数器
INFO:app.core.database:执行查询: SELECT MAX(id) FROM crawler_competitor_price, 参数: ()
INFO:app.core.database:连接数据库: 172.16.10.196:5432/db_house
INFO:app.core.database:查询执行成功
INFO:app.core.database:执行查询: SELECT MAX(id) FROM ext_market_trend, 参数: ()
INFO:app.core.database:连接数据库: 172.16.10.196:5432/db_house
INFO:app.core.database:查询执行成功
INFO:app.core.database:执行查询: SELECT MAX(id) FROM oms_order_item, 参数: ()
INFO:app.core.database:连接数据库: 172.16.10.196:5432/db_house
INFO:app.core.database:查询执行成功
INFO:app.services.data_generator:计数器初始化完成: {'crawler_competitor_price_id': 10, 'ext_market_trend_id': 10, 'oms_order_item_id': 10}
INFO:app.services.data_generator:开始处理日期: 2025-10-21
INFO:app.services.data_generator:当天计划生成记录数: 1
INFO:app.services.data_generator:已清空外键缓存
INFO:app.services.data_generator:=== 阶段1：生成独立表 ===
INFO:app.services.data_generator:开始为独立表 crawler_competitor_price 生成数据
INFO:app.core.database:批量执行SQL，查询: INSERT INTO crawler_competitor_price (id, crawl_time, platform, competitor_name, product_name, product_sku, price, promotion_info, is_in_stock) VALUES ($1, $2, $3, $4, $5, $6, $7, $8, $9), 值数量: 1
INFO:app.core.database:连接数据库: 172.16.10.196:5432/db_house
INFO:app.core.database:批量执行SQL完成
INFO:app.services.data_generator:表 crawler_competitor_price 已插入剩余 1 条记录并缓存主键值
INFO:app.services.data_generator:独立表 crawler_competitor_price 生成完成，记录数: 1
INFO:app.services.data_generator:开始为独立表 crm_customer 生成数据
INFO:app.core.database:批量执行SQL，查询: INSERT INTO crm_customer (customer_id, name, gender, phone, email, birthday, address, create_time, update_time, is_deleted) VALUES ($1, $2, $3, $4, $5, $6, $7, $8, $9, $10), 值数量: 1
INFO:app.core.database:连接数据库: 172.16.10.196:5432/db_house
INFO:app.core.database:批量执行SQL完成
INFO:app.services.data_generator:表 crm_customer 已插入剩余 1 条记录并缓存主键值
INFO:app.services.data_generator:独立表 crm_customer 生成完成，记录数: 1
INFO:app.services.data_generator:开始为独立表 ext_market_trend 生成数据
INFO:app.core.database:批量执行SQL，查询: INSERT INTO ext_market_trend (id, period, region, category, market_size, growth_rate, data_source) VALUES ($1, $2, $3, $4, $5, $6, $7), 值数量: 1
INFO:app.core.database:连接数据库: 172.16.10.196:5432/db_house
INFO:app.core.database:批量执行SQL完成
INFO:app.services.data_generator:表 ext_market_trend 已插入剩余 1 条记录并缓存主键值
INFO:app.services.data_generator:独立表 ext_market_trend 生成完成，记录数: 1
INFO:app.services.data_generator:=== 阶段2：生成依赖表 ===
INFO:app.services.data_generator:表依赖排序结果: ['oms_order', 'fms_financial_transaction', 'lms_shipment', 'oms_order_item']
INFO:app.services.data_generator:排序后的依赖表: ['oms_order', 'fms_financial_transaction', 'lms_shipment', 'oms_order_item']
INFO:app.services.data_generator:开始为依赖表 oms_order 生成数据
INFO:app.core.database:批量执行SQL，查询: INSERT INTO oms_order (order_id, order_channel, customer_code, order_amount, discount_amount, pay_amount, order_status, province, city, district, detail_address, order_time) VALUES ($1, $2, $3, $4, $5, $6, $7, $8, $9, $10, $11, $12), 值数量: 1
INFO:app.core.database:连接数据库: 172.16.10.196:5432/db_house
INFO:app.core.database:批量执行SQL完成
INFO:app.services.data_generator:表 oms_order 已插入剩余 1 条记录并缓存主键值
INFO:app.services.data_generator:依赖表 oms_order 生成完成，记录数: 1
INFO:app.services.data_generator:开始为依赖表 fms_financial_transaction 生成数据
INFO:app.core.database:批量执行SQL，查询: INSERT INTO fms_financial_transaction (transaction_id, order_id, payment_method, transaction_type, transaction_amount, transaction_status, transaction_time) VALUES ($1, $2, $3, $4, $5, $6, $7), 值数量: 1
INFO:app.core.database:连接数据库: 172.16.10.196:5432/db_house
INFO:app.core.database:批量执行SQL完成
INFO:app.services.data_generator:表 fms_financial_transaction 已插入剩余 1 条记录并缓存主键值
INFO:app.services.data_generator:依赖表 fms_financial_transaction 生成完成，记录数: 1
INFO:app.services.data_generator:开始为依赖表 lms_shipment 生成数据
INFO:app.core.database:批量执行SQL，查询: INSERT INTO lms_shipment (shipment_id, order_id, carrier, sender_address, receiver_info, current_status, shipping_time, estimated_delivery, actual_delivery) VALUES ($1, $2, $3, $4, $5, $6, $7, $8, $9), 值数量: 1
INFO:app.core.database:连接数据库: 172.16.10.196:5432/db_house
INFO:app.core.database:批量执行SQL完成
INFO:app.services.data_generator:表 lms_shipment 已插入剩余 1 条记录并缓存主键值
INFO:app.services.data_generator:依赖表 lms_shipment 生成完成，记录数: 1
INFO:app.services.data_generator:开始为依赖表 oms_order_item 生成数据
INFO:app.core.database:批量执行SQL，查询: INSERT INTO oms_order_item (id, order_id, product_sku, product_name, quantity, price) VALUES ($1, $2, $3, $4, $5, $6), 值数量: 1
INFO:app.core.database:连接数据库: 172.16.10.196:5432/db_house
INFO:app.core.database:批量执行SQL完成
INFO:app.services.data_generator:表 oms_order_item 已插入剩余 1 条记录并缓存主键值
INFO:app.services.data_generator:依赖表 oms_order_item 生成完成，记录数: 1
INFO:app.services.data_generator:数据生成完成，总记录数: 7
INFO:app.services.data_generator:退出 generate_data_for_tables 方法
INFO:app.services.data_generator:开始 generate_data_for_tables 方法
INFO:app.services.data_generator:独立表（阶段1）: ['crawler_competitor_price', 'crm_customer', 'ext_market_trend']
INFO:app.services.data_generator:依赖表（阶段2）: ['oms_order', 'lms_shipment', 'fms_financial_transaction', 'oms_order_item']
INFO:app.services.data_generator:初始化数据库计数器
INFO:app.core.database:执行查询: SELECT MAX(id) FROM crawler_competitor_price, 参数: ()
INFO:app.core.database:连接数据库: 172.16.10.196:5432/db_house
INFO:app.core.database:查询执行成功
INFO:app.core.database:执行查询: SELECT MAX(id) FROM ext_market_trend, 参数: ()
INFO:app.core.database:连接数据库: 172.16.10.196:5432/db_house
INFO:app.core.database:查询执行成功
INFO:app.core.database:执行查询: SELECT MAX(id) FROM oms_order_item, 参数: ()
INFO:app.core.database:连接数据库: 172.16.10.196:5432/db_house
INFO:app.core.database:查询执行成功
INFO:app.services.data_generator:计数器初始化完成: {'crawler_competitor_price_id': 11, 'ext_market_trend_id': 11, 'oms_order_item_id': 11}
INFO:app.services.data_generator:开始处理日期: 2025-10-21
INFO:app.services.data_generator:当天计划生成记录数: 1
INFO:app.services.data_generator:已清空外键缓存
INFO:app.services.data_generator:=== 阶段1：生成独立表 ===
INFO:app.services.data_generator:开始为独立表 crawler_competitor_price 生成数据
INFO:app.core.database:批量执行SQL，查询: INSERT INTO crawler_competitor_price (id, crawl_time, platform, competitor_name, product_name, product_sku, price, promotion_info, is_in_stock) VALUES ($1, $2, $3, $4, $5, $6, $7, $8, $9), 值数量: 1
INFO:app.core.database:连接数据库: 172.16.10.196:5432/db_house
INFO:app.core.database:批量执行SQL完成
INFO:app.services.data_generator:表 crawler_competitor_price 已插入剩余 1 条记录并缓存主键值
INFO:app.services.data_generator:独立表 crawler_competitor_price 生成完成，记录数: 1
INFO:app.services.data_generator:开始为独立表 crm_customer 生成数据
INFO:app.core.database:批量执行SQL，查询: INSERT INTO crm_customer (customer_id, name, gender, phone, email, birthday, address, create_time, update_time, is_deleted) VALUES ($1, $2, $3, $4, $5, $6, $7, $8, $9, $10), 值数量: 1
INFO:app.core.database:连接数据库: 172.16.10.196:5432/db_house
INFO:app.core.database:批量执行SQL完成
INFO:app.services.data_generator:表 crm_customer 已插入剩余 1 条记录并缓存主键值
INFO:app.services.data_generator:独立表 crm_customer 生成完成，记录数: 1
INFO:app.services.data_generator:开始为独立表 ext_market_trend 生成数据
INFO:app.core.database:批量执行SQL，查询: INSERT INTO ext_market_trend (id, period, region, category, market_size, growth_rate, data_source) VALUES ($1, $2, $3, $4, $5, $6, $7), 值数量: 1
INFO:app.core.database:连接数据库: 172.16.10.196:5432/db_house
INFO:app.core.database:批量执行SQL完成
INFO:app.services.data_generator:表 ext_market_trend 已插入剩余 1 条记录并缓存主键值
INFO:app.services.data_generator:独立表 ext_market_trend 生成完成，记录数: 1
INFO:app.services.data_generator:=== 阶段2：生成依赖表 ===
INFO:app.services.data_generator:表依赖排序结果: ['oms_order', 'fms_financial_transaction', 'lms_shipment', 'oms_order_item']
INFO:app.services.data_generator:排序后的依赖表: ['oms_order', 'fms_financial_transaction', 'lms_shipment', 'oms_order_item']
INFO:app.services.data_generator:开始为依赖表 oms_order 生成数据
INFO:app.core.database:批量执行SQL，查询: INSERT INTO oms_order (order_id, order_channel, customer_code, order_amount, discount_amount, pay_amount, order_status, province, city, district, detail_address, order_time) VALUES ($1, $2, $3, $4, $5, $6, $7, $8, $9, $10, $11, $12), 值数量: 1
INFO:app.core.database:连接数据库: 172.16.10.196:5432/db_house
INFO:app.core.database:批量执行SQL完成
INFO:app.services.data_generator:表 oms_order 已插入剩余 1 条记录并缓存主键值
INFO:app.services.data_generator:依赖表 oms_order 生成完成，记录数: 1
INFO:app.services.data_generator:开始为依赖表 fms_financial_transaction 生成数据
INFO:app.core.database:批量执行SQL，查询: INSERT INTO fms_financial_transaction (transaction_id, order_id, payment_method, transaction_type, transaction_amount, transaction_status, transaction_time) VALUES ($1, $2, $3, $4, $5, $6, $7), 值数量: 1
INFO:app.core.database:连接数据库: 172.16.10.196:5432/db_house
INFO:app.core.database:批量执行SQL完成
INFO:app.services.data_generator:表 fms_financial_transaction 已插入剩余 1 条记录并缓存主键值
INFO:app.services.data_generator:依赖表 fms_financial_transaction 生成完成，记录数: 1
INFO:app.services.data_generator:开始为依赖表 lms_shipment 生成数据
INFO:app.core.database:批量执行SQL，查询: INSERT INTO lms_shipment (shipment_id, order_id, carrier, sender_address, receiver_info, current_status, shipping_time, estimated_delivery, actual_delivery) VALUES ($1, $2, $3, $4, $5, $6, $7, $8, $9), 值数量: 1
INFO:app.core.database:连接数据库: 172.16.10.196:5432/db_house
INFO:app.core.database:批量执行SQL完成
INFO:app.services.data_generator:表 lms_shipment 已插入剩余 1 条记录并缓存主键值
INFO:app.services.data_generator:依赖表 lms_shipment 生成完成，记录数: 1
INFO:app.services.data_generator:开始为依赖表 oms_order_item 生成数据
INFO:app.core.database:批量执行SQL，查询: INSERT INTO oms_order_item (id, order_id, product_sku, product_name, quantity, price) VALUES ($1, $2, $3, $4, $5, $6), 值数量: 1
INFO:app.core.database:连接数据库: 172.16.10.196:5432/db_house
INFO:app.core.database:批量执行SQL完成
INFO:app.services.data_generator:表 oms_order_item 已插入剩余 1 条记录并缓存主键值
INFO:app.services.data_generator:依赖表 oms_order_item 生成完成，记录数: 1
INFO:app.services.data_generator:数据生成完成，总记录数: 7
INFO:app.services.data_generator:退出 generate_data_for_tables 方法
INFO:app.services.data_generator:开始 generate_data_for_tables 方法
INFO:app.services.data_generator:独立表（阶段1）: ['crawler_competitor_price', 'crm_customer', 'ext_market_trend']
INFO:app.services.data_generator:依赖表（阶段2）: ['oms_order', 'lms_shipment', 'fms_financial_transaction', 'oms_order_item']
INFO:app.services.data_generator:初始化数据库计数器
INFO:app.core.database:执行查询: SELECT MAX(id) FROM crawler_competitor_price, 参数: ()
INFO:app.core.database:连接数据库: 172.16.10.196:5432/db_house
INFO:app.core.database:查询执行成功
INFO:app.core.database:执行查询: SELECT MAX(id) FROM ext_market_trend, 参数: ()
INFO:app.core.database:连接数据库: 172.16.10.196:5432/db_house
INFO:app.core.database:查询执行成功
INFO:app.core.database:执行查询: SELECT MAX(id) FROM oms_order_item, 参数: ()
INFO:app.core.database:连接数据库: 172.16.10.196:5432/db_house
INFO:app.core.database:查询执行成功
INFO:app.services.data_generator:计数器初始化完成: {'crawler_competitor_price_id': 12, 'ext_market_trend_id': 12, 'oms_order_item_id': 12}
INFO:app.services.data_generator:开始处理日期: 2025-10-21
INFO:app.services.data_generator:当天计划生成记录数: 1
INFO:app.services.data_generator:已清空外键缓存
INFO:app.services.data_generator:=== 阶段1：生成独立表 ===
INFO:app.services.data_generator:开始为独立表 crawler_competitor_price 生成数据
INFO:app.core.database:批量执行SQL，查询: INSERT INTO crawler_competitor_price (id, crawl_time, platform, competitor_name, product_name, product_sku, price, promotion_info, is_in_stock) VALUES ($1, $2, $3, $4, $5, $6, $7, $8, $9), 值数量: 1
INFO:app.core.database:连接数据库: 172.16.10.196:5432/db_house
INFO:app.core.database:批量执行SQL完成
INFO:app.services.data_generator:表 crawler_competitor_price 已插入剩余 1 条记录并缓存主键值
INFO:app.services.data_generator:独立表 crawler_competitor_price 生成完成，记录数: 1
INFO:app.services.data_generator:开始为独立表 crm_customer 生成数据
INFO:app.core.database:批量执行SQL，查询: INSERT INTO crm_customer (customer_id, name, gender, phone, email, birthday, address, create_time, update_time, is_deleted) VALUES ($1, $2, $3, $4, $5, $6, $7, $8, $9, $10), 值数量: 1
INFO:app.core.database:连接数据库: 172.16.10.196:5432/db_house
INFO:app.core.database:批量执行SQL完成
INFO:app.services.data_generator:表 crm_customer 已插入剩余 1 条记录并缓存主键值
INFO:app.services.data_generator:独立表 crm_customer 生成完成，记录数: 1
INFO:app.services.data_generator:开始为独立表 ext_market_trend 生成数据
INFO:app.core.database:批量执行SQL，查询: INSERT INTO ext_market_trend (id, period, region, category, market_size, growth_rate, data_source) VALUES ($1, $2, $3, $4, $5, $6, $7), 值数量: 1
INFO:app.core.database:连接数据库: 172.16.10.196:5432/db_house
INFO:app.core.database:批量执行SQL完成
INFO:app.services.data_generator:表 ext_market_trend 已插入剩余 1 条记录并缓存主键值
INFO:app.services.data_generator:独立表 ext_market_trend 生成完成，记录数: 1
INFO:app.services.data_generator:=== 阶段2：生成依赖表 ===
INFO:app.services.data_generator:表依赖排序结果: ['oms_order', 'fms_financial_transaction', 'lms_shipment', 'oms_order_item']
INFO:app.services.data_generator:排序后的依赖表: ['oms_order', 'fms_financial_transaction', 'lms_shipment', 'oms_order_item']
INFO:app.services.data_generator:开始为依赖表 oms_order 生成数据
INFO:app.core.database:批量执行SQL，查询: INSERT INTO oms_order (order_id, order_channel, customer_code, order_amount, discount_amount, pay_amount, order_status, province, city, district, detail_address, order_time) VALUES ($1, $2, $3, $4, $5, $6, $7, $8, $9, $10, $11, $12), 值数量: 1
INFO:app.core.database:连接数据库: 172.16.10.196:5432/db_house
INFO:app.core.database:批量执行SQL完成
INFO:app.services.data_generator:表 oms_order 已插入剩余 1 条记录并缓存主键值
INFO:app.services.data_generator:依赖表 oms_order 生成完成，记录数: 1
INFO:app.services.data_generator:开始为依赖表 fms_financial_transaction 生成数据
INFO:app.core.database:批量执行SQL，查询: INSERT INTO fms_financial_transaction (transaction_id, order_id, payment_method, transaction_type, transaction_amount, transaction_status, transaction_time) VALUES ($1, $2, $3, $4, $5, $6, $7), 值数量: 1
INFO:app.core.database:连接数据库: 172.16.10.196:5432/db_house
INFO:app.core.database:批量执行SQL完成
INFO:app.services.data_generator:表 fms_financial_transaction 已插入剩余 1 条记录并缓存主键值
INFO:app.services.data_generator:依赖表 fms_financial_transaction 生成完成，记录数: 1
INFO:app.services.data_generator:开始为依赖表 lms_shipment 生成数据
INFO:app.core.database:批量执行SQL，查询: INSERT INTO lms_shipment (shipment_id, order_id, carrier, sender_address, receiver_info, current_status, shipping_time, estimated_delivery, actual_delivery) VALUES ($1, $2, $3, $4, $5, $6, $7, $8, $9), 值数量: 1
INFO:app.core.database:连接数据库: 172.16.10.196:5432/db_house
INFO:app.core.database:批量执行SQL完成
INFO:app.services.data_generator:表 lms_shipment 已插入剩余 1 条记录并缓存主键值
INFO:app.services.data_generator:依赖表 lms_shipment 生成完成，记录数: 1
INFO:app.services.data_generator:开始为依赖表 oms_order_item 生成数据
INFO:app.core.database:批量执行SQL，查询: INSERT INTO oms_order_item (id, order_id, product_sku, product_name, quantity, price) VALUES ($1, $2, $3, $4, $5, $6), 值数量: 1
INFO:app.core.database:连接数据库: 172.16.10.196:5432/db_house
INFO:app.core.database:批量执行SQL完成
INFO:app.services.data_generator:表 oms_order_item 已插入剩余 1 条记录并缓存主键值
INFO:app.services.data_generator:依赖表 oms_order_item 生成完成，记录数: 1
INFO:app.services.data_generator:数据生成完成，总记录数: 7
INFO:app.services.data_generator:退出 generate_data_for_tables 方法
INFO:app.services.data_generator:开始 generate_data_for_tables 方法
INFO:app.services.data_generator:独立表（阶段1）: ['crawler_competitor_price', 'crm_customer', 'ext_market_trend']
INFO:app.services.data_generator:依赖表（阶段2）: ['oms_order', 'lms_shipment', 'fms_financial_transaction', 'oms_order_item']
INFO:app.services.data_generator:初始化数据库计数器
INFO:app.core.database:执行查询: SELECT MAX(id) FROM crawler_competitor_price, 参数: ()
INFO:app.core.database:连接数据库: 172.16.10.196:5432/db_house
INFO:app.core.database:查询执行成功
INFO:app.core.database:执行查询: SELECT MAX(id) FROM ext_market_trend, 参数: ()
INFO:app.core.database:连接数据库: 172.16.10.196:5432/db_house
INFO:app.core.database:查询执行成功
INFO:app.core.database:执行查询: SELECT MAX(id) FROM oms_order_item, 参数: ()
INFO:app.core.database:连接数据库: 172.16.10.196:5432/db_house
INFO:app.core.database:查询执行成功
INFO:app.services.data_generator:计数器初始化完成: {'crawler_competitor_price_id': 13, 'ext_market_trend_id': 13, 'oms_order_item_id': 13}
INFO:app.services.data_generator:开始处理日期: 2025-10-21
INFO:app.services.data_generator:当天计划生成记录数: 1
INFO:app.services.data_generator:已清空外键缓存
INFO:app.services.data_generator:=== 阶段1：生成独立表 ===
INFO:app.services.data_generator:开始为独立表 crawler_competitor_price 生成数据
INFO:app.core.database:批量执行SQL，查询: INSERT INTO crawler_competitor_price (id, crawl_time, platform, competitor_name, product_name, product_sku, price, promotion_info, is_in_stock) VALUES ($1, $2, $3, $4, $5, $6, $7, $8, $9), 值数量: 1
INFO:app.core.database:连接数据库: 172.16.10.196:5432/db_house
INFO:app.core.database:批量执行SQL完成
INFO:app.services.data_generator:表 crawler_competitor_price 已插入剩余 1 条记录并缓存主键值
INFO:app.services.data_generator:独立表 crawler_competitor_price 生成完成，记录数: 1
INFO:app.services.data_generator:开始为独立表 crm_customer 生成数据
INFO:app.core.database:批量执行SQL，查询: INSERT INTO crm_customer (customer_id, name, gender, phone, email, birthday, address, create_time, update_time, is_deleted) VALUES ($1, $2, $3, $4, $5, $6, $7, $8, $9, $10), 值数量: 1
INFO:app.core.database:连接数据库: 172.16.10.196:5432/db_house
INFO:app.core.database:批量执行SQL完成
INFO:app.services.data_generator:表 crm_customer 已插入剩余 1 条记录并缓存主键值
INFO:app.services.data_generator:独立表 crm_customer 生成完成，记录数: 1
INFO:app.services.data_generator:开始为独立表 ext_market_trend 生成数据
INFO:app.core.database:批量执行SQL，查询: INSERT INTO ext_market_trend (id, period, region, category, market_size, growth_rate, data_source) VALUES ($1, $2, $3, $4, $5, $6, $7), 值数量: 1
INFO:app.core.database:连接数据库: 172.16.10.196:5432/db_house
INFO:app.core.database:批量执行SQL完成
INFO:app.services.data_generator:表 ext_market_trend 已插入剩余 1 条记录并缓存主键值
INFO:app.services.data_generator:独立表 ext_market_trend 生成完成，记录数: 1
INFO:app.services.data_generator:=== 阶段2：生成依赖表 ===
INFO:app.services.data_generator:表依赖排序结果: ['oms_order', 'fms_financial_transaction', 'lms_shipment', 'oms_order_item']
INFO:app.services.data_generator:排序后的依赖表: ['oms_order', 'fms_financial_transaction', 'lms_shipment', 'oms_order_item']
INFO:app.services.data_generator:开始为依赖表 oms_order 生成数据
INFO:app.core.database:批量执行SQL，查询: INSERT INTO oms_order (order_id, order_channel, customer_code, order_amount, discount_amount, pay_amount, order_status, province, city, district, detail_address, order_time) VALUES ($1, $2, $3, $4, $5, $6, $7, $8, $9, $10, $11, $12), 值数量: 1
INFO:app.core.database:连接数据库: 172.16.10.196:5432/db_house
INFO:app.core.database:批量执行SQL完成
INFO:app.services.data_generator:表 oms_order 已插入剩余 1 条记录并缓存主键值
INFO:app.services.data_generator:依赖表 oms_order 生成完成，记录数: 1
INFO:app.services.data_generator:开始为依赖表 fms_financial_transaction 生成数据
INFO:app.core.database:批量执行SQL，查询: INSERT INTO fms_financial_transaction (transaction_id, order_id, payment_method, transaction_type, transaction_amount, transaction_status, transaction_time) VALUES ($1, $2, $3, $4, $5, $6, $7), 值数量: 1
INFO:app.core.database:连接数据库: 172.16.10.196:5432/db_house
INFO:app.core.database:批量执行SQL完成
INFO:app.services.data_generator:表 fms_financial_transaction 已插入剩余 1 条记录并缓存主键值
INFO:app.services.data_generator:依赖表 fms_financial_transaction 生成完成，记录数: 1
INFO:app.services.data_generator:开始为依赖表 lms_shipment 生成数据
INFO:app.core.database:批量执行SQL，查询: INSERT INTO lms_shipment (shipment_id, order_id, carrier, sender_address, receiver_info, current_status, shipping_time, estimated_delivery, actual_delivery) VALUES ($1, $2, $3, $4, $5, $6, $7, $8, $9), 值数量: 1
INFO:app.core.database:连接数据库: 172.16.10.196:5432/db_house
INFO:app.core.database:批量执行SQL完成
INFO:app.services.data_generator:表 lms_shipment 已插入剩余 1 条记录并缓存主键值
INFO:app.services.data_generator:依赖表 lms_shipment 生成完成，记录数: 1
INFO:app.services.data_generator:开始为依赖表 oms_order_item 生成数据
INFO:app.core.database:批量执行SQL，查询: INSERT INTO oms_order_item (id, order_id, product_sku, product_name, quantity, price) VALUES ($1, $2, $3, $4, $5, $6), 值数量: 1
INFO:app.core.database:连接数据库: 172.16.10.196:5432/db_house
INFO:app.core.database:批量执行SQL完成
INFO:app.services.data_generator:表 oms_order_item 已插入剩余 1 条记录并缓存主键值
INFO:app.services.data_generator:依赖表 oms_order_item 生成完成，记录数: 1
INFO:app.services.data_generator:数据生成完成，总记录数: 7
INFO:app.services.data_generator:退出 generate_data_for_tables 方法
INFO:app.services.data_generator:开始 generate_data_for_tables 方法
INFO:app.services.data_generator:独立表（阶段1）: ['crawler_competitor_price', 'crm_customer', 'ext_market_trend']
INFO:app.services.data_generator:依赖表（阶段2）: ['oms_order', 'lms_shipment', 'fms_financial_transaction', 'oms_order_item']
INFO:app.services.data_generator:初始化数据库计数器
INFO:app.core.database:执行查询: SELECT MAX(id) FROM crawler_competitor_price, 参数: ()
INFO:app.core.database:连接数据库: 172.16.10.196:5432/db_house
INFO:app.core.database:查询执行成功
INFO:app.core.database:执行查询: SELECT MAX(id) FROM ext_market_trend, 参数: ()
INFO:app.core.database:连接数据库: 172.16.10.196:5432/db_house
INFO:app.core.database:查询执行成功
INFO:app.core.database:执行查询: SELECT MAX(id) FROM oms_order_item, 参数: ()
INFO:app.core.database:连接数据库: 172.16.10.196:5432/db_house
INFO:app.core.database:查询执行成功
INFO:app.services.data_generator:计数器初始化完成: {'crawler_competitor_price_id': 14, 'ext_market_trend_id': 14, 'oms_order_item_id': 14}
INFO:app.services.data_generator:开始处理日期: 2025-10-21
INFO:app.services.data_generator:当天计划生成记录数: 1
INFO:app.services.data_generator:已清空外键缓存
INFO:app.services.data_generator:=== 阶段1：生成独立表 ===
INFO:app.services.data_generator:开始为独立表 crawler_competitor_price 生成数据
INFO:app.core.database:批量执行SQL，查询: INSERT INTO crawler_competitor_price (id, crawl_time, platform, competitor_name, product_name, product_sku, price, promotion_info, is_in_stock) VALUES ($1, $2, $3, $4, $5, $6, $7, $8, $9), 值数量: 1
INFO:app.core.database:连接数据库: 172.16.10.196:5432/db_house
INFO:app.core.database:批量执行SQL完成
INFO:app.services.data_generator:表 crawler_competitor_price 已插入剩余 1 条记录并缓存主键值
INFO:app.services.data_generator:独立表 crawler_competitor_price 生成完成，记录数: 1
INFO:app.services.data_generator:开始为独立表 crm_customer 生成数据
INFO:app.core.database:批量执行SQL，查询: INSERT INTO crm_customer (customer_id, name, gender, phone, email, birthday, address, create_time, update_time, is_deleted) VALUES ($1, $2, $3, $4, $5, $6, $7, $8, $9, $10), 值数量: 1
INFO:app.core.database:连接数据库: 172.16.10.196:5432/db_house
INFO:app.core.database:批量执行SQL完成
INFO:app.services.data_generator:表 crm_customer 已插入剩余 1 条记录并缓存主键值
INFO:app.services.data_generator:独立表 crm_customer 生成完成，记录数: 1
INFO:app.services.data_generator:开始为独立表 ext_market_trend 生成数据
INFO:app.core.database:批量执行SQL，查询: INSERT INTO ext_market_trend (id, period, region, category, market_size, growth_rate, data_source) VALUES ($1, $2, $3, $4, $5, $6, $7), 值数量: 1
INFO:app.core.database:连接数据库: 172.16.10.196:5432/db_house
INFO:app.core.database:批量执行SQL完成
INFO:app.services.data_generator:表 ext_market_trend 已插入剩余 1 条记录并缓存主键值
INFO:app.services.data_generator:独立表 ext_market_trend 生成完成，记录数: 1
INFO:app.services.data_generator:=== 阶段2：生成依赖表 ===
INFO:app.services.data_generator:表依赖排序结果: ['oms_order', 'fms_financial_transaction', 'lms_shipment', 'oms_order_item']
INFO:app.services.data_generator:排序后的依赖表: ['oms_order', 'fms_financial_transaction', 'lms_shipment', 'oms_order_item']
INFO:app.services.data_generator:开始为依赖表 oms_order 生成数据
INFO:app.core.database:批量执行SQL，查询: INSERT INTO oms_order (order_id, order_channel, customer_code, order_amount, discount_amount, pay_amount, order_status, province, city, district, detail_address, order_time) VALUES ($1, $2, $3, $4, $5, $6, $7, $8, $9, $10, $11, $12), 值数量: 1
INFO:app.core.database:连接数据库: 172.16.10.196:5432/db_house
INFO:app.core.database:批量执行SQL完成
INFO:app.services.data_generator:表 oms_order 已插入剩余 1 条记录并缓存主键值
INFO:app.services.data_generator:依赖表 oms_order 生成完成，记录数: 1
INFO:app.services.data_generator:开始为依赖表 fms_financial_transaction 生成数据
INFO:app.core.database:批量执行SQL，查询: INSERT INTO fms_financial_transaction (transaction_id, order_id, payment_method, transaction_type, transaction_amount, transaction_status, transaction_time) VALUES ($1, $2, $3, $4, $5, $6, $7), 值数量: 1
INFO:app.core.database:连接数据库: 172.16.10.196:5432/db_house
INFO:app.core.database:批量执行SQL完成
INFO:app.services.data_generator:表 fms_financial_transaction 已插入剩余 1 条记录并缓存主键值
INFO:app.services.data_generator:依赖表 fms_financial_transaction 生成完成，记录数: 1
INFO:app.services.data_generator:开始为依赖表 lms_shipment 生成数据
INFO:app.core.database:批量执行SQL，查询: INSERT INTO lms_shipment (shipment_id, order_id, carrier, sender_address, receiver_info, current_status, shipping_time, estimated_delivery, actual_delivery) VALUES ($1, $2, $3, $4, $5, $6, $7, $8, $9), 值数量: 1
INFO:app.core.database:连接数据库: 172.16.10.196:5432/db_house
INFO:app.core.database:批量执行SQL完成
INFO:app.services.data_generator:表 lms_shipment 已插入剩余 1 条记录并缓存主键值
INFO:app.services.data_generator:依赖表 lms_shipment 生成完成，记录数: 1
INFO:app.services.data_generator:开始为依赖表 oms_order_item 生成数据
INFO:app.core.database:批量执行SQL，查询: INSERT INTO oms_order_item (id, order_id, product_sku, product_name, quantity, price) VALUES ($1, $2, $3, $4, $5, $6), 值数量: 1
INFO:app.core.database:连接数据库: 172.16.10.196:5432/db_house
INFO:app.core.database:批量执行SQL完成
INFO:app.services.data_generator:表 oms_order_item 已插入剩余 1 条记录并缓存主键值
INFO:app.services.data_generator:依赖表 oms_order_item 生成完成，记录数: 1
INFO:app.services.data_generator:数据生成完成，总记录数: 7
INFO:app.services.data_generator:退出 generate_data_for_tables 方法
INFO:app.services.data_generator:开始 generate_data_for_tables 方法
INFO:app.services.data_generator:独立表（阶段1）: ['crawler_competitor_price', 'crm_customer', 'ext_market_trend']
INFO:app.services.data_generator:依赖表（阶段2）: ['oms_order', 'lms_shipment', 'fms_financial_transaction', 'oms_order_item']
INFO:app.services.data_generator:初始化数据库计数器
INFO:app.core.database:执行查询: SELECT MAX(id) FROM crawler_competitor_price, 参数: ()
INFO:app.core.database:连接数据库: 172.16.10.196:5432/db_house
INFO:app.core.database:查询执行成功
INFO:app.core.database:执行查询: SELECT MAX(id) FROM ext_market_trend, 参数: ()
INFO:app.core.database:连接数据库: 172.16.10.196:5432/db_house
INFO:app.core.database:查询执行成功
INFO:app.core.database:执行查询: SELECT MAX(id) FROM oms_order_item, 参数: ()
INFO:app.core.database:连接数据库: 172.16.10.196:5432/db_house
INFO:app.core.database:查询执行成功
INFO:app.services.data_generator:计数器初始化完成: {'crawler_competitor_price_id': 15, 'ext_market_trend_id': 15, 'oms_order_item_id': 15}
INFO:app.services.data_generator:开始处理日期: 2025-10-21
INFO:app.services.data_generator:当天计划生成记录数: 1
INFO:app.services.data_generator:已清空外键缓存
INFO:app.services.data_generator:=== 阶段1：生成独立表 ===
INFO:app.services.data_generator:开始为独立表 crawler_competitor_price 生成数据
INFO:app.core.database:批量执行SQL，查询: INSERT INTO crawler_competitor_price (id, crawl_time, platform, competitor_name, product_name, product_sku, price, promotion_info, is_in_stock) VALUES ($1, $2, $3, $4, $5, $6, $7, $8, $9), 值数量: 1
INFO:app.core.database:连接数据库: 172.16.10.196:5432/db_house
INFO:app.core.database:批量执行SQL完成
INFO:app.services.data_generator:表 crawler_competitor_price 已插入剩余 1 条记录并缓存主键值
INFO:app.services.data_generator:独立表 crawler_competitor_price 生成完成，记录数: 1
INFO:app.services.data_generator:开始为独立表 crm_customer 生成数据
INFO:app.core.database:批量执行SQL，查询: INSERT INTO crm_customer (customer_id, name, gender, phone, email, birthday, address, create_time, update_time, is_deleted) VALUES ($1, $2, $3, $4, $5, $6, $7, $8, $9, $10), 值数量: 1
INFO:app.core.database:连接数据库: 172.16.10.196:5432/db_house
INFO:app.core.database:批量执行SQL完成
INFO:app.services.data_generator:表 crm_customer 已插入剩余 1 条记录并缓存主键值
INFO:app.services.data_generator:独立表 crm_customer 生成完成，记录数: 1
INFO:app.services.data_generator:开始为独立表 ext_market_trend 生成数据
INFO:app.core.database:批量执行SQL，查询: INSERT INTO ext_market_trend (id, period, region, category, market_size, growth_rate, data_source) VALUES ($1, $2, $3, $4, $5, $6, $7), 值数量: 1
INFO:app.core.database:连接数据库: 172.16.10.196:5432/db_house
INFO:app.core.database:批量执行SQL完成
INFO:app.services.data_generator:表 ext_market_trend 已插入剩余 1 条记录并缓存主键值
INFO:app.services.data_generator:独立表 ext_market_trend 生成完成，记录数: 1
INFO:app.services.data_generator:=== 阶段2：生成依赖表 ===
INFO:app.services.data_generator:表依赖排序结果: ['oms_order', 'fms_financial_transaction', 'lms_shipment', 'oms_order_item']
INFO:app.services.data_generator:排序后的依赖表: ['oms_order', 'fms_financial_transaction', 'lms_shipment', 'oms_order_item']
INFO:app.services.data_generator:开始为依赖表 oms_order 生成数据
INFO:app.core.database:批量执行SQL，查询: INSERT INTO oms_order (order_id, order_channel, customer_code, order_amount, discount_amount, pay_amount, order_status, province, city, district, detail_address, order_time) VALUES ($1, $2, $3, $4, $5, $6, $7, $8, $9, $10, $11, $12), 值数量: 1
INFO:app.core.database:连接数据库: 172.16.10.196:5432/db_house
INFO:app.core.database:批量执行SQL完成
INFO:app.services.data_generator:表 oms_order 已插入剩余 1 条记录并缓存主键值
INFO:app.services.data_generator:依赖表 oms_order 生成完成，记录数: 1
INFO:app.services.data_generator:开始为依赖表 fms_financial_transaction 生成数据
INFO:app.core.database:批量执行SQL，查询: INSERT INTO fms_financial_transaction (transaction_id, order_id, payment_method, transaction_type, transaction_amount, transaction_status, transaction_time) VALUES ($1, $2, $3, $4, $5, $6, $7), 值数量: 1
INFO:app.core.database:连接数据库: 172.16.10.196:5432/db_house
INFO:app.core.database:批量执行SQL完成
INFO:app.services.data_generator:表 fms_financial_transaction 已插入剩余 1 条记录并缓存主键值
INFO:app.services.data_generator:依赖表 fms_financial_transaction 生成完成，记录数: 1
INFO:app.services.data_generator:开始为依赖表 lms_shipment 生成数据
INFO:app.core.database:批量执行SQL，查询: INSERT INTO lms_shipment (shipment_id, order_id, carrier, sender_address, receiver_info, current_status, shipping_time, estimated_delivery, actual_delivery) VALUES ($1, $2, $3, $4, $5, $6, $7, $8, $9), 值数量: 1
INFO:app.core.database:连接数据库: 172.16.10.196:5432/db_house
INFO:app.core.database:批量执行SQL完成
INFO:app.services.data_generator:表 lms_shipment 已插入剩余 1 条记录并缓存主键值
INFO:app.services.data_generator:依赖表 lms_shipment 生成完成，记录数: 1
INFO:app.services.data_generator:开始为依赖表 oms_order_item 生成数据
INFO:app.core.database:批量执行SQL，查询: INSERT INTO oms_order_item (id, order_id, product_sku, product_name, quantity, price) VALUES ($1, $2, $3, $4, $5, $6), 值数量: 1
INFO:app.core.database:连接数据库: 172.16.10.196:5432/db_house
INFO:app.core.database:批量执行SQL完成
INFO:app.services.data_generator:表 oms_order_item 已插入剩余 1 条记录并缓存主键值
INFO:app.services.data_generator:依赖表 oms_order_item 生成完成，记录数: 1
INFO:app.services.data_generator:数据生成完成，总记录数: 7
INFO:app.services.data_generator:退出 generate_data_for_tables 方法
INFO:app.services.data_generator:开始 generate_data_for_tables 方法
INFO:app.services.data_generator:独立表（阶段1）: ['crawler_competitor_price', 'crm_customer', 'ext_market_trend']
INFO:app.services.data_generator:依赖表（阶段2）: ['oms_order', 'lms_shipment', 'fms_financial_transaction', 'oms_order_item']
INFO:app.services.data_generator:初始化数据库计数器
INFO:app.core.database:执行查询: SELECT MAX(id) FROM crawler_competitor_price, 参数: ()
INFO:app.core.database:连接数据库: 172.16.10.196:5432/db_house
INFO:app.core.database:查询执行成功
INFO:app.core.database:执行查询: SELECT MAX(id) FROM ext_market_trend, 参数: ()
INFO:app.core.database:连接数据库: 172.16.10.196:5432/db_house
INFO:app.core.database:查询执行成功
INFO:app.core.database:执行查询: SELECT MAX(id) FROM oms_order_item, 参数: ()
INFO:app.core.database:连接数据库: 172.16.10.196:5432/db_house
INFO:app.core.database:查询执行成功
INFO:app.services.data_generator:计数器初始化完成: {'crawler_competitor_price_id': 16, 'ext_market_trend_id': 16, 'oms_order_item_id': 16}
INFO:app.services.data_generator:开始处理日期: 2025-10-21
INFO:app.services.data_generator:当天计划生成记录数: 1
INFO:app.services.data_generator:已清空外键缓存
INFO:app.services.data_generator:=== 阶段1：生成独立表 ===
INFO:app.services.data_generator:开始为独立表 crawler_competitor_price 生成数据
INFO:app.core.database:批量执行SQL，查询: INSERT INTO crawler_competitor_price (id, crawl_time, platform, competitor_name, product_name, product_sku, price, promotion_info, is_in_stock) VALUES ($1, $2, $3, $4, $5, $6, $7, $8, $9), 值数量: 1
INFO:app.core.database:连接数据库: 172.16.10.196:5432/db_house
INFO:app.core.database:批量执行SQL完成
INFO:app.services.data_generator:表 crawler_competitor_price 已插入剩余 1 条记录并缓存主键值
INFO:app.services.data_generator:独立表 crawler_competitor_price 生成完成，记录数: 1
INFO:app.services.data_generator:开始为独立表 crm_customer 生成数据
INFO:app.core.database:批量执行SQL，查询: INSERT INTO crm_customer (customer_id, name, gender, phone, email, birthday, address, create_time, update_time, is_deleted) VALUES ($1, $2, $3, $4, $5, $6, $7, $8, $9, $10), 值数量: 1
INFO:app.core.database:连接数据库: 172.16.10.196:5432/db_house
INFO:app.core.database:批量执行SQL完成
INFO:app.services.data_generator:表 crm_customer 已插入剩余 1 条记录并缓存主键值
INFO:app.services.data_generator:独立表 crm_customer 生成完成，记录数: 1
INFO:app.services.data_generator:开始为独立表 ext_market_trend 生成数据
INFO:app.core.database:批量执行SQL，查询: INSERT INTO ext_market_trend (id, period, region, category, market_size, growth_rate, data_source) VALUES ($1, $2, $3, $4, $5, $6, $7), 值数量: 1
INFO:app.core.database:连接数据库: 172.16.10.196:5432/db_house
INFO:app.core.database:批量执行SQL完成
INFO:app.services.data_generator:表 ext_market_trend 已插入剩余 1 条记录并缓存主键值
INFO:app.services.data_generator:独立表 ext_market_trend 生成完成，记录数: 1
INFO:app.services.data_generator:=== 阶段2：生成依赖表 ===
INFO:app.services.data_generator:表依赖排序结果: ['oms_order', 'fms_financial_transaction', 'lms_shipment', 'oms_order_item']
INFO:app.services.data_generator:排序后的依赖表: ['oms_order', 'fms_financial_transaction', 'lms_shipment', 'oms_order_item']
INFO:app.services.data_generator:开始为依赖表 oms_order 生成数据
INFO:app.core.database:批量执行SQL，查询: INSERT INTO oms_order (order_id, order_channel, customer_code, order_amount, discount_amount, pay_amount, order_status, province, city, district, detail_address, order_time) VALUES ($1, $2, $3, $4, $5, $6, $7, $8, $9, $10, $11, $12), 值数量: 1
INFO:app.core.database:连接数据库: 172.16.10.196:5432/db_house
INFO:app.core.database:批量执行SQL完成
INFO:app.services.data_generator:表 oms_order 已插入剩余 1 条记录并缓存主键值
INFO:app.services.data_generator:依赖表 oms_order 生成完成，记录数: 1
INFO:app.services.data_generator:开始为依赖表 fms_financial_transaction 生成数据
INFO:app.core.database:批量执行SQL，查询: INSERT INTO fms_financial_transaction (transaction_id, order_id, payment_method, transaction_type, transaction_amount, transaction_status, transaction_time) VALUES ($1, $2, $3, $4, $5, $6, $7), 值数量: 1
INFO:app.core.database:连接数据库: 172.16.10.196:5432/db_house
INFO:app.core.database:批量执行SQL完成
INFO:app.services.data_generator:表 fms_financial_transaction 已插入剩余 1 条记录并缓存主键值
INFO:app.services.data_generator:依赖表 fms_financial_transaction 生成完成，记录数: 1
INFO:app.services.data_generator:开始为依赖表 lms_shipment 生成数据
INFO:app.core.database:批量执行SQL，查询: INSERT INTO lms_shipment (shipment_id, order_id, carrier, sender_address, receiver_info, current_status, shipping_time, estimated_delivery, actual_delivery) VALUES ($1, $2, $3, $4, $5, $6, $7, $8, $9), 值数量: 1
INFO:app.core.database:连接数据库: 172.16.10.196:5432/db_house
INFO:app.core.database:批量执行SQL完成
INFO:app.services.data_generator:表 lms_shipment 已插入剩余 1 条记录并缓存主键值
INFO:app.services.data_generator:依赖表 lms_shipment 生成完成，记录数: 1
INFO:app.services.data_generator:开始为依赖表 oms_order_item 生成数据
INFO:app.core.database:批量执行SQL，查询: INSERT INTO oms_order_item (id, order_id, product_sku, product_name, quantity, price) VALUES ($1, $2, $3, $4, $5, $6), 值数量: 1
INFO:app.core.database:连接数据库: 172.16.10.196:5432/db_house
INFO:app.core.database:批量执行SQL完成
INFO:app.services.data_generator:表 oms_order_item 已插入剩余 1 条记录并缓存主键值
INFO:app.services.data_generator:依赖表 oms_order_item 生成完成，记录数: 1
INFO:app.services.data_generator:数据生成完成，总记录数: 7
INFO:app.services.data_generator:退出 generate_data_for_tables 方法
INFO:app.services.data_generator:开始 generate_data_for_tables 方法
INFO:app.services.data_generator:独立表（阶段1）: ['crawler_competitor_price', 'crm_customer', 'ext_market_trend']
INFO:app.services.data_generator:依赖表（阶段2）: ['oms_order', 'lms_shipment', 'fms_financial_transaction', 'oms_order_item']
INFO:app.services.data_generator:初始化数据库计数器
INFO:app.core.database:执行查询: SELECT MAX(id) FROM crawler_competitor_price, 参数: ()
INFO:app.core.database:连接数据库: 172.16.10.196:5432/db_house
INFO:app.core.database:查询执行成功
INFO:app.core.database:执行查询: SELECT MAX(id) FROM ext_market_trend, 参数: ()
INFO:app.core.database:连接数据库: 172.16.10.196:5432/db_house
INFO:app.core.database:查询执行成功
INFO:app.core.database:执行查询: SELECT MAX(id) FROM oms_order_item, 参数: ()
INFO:app.core.database:连接数据库: 172.16.10.196:5432/db_house
INFO:app.core.database:查询执行成功
INFO:app.services.data_generator:计数器初始化完成: {'crawler_competitor_price_id': 17, 'ext_market_trend_id': 17, 'oms_order_item_id': 17}
INFO:app.services.data_generator:开始处理日期: 2025-10-21
INFO:app.services.data_generator:当天计划生成记录数: 1
INFO:app.services.data_generator:已清空外键缓存
INFO:app.services.data_generator:=== 阶段1：生成独立表 ===
INFO:app.services.data_generator:开始为独立表 crawler_competitor_price 生成数据
INFO:app.core.database:批量执行SQL，查询: INSERT INTO crawler_competitor_price (id, crawl_time, platform, competitor_name, product_name, product_sku, price, promotion_info, is_in_stock) VALUES ($1, $2, $3, $4, $5, $6, $7, $8, $9), 值数量: 1
INFO:app.core.database:连接数据库: 172.16.10.196:5432/db_house
INFO:app.core.database:批量执行SQL完成
INFO:app.services.data_generator:表 crawler_competitor_price 已插入剩余 1 条记录并缓存主键值
INFO:app.services.data_generator:独立表 crawler_competitor_price 生成完成，记录数: 1
INFO:app.services.data_generator:开始为独立表 crm_customer 生成数据
INFO:app.core.database:批量执行SQL，查询: INSERT INTO crm_customer (customer_id, name, gender, phone, email, birthday, address, create_time, update_time, is_deleted) VALUES ($1, $2, $3, $4, $5, $6, $7, $8, $9, $10), 值数量: 1
INFO:app.core.database:连接数据库: 172.16.10.196:5432/db_house
INFO:app.core.database:批量执行SQL完成
INFO:app.services.data_generator:表 crm_customer 已插入剩余 1 条记录并缓存主键值
INFO:app.services.data_generator:独立表 crm_customer 生成完成，记录数: 1
INFO:app.services.data_generator:开始为独立表 ext_market_trend 生成数据
INFO:app.core.database:批量执行SQL，查询: INSERT INTO ext_market_trend (id, period, region, category, market_size, growth_rate, data_source) VALUES ($1, $2, $3, $4, $5, $6, $7), 值数量: 1
INFO:app.core.database:连接数据库: 172.16.10.196:5432/db_house
INFO:app.core.database:批量执行SQL完成
INFO:app.services.data_generator:表 ext_market_trend 已插入剩余 1 条记录并缓存主键值
INFO:app.services.data_generator:独立表 ext_market_trend 生成完成，记录数: 1
INFO:app.services.data_generator:=== 阶段2：生成依赖表 ===
INFO:app.services.data_generator:表依赖排序结果: ['oms_order', 'fms_financial_transaction', 'lms_shipment', 'oms_order_item']
INFO:app.services.data_generator:排序后的依赖表: ['oms_order', 'fms_financial_transaction', 'lms_shipment', 'oms_order_item']
INFO:app.services.data_generator:开始为依赖表 oms_order 生成数据
INFO:app.core.database:批量执行SQL，查询: INSERT INTO oms_order (order_id, order_channel, customer_code, order_amount, discount_amount, pay_amount, order_status, province, city, district, detail_address, order_time) VALUES ($1, $2, $3, $4, $5, $6, $7, $8, $9, $10, $11, $12), 值数量: 1
INFO:app.core.database:连接数据库: 172.16.10.196:5432/db_house
INFO:app.core.database:批量执行SQL完成
INFO:app.services.data_generator:表 oms_order 已插入剩余 1 条记录并缓存主键值
INFO:app.services.data_generator:依赖表 oms_order 生成完成，记录数: 1
INFO:app.services.data_generator:开始为依赖表 fms_financial_transaction 生成数据
INFO:app.core.database:批量执行SQL，查询: INSERT INTO fms_financial_transaction (transaction_id, order_id, payment_method, transaction_type, transaction_amount, transaction_status, transaction_time) VALUES ($1, $2, $3, $4, $5, $6, $7), 值数量: 1
INFO:app.core.database:连接数据库: 172.16.10.196:5432/db_house
INFO:app.core.database:批量执行SQL完成
INFO:app.services.data_generator:表 fms_financial_transaction 已插入剩余 1 条记录并缓存主键值
INFO:app.services.data_generator:依赖表 fms_financial_transaction 生成完成，记录数: 1
INFO:app.services.data_generator:开始为依赖表 lms_shipment 生成数据
INFO:app.core.database:批量执行SQL，查询: INSERT INTO lms_shipment (shipment_id, order_id, carrier, sender_address, receiver_info, current_status, shipping_time, estimated_delivery, actual_delivery) VALUES ($1, $2, $3, $4, $5, $6, $7, $8, $9), 值数量: 1
INFO:app.core.database:连接数据库: 172.16.10.196:5432/db_house
INFO:app.core.database:批量执行SQL完成
INFO:app.services.data_generator:表 lms_shipment 已插入剩余 1 条记录并缓存主键值
INFO:app.services.data_generator:依赖表 lms_shipment 生成完成，记录数: 1
INFO:app.services.data_generator:开始为依赖表 oms_order_item 生成数据
INFO:app.core.database:批量执行SQL，查询: INSERT INTO oms_order_item (id, order_id, product_sku, product_name, quantity, price) VALUES ($1, $2, $3, $4, $5, $6), 值数量: 1
INFO:app.core.database:连接数据库: 172.16.10.196:5432/db_house
INFO:app.core.database:批量执行SQL完成
INFO:app.services.data_generator:表 oms_order_item 已插入剩余 1 条记录并缓存主键值
INFO:app.services.data_generator:依赖表 oms_order_item 生成完成，记录数: 1
INFO:app.services.data_generator:数据生成完成，总记录数: 7
INFO:app.services.data_generator:退出 generate_data_for_tables 方法
INFO:app.services.data_generator:开始 generate_data_for_tables 方法
INFO:app.services.data_generator:独立表（阶段1）: ['crawler_competitor_price', 'crm_customer', 'ext_market_trend']
INFO:app.services.data_generator:依赖表（阶段2）: ['oms_order', 'lms_shipment', 'fms_financial_transaction', 'oms_order_item']
INFO:app.services.data_generator:初始化数据库计数器
INFO:app.core.database:执行查询: SELECT MAX(id) FROM crawler_competitor_price, 参数: ()
INFO:app.core.database:连接数据库: 172.16.10.196:5432/db_house
INFO:app.core.database:查询执行成功
INFO:app.core.database:执行查询: SELECT MAX(id) FROM ext_market_trend, 参数: ()
INFO:app.core.database:连接数据库: 172.16.10.196:5432/db_house
INFO:app.core.database:查询执行成功
INFO:app.core.database:执行查询: SELECT MAX(id) FROM oms_order_item, 参数: ()
INFO:app.core.database:连接数据库: 172.16.10.196:5432/db_house
INFO:app.core.database:查询执行成功
INFO:app.services.data_generator:计数器初始化完成: {'crawler_competitor_price_id': 18, 'ext_market_trend_id': 18, 'oms_order_item_id': 18}
INFO:app.services.data_generator:开始处理日期: 2025-10-21
INFO:app.services.data_generator:当天计划生成记录数: 1
INFO:app.services.data_generator:已清空外键缓存
INFO:app.services.data_generator:=== 阶段1：生成独立表 ===
INFO:app.services.data_generator:开始为独立表 crawler_competitor_price 生成数据
INFO:app.core.database:批量执行SQL，查询: INSERT INTO crawler_competitor_price (id, crawl_time, platform, competitor_name, product_name, product_sku, price, promotion_info, is_in_stock) VALUES ($1, $2, $3, $4, $5, $6, $7, $8, $9), 值数量: 1
INFO:app.core.database:连接数据库: 172.16.10.196:5432/db_house
INFO:app.core.database:批量执行SQL完成
INFO:app.services.data_generator:表 crawler_competitor_price 已插入剩余 1 条记录并缓存主键值
INFO:app.services.data_generator:独立表 crawler_competitor_price 生成完成，记录数: 1
INFO:app.services.data_generator:开始为独立表 crm_customer 生成数据
INFO:app.core.database:批量执行SQL，查询: INSERT INTO crm_customer (customer_id, name, gender, phone, email, birthday, address, create_time, update_time, is_deleted) VALUES ($1, $2, $3, $4, $5, $6, $7, $8, $9, $10), 值数量: 1
INFO:app.core.database:连接数据库: 172.16.10.196:5432/db_house
INFO:app.core.database:批量执行SQL完成
INFO:app.services.data_generator:表 crm_customer 已插入剩余 1 条记录并缓存主键值
INFO:app.services.data_generator:独立表 crm_customer 生成完成，记录数: 1
INFO:app.services.data_generator:开始为独立表 ext_market_trend 生成数据
INFO:app.core.database:批量执行SQL，查询: INSERT INTO ext_market_trend (id, period, region, category, market_size, growth_rate, data_source) VALUES ($1, $2, $3, $4, $5, $6, $7), 值数量: 1
INFO:app.core.database:连接数据库: 172.16.10.196:5432/db_house
INFO:app.core.database:批量执行SQL完成
INFO:app.services.data_generator:表 ext_market_trend 已插入剩余 1 条记录并缓存主键值
INFO:app.services.data_generator:独立表 ext_market_trend 生成完成，记录数: 1
INFO:app.services.data_generator:=== 阶段2：生成依赖表 ===
INFO:app.services.data_generator:表依赖排序结果: ['oms_order', 'fms_financial_transaction', 'lms_shipment', 'oms_order_item']
INFO:app.services.data_generator:排序后的依赖表: ['oms_order', 'fms_financial_transaction', 'lms_shipment', 'oms_order_item']
INFO:app.services.data_generator:开始为依赖表 oms_order 生成数据
INFO:app.core.database:批量执行SQL，查询: INSERT INTO oms_order (order_id, order_channel, customer_code, order_amount, discount_amount, pay_amount, order_status, province, city, district, detail_address, order_time) VALUES ($1, $2, $3, $4, $5, $6, $7, $8, $9, $10, $11, $12), 值数量: 1
INFO:app.core.database:连接数据库: 172.16.10.196:5432/db_house
INFO:app.core.database:批量执行SQL完成
INFO:app.services.data_generator:表 oms_order 已插入剩余 1 条记录并缓存主键值
INFO:app.services.data_generator:依赖表 oms_order 生成完成，记录数: 1
INFO:app.services.data_generator:开始为依赖表 fms_financial_transaction 生成数据
INFO:app.core.database:批量执行SQL，查询: INSERT INTO fms_financial_transaction (transaction_id, order_id, payment_method, transaction_type, transaction_amount, transaction_status, transaction_time) VALUES ($1, $2, $3, $4, $5, $6, $7), 值数量: 1
INFO:app.core.database:连接数据库: 172.16.10.196:5432/db_house
INFO:app.core.database:批量执行SQL完成
INFO:app.services.data_generator:表 fms_financial_transaction 已插入剩余 1 条记录并缓存主键值
INFO:app.services.data_generator:依赖表 fms_financial_transaction 生成完成，记录数: 1
INFO:app.services.data_generator:开始为依赖表 lms_shipment 生成数据
INFO:app.core.database:批量执行SQL，查询: INSERT INTO lms_shipment (shipment_id, order_id, carrier, sender_address, receiver_info, current_status, shipping_time, estimated_delivery, actual_delivery) VALUES ($1, $2, $3, $4, $5, $6, $7, $8, $9), 值数量: 1
INFO:app.core.database:连接数据库: 172.16.10.196:5432/db_house
INFO:app.core.database:批量执行SQL完成
INFO:app.services.data_generator:表 lms_shipment 已插入剩余 1 条记录并缓存主键值
INFO:app.services.data_generator:依赖表 lms_shipment 生成完成，记录数: 1
INFO:app.services.data_generator:开始为依赖表 oms_order_item 生成数据
INFO:app.core.database:批量执行SQL，查询: INSERT INTO oms_order_item (id, order_id, product_sku, product_name, quantity, price) VALUES ($1, $2, $3, $4, $5, $6), 值数量: 1
INFO:app.core.database:连接数据库: 172.16.10.196:5432/db_house
INFO:app.core.database:批量执行SQL完成
INFO:app.services.data_generator:表 oms_order_item 已插入剩余 1 条记录并缓存主键值
INFO:app.services.data_generator:依赖表 oms_order_item 生成完成，记录数: 1
INFO:app.services.data_generator:数据生成完成，总记录数: 7
INFO:app.services.data_generator:退出 generate_data_for_tables 方法
INFO:app.services.data_generator:开始 generate_data_for_tables 方法
INFO:app.services.data_generator:独立表（阶段1）: ['crawler_competitor_price', 'crm_customer', 'ext_market_trend']
INFO:app.services.data_generator:依赖表（阶段2）: ['oms_order', 'lms_shipment', 'fms_financial_transaction', 'oms_order_item']
INFO:app.services.data_generator:初始化数据库计数器
INFO:app.core.database:执行查询: SELECT MAX(id) FROM crawler_competitor_price, 参数: ()
INFO:app.core.database:连接数据库: 172.16.10.196:5432/db_house
INFO:app.core.database:查询执行成功
INFO:app.core.database:执行查询: SELECT MAX(id) FROM ext_market_trend, 参数: ()
INFO:app.core.database:连接数据库: 172.16.10.196:5432/db_house
INFO:app.core.database:查询执行成功
INFO:app.core.database:执行查询: SELECT MAX(id) FROM oms_order_item, 参数: ()
INFO:app.core.database:连接数据库: 172.16.10.196:5432/db_house
INFO:app.core.database:查询执行成功
INFO:app.services.data_generator:计数器初始化完成: {'crawler_competitor_price_id': 19, 'ext_market_trend_id': 19, 'oms_order_item_id': 19}
INFO:app.services.data_generator:开始处理日期: 2025-10-21
INFO:app.services.data_generator:当天计划生成记录数: 1
INFO:app.services.data_generator:已清空外键缓存
INFO:app.services.data_generator:=== 阶段1：生成独立表 ===
INFO:app.services.data_generator:开始为独立表 crawler_competitor_price 生成数据
INFO:app.core.database:批量执行SQL，查询: INSERT INTO crawler_competitor_price (id, crawl_time, platform, competitor_name, product_name, product_sku, price, promotion_info, is_in_stock) VALUES ($1, $2, $3, $4, $5, $6, $7, $8, $9), 值数量: 1
INFO:app.core.database:连接数据库: 172.16.10.196:5432/db_house
INFO:app.core.database:批量执行SQL完成
INFO:app.services.data_generator:表 crawler_competitor_price 已插入剩余 1 条记录并缓存主键值
INFO:app.services.data_generator:独立表 crawler_competitor_price 生成完成，记录数: 1
INFO:app.services.data_generator:开始为独立表 crm_customer 生成数据
INFO:app.core.database:批量执行SQL，查询: INSERT INTO crm_customer (customer_id, name, gender, phone, email, birthday, address, create_time, update_time, is_deleted) VALUES ($1, $2, $3, $4, $5, $6, $7, $8, $9, $10), 值数量: 1
INFO:app.core.database:连接数据库: 172.16.10.196:5432/db_house
INFO:app.core.database:批量执行SQL完成
INFO:app.services.data_generator:表 crm_customer 已插入剩余 1 条记录并缓存主键值
INFO:app.services.data_generator:独立表 crm_customer 生成完成，记录数: 1
INFO:app.services.data_generator:开始为独立表 ext_market_trend 生成数据
INFO:app.core.database:批量执行SQL，查询: INSERT INTO ext_market_trend (id, period, region, category, market_size, growth_rate, data_source) VALUES ($1, $2, $3, $4, $5, $6, $7), 值数量: 1
INFO:app.core.database:连接数据库: 172.16.10.196:5432/db_house
INFO:app.core.database:批量执行SQL完成
INFO:app.services.data_generator:表 ext_market_trend 已插入剩余 1 条记录并缓存主键值
INFO:app.services.data_generator:独立表 ext_market_trend 生成完成，记录数: 1
INFO:app.services.data_generator:=== 阶段2：生成依赖表 ===
INFO:app.services.data_generator:表依赖排序结果: ['oms_order', 'fms_financial_transaction', 'lms_shipment', 'oms_order_item']
INFO:app.services.data_generator:排序后的依赖表: ['oms_order', 'fms_financial_transaction', 'lms_shipment', 'oms_order_item']
INFO:app.services.data_generator:开始为依赖表 oms_order 生成数据
INFO:app.core.database:批量执行SQL，查询: INSERT INTO oms_order (order_id, order_channel, customer_code, order_amount, discount_amount, pay_amount, order_status, province, city, district, detail_address, order_time) VALUES ($1, $2, $3, $4, $5, $6, $7, $8, $9, $10, $11, $12), 值数量: 1
INFO:app.core.database:连接数据库: 172.16.10.196:5432/db_house
INFO:app.core.database:批量执行SQL完成
INFO:app.services.data_generator:表 oms_order 已插入剩余 1 条记录并缓存主键值
INFO:app.services.data_generator:依赖表 oms_order 生成完成，记录数: 1
INFO:app.services.data_generator:开始为依赖表 fms_financial_transaction 生成数据
INFO:app.core.database:批量执行SQL，查询: INSERT INTO fms_financial_transaction (transaction_id, order_id, payment_method, transaction_type, transaction_amount, transaction_status, transaction_time) VALUES ($1, $2, $3, $4, $5, $6, $7), 值数量: 1
INFO:app.core.database:连接数据库: 172.16.10.196:5432/db_house
INFO:app.core.database:批量执行SQL完成
INFO:app.services.data_generator:表 fms_financial_transaction 已插入剩余 1 条记录并缓存主键值
INFO:app.services.data_generator:依赖表 fms_financial_transaction 生成完成，记录数: 1
INFO:app.services.data_generator:开始为依赖表 lms_shipment 生成数据
INFO:app.core.database:批量执行SQL，查询: INSERT INTO lms_shipment (shipment_id, order_id, carrier, sender_address, receiver_info, current_status, shipping_time, estimated_delivery, actual_delivery) VALUES ($1, $2, $3, $4, $5, $6, $7, $8, $9), 值数量: 1
INFO:app.core.database:连接数据库: 172.16.10.196:5432/db_house
INFO:app.core.database:批量执行SQL完成
INFO:app.services.data_generator:表 lms_shipment 已插入剩余 1 条记录并缓存主键值
INFO:app.services.data_generator:依赖表 lms_shipment 生成完成，记录数: 1
INFO:app.services.data_generator:开始为依赖表 oms_order_item 生成数据
INFO:app.core.database:批量执行SQL，查询: INSERT INTO oms_order_item (id, order_id, product_sku, product_name, quantity, price) VALUES ($1, $2, $3, $4, $5, $6), 值数量: 1
INFO:app.core.database:连接数据库: 172.16.10.196:5432/db_house
INFO:app.core.database:批量执行SQL完成
INFO:app.services.data_generator:表 oms_order_item 已插入剩余 1 条记录并缓存主键值
INFO:app.services.data_generator:依赖表 oms_order_item 生成完成，记录数: 1
INFO:app.services.data_generator:数据生成完成，总记录数: 7
INFO:app.services.data_generator:退出 generate_data_for_tables 方法
INFO:app.services.data_generator:开始 generate_data_for_tables 方法
INFO:app.services.data_generator:独立表（阶段1）: ['crawler_competitor_price', 'crm_customer', 'ext_market_trend']
INFO:app.services.data_generator:依赖表（阶段2）: ['oms_order', 'lms_shipment', 'fms_financial_transaction', 'oms_order_item']
INFO:app.services.data_generator:初始化数据库计数器
INFO:app.core.database:执行查询: SELECT MAX(id) FROM crawler_competitor_price, 参数: ()
INFO:app.core.database:连接数据库: 172.16.10.196:5432/db_house
INFO:app.core.database:查询执行成功
INFO:app.core.database:执行查询: SELECT MAX(id) FROM ext_market_trend, 参数: ()
INFO:app.core.database:连接数据库: 172.16.10.196:5432/db_house
INFO:app.core.database:查询执行成功
INFO:app.core.database:执行查询: SELECT MAX(id) FROM oms_order_item, 参数: ()
INFO:app.core.database:连接数据库: 172.16.10.196:5432/db_house
INFO:app.core.database:查询执行成功
INFO:app.services.data_generator:计数器初始化完成: {'crawler_competitor_price_id': 20, 'ext_market_trend_id': 20, 'oms_order_item_id': 20}
INFO:app.services.data_generator:开始处理日期: 2025-10-21
INFO:app.services.data_generator:当天计划生成记录数: 1
INFO:app.services.data_generator:已清空外键缓存
INFO:app.services.data_generator:=== 阶段1：生成独立表 ===
INFO:app.services.data_generator:开始为独立表 crawler_competitor_price 生成数据
INFO:app.core.database:批量执行SQL，查询: INSERT INTO crawler_competitor_price (id, crawl_time, platform, competitor_name, product_name, product_sku, price, promotion_info, is_in_stock) VALUES ($1, $2, $3, $4, $5, $6, $7, $8, $9), 值数量: 1
INFO:app.core.database:连接数据库: 172.16.10.196:5432/db_house
INFO:app.core.database:批量执行SQL完成
INFO:app.services.data_generator:表 crawler_competitor_price 已插入剩余 1 条记录并缓存主键值
INFO:app.services.data_generator:独立表 crawler_competitor_price 生成完成，记录数: 1
INFO:app.services.data_generator:开始为独立表 crm_customer 生成数据
INFO:app.core.database:批量执行SQL，查询: INSERT INTO crm_customer (customer_id, name, gender, phone, email, birthday, address, create_time, update_time, is_deleted) VALUES ($1, $2, $3, $4, $5, $6, $7, $8, $9, $10), 值数量: 1
INFO:app.core.database:连接数据库: 172.16.10.196:5432/db_house
INFO:app.core.database:批量执行SQL完成
INFO:app.services.data_generator:表 crm_customer 已插入剩余 1 条记录并缓存主键值
INFO:app.services.data_generator:独立表 crm_customer 生成完成，记录数: 1
INFO:app.services.data_generator:开始为独立表 ext_market_trend 生成数据
INFO:app.core.database:批量执行SQL，查询: INSERT INTO ext_market_trend (id, period, region, category, market_size, growth_rate, data_source) VALUES ($1, $2, $3, $4, $5, $6, $7), 值数量: 1
INFO:app.core.database:连接数据库: 172.16.10.196:5432/db_house
INFO:app.core.database:批量执行SQL完成
INFO:app.services.data_generator:表 ext_market_trend 已插入剩余 1 条记录并缓存主键值
INFO:app.services.data_generator:独立表 ext_market_trend 生成完成，记录数: 1
INFO:app.services.data_generator:=== 阶段2：生成依赖表 ===
INFO:app.services.data_generator:表依赖排序结果: ['oms_order', 'fms_financial_transaction', 'lms_shipment', 'oms_order_item']
INFO:app.services.data_generator:排序后的依赖表: ['oms_order', 'fms_financial_transaction', 'lms_shipment', 'oms_order_item']
INFO:app.services.data_generator:开始为依赖表 oms_order 生成数据
INFO:app.core.database:批量执行SQL，查询: INSERT INTO oms_order (order_id, order_channel, customer_code, order_amount, discount_amount, pay_amount, order_status, province, city, district, detail_address, order_time) VALUES ($1, $2, $3, $4, $5, $6, $7, $8, $9, $10, $11, $12), 值数量: 1
INFO:app.core.database:连接数据库: 172.16.10.196:5432/db_house
INFO:app.core.database:批量执行SQL完成
INFO:app.services.data_generator:表 oms_order 已插入剩余 1 条记录并缓存主键值
INFO:app.services.data_generator:依赖表 oms_order 生成完成，记录数: 1
INFO:app.services.data_generator:开始为依赖表 fms_financial_transaction 生成数据
INFO:app.core.database:批量执行SQL，查询: INSERT INTO fms_financial_transaction (transaction_id, order_id, payment_method, transaction_type, transaction_amount, transaction_status, transaction_time) VALUES ($1, $2, $3, $4, $5, $6, $7), 值数量: 1
INFO:app.core.database:连接数据库: 172.16.10.196:5432/db_house
INFO:app.core.database:批量执行SQL完成
INFO:app.services.data_generator:表 fms_financial_transaction 已插入剩余 1 条记录并缓存主键值
INFO:app.services.data_generator:依赖表 fms_financial_transaction 生成完成，记录数: 1
INFO:app.services.data_generator:开始为依赖表 lms_shipment 生成数据
INFO:app.core.database:批量执行SQL，查询: INSERT INTO lms_shipment (shipment_id, order_id, carrier, sender_address, receiver_info, current_status, shipping_time, estimated_delivery, actual_delivery) VALUES ($1, $2, $3, $4, $5, $6, $7, $8, $9), 值数量: 1
INFO:app.core.database:连接数据库: 172.16.10.196:5432/db_house
INFO:app.core.database:批量执行SQL完成
INFO:app.services.data_generator:表 lms_shipment 已插入剩余 1 条记录并缓存主键值
INFO:app.services.data_generator:依赖表 lms_shipment 生成完成，记录数: 1
INFO:app.services.data_generator:开始为依赖表 oms_order_item 生成数据
INFO:app.core.database:批量执行SQL，查询: INSERT INTO oms_order_item (id, order_id, product_sku, product_name, quantity, price) VALUES ($1, $2, $3, $4, $5, $6), 值数量: 1
INFO:app.core.database:连接数据库: 172.16.10.196:5432/db_house
INFO:app.core.database:批量执行SQL完成
INFO:app.services.data_generator:表 oms_order_item 已插入剩余 1 条记录并缓存主键值
INFO:app.services.data_generator:依赖表 oms_order_item 生成完成，记录数: 1
INFO:app.services.data_generator:数据生成完成，总记录数: 7
INFO:app.services.data_generator:退出 generate_data_for_tables 方法
INFO:app.services.data_generator:开始 generate_data_for_tables 方法
INFO:app.services.data_generator:独立表（阶段1）: ['crawler_competitor_price', 'crm_customer', 'ext_market_trend']
INFO:app.services.data_generator:依赖表（阶段2）: ['oms_order', 'lms_shipment', 'fms_financial_transaction', 'oms_order_item']
INFO:app.services.data_generator:初始化数据库计数器
INFO:app.core.database:执行查询: SELECT MAX(id) FROM crawler_competitor_price, 参数: ()
INFO:app.core.database:连接数据库: 172.16.10.196:5432/db_house
INFO:app.core.database:查询执行成功
INFO:app.core.database:执行查询: SELECT MAX(id) FROM ext_market_trend, 参数: ()
INFO:app.core.database:连接数据库: 172.16.10.196:5432/db_house
INFO:app.core.database:查询执行成功
INFO:app.core.database:执行查询: SELECT MAX(id) FROM oms_order_item, 参数: ()
INFO:app.core.database:连接数据库: 172.16.10.196:5432/db_house
INFO:app.core.database:查询执行成功
INFO:app.services.data_generator:计数器初始化完成: {'crawler_competitor_price_id': 21, 'ext_market_trend_id': 21, 'oms_order_item_id': 21}
INFO:app.services.data_generator:开始处理日期: 2025-10-21
INFO:app.services.data_generator:当天计划生成记录数: 1
INFO:app.services.data_generator:已清空外键缓存
INFO:app.services.data_generator:=== 阶段1：生成独立表 ===
INFO:app.services.data_generator:开始为独立表 crawler_competitor_price 生成数据
INFO:app.core.database:批量执行SQL，查询: INSERT INTO crawler_competitor_price (id, crawl_time, platform, competitor_name, product_name, product_sku, price, promotion_info, is_in_stock) VALUES ($1, $2, $3, $4, $5, $6, $7, $8, $9), 值数量: 1
INFO:app.core.database:连接数据库: 172.16.10.196:5432/db_house
INFO:app.core.database:批量执行SQL完成
INFO:app.services.data_generator:表 crawler_competitor_price 已插入剩余 1 条记录并缓存主键值
INFO:app.services.data_generator:独立表 crawler_competitor_price 生成完成，记录数: 1
INFO:app.services.data_generator:开始为独立表 crm_customer 生成数据
INFO:app.core.database:批量执行SQL，查询: INSERT INTO crm_customer (customer_id, name, gender, phone, email, birthday, address, create_time, update_time, is_deleted) VALUES ($1, $2, $3, $4, $5, $6, $7, $8, $9, $10), 值数量: 1
INFO:app.core.database:连接数据库: 172.16.10.196:5432/db_house
INFO:app.core.database:批量执行SQL完成
INFO:app.services.data_generator:表 crm_customer 已插入剩余 1 条记录并缓存主键值
INFO:app.services.data_generator:独立表 crm_customer 生成完成，记录数: 1
INFO:app.services.data_generator:开始为独立表 ext_market_trend 生成数据
INFO:app.core.database:批量执行SQL，查询: INSERT INTO ext_market_trend (id, period, region, category, market_size, growth_rate, data_source) VALUES ($1, $2, $3, $4, $5, $6, $7), 值数量: 1
INFO:app.core.database:连接数据库: 172.16.10.196:5432/db_house
INFO:app.core.database:批量执行SQL完成
INFO:app.services.data_generator:表 ext_market_trend 已插入剩余 1 条记录并缓存主键值
INFO:app.services.data_generator:独立表 ext_market_trend 生成完成，记录数: 1
INFO:app.services.data_generator:=== 阶段2：生成依赖表 ===
INFO:app.services.data_generator:表依赖排序结果: ['oms_order', 'fms_financial_transaction', 'lms_shipment', 'oms_order_item']
INFO:app.services.data_generator:排序后的依赖表: ['oms_order', 'fms_financial_transaction', 'lms_shipment', 'oms_order_item']
INFO:app.services.data_generator:开始为依赖表 oms_order 生成数据
INFO:app.core.database:批量执行SQL，查询: INSERT INTO oms_order (order_id, order_channel, customer_code, order_amount, discount_amount, pay_amount, order_status, province, city, district, detail_address, order_time) VALUES ($1, $2, $3, $4, $5, $6, $7, $8, $9, $10, $11, $12), 值数量: 1
INFO:app.core.database:连接数据库: 172.16.10.196:5432/db_house
INFO:app.core.database:批量执行SQL完成
INFO:app.services.data_generator:表 oms_order 已插入剩余 1 条记录并缓存主键值
INFO:app.services.data_generator:依赖表 oms_order 生成完成，记录数: 1
INFO:app.services.data_generator:开始为依赖表 fms_financial_transaction 生成数据
INFO:app.core.database:批量执行SQL，查询: INSERT INTO fms_financial_transaction (transaction_id, order_id, payment_method, transaction_type, transaction_amount, transaction_status, transaction_time) VALUES ($1, $2, $3, $4, $5, $6, $7), 值数量: 1
INFO:app.core.database:连接数据库: 172.16.10.196:5432/db_house
INFO:app.core.database:批量执行SQL完成
INFO:app.services.data_generator:表 fms_financial_transaction 已插入剩余 1 条记录并缓存主键值
INFO:app.services.data_generator:依赖表 fms_financial_transaction 生成完成，记录数: 1
INFO:app.services.data_generator:开始为依赖表 lms_shipment 生成数据
INFO:app.core.database:批量执行SQL，查询: INSERT INTO lms_shipment (shipment_id, order_id, carrier, sender_address, receiver_info, current_status, shipping_time, estimated_delivery, actual_delivery) VALUES ($1, $2, $3, $4, $5, $6, $7, $8, $9), 值数量: 1
INFO:app.core.database:连接数据库: 172.16.10.196:5432/db_house
INFO:app.core.database:批量执行SQL完成
INFO:app.services.data_generator:表 lms_shipment 已插入剩余 1 条记录并缓存主键值
INFO:app.services.data_generator:依赖表 lms_shipment 生成完成，记录数: 1
INFO:app.services.data_generator:开始为依赖表 oms_order_item 生成数据
INFO:app.core.database:批量执行SQL，查询: INSERT INTO oms_order_item (id, order_id, product_sku, product_name, quantity, price) VALUES ($1, $2, $3, $4, $5, $6), 值数量: 1
INFO:app.core.database:连接数据库: 172.16.10.196:5432/db_house
INFO:app.core.database:批量执行SQL完成
INFO:app.services.data_generator:表 oms_order_item 已插入剩余 1 条记录并缓存主键值
INFO:app.services.data_generator:依赖表 oms_order_item 生成完成，记录数: 1
INFO:app.services.data_generator:数据生成完成，总记录数: 7
INFO:app.services.data_generator:退出 generate_data_for_tables 方法
INFO:app.services.data_generator:开始 generate_data_for_tables 方法
INFO:app.services.data_generator:独立表（阶段1）: ['crawler_competitor_price', 'crm_customer', 'ext_market_trend']
INFO:app.services.data_generator:依赖表（阶段2）: ['oms_order', 'lms_shipment', 'fms_financial_transaction', 'oms_order_item']
INFO:app.services.data_generator:初始化数据库计数器
INFO:app.core.database:执行查询: SELECT MAX(id) FROM crawler_competitor_price, 参数: ()
INFO:app.core.database:连接数据库: 172.16.10.196:5432/db_house
INFO:app.core.database:查询执行成功
INFO:app.core.database:执行查询: SELECT MAX(id) FROM ext_market_trend, 参数: ()
INFO:app.core.database:连接数据库: 172.16.10.196:5432/db_house
INFO:app.core.database:查询执行成功
INFO:app.core.database:执行查询: SELECT MAX(id) FROM oms_order_item, 参数: ()
INFO:app.core.database:连接数据库: 172.16.10.196:5432/db_house
INFO:app.core.database:查询执行成功
INFO:app.services.data_generator:计数器初始化完成: {'crawler_competitor_price_id': 22, 'ext_market_trend_id': 22, 'oms_order_item_id': 22}
INFO:app.services.data_generator:开始处理日期: 2025-10-21
INFO:app.services.data_generator:当天计划生成记录数: 1
INFO:app.services.data_generator:已清空外键缓存
INFO:app.services.data_generator:=== 阶段1：生成独立表 ===
INFO:app.services.data_generator:开始为独立表 crawler_competitor_price 生成数据
INFO:app.core.database:批量执行SQL，查询: INSERT INTO crawler_competitor_price (id, crawl_time, platform, competitor_name, product_name, product_sku, price, promotion_info, is_in_stock) VALUES ($1, $2, $3, $4, $5, $6, $7, $8, $9), 值数量: 1
INFO:app.core.database:连接数据库: 172.16.10.196:5432/db_house
INFO:app.core.database:批量执行SQL完成
INFO:app.services.data_generator:表 crawler_competitor_price 已插入剩余 1 条记录并缓存主键值
INFO:app.services.data_generator:独立表 crawler_competitor_price 生成完成，记录数: 1
INFO:app.services.data_generator:开始为独立表 crm_customer 生成数据
INFO:app.core.database:批量执行SQL，查询: INSERT INTO crm_customer (customer_id, name, gender, phone, email, birthday, address, create_time, update_time, is_deleted) VALUES ($1, $2, $3, $4, $5, $6, $7, $8, $9, $10), 值数量: 1
INFO:app.core.database:连接数据库: 172.16.10.196:5432/db_house
INFO:app.core.database:批量执行SQL完成
INFO:app.services.data_generator:表 crm_customer 已插入剩余 1 条记录并缓存主键值
INFO:app.services.data_generator:独立表 crm_customer 生成完成，记录数: 1
INFO:app.services.data_generator:开始为独立表 ext_market_trend 生成数据
INFO:app.core.database:批量执行SQL，查询: INSERT INTO ext_market_trend (id, period, region, category, market_size, growth_rate, data_source) VALUES ($1, $2, $3, $4, $5, $6, $7), 值数量: 1
INFO:app.core.database:连接数据库: 172.16.10.196:5432/db_house
INFO:app.core.database:批量执行SQL完成
INFO:app.services.data_generator:表 ext_market_trend 已插入剩余 1 条记录并缓存主键值
INFO:app.services.data_generator:独立表 ext_market_trend 生成完成，记录数: 1
INFO:app.services.data_generator:=== 阶段2：生成依赖表 ===
INFO:app.services.data_generator:表依赖排序结果: ['oms_order', 'fms_financial_transaction', 'lms_shipment', 'oms_order_item']
INFO:app.services.data_generator:排序后的依赖表: ['oms_order', 'fms_financial_transaction', 'lms_shipment', 'oms_order_item']
INFO:app.services.data_generator:开始为依赖表 oms_order 生成数据
INFO:app.core.database:批量执行SQL，查询: INSERT INTO oms_order (order_id, order_channel, customer_code, order_amount, discount_amount, pay_amount, order_status, province, city, district, detail_address, order_time) VALUES ($1, $2, $3, $4, $5, $6, $7, $8, $9, $10, $11, $12), 值数量: 1
INFO:app.core.database:连接数据库: 172.16.10.196:5432/db_house
INFO:app.core.database:批量执行SQL完成
INFO:app.services.data_generator:表 oms_order 已插入剩余 1 条记录并缓存主键值
INFO:app.services.data_generator:依赖表 oms_order 生成完成，记录数: 1
INFO:app.services.data_generator:开始为依赖表 fms_financial_transaction 生成数据
INFO:app.core.database:批量执行SQL，查询: INSERT INTO fms_financial_transaction (transaction_id, order_id, payment_method, transaction_type, transaction_amount, transaction_status, transaction_time) VALUES ($1, $2, $3, $4, $5, $6, $7), 值数量: 1
INFO:app.core.database:连接数据库: 172.16.10.196:5432/db_house
INFO:app.core.database:批量执行SQL完成
INFO:app.services.data_generator:表 fms_financial_transaction 已插入剩余 1 条记录并缓存主键值
INFO:app.services.data_generator:依赖表 fms_financial_transaction 生成完成，记录数: 1
INFO:app.services.data_generator:开始为依赖表 lms_shipment 生成数据
INFO:app.core.database:批量执行SQL，查询: INSERT INTO lms_shipment (shipment_id, order_id, carrier, sender_address, receiver_info, current_status, shipping_time, estimated_delivery, actual_delivery) VALUES ($1, $2, $3, $4, $5, $6, $7, $8, $9), 值数量: 1
INFO:app.core.database:连接数据库: 172.16.10.196:5432/db_house
INFO:app.core.database:批量执行SQL完成
INFO:app.services.data_generator:表 lms_shipment 已插入剩余 1 条记录并缓存主键值
INFO:app.services.data_generator:依赖表 lms_shipment 生成完成，记录数: 1
INFO:app.services.data_generator:开始为依赖表 oms_order_item 生成数据
INFO:app.core.database:批量执行SQL，查询: INSERT INTO oms_order_item (id, order_id, product_sku, product_name, quantity, price) VALUES ($1, $2, $3, $4, $5, $6), 值数量: 1
INFO:app.core.database:连接数据库: 172.16.10.196:5432/db_house
INFO:app.core.database:批量执行SQL完成
INFO:app.services.data_generator:表 oms_order_item 已插入剩余 1 条记录并缓存主键值
INFO:app.services.data_generator:依赖表 oms_order_item 生成完成，记录数: 1
INFO:app.services.data_generator:数据生成完成，总记录数: 7
INFO:app.services.data_generator:退出 generate_data_for_tables 方法
INFO:app.services.data_generator:开始 generate_data_for_tables 方法
INFO:app.services.data_generator:独立表（阶段1）: ['crawler_competitor_price', 'crm_customer', 'ext_market_trend']
INFO:app.services.data_generator:依赖表（阶段2）: ['oms_order', 'lms_shipment', 'fms_financial_transaction', 'oms_order_item']
INFO:app.services.data_generator:初始化数据库计数器
INFO:app.core.database:执行查询: SELECT MAX(id) FROM crawler_competitor_price, 参数: ()
INFO:app.core.database:连接数据库: 172.16.10.196:5432/db_house
INFO:app.core.database:查询执行成功
INFO:app.core.database:执行查询: SELECT MAX(id) FROM ext_market_trend, 参数: ()
INFO:app.core.database:连接数据库: 172.16.10.196:5432/db_house
INFO:app.core.database:查询执行成功
INFO:app.core.database:执行查询: SELECT MAX(id) FROM oms_order_item, 参数: ()
INFO:app.core.database:连接数据库: 172.16.10.196:5432/db_house
INFO:app.core.database:查询执行成功
INFO:app.services.data_generator:计数器初始化完成: {'crawler_competitor_price_id': 23, 'ext_market_trend_id': 23, 'oms_order_item_id': 23}
INFO:app.services.data_generator:开始处理日期: 2025-10-21
INFO:app.services.data_generator:当天计划生成记录数: 1
INFO:app.services.data_generator:已清空外键缓存
INFO:app.services.data_generator:=== 阶段1：生成独立表 ===
INFO:app.services.data_generator:开始为独立表 crawler_competitor_price 生成数据
INFO:app.core.database:批量执行SQL，查询: INSERT INTO crawler_competitor_price (id, crawl_time, platform, competitor_name, product_name, product_sku, price, promotion_info, is_in_stock) VALUES ($1, $2, $3, $4, $5, $6, $7, $8, $9), 值数量: 1
INFO:app.core.database:连接数据库: 172.16.10.196:5432/db_house
INFO:app.core.database:批量执行SQL完成
INFO:app.services.data_generator:表 crawler_competitor_price 已插入剩余 1 条记录并缓存主键值
INFO:app.services.data_generator:独立表 crawler_competitor_price 生成完成，记录数: 1
INFO:app.services.data_generator:开始为独立表 crm_customer 生成数据
INFO:app.core.database:批量执行SQL，查询: INSERT INTO crm_customer (customer_id, name, gender, phone, email, birthday, address, create_time, update_time, is_deleted) VALUES ($1, $2, $3, $4, $5, $6, $7, $8, $9, $10), 值数量: 1
INFO:app.core.database:连接数据库: 172.16.10.196:5432/db_house
INFO:app.core.database:批量执行SQL完成
INFO:app.services.data_generator:表 crm_customer 已插入剩余 1 条记录并缓存主键值
INFO:app.services.data_generator:独立表 crm_customer 生成完成，记录数: 1
INFO:app.services.data_generator:开始为独立表 ext_market_trend 生成数据
INFO:app.core.database:批量执行SQL，查询: INSERT INTO ext_market_trend (id, period, region, category, market_size, growth_rate, data_source) VALUES ($1, $2, $3, $4, $5, $6, $7), 值数量: 1
INFO:app.core.database:连接数据库: 172.16.10.196:5432/db_house
INFO:app.core.database:批量执行SQL完成
INFO:app.services.data_generator:表 ext_market_trend 已插入剩余 1 条记录并缓存主键值
INFO:app.services.data_generator:独立表 ext_market_trend 生成完成，记录数: 1
INFO:app.services.data_generator:=== 阶段2：生成依赖表 ===
INFO:app.services.data_generator:表依赖排序结果: ['oms_order', 'fms_financial_transaction', 'lms_shipment', 'oms_order_item']
INFO:app.services.data_generator:排序后的依赖表: ['oms_order', 'fms_financial_transaction', 'lms_shipment', 'oms_order_item']
INFO:app.services.data_generator:开始为依赖表 oms_order 生成数据
INFO:app.core.database:批量执行SQL，查询: INSERT INTO oms_order (order_id, order_channel, customer_code, order_amount, discount_amount, pay_amount, order_status, province, city, district, detail_address, order_time) VALUES ($1, $2, $3, $4, $5, $6, $7, $8, $9, $10, $11, $12), 值数量: 1
INFO:app.core.database:连接数据库: 172.16.10.196:5432/db_house
INFO:app.core.database:批量执行SQL完成
INFO:app.services.data_generator:表 oms_order 已插入剩余 1 条记录并缓存主键值
INFO:app.services.data_generator:依赖表 oms_order 生成完成，记录数: 1
INFO:app.services.data_generator:开始为依赖表 fms_financial_transaction 生成数据
INFO:app.core.database:批量执行SQL，查询: INSERT INTO fms_financial_transaction (transaction_id, order_id, payment_method, transaction_type, transaction_amount, transaction_status, transaction_time) VALUES ($1, $2, $3, $4, $5, $6, $7), 值数量: 1
INFO:app.core.database:连接数据库: 172.16.10.196:5432/db_house
INFO:app.core.database:批量执行SQL完成
INFO:app.services.data_generator:表 fms_financial_transaction 已插入剩余 1 条记录并缓存主键值
INFO:app.services.data_generator:依赖表 fms_financial_transaction 生成完成，记录数: 1
INFO:app.services.data_generator:开始为依赖表 lms_shipment 生成数据
INFO:app.core.database:批量执行SQL，查询: INSERT INTO lms_shipment (shipment_id, order_id, carrier, sender_address, receiver_info, current_status, shipping_time, estimated_delivery, actual_delivery) VALUES ($1, $2, $3, $4, $5, $6, $7, $8, $9), 值数量: 1
INFO:app.core.database:连接数据库: 172.16.10.196:5432/db_house
INFO:app.core.database:批量执行SQL完成
INFO:app.services.data_generator:表 lms_shipment 已插入剩余 1 条记录并缓存主键值
INFO:app.services.data_generator:依赖表 lms_shipment 生成完成，记录数: 1
INFO:app.services.data_generator:开始为依赖表 oms_order_item 生成数据
INFO:app.core.database:批量执行SQL，查询: INSERT INTO oms_order_item (id, order_id, product_sku, product_name, quantity, price) VALUES ($1, $2, $3, $4, $5, $6), 值数量: 1
INFO:app.core.database:连接数据库: 172.16.10.196:5432/db_house
INFO:app.core.database:批量执行SQL完成
INFO:app.services.data_generator:表 oms_order_item 已插入剩余 1 条记录并缓存主键值
INFO:app.services.data_generator:依赖表 oms_order_item 生成完成，记录数: 1
INFO:app.services.data_generator:数据生成完成，总记录数: 7
INFO:app.services.data_generator:退出 generate_data_for_tables 方法
INFO:app.services.data_generator:开始 generate_data_for_tables 方法
INFO:app.services.data_generator:独立表（阶段1）: ['crawler_competitor_price', 'crm_customer', 'ext_market_trend']
INFO:app.services.data_generator:依赖表（阶段2）: ['oms_order', 'lms_shipment', 'fms_financial_transaction', 'oms_order_item']
INFO:app.services.data_generator:初始化数据库计数器
INFO:app.core.database:执行查询: SELECT MAX(id) FROM crawler_competitor_price, 参数: ()
INFO:app.core.database:连接数据库: 172.16.10.196:5432/db_house
INFO:app.core.database:查询执行成功
INFO:app.core.database:执行查询: SELECT MAX(id) FROM ext_market_trend, 参数: ()
INFO:app.core.database:连接数据库: 172.16.10.196:5432/db_house
INFO:app.core.database:查询执行成功
INFO:app.core.database:执行查询: SELECT MAX(id) FROM oms_order_item, 参数: ()
INFO:app.core.database:连接数据库: 172.16.10.196:5432/db_house
INFO:app.core.database:查询执行成功
INFO:app.services.data_generator:计数器初始化完成: {'crawler_competitor_price_id': 24, 'ext_market_trend_id': 24, 'oms_order_item_id': 24}
INFO:app.services.data_generator:开始处理日期: 2025-10-21
INFO:app.services.data_generator:当天计划生成记录数: 1
INFO:app.services.data_generator:已清空外键缓存
INFO:app.services.data_generator:=== 阶段1：生成独立表 ===
INFO:app.services.data_generator:开始为独立表 crawler_competitor_price 生成数据
INFO:app.core.database:批量执行SQL，查询: INSERT INTO crawler_competitor_price (id, crawl_time, platform, competitor_name, product_name, product_sku, price, promotion_info, is_in_stock) VALUES ($1, $2, $3, $4, $5, $6, $7, $8, $9), 值数量: 1
INFO:app.core.database:连接数据库: 172.16.10.196:5432/db_house
INFO:app.core.database:批量执行SQL完成
INFO:app.services.data_generator:表 crawler_competitor_price 已插入剩余 1 条记录并缓存主键值
INFO:app.services.data_generator:独立表 crawler_competitor_price 生成完成，记录数: 1
INFO:app.services.data_generator:开始为独立表 crm_customer 生成数据
INFO:app.core.database:批量执行SQL，查询: INSERT INTO crm_customer (customer_id, name, gender, phone, email, birthday, address, create_time, update_time, is_deleted) VALUES ($1, $2, $3, $4, $5, $6, $7, $8, $9, $10), 值数量: 1
INFO:app.core.database:连接数据库: 172.16.10.196:5432/db_house
INFO:app.core.database:批量执行SQL完成
INFO:app.services.data_generator:表 crm_customer 已插入剩余 1 条记录并缓存主键值
INFO:app.services.data_generator:独立表 crm_customer 生成完成，记录数: 1
INFO:app.services.data_generator:开始为独立表 ext_market_trend 生成数据
INFO:app.core.database:批量执行SQL，查询: INSERT INTO ext_market_trend (id, period, region, category, market_size, growth_rate, data_source) VALUES ($1, $2, $3, $4, $5, $6, $7), 值数量: 1
INFO:app.core.database:连接数据库: 172.16.10.196:5432/db_house
INFO:app.core.database:批量执行SQL完成
INFO:app.services.data_generator:表 ext_market_trend 已插入剩余 1 条记录并缓存主键值
INFO:app.services.data_generator:独立表 ext_market_trend 生成完成，记录数: 1
INFO:app.services.data_generator:=== 阶段2：生成依赖表 ===
INFO:app.services.data_generator:表依赖排序结果: ['oms_order', 'fms_financial_transaction', 'lms_shipment', 'oms_order_item']
INFO:app.services.data_generator:排序后的依赖表: ['oms_order', 'fms_financial_transaction', 'lms_shipment', 'oms_order_item']
INFO:app.services.data_generator:开始为依赖表 oms_order 生成数据
INFO:app.core.database:批量执行SQL，查询: INSERT INTO oms_order (order_id, order_channel, customer_code, order_amount, discount_amount, pay_amount, order_status, province, city, district, detail_address, order_time) VALUES ($1, $2, $3, $4, $5, $6, $7, $8, $9, $10, $11, $12), 值数量: 1
INFO:app.core.database:连接数据库: 172.16.10.196:5432/db_house
INFO:app.core.database:批量执行SQL完成
INFO:app.services.data_generator:表 oms_order 已插入剩余 1 条记录并缓存主键值
INFO:app.services.data_generator:依赖表 oms_order 生成完成，记录数: 1
INFO:app.services.data_generator:开始为依赖表 fms_financial_transaction 生成数据
INFO:app.core.database:批量执行SQL，查询: INSERT INTO fms_financial_transaction (transaction_id, order_id, payment_method, transaction_type, transaction_amount, transaction_status, transaction_time) VALUES ($1, $2, $3, $4, $5, $6, $7), 值数量: 1
INFO:app.core.database:连接数据库: 172.16.10.196:5432/db_house
INFO:app.core.database:批量执行SQL完成
INFO:app.services.data_generator:表 fms_financial_transaction 已插入剩余 1 条记录并缓存主键值
INFO:app.services.data_generator:依赖表 fms_financial_transaction 生成完成，记录数: 1
INFO:app.services.data_generator:开始为依赖表 lms_shipment 生成数据
INFO:app.core.database:批量执行SQL，查询: INSERT INTO lms_shipment (shipment_id, order_id, carrier, sender_address, receiver_info, current_status, shipping_time, estimated_delivery, actual_delivery) VALUES ($1, $2, $3, $4, $5, $6, $7, $8, $9), 值数量: 1
INFO:app.core.database:连接数据库: 172.16.10.196:5432/db_house
INFO:app.core.database:批量执行SQL完成
INFO:app.services.data_generator:表 lms_shipment 已插入剩余 1 条记录并缓存主键值
INFO:app.services.data_generator:依赖表 lms_shipment 生成完成，记录数: 1
INFO:app.services.data_generator:开始为依赖表 oms_order_item 生成数据
INFO:app.core.database:批量执行SQL，查询: INSERT INTO oms_order_item (id, order_id, product_sku, product_name, quantity, price) VALUES ($1, $2, $3, $4, $5, $6), 值数量: 1
INFO:app.core.database:连接数据库: 172.16.10.196:5432/db_house
INFO:app.core.database:批量执行SQL完成
INFO:app.services.data_generator:表 oms_order_item 已插入剩余 1 条记录并缓存主键值
INFO:app.services.data_generator:依赖表 oms_order_item 生成完成，记录数: 1
INFO:app.services.data_generator:数据生成完成，总记录数: 7
INFO:app.services.data_generator:退出 generate_data_for_tables 方法
INFO:app.services.data_generator:开始 generate_data_for_tables 方法
INFO:app.services.data_generator:独立表（阶段1）: ['crawler_competitor_price', 'crm_customer', 'ext_market_trend']
INFO:app.services.data_generator:依赖表（阶段2）: ['oms_order', 'lms_shipment', 'fms_financial_transaction', 'oms_order_item']
INFO:app.services.data_generator:初始化数据库计数器
INFO:app.core.database:执行查询: SELECT MAX(id) FROM crawler_competitor_price, 参数: ()
INFO:app.core.database:连接数据库: 172.16.10.196:5432/db_house
INFO:app.core.database:查询执行成功
INFO:app.core.database:执行查询: SELECT MAX(id) FROM ext_market_trend, 参数: ()
INFO:app.core.database:连接数据库: 172.16.10.196:5432/db_house
INFO:app.core.database:查询执行成功
INFO:app.core.database:执行查询: SELECT MAX(id) FROM oms_order_item, 参数: ()
INFO:app.core.database:连接数据库: 172.16.10.196:5432/db_house
INFO:app.core.database:查询执行成功
INFO:app.services.data_generator:计数器初始化完成: {'crawler_competitor_price_id': 25, 'ext_market_trend_id': 25, 'oms_order_item_id': 25}
INFO:app.services.data_generator:开始处理日期: 2025-10-21
INFO:app.services.data_generator:当天计划生成记录数: 1
INFO:app.services.data_generator:已清空外键缓存
INFO:app.services.data_generator:=== 阶段1：生成独立表 ===
INFO:app.services.data_generator:开始为独立表 crawler_competitor_price 生成数据
INFO:app.core.database:批量执行SQL，查询: INSERT INTO crawler_competitor_price (id, crawl_time, platform, competitor_name, product_name, product_sku, price, promotion_info, is_in_stock) VALUES ($1, $2, $3, $4, $5, $6, $7, $8, $9), 值数量: 1
INFO:app.core.database:连接数据库: 172.16.10.196:5432/db_house
INFO:app.core.database:批量执行SQL完成
INFO:app.services.data_generator:表 crawler_competitor_price 已插入剩余 1 条记录并缓存主键值
INFO:app.services.data_generator:独立表 crawler_competitor_price 生成完成，记录数: 1
INFO:app.services.data_generator:开始为独立表 crm_customer 生成数据
INFO:app.core.database:批量执行SQL，查询: INSERT INTO crm_customer (customer_id, name, gender, phone, email, birthday, address, create_time, update_time, is_deleted) VALUES ($1, $2, $3, $4, $5, $6, $7, $8, $9, $10), 值数量: 1
INFO:app.core.database:连接数据库: 172.16.10.196:5432/db_house
INFO:app.core.database:批量执行SQL完成
INFO:app.services.data_generator:表 crm_customer 已插入剩余 1 条记录并缓存主键值
INFO:app.services.data_generator:独立表 crm_customer 生成完成，记录数: 1
INFO:app.services.data_generator:开始为独立表 ext_market_trend 生成数据
INFO:app.core.database:批量执行SQL，查询: INSERT INTO ext_market_trend (id, period, region, category, market_size, growth_rate, data_source) VALUES ($1, $2, $3, $4, $5, $6, $7), 值数量: 1
INFO:app.core.database:连接数据库: 172.16.10.196:5432/db_house
INFO:app.core.database:批量执行SQL完成
INFO:app.services.data_generator:表 ext_market_trend 已插入剩余 1 条记录并缓存主键值
INFO:app.services.data_generator:独立表 ext_market_trend 生成完成，记录数: 1
INFO:app.services.data_generator:=== 阶段2：生成依赖表 ===
INFO:app.services.data_generator:表依赖排序结果: ['oms_order', 'fms_financial_transaction', 'lms_shipment', 'oms_order_item']
INFO:app.services.data_generator:排序后的依赖表: ['oms_order', 'fms_financial_transaction', 'lms_shipment', 'oms_order_item']
INFO:app.services.data_generator:开始为依赖表 oms_order 生成数据
INFO:app.core.database:批量执行SQL，查询: INSERT INTO oms_order (order_id, order_channel, customer_code, order_amount, discount_amount, pay_amount, order_status, province, city, district, detail_address, order_time) VALUES ($1, $2, $3, $4, $5, $6, $7, $8, $9, $10, $11, $12), 值数量: 1
INFO:app.core.database:连接数据库: 172.16.10.196:5432/db_house
INFO:app.core.database:批量执行SQL完成
INFO:app.services.data_generator:表 oms_order 已插入剩余 1 条记录并缓存主键值
INFO:app.services.data_generator:依赖表 oms_order 生成完成，记录数: 1
INFO:app.services.data_generator:开始为依赖表 fms_financial_transaction 生成数据
INFO:app.core.database:批量执行SQL，查询: INSERT INTO fms_financial_transaction (transaction_id, order_id, payment_method, transaction_type, transaction_amount, transaction_status, transaction_time) VALUES ($1, $2, $3, $4, $5, $6, $7), 值数量: 1
INFO:app.core.database:连接数据库: 172.16.10.196:5432/db_house
INFO:app.core.database:批量执行SQL完成
INFO:app.services.data_generator:表 fms_financial_transaction 已插入剩余 1 条记录并缓存主键值
INFO:app.services.data_generator:依赖表 fms_financial_transaction 生成完成，记录数: 1
INFO:app.services.data_generator:开始为依赖表 lms_shipment 生成数据
INFO:app.core.database:批量执行SQL，查询: INSERT INTO lms_shipment (shipment_id, order_id, carrier, sender_address, receiver_info, current_status, shipping_time, estimated_delivery, actual_delivery) VALUES ($1, $2, $3, $4, $5, $6, $7, $8, $9), 值数量: 1
INFO:app.core.database:连接数据库: 172.16.10.196:5432/db_house
INFO:app.core.database:批量执行SQL完成
INFO:app.services.data_generator:表 lms_shipment 已插入剩余 1 条记录并缓存主键值
INFO:app.services.data_generator:依赖表 lms_shipment 生成完成，记录数: 1
INFO:app.services.data_generator:开始为依赖表 oms_order_item 生成数据
INFO:app.core.database:批量执行SQL，查询: INSERT INTO oms_order_item (id, order_id, product_sku, product_name, quantity, price) VALUES ($1, $2, $3, $4, $5, $6), 值数量: 1
INFO:app.core.database:连接数据库: 172.16.10.196:5432/db_house
INFO:app.core.database:批量执行SQL完成
INFO:app.services.data_generator:表 oms_order_item 已插入剩余 1 条记录并缓存主键值
INFO:app.services.data_generator:依赖表 oms_order_item 生成完成，记录数: 1
INFO:app.services.data_generator:数据生成完成，总记录数: 7
INFO:app.services.data_generator:退出 generate_data_for_tables 方法
INFO:app.services.data_generator:开始 generate_data_for_tables 方法
INFO:app.services.data_generator:独立表（阶段1）: ['crawler_competitor_price', 'crm_customer', 'ext_market_trend']
INFO:app.services.data_generator:依赖表（阶段2）: ['oms_order', 'lms_shipment', 'fms_financial_transaction', 'oms_order_item']
INFO:app.services.data_generator:初始化数据库计数器
INFO:app.core.database:执行查询: SELECT MAX(id) FROM crawler_competitor_price, 参数: ()
INFO:app.core.database:连接数据库: 172.16.10.196:5432/db_house
INFO:app.core.database:查询执行成功
INFO:app.core.database:执行查询: SELECT MAX(id) FROM ext_market_trend, 参数: ()
INFO:app.core.database:连接数据库: 172.16.10.196:5432/db_house
INFO:app.core.database:查询执行成功
INFO:app.core.database:执行查询: SELECT MAX(id) FROM oms_order_item, 参数: ()
INFO:app.core.database:连接数据库: 172.16.10.196:5432/db_house
INFO:app.core.database:查询执行成功
INFO:app.services.data_generator:计数器初始化完成: {'crawler_competitor_price_id': 26, 'ext_market_trend_id': 26, 'oms_order_item_id': 26}
INFO:app.services.data_generator:开始处理日期: 2025-10-21
INFO:app.services.data_generator:当天计划生成记录数: 1
INFO:app.services.data_generator:已清空外键缓存
INFO:app.services.data_generator:=== 阶段1：生成独立表 ===
INFO:app.services.data_generator:开始为独立表 crawler_competitor_price 生成数据
INFO:app.core.database:批量执行SQL，查询: INSERT INTO crawler_competitor_price (id, crawl_time, platform, competitor_name, product_name, product_sku, price, promotion_info, is_in_stock) VALUES ($1, $2, $3, $4, $5, $6, $7, $8, $9), 值数量: 1
INFO:app.core.database:连接数据库: 172.16.10.196:5432/db_house
INFO:app.core.database:批量执行SQL完成
INFO:app.services.data_generator:表 crawler_competitor_price 已插入剩余 1 条记录并缓存主键值
INFO:app.services.data_generator:独立表 crawler_competitor_price 生成完成，记录数: 1
INFO:app.services.data_generator:开始为独立表 crm_customer 生成数据
INFO:app.core.database:批量执行SQL，查询: INSERT INTO crm_customer (customer_id, name, gender, phone, email, birthday, address, create_time, update_time, is_deleted) VALUES ($1, $2, $3, $4, $5, $6, $7, $8, $9, $10), 值数量: 1
INFO:app.core.database:连接数据库: 172.16.10.196:5432/db_house
INFO:app.core.database:批量执行SQL完成
INFO:app.services.data_generator:表 crm_customer 已插入剩余 1 条记录并缓存主键值
INFO:app.services.data_generator:独立表 crm_customer 生成完成，记录数: 1
INFO:app.services.data_generator:开始为独立表 ext_market_trend 生成数据
INFO:app.core.database:批量执行SQL，查询: INSERT INTO ext_market_trend (id, period, region, category, market_size, growth_rate, data_source) VALUES ($1, $2, $3, $4, $5, $6, $7), 值数量: 1
INFO:app.core.database:连接数据库: 172.16.10.196:5432/db_house
INFO:app.core.database:批量执行SQL完成
INFO:app.services.data_generator:表 ext_market_trend 已插入剩余 1 条记录并缓存主键值
INFO:app.services.data_generator:独立表 ext_market_trend 生成完成，记录数: 1
INFO:app.services.data_generator:=== 阶段2：生成依赖表 ===
INFO:app.services.data_generator:表依赖排序结果: ['oms_order', 'fms_financial_transaction', 'lms_shipment', 'oms_order_item']
INFO:app.services.data_generator:排序后的依赖表: ['oms_order', 'fms_financial_transaction', 'lms_shipment', 'oms_order_item']
INFO:app.services.data_generator:开始为依赖表 oms_order 生成数据
INFO:app.core.database:批量执行SQL，查询: INSERT INTO oms_order (order_id, order_channel, customer_code, order_amount, discount_amount, pay_amount, order_status, province, city, district, detail_address, order_time) VALUES ($1, $2, $3, $4, $5, $6, $7, $8, $9, $10, $11, $12), 值数量: 1
INFO:app.core.database:连接数据库: 172.16.10.196:5432/db_house
INFO:app.core.database:批量执行SQL完成
INFO:app.services.data_generator:表 oms_order 已插入剩余 1 条记录并缓存主键值
INFO:app.services.data_generator:依赖表 oms_order 生成完成，记录数: 1
INFO:app.services.data_generator:开始为依赖表 fms_financial_transaction 生成数据
INFO:app.core.database:批量执行SQL，查询: INSERT INTO fms_financial_transaction (transaction_id, order_id, payment_method, transaction_type, transaction_amount, transaction_status, transaction_time) VALUES ($1, $2, $3, $4, $5, $6, $7), 值数量: 1
INFO:app.core.database:连接数据库: 172.16.10.196:5432/db_house
INFO:app.core.database:批量执行SQL完成
INFO:app.services.data_generator:表 fms_financial_transaction 已插入剩余 1 条记录并缓存主键值
INFO:app.services.data_generator:依赖表 fms_financial_transaction 生成完成，记录数: 1
INFO:app.services.data_generator:开始为依赖表 lms_shipment 生成数据
INFO:app.core.database:批量执行SQL，查询: INSERT INTO lms_shipment (shipment_id, order_id, carrier, sender_address, receiver_info, current_status, shipping_time, estimated_delivery, actual_delivery) VALUES ($1, $2, $3, $4, $5, $6, $7, $8, $9), 值数量: 1
INFO:app.core.database:连接数据库: 172.16.10.196:5432/db_house
INFO:app.core.database:批量执行SQL完成
INFO:app.services.data_generator:表 lms_shipment 已插入剩余 1 条记录并缓存主键值
INFO:app.services.data_generator:依赖表 lms_shipment 生成完成，记录数: 1
INFO:app.services.data_generator:开始为依赖表 oms_order_item 生成数据
INFO:app.core.database:批量执行SQL，查询: INSERT INTO oms_order_item (id, order_id, product_sku, product_name, quantity, price) VALUES ($1, $2, $3, $4, $5, $6), 值数量: 1
INFO:app.core.database:连接数据库: 172.16.10.196:5432/db_house
INFO:app.core.database:批量执行SQL完成
INFO:app.services.data_generator:表 oms_order_item 已插入剩余 1 条记录并缓存主键值
INFO:app.services.data_generator:依赖表 oms_order_item 生成完成，记录数: 1
INFO:app.services.data_generator:数据生成完成，总记录数: 7
INFO:app.services.data_generator:退出 generate_data_for_tables 方法
INFO:app.services.data_generator:开始 generate_data_for_tables 方法
INFO:app.services.data_generator:独立表（阶段1）: ['crawler_competitor_price', 'crm_customer', 'ext_market_trend']
INFO:app.services.data_generator:依赖表（阶段2）: ['oms_order', 'lms_shipment', 'fms_financial_transaction', 'oms_order_item']
INFO:app.services.data_generator:初始化数据库计数器
INFO:app.core.database:执行查询: SELECT MAX(id) FROM crawler_competitor_price, 参数: ()
INFO:app.core.database:连接数据库: 172.16.10.196:5432/db_house
INFO:app.core.database:查询执行成功
INFO:app.core.database:执行查询: SELECT MAX(id) FROM ext_market_trend, 参数: ()
INFO:app.core.database:连接数据库: 172.16.10.196:5432/db_house
INFO:app.core.database:查询执行成功
INFO:app.core.database:执行查询: SELECT MAX(id) FROM oms_order_item, 参数: ()
INFO:app.core.database:连接数据库: 172.16.10.196:5432/db_house
INFO:app.core.database:查询执行成功
INFO:app.services.data_generator:计数器初始化完成: {'crawler_competitor_price_id': 27, 'ext_market_trend_id': 27, 'oms_order_item_id': 27}
INFO:app.services.data_generator:开始处理日期: 2025-10-21
INFO:app.services.data_generator:当天计划生成记录数: 1
INFO:app.services.data_generator:已清空外键缓存
INFO:app.services.data_generator:=== 阶段1：生成独立表 ===
INFO:app.services.data_generator:开始为独立表 crawler_competitor_price 生成数据
INFO:app.core.database:批量执行SQL，查询: INSERT INTO crawler_competitor_price (id, crawl_time, platform, competitor_name, product_name, product_sku, price, promotion_info, is_in_stock) VALUES ($1, $2, $3, $4, $5, $6, $7, $8, $9), 值数量: 1
INFO:app.core.database:连接数据库: 172.16.10.196:5432/db_house
INFO:app.core.database:批量执行SQL完成
INFO:app.services.data_generator:表 crawler_competitor_price 已插入剩余 1 条记录并缓存主键值
INFO:app.services.data_generator:独立表 crawler_competitor_price 生成完成，记录数: 1
INFO:app.services.data_generator:开始为独立表 crm_customer 生成数据
INFO:app.core.database:批量执行SQL，查询: INSERT INTO crm_customer (customer_id, name, gender, phone, email, birthday, address, create_time, update_time, is_deleted) VALUES ($1, $2, $3, $4, $5, $6, $7, $8, $9, $10), 值数量: 1
INFO:app.core.database:连接数据库: 172.16.10.196:5432/db_house
INFO:app.core.database:批量执行SQL完成
INFO:app.services.data_generator:表 crm_customer 已插入剩余 1 条记录并缓存主键值
INFO:app.services.data_generator:独立表 crm_customer 生成完成，记录数: 1
INFO:app.services.data_generator:开始为独立表 ext_market_trend 生成数据
INFO:app.core.database:批量执行SQL，查询: INSERT INTO ext_market_trend (id, period, region, category, market_size, growth_rate, data_source) VALUES ($1, $2, $3, $4, $5, $6, $7), 值数量: 1
INFO:app.core.database:连接数据库: 172.16.10.196:5432/db_house
INFO:app.core.database:批量执行SQL完成
INFO:app.services.data_generator:表 ext_market_trend 已插入剩余 1 条记录并缓存主键值
INFO:app.services.data_generator:独立表 ext_market_trend 生成完成，记录数: 1
INFO:app.services.data_generator:=== 阶段2：生成依赖表 ===
INFO:app.services.data_generator:表依赖排序结果: ['oms_order', 'fms_financial_transaction', 'lms_shipment', 'oms_order_item']
INFO:app.services.data_generator:排序后的依赖表: ['oms_order', 'fms_financial_transaction', 'lms_shipment', 'oms_order_item']
INFO:app.services.data_generator:开始为依赖表 oms_order 生成数据
INFO:app.core.database:批量执行SQL，查询: INSERT INTO oms_order (order_id, order_channel, customer_code, order_amount, discount_amount, pay_amount, order_status, province, city, district, detail_address, order_time) VALUES ($1, $2, $3, $4, $5, $6, $7, $8, $9, $10, $11, $12), 值数量: 1
INFO:app.core.database:连接数据库: 172.16.10.196:5432/db_house
INFO:app.core.database:批量执行SQL完成
INFO:app.services.data_generator:表 oms_order 已插入剩余 1 条记录并缓存主键值
INFO:app.services.data_generator:依赖表 oms_order 生成完成，记录数: 1
INFO:app.services.data_generator:开始为依赖表 fms_financial_transaction 生成数据
INFO:app.core.database:批量执行SQL，查询: INSERT INTO fms_financial_transaction (transaction_id, order_id, payment_method, transaction_type, transaction_amount, transaction_status, transaction_time) VALUES ($1, $2, $3, $4, $5, $6, $7), 值数量: 1
INFO:app.core.database:连接数据库: 172.16.10.196:5432/db_house
INFO:app.core.database:批量执行SQL完成
INFO:app.services.data_generator:表 fms_financial_transaction 已插入剩余 1 条记录并缓存主键值
INFO:app.services.data_generator:依赖表 fms_financial_transaction 生成完成，记录数: 1
INFO:app.services.data_generator:开始为依赖表 lms_shipment 生成数据
INFO:app.core.database:批量执行SQL，查询: INSERT INTO lms_shipment (shipment_id, order_id, carrier, sender_address, receiver_info, current_status, shipping_time, estimated_delivery, actual_delivery) VALUES ($1, $2, $3, $4, $5, $6, $7, $8, $9), 值数量: 1
INFO:app.core.database:连接数据库: 172.16.10.196:5432/db_house
INFO:app.core.database:批量执行SQL完成
INFO:app.services.data_generator:表 lms_shipment 已插入剩余 1 条记录并缓存主键值
INFO:app.services.data_generator:依赖表 lms_shipment 生成完成，记录数: 1
INFO:app.services.data_generator:开始为依赖表 oms_order_item 生成数据
INFO:app.core.database:批量执行SQL，查询: INSERT INTO oms_order_item (id, order_id, product_sku, product_name, quantity, price) VALUES ($1, $2, $3, $4, $5, $6), 值数量: 1
INFO:app.core.database:连接数据库: 172.16.10.196:5432/db_house
INFO:app.core.database:批量执行SQL完成
INFO:app.services.data_generator:表 oms_order_item 已插入剩余 1 条记录并缓存主键值
INFO:app.services.data_generator:依赖表 oms_order_item 生成完成，记录数: 1
INFO:app.services.data_generator:数据生成完成，总记录数: 7
INFO:app.services.data_generator:退出 generate_data_for_tables 方法
INFO:app.services.data_generator:开始 generate_data_for_tables 方法
INFO:app.services.data_generator:独立表（阶段1）: ['crawler_competitor_price', 'crm_customer', 'ext_market_trend']
INFO:app.services.data_generator:依赖表（阶段2）: ['oms_order', 'lms_shipment', 'fms_financial_transaction', 'oms_order_item']
INFO:app.services.data_generator:初始化数据库计数器
INFO:app.core.database:执行查询: SELECT MAX(id) FROM crawler_competitor_price, 参数: ()
INFO:app.core.database:连接数据库: 172.16.10.196:5432/db_house
INFO:app.core.database:查询执行成功
INFO:app.core.database:执行查询: SELECT MAX(id) FROM ext_market_trend, 参数: ()
INFO:app.core.database:连接数据库: 172.16.10.196:5432/db_house
INFO:app.core.database:查询执行成功
INFO:app.core.database:执行查询: SELECT MAX(id) FROM oms_order_item, 参数: ()
INFO:app.core.database:连接数据库: 172.16.10.196:5432/db_house
INFO:app.core.database:查询执行成功
INFO:app.services.data_generator:计数器初始化完成: {'crawler_competitor_price_id': 28, 'ext_market_trend_id': 28, 'oms_order_item_id': 28}
INFO:app.services.data_generator:开始处理日期: 2025-10-21
INFO:app.services.data_generator:当天计划生成记录数: 1
INFO:app.services.data_generator:已清空外键缓存
INFO:app.services.data_generator:=== 阶段1：生成独立表 ===
INFO:app.services.data_generator:开始为独立表 crawler_competitor_price 生成数据
INFO:app.core.database:批量执行SQL，查询: INSERT INTO crawler_competitor_price (id, crawl_time, platform, competitor_name, product_name, product_sku, price, promotion_info, is_in_stock) VALUES ($1, $2, $3, $4, $5, $6, $7, $8, $9), 值数量: 1
INFO:app.core.database:连接数据库: 172.16.10.196:5432/db_house
INFO:app.core.database:批量执行SQL完成
INFO:app.services.data_generator:表 crawler_competitor_price 已插入剩余 1 条记录并缓存主键值
INFO:app.services.data_generator:独立表 crawler_competitor_price 生成完成，记录数: 1
INFO:app.services.data_generator:开始为独立表 crm_customer 生成数据
INFO:app.core.database:批量执行SQL，查询: INSERT INTO crm_customer (customer_id, name, gender, phone, email, birthday, address, create_time, update_time, is_deleted) VALUES ($1, $2, $3, $4, $5, $6, $7, $8, $9, $10), 值数量: 1
INFO:app.core.database:连接数据库: 172.16.10.196:5432/db_house
INFO:app.core.database:批量执行SQL完成
INFO:app.services.data_generator:表 crm_customer 已插入剩余 1 条记录并缓存主键值
INFO:app.services.data_generator:独立表 crm_customer 生成完成，记录数: 1
INFO:app.services.data_generator:开始为独立表 ext_market_trend 生成数据
INFO:app.core.database:批量执行SQL，查询: INSERT INTO ext_market_trend (id, period, region, category, market_size, growth_rate, data_source) VALUES ($1, $2, $3, $4, $5, $6, $7), 值数量: 1
INFO:app.core.database:连接数据库: 172.16.10.196:5432/db_house
INFO:app.core.database:批量执行SQL完成
INFO:app.services.data_generator:表 ext_market_trend 已插入剩余 1 条记录并缓存主键值
INFO:app.services.data_generator:独立表 ext_market_trend 生成完成，记录数: 1
INFO:app.services.data_generator:=== 阶段2：生成依赖表 ===
INFO:app.services.data_generator:表依赖排序结果: ['oms_order', 'fms_financial_transaction', 'lms_shipment', 'oms_order_item']
INFO:app.services.data_generator:排序后的依赖表: ['oms_order', 'fms_financial_transaction', 'lms_shipment', 'oms_order_item']
INFO:app.services.data_generator:开始为依赖表 oms_order 生成数据
INFO:app.core.database:批量执行SQL，查询: INSERT INTO oms_order (order_id, order_channel, customer_code, order_amount, discount_amount, pay_amount, order_status, province, city, district, detail_address, order_time) VALUES ($1, $2, $3, $4, $5, $6, $7, $8, $9, $10, $11, $12), 值数量: 1
INFO:app.core.database:连接数据库: 172.16.10.196:5432/db_house
INFO:app.core.database:批量执行SQL完成
INFO:app.services.data_generator:表 oms_order 已插入剩余 1 条记录并缓存主键值
INFO:app.services.data_generator:依赖表 oms_order 生成完成，记录数: 1
INFO:app.services.data_generator:开始为依赖表 fms_financial_transaction 生成数据
INFO:app.core.database:批量执行SQL，查询: INSERT INTO fms_financial_transaction (transaction_id, order_id, payment_method, transaction_type, transaction_amount, transaction_status, transaction_time) VALUES ($1, $2, $3, $4, $5, $6, $7), 值数量: 1
INFO:app.core.database:连接数据库: 172.16.10.196:5432/db_house
INFO:app.core.database:批量执行SQL完成
INFO:app.services.data_generator:表 fms_financial_transaction 已插入剩余 1 条记录并缓存主键值
INFO:app.services.data_generator:依赖表 fms_financial_transaction 生成完成，记录数: 1
INFO:app.services.data_generator:开始为依赖表 lms_shipment 生成数据
INFO:app.core.database:批量执行SQL，查询: INSERT INTO lms_shipment (shipment_id, order_id, carrier, sender_address, receiver_info, current_status, shipping_time, estimated_delivery, actual_delivery) VALUES ($1, $2, $3, $4, $5, $6, $7, $8, $9), 值数量: 1
INFO:app.core.database:连接数据库: 172.16.10.196:5432/db_house
INFO:app.core.database:批量执行SQL完成
INFO:app.services.data_generator:表 lms_shipment 已插入剩余 1 条记录并缓存主键值
INFO:app.services.data_generator:依赖表 lms_shipment 生成完成，记录数: 1
INFO:app.services.data_generator:开始为依赖表 oms_order_item 生成数据
INFO:app.core.database:批量执行SQL，查询: INSERT INTO oms_order_item (id, order_id, product_sku, product_name, quantity, price) VALUES ($1, $2, $3, $4, $5, $6), 值数量: 1
INFO:app.core.database:连接数据库: 172.16.10.196:5432/db_house
INFO:app.core.database:批量执行SQL完成
INFO:app.services.data_generator:表 oms_order_item 已插入剩余 1 条记录并缓存主键值
INFO:app.services.data_generator:依赖表 oms_order_item 生成完成，记录数: 1
INFO:app.services.data_generator:数据生成完成，总记录数: 7
INFO:app.services.data_generator:退出 generate_data_for_tables 方法
INFO:app.services.data_generator:开始 generate_data_for_tables 方法
INFO:app.services.data_generator:独立表（阶段1）: ['crawler_competitor_price', 'crm_customer', 'ext_market_trend']
INFO:app.services.data_generator:依赖表（阶段2）: ['oms_order', 'lms_shipment', 'fms_financial_transaction', 'oms_order_item']
INFO:app.services.data_generator:初始化数据库计数器
INFO:app.core.database:执行查询: SELECT MAX(id) FROM crawler_competitor_price, 参数: ()
INFO:app.core.database:连接数据库: 172.16.10.196:5432/db_house
INFO:app.core.database:查询执行成功
INFO:app.core.database:执行查询: SELECT MAX(id) FROM ext_market_trend, 参数: ()
INFO:app.core.database:连接数据库: 172.16.10.196:5432/db_house
INFO:app.core.database:查询执行成功
INFO:app.core.database:执行查询: SELECT MAX(id) FROM oms_order_item, 参数: ()
INFO:app.core.database:连接数据库: 172.16.10.196:5432/db_house
INFO:app.core.database:查询执行成功
INFO:app.services.data_generator:计数器初始化完成: {'crawler_competitor_price_id': 29, 'ext_market_trend_id': 29, 'oms_order_item_id': 29}
INFO:app.services.data_generator:开始处理日期: 2025-10-21
INFO:app.services.data_generator:当天计划生成记录数: 1
INFO:app.services.data_generator:已清空外键缓存
INFO:app.services.data_generator:=== 阶段1：生成独立表 ===
INFO:app.services.data_generator:开始为独立表 crawler_competitor_price 生成数据
INFO:app.core.database:批量执行SQL，查询: INSERT INTO crawler_competitor_price (id, crawl_time, platform, competitor_name, product_name, product_sku, price, promotion_info, is_in_stock) VALUES ($1, $2, $3, $4, $5, $6, $7, $8, $9), 值数量: 1
INFO:app.core.database:连接数据库: 172.16.10.196:5432/db_house
INFO:app.core.database:批量执行SQL完成
INFO:app.services.data_generator:表 crawler_competitor_price 已插入剩余 1 条记录并缓存主键值
INFO:app.services.data_generator:独立表 crawler_competitor_price 生成完成，记录数: 1
INFO:app.services.data_generator:开始为独立表 crm_customer 生成数据
INFO:app.core.database:批量执行SQL，查询: INSERT INTO crm_customer (customer_id, name, gender, phone, email, birthday, address, create_time, update_time, is_deleted) VALUES ($1, $2, $3, $4, $5, $6, $7, $8, $9, $10), 值数量: 1
INFO:app.core.database:连接数据库: 172.16.10.196:5432/db_house
INFO:app.core.database:批量执行SQL完成
INFO:app.services.data_generator:表 crm_customer 已插入剩余 1 条记录并缓存主键值
INFO:app.services.data_generator:独立表 crm_customer 生成完成，记录数: 1
INFO:app.services.data_generator:开始为独立表 ext_market_trend 生成数据
INFO:app.core.database:批量执行SQL，查询: INSERT INTO ext_market_trend (id, period, region, category, market_size, growth_rate, data_source) VALUES ($1, $2, $3, $4, $5, $6, $7), 值数量: 1
INFO:app.core.database:连接数据库: 172.16.10.196:5432/db_house
INFO:app.core.database:批量执行SQL完成
INFO:app.services.data_generator:表 ext_market_trend 已插入剩余 1 条记录并缓存主键值
INFO:app.services.data_generator:独立表 ext_market_trend 生成完成，记录数: 1
INFO:app.services.data_generator:=== 阶段2：生成依赖表 ===
INFO:app.services.data_generator:表依赖排序结果: ['oms_order', 'fms_financial_transaction', 'lms_shipment', 'oms_order_item']
INFO:app.services.data_generator:排序后的依赖表: ['oms_order', 'fms_financial_transaction', 'lms_shipment', 'oms_order_item']
INFO:app.services.data_generator:开始为依赖表 oms_order 生成数据
INFO:app.core.database:批量执行SQL，查询: INSERT INTO oms_order (order_id, order_channel, customer_code, order_amount, discount_amount, pay_amount, order_status, province, city, district, detail_address, order_time) VALUES ($1, $2, $3, $4, $5, $6, $7, $8, $9, $10, $11, $12), 值数量: 1
INFO:app.core.database:连接数据库: 172.16.10.196:5432/db_house
INFO:app.core.database:批量执行SQL完成
INFO:app.services.data_generator:表 oms_order 已插入剩余 1 条记录并缓存主键值
INFO:app.services.data_generator:依赖表 oms_order 生成完成，记录数: 1
INFO:app.services.data_generator:开始为依赖表 fms_financial_transaction 生成数据
INFO:app.core.database:批量执行SQL，查询: INSERT INTO fms_financial_transaction (transaction_id, order_id, payment_method, transaction_type, transaction_amount, transaction_status, transaction_time) VALUES ($1, $2, $3, $4, $5, $6, $7), 值数量: 1
INFO:app.core.database:连接数据库: 172.16.10.196:5432/db_house
INFO:app.core.database:批量执行SQL完成
INFO:app.services.data_generator:表 fms_financial_transaction 已插入剩余 1 条记录并缓存主键值
INFO:app.services.data_generator:依赖表 fms_financial_transaction 生成完成，记录数: 1
INFO:app.services.data_generator:开始为依赖表 lms_shipment 生成数据
INFO:app.core.database:批量执行SQL，查询: INSERT INTO lms_shipment (shipment_id, order_id, carrier, sender_address, receiver_info, current_status, shipping_time, estimated_delivery, actual_delivery) VALUES ($1, $2, $3, $4, $5, $6, $7, $8, $9), 值数量: 1
INFO:app.core.database:连接数据库: 172.16.10.196:5432/db_house
INFO:app.core.database:批量执行SQL完成
INFO:app.services.data_generator:表 lms_shipment 已插入剩余 1 条记录并缓存主键值
INFO:app.services.data_generator:依赖表 lms_shipment 生成完成，记录数: 1
INFO:app.services.data_generator:开始为依赖表 oms_order_item 生成数据
INFO:app.core.database:批量执行SQL，查询: INSERT INTO oms_order_item (id, order_id, product_sku, product_name, quantity, price) VALUES ($1, $2, $3, $4, $5, $6), 值数量: 1
INFO:app.core.database:连接数据库: 172.16.10.196:5432/db_house
INFO:app.core.database:批量执行SQL完成
INFO:app.services.data_generator:表 oms_order_item 已插入剩余 1 条记录并缓存主键值
INFO:app.services.data_generator:依赖表 oms_order_item 生成完成，记录数: 1
INFO:app.services.data_generator:数据生成完成，总记录数: 7
INFO:app.services.data_generator:退出 generate_data_for_tables 方法
INFO:app.services.data_generator:开始 generate_data_for_tables 方法
INFO:app.services.data_generator:独立表（阶段1）: ['crawler_competitor_price', 'crm_customer', 'ext_market_trend']
INFO:app.services.data_generator:依赖表（阶段2）: ['oms_order', 'lms_shipment', 'fms_financial_transaction', 'oms_order_item']
INFO:app.services.data_generator:初始化数据库计数器
INFO:app.core.database:执行查询: SELECT MAX(id) FROM crawler_competitor_price, 参数: ()
INFO:app.core.database:连接数据库: 172.16.10.196:5432/db_house
INFO:app.core.database:查询执行成功
INFO:app.core.database:执行查询: SELECT MAX(id) FROM ext_market_trend, 参数: ()
INFO:app.core.database:连接数据库: 172.16.10.196:5432/db_house
INFO:app.core.database:查询执行成功
INFO:app.core.database:执行查询: SELECT MAX(id) FROM oms_order_item, 参数: ()
INFO:app.core.database:连接数据库: 172.16.10.196:5432/db_house
INFO:app.core.database:查询执行成功
INFO:app.services.data_generator:计数器初始化完成: {'crawler_competitor_price_id': 30, 'ext_market_trend_id': 30, 'oms_order_item_id': 30}
INFO:app.services.data_generator:开始处理日期: 2025-10-21
INFO:app.services.data_generator:当天计划生成记录数: 1
INFO:app.services.data_generator:已清空外键缓存
INFO:app.services.data_generator:=== 阶段1：生成独立表 ===
INFO:app.services.data_generator:开始为独立表 crawler_competitor_price 生成数据
INFO:app.core.database:批量执行SQL，查询: INSERT INTO crawler_competitor_price (id, crawl_time, platform, competitor_name, product_name, product_sku, price, promotion_info, is_in_stock) VALUES ($1, $2, $3, $4, $5, $6, $7, $8, $9), 值数量: 1
INFO:app.core.database:连接数据库: 172.16.10.196:5432/db_house
INFO:app.core.database:批量执行SQL完成
INFO:app.services.data_generator:表 crawler_competitor_price 已插入剩余 1 条记录并缓存主键值
INFO:app.services.data_generator:独立表 crawler_competitor_price 生成完成，记录数: 1
INFO:app.services.data_generator:开始为独立表 crm_customer 生成数据
INFO:app.core.database:批量执行SQL，查询: INSERT INTO crm_customer (customer_id, name, gender, phone, email, birthday, address, create_time, update_time, is_deleted) VALUES ($1, $2, $3, $4, $5, $6, $7, $8, $9, $10), 值数量: 1
INFO:app.core.database:连接数据库: 172.16.10.196:5432/db_house
INFO:app.core.database:批量执行SQL完成
INFO:app.services.data_generator:表 crm_customer 已插入剩余 1 条记录并缓存主键值
INFO:app.services.data_generator:独立表 crm_customer 生成完成，记录数: 1
INFO:app.services.data_generator:开始为独立表 ext_market_trend 生成数据
INFO:app.core.database:批量执行SQL，查询: INSERT INTO ext_market_trend (id, period, region, category, market_size, growth_rate, data_source) VALUES ($1, $2, $3, $4, $5, $6, $7), 值数量: 1
INFO:app.core.database:连接数据库: 172.16.10.196:5432/db_house
INFO:app.core.database:批量执行SQL完成
INFO:app.services.data_generator:表 ext_market_trend 已插入剩余 1 条记录并缓存主键值
INFO:app.services.data_generator:独立表 ext_market_trend 生成完成，记录数: 1
INFO:app.services.data_generator:=== 阶段2：生成依赖表 ===
INFO:app.services.data_generator:表依赖排序结果: ['oms_order', 'fms_financial_transaction', 'lms_shipment', 'oms_order_item']
INFO:app.services.data_generator:排序后的依赖表: ['oms_order', 'fms_financial_transaction', 'lms_shipment', 'oms_order_item']
INFO:app.services.data_generator:开始为依赖表 oms_order 生成数据
INFO:app.core.database:批量执行SQL，查询: INSERT INTO oms_order (order_id, order_channel, customer_code, order_amount, discount_amount, pay_amount, order_status, province, city, district, detail_address, order_time) VALUES ($1, $2, $3, $4, $5, $6, $7, $8, $9, $10, $11, $12), 值数量: 1
INFO:app.core.database:连接数据库: 172.16.10.196:5432/db_house
INFO:app.core.database:批量执行SQL完成
INFO:app.services.data_generator:表 oms_order 已插入剩余 1 条记录并缓存主键值
INFO:app.services.data_generator:依赖表 oms_order 生成完成，记录数: 1
INFO:app.services.data_generator:开始为依赖表 fms_financial_transaction 生成数据
INFO:app.core.database:批量执行SQL，查询: INSERT INTO fms_financial_transaction (transaction_id, order_id, payment_method, transaction_type, transaction_amount, transaction_status, transaction_time) VALUES ($1, $2, $3, $4, $5, $6, $7), 值数量: 1
INFO:app.core.database:连接数据库: 172.16.10.196:5432/db_house
INFO:app.core.database:批量执行SQL完成
INFO:app.services.data_generator:表 fms_financial_transaction 已插入剩余 1 条记录并缓存主键值
INFO:app.services.data_generator:依赖表 fms_financial_transaction 生成完成，记录数: 1
INFO:app.services.data_generator:开始为依赖表 lms_shipment 生成数据
INFO:app.core.database:批量执行SQL，查询: INSERT INTO lms_shipment (shipment_id, order_id, carrier, sender_address, receiver_info, current_status, shipping_time, estimated_delivery, actual_delivery) VALUES ($1, $2, $3, $4, $5, $6, $7, $8, $9), 值数量: 1
INFO:app.core.database:连接数据库: 172.16.10.196:5432/db_house
INFO:app.core.database:批量执行SQL完成
INFO:app.services.data_generator:表 lms_shipment 已插入剩余 1 条记录并缓存主键值
INFO:app.services.data_generator:依赖表 lms_shipment 生成完成，记录数: 1
INFO:app.services.data_generator:开始为依赖表 oms_order_item 生成数据
INFO:app.core.database:批量执行SQL，查询: INSERT INTO oms_order_item (id, order_id, product_sku, product_name, quantity, price) VALUES ($1, $2, $3, $4, $5, $6), 值数量: 1
INFO:app.core.database:连接数据库: 172.16.10.196:5432/db_house
INFO:app.core.database:批量执行SQL完成
INFO:app.services.data_generator:表 oms_order_item 已插入剩余 1 条记录并缓存主键值
INFO:app.services.data_generator:依赖表 oms_order_item 生成完成，记录数: 1
INFO:app.services.data_generator:数据生成完成，总记录数: 7
INFO:app.services.data_generator:退出 generate_data_for_tables 方法
INFO:app.services.data_generator:开始 generate_data_for_tables 方法
INFO:app.services.data_generator:独立表（阶段1）: ['crawler_competitor_price', 'crm_customer', 'ext_market_trend']
INFO:app.services.data_generator:依赖表（阶段2）: ['oms_order', 'lms_shipment', 'fms_financial_transaction', 'oms_order_item']
INFO:app.services.data_generator:初始化数据库计数器
INFO:app.core.database:执行查询: SELECT MAX(id) FROM crawler_competitor_price, 参数: ()
INFO:app.core.database:连接数据库: 172.16.10.196:5432/db_house
INFO:app.core.database:查询执行成功
INFO:app.core.database:执行查询: SELECT MAX(id) FROM ext_market_trend, 参数: ()
INFO:app.core.database:连接数据库: 172.16.10.196:5432/db_house
INFO:app.core.database:查询执行成功
INFO:app.core.database:执行查询: SELECT MAX(id) FROM oms_order_item, 参数: ()
INFO:app.core.database:连接数据库: 172.16.10.196:5432/db_house
INFO:app.core.database:查询执行成功
INFO:app.services.data_generator:计数器初始化完成: {'crawler_competitor_price_id': 31, 'ext_market_trend_id': 31, 'oms_order_item_id': 31}
INFO:app.services.data_generator:开始处理日期: 2025-10-21
INFO:app.services.data_generator:当天计划生成记录数: 1
INFO:app.services.data_generator:已清空外键缓存
INFO:app.services.data_generator:=== 阶段1：生成独立表 ===
INFO:app.services.data_generator:开始为独立表 crawler_competitor_price 生成数据
INFO:app.core.database:批量执行SQL，查询: INSERT INTO crawler_competitor_price (id, crawl_time, platform, competitor_name, product_name, product_sku, price, promotion_info, is_in_stock) VALUES ($1, $2, $3, $4, $5, $6, $7, $8, $9), 值数量: 1
INFO:app.core.database:连接数据库: 172.16.10.196:5432/db_house
INFO:app.core.database:批量执行SQL完成
INFO:app.services.data_generator:表 crawler_competitor_price 已插入剩余 1 条记录并缓存主键值
INFO:app.services.data_generator:独立表 crawler_competitor_price 生成完成，记录数: 1
INFO:app.services.data_generator:开始为独立表 crm_customer 生成数据
INFO:app.core.database:批量执行SQL，查询: INSERT INTO crm_customer (customer_id, name, gender, phone, email, birthday, address, create_time, update_time, is_deleted) VALUES ($1, $2, $3, $4, $5, $6, $7, $8, $9, $10), 值数量: 1
INFO:app.core.database:连接数据库: 172.16.10.196:5432/db_house
INFO:app.core.database:批量执行SQL完成
INFO:app.services.data_generator:表 crm_customer 已插入剩余 1 条记录并缓存主键值
INFO:app.services.data_generator:独立表 crm_customer 生成完成，记录数: 1
INFO:app.services.data_generator:开始为独立表 ext_market_trend 生成数据
INFO:app.core.database:批量执行SQL，查询: INSERT INTO ext_market_trend (id, period, region, category, market_size, growth_rate, data_source) VALUES ($1, $2, $3, $4, $5, $6, $7), 值数量: 1
INFO:app.core.database:连接数据库: 172.16.10.196:5432/db_house
INFO:app.core.database:批量执行SQL完成
INFO:app.services.data_generator:表 ext_market_trend 已插入剩余 1 条记录并缓存主键值
INFO:app.services.data_generator:独立表 ext_market_trend 生成完成，记录数: 1
INFO:app.services.data_generator:=== 阶段2：生成依赖表 ===
INFO:app.services.data_generator:表依赖排序结果: ['oms_order', 'fms_financial_transaction', 'lms_shipment', 'oms_order_item']
INFO:app.services.data_generator:排序后的依赖表: ['oms_order', 'fms_financial_transaction', 'lms_shipment', 'oms_order_item']
INFO:app.services.data_generator:开始为依赖表 oms_order 生成数据
INFO:app.core.database:批量执行SQL，查询: INSERT INTO oms_order (order_id, order_channel, customer_code, order_amount, discount_amount, pay_amount, order_status, province, city, district, detail_address, order_time) VALUES ($1, $2, $3, $4, $5, $6, $7, $8, $9, $10, $11, $12), 值数量: 1
INFO:app.core.database:连接数据库: 172.16.10.196:5432/db_house
INFO:app.core.database:批量执行SQL完成
INFO:app.services.data_generator:表 oms_order 已插入剩余 1 条记录并缓存主键值
INFO:app.services.data_generator:依赖表 oms_order 生成完成，记录数: 1
INFO:app.services.data_generator:开始为依赖表 fms_financial_transaction 生成数据
INFO:app.core.database:批量执行SQL，查询: INSERT INTO fms_financial_transaction (transaction_id, order_id, payment_method, transaction_type, transaction_amount, transaction_status, transaction_time) VALUES ($1, $2, $3, $4, $5, $6, $7), 值数量: 1
INFO:app.core.database:连接数据库: 172.16.10.196:5432/db_house
INFO:app.core.database:批量执行SQL完成
INFO:app.services.data_generator:表 fms_financial_transaction 已插入剩余 1 条记录并缓存主键值
INFO:app.services.data_generator:依赖表 fms_financial_transaction 生成完成，记录数: 1
INFO:app.services.data_generator:开始为依赖表 lms_shipment 生成数据
INFO:app.core.database:批量执行SQL，查询: INSERT INTO lms_shipment (shipment_id, order_id, carrier, sender_address, receiver_info, current_status, shipping_time, estimated_delivery, actual_delivery) VALUES ($1, $2, $3, $4, $5, $6, $7, $8, $9), 值数量: 1
INFO:app.core.database:连接数据库: 172.16.10.196:5432/db_house
INFO:app.core.database:批量执行SQL完成
INFO:app.services.data_generator:表 lms_shipment 已插入剩余 1 条记录并缓存主键值
INFO:app.services.data_generator:依赖表 lms_shipment 生成完成，记录数: 1
INFO:app.services.data_generator:开始为依赖表 oms_order_item 生成数据
INFO:app.core.database:批量执行SQL，查询: INSERT INTO oms_order_item (id, order_id, product_sku, product_name, quantity, price) VALUES ($1, $2, $3, $4, $5, $6), 值数量: 1
INFO:app.core.database:连接数据库: 172.16.10.196:5432/db_house
INFO:app.core.database:批量执行SQL完成
INFO:app.services.data_generator:表 oms_order_item 已插入剩余 1 条记录并缓存主键值
INFO:app.services.data_generator:依赖表 oms_order_item 生成完成，记录数: 1
INFO:app.services.data_generator:数据生成完成，总记录数: 7
INFO:app.services.data_generator:退出 generate_data_for_tables 方法
数据库连接URL----: postgresql://isap_admin:113RfkdsDMDb6H7T@172.16.10.196:5432/db_house
[2025-10-21 16:48:26.892424] ✅ 成功连接到数据库: db_house
[2025-10-21 16:48:26.892439] 🚀 启动持续数据生成服务 (任务ID: 97ae771b)
   表: oms_order, crawler_competitor_price, lms_shipment, crm_customer, fms_financial_transaction, ext_market_trend, oms_order_item
   间隔: 1 秒
   每批记录数: 1
   任务ID: 97ae771b
   日志文件: logs/background_service_97ae771b.log
   按 Ctrl+C 停止服务
[2025-10-21 16:48:26.892452] 📦 开始生成第 1 批数据...
[2025-10-21 16:48:28.312143] 📦 生成了 7 条记录
[2025-10-21 16:48:28.312164] ✅ 第 1 批数据生成完成
[2025-10-21 16:48:28.312168] ⏱️ 等待 1 秒后继续...
[2025-10-21 16:48:29.313389] 📦 开始生成第 2 批数据...
[2025-10-21 16:48:30.350973] 📦 生成了 7 条记录
[2025-10-21 16:48:30.350993] ✅ 第 2 批数据生成完成
[2025-10-21 16:48:30.350998] ⏱️ 等待 1 秒后继续...
[2025-10-21 16:48:31.352070] 📦 开始生成第 3 批数据...
[2025-10-21 16:48:31.705523] 📦 生成了 7 条记录
[2025-10-21 16:48:31.705533] ✅ 第 3 批数据生成完成
[2025-10-21 16:48:31.705535] ⏱️ 等待 1 秒后继续...
[2025-10-21 16:48:32.706603] 📦 开始生成第 4 批数据...
[2025-10-21 16:48:32.907580] 📦 生成了 7 条记录
[2025-10-21 16:48:32.907589] ✅ 第 4 批数据生成完成
[2025-10-21 16:48:32.907591] ⏱️ 等待 1 秒后继续...
[2025-10-21 16:48:33.908713] 📦 开始生成第 5 批数据...
[2025-10-21 16:48:35.233541] 📦 生成了 7 条记录
[2025-10-21 16:48:35.233556] ✅ 第 5 批数据生成完成
[2025-10-21 16:48:35.233560] ⏱️ 等待 1 秒后继续...
[2025-10-21 16:48:36.234722] 📦 开始生成第 6 批数据...
[2025-10-21 16:48:36.878089] 📦 生成了 7 条记录
[2025-10-21 16:48:36.878100] ✅ 第 6 批数据生成完成
[2025-10-21 16:48:36.878102] ⏱️ 等待 1 秒后继续...
[2025-10-21 16:48:37.879229] 📦 开始生成第 7 批数据...
[2025-10-21 16:48:39.155629] 📦 生成了 7 条记录
[2025-10-21 16:48:39.155654] ✅ 第 7 批数据生成完成
[2025-10-21 16:48:39.155662] ⏱️ 等待 1 秒后继续...
[2025-10-21 16:48:40.156751] 📦 开始生成第 8 批数据...
[2025-10-21 16:48:40.566081] 📦 生成了 7 条记录
[2025-10-21 16:48:40.566098] ✅ 第 8 批数据生成完成
[2025-10-21 16:48:40.566102] ⏱️ 等待 1 秒后继续...
[2025-10-21 16:48:41.566810] 📦 开始生成第 9 批数据...
[2025-10-21 16:48:42.618884] 📦 生成了 7 条记录
[2025-10-21 16:48:42.618946] ✅ 第 9 批数据生成完成
[2025-10-21 16:48:42.618955] ⏱️ 等待 1 秒后继续...
[2025-10-21 16:48:43.620100] 📦 开始生成第 10 批数据...
[2025-10-21 16:48:43.762358] 📦 生成了 7 条记录
[2025-10-21 16:48:43.762386] ✅ 第 10 批数据生成完成
[2025-10-21 16:48:43.762391] ⏱️ 等待 1 秒后继续...
[2025-10-21 16:48:44.762592] 📦 开始生成第 11 批数据...
[2025-10-21 16:48:44.896847] 📦 生成了 7 条记录
[2025-10-21 16:48:44.896859] ✅ 第 11 批数据生成完成
[2025-10-21 16:48:44.896863] ⏱️ 等待 1 秒后继续...
[2025-10-21 16:48:45.898002] 📦 开始生成第 12 批数据...
[2025-10-21 16:48:46.032563] 📦 生成了 7 条记录
[2025-10-21 16:48:46.032590] ✅ 第 12 批数据生成完成
[2025-10-21 16:48:46.032598] ⏱️ 等待 1 秒后继续...
[2025-10-21 16:48:47.033723] 📦 开始生成第 13 批数据...
[2025-10-21 16:48:47.162182] 📦 生成了 7 条记录
[2025-10-21 16:48:47.162209] ✅ 第 13 批数据生成完成
[2025-10-21 16:48:47.162217] ⏱️ 等待 1 秒后继续...
[2025-10-21 16:48:48.163356] 📦 开始生成第 14 批数据...
[2025-10-21 16:48:48.576738] 📦 生成了 7 条记录
[2025-10-21 16:48:48.576766] ✅ 第 14 批数据生成完成
[2025-10-21 16:48:48.576774] ⏱️ 等待 1 秒后继续...
[2025-10-21 16:48:49.577670] 📦 开始生成第 15 批数据...
[2025-10-21 16:48:49.974327] 📦 生成了 7 条记录
[2025-10-21 16:48:49.974345] ✅ 第 15 批数据生成完成
[2025-10-21 16:48:49.974350] ⏱️ 等待 1 秒后继续...
[2025-10-21 16:48:50.974774] 📦 开始生成第 16 批数据...
[2025-10-21 16:48:51.110102] 📦 生成了 7 条记录
[2025-10-21 16:48:51.110123] ✅ 第 16 批数据生成完成
[2025-10-21 16:48:51.110128] ⏱️ 等待 1 秒后继续...
[2025-10-21 16:48:52.111310] 📦 开始生成第 17 批数据...
[2025-10-21 16:48:52.603113] 📦 生成了 7 条记录
[2025-10-21 16:48:52.603146] ✅ 第 17 批数据生成完成
[2025-10-21 16:48:52.603153] ⏱️ 等待 1 秒后继续...
[2025-10-21 16:48:53.604294] 📦 开始生成第 18 批数据...
[2025-10-21 16:48:53.795931] 📦 生成了 7 条记录
[2025-10-21 16:48:53.795956] ✅ 第 18 批数据生成完成
[2025-10-21 16:48:53.795964] ⏱️ 等待 1 秒后继续...
[2025-10-21 16:48:54.797114] 📦 开始生成第 19 批数据...
[2025-10-21 16:48:55.507245] 📦 生成了 7 条记录
[2025-10-21 16:48:55.507271] ✅ 第 19 批数据生成完成
[2025-10-21 16:48:55.507280] ⏱️ 等待 1 秒后继续...
[2025-10-21 16:48:56.508458] 📦 开始生成第 20 批数据...
[2025-10-21 16:48:56.822032] 📦 生成了 7 条记录
[2025-10-21 16:48:56.822060] ✅ 第 20 批数据生成完成
[2025-10-21 16:48:56.822068] ⏱️ 等待 1 秒后继续...
[2025-10-21 16:48:57.823223] 📦 开始生成第 21 批数据...
[2025-10-21 16:48:58.304464] 📦 生成了 7 条记录
[2025-10-21 16:48:58.304488] ✅ 第 21 批数据生成完成
[2025-10-21 16:48:58.304491] ⏱️ 等待 1 秒后继续...
[2025-10-21 16:48:59.305397] 📦 开始生成第 22 批数据...
[2025-10-21 16:49:00.073960] 📦 生成了 7 条记录
[2025-10-21 16:49:00.073979] ✅ 第 22 批数据生成完成
[2025-10-21 16:49:00.073983] ⏱️ 等待 1 秒后继续...
[2025-10-21 16:49:01.075117] 📦 开始生成第 23 批数据...
[2025-10-21 16:49:01.658030] 📦 生成了 7 条记录
[2025-10-21 16:49:01.658050] ✅ 第 23 批数据生成完成
[2025-10-21 16:49:01.658054] ⏱️ 等待 1 秒后继续...
[2025-10-21 16:49:02.659192] 📦 开始生成第 24 批数据...
[2025-10-21 16:49:03.087803] 📦 生成了 7 条记录
[2025-10-21 16:49:03.087820] ✅ 第 24 批数据生成完成
[2025-10-21 16:49:03.087823] ⏱️ 等待 1 秒后继续...
[2025-10-21 16:49:04.088993] 📦 开始生成第 25 批数据...
[2025-10-21 16:49:05.870599] 📦 生成了 7 条记录
[2025-10-21 16:49:05.870610] ✅ 第 25 批数据生成完成
[2025-10-21 16:49:05.870612] ⏱️ 等待 1 秒后继续...
[2025-10-21 16:49:06.871752] 📦 开始生成第 26 批数据...
[2025-10-21 16:49:07.378453] 📦 生成了 7 条记录
[2025-10-21 16:49:07.378479] ✅ 第 26 批数据生成完成
[2025-10-21 16:49:07.378487] ⏱️ 等待 1 秒后继续...
[2025-10-21 16:49:08.379675] 📦 开始生成第 27 批数据...
[2025-10-21 16:49:08.525330] 📦 生成了 7 条记录
[2025-10-21 16:49:08.525349] ✅ 第 27 批数据生成完成
[2025-10-21 16:49:08.525353] ⏱️ 等待 1 秒后继续...
[2025-10-21 16:49:09.525698] 📦 开始生成第 28 批数据...
[2025-10-21 16:49:09.954042] 📦 生成了 7 条记录
[2025-10-21 16:49:09.954069] ✅ 第 28 批数据生成完成
[2025-10-21 16:49:09.954078] ⏱️ 等待 1 秒后继续...
[2025-10-21 16:49:10.954982] 📦 开始生成第 29 批数据...
[2025-10-21 16:49:11.287282] 📦 生成了 7 条记录
[2025-10-21 16:49:11.287309] ✅ 第 29 批数据生成完成
[2025-10-21 16:49:11.287317] ⏱️ 等待 1 秒后继续...
[2025-10-21 16:49:12.287662] 📦 开始生成第 30 批数据...
[2025-10-21 16:49:13.216104] 📦 生成了 7 条记录
[2025-10-21 16:49:13.216132] ✅ 第 30 批数据生成完成
[2025-10-21 16:49:13.216141] ⏱️ 等待 1 秒后继续...
[2025-10-21 16:49:14.217538] 📦 开始生成第 31 批数据...
[2025-10-21 16:49:14.573420] 📦 生成了 7 条记录
[2025-10-21 16:49:14.573435] ✅ 第 31 批数据生成完成
[2025-10-21 16:49:14.573438] ⏱️ 等待 1 秒后继续...
[2025-10-21 16:49:15.573629] 📦 开始生成第 32 批数据...
[2025-10-21 16:49:16.394796] 📦 生成了 7 条记录INFO:app.services.data_generator:开始 generate_data_for_tables 方法
INFO:app.services.data_generator:独立表（阶段1）: ['crawler_competitor_price', 'crm_customer', 'ext_market_trend']
INFO:app.services.data_generator:依赖表（阶段2）: ['oms_order', 'lms_shipment', 'fms_financial_transaction', 'oms_order_item']
INFO:app.services.data_generator:初始化数据库计数器
INFO:app.core.database:执行查询: SELECT MAX(id) FROM crawler_competitor_price, 参数: ()
INFO:app.core.database:连接数据库: 172.16.10.196:5432/db_house
INFO:app.core.database:查询执行成功
INFO:app.core.database:执行查询: SELECT MAX(id) FROM ext_market_trend, 参数: ()
INFO:app.core.database:连接数据库: 172.16.10.196:5432/db_house
INFO:app.core.database:查询执行成功
INFO:app.core.database:执行查询: SELECT MAX(id) FROM oms_order_item, 参数: ()
INFO:app.core.database:连接数据库: 172.16.10.196:5432/db_house
INFO:app.core.database:查询执行成功
INFO:app.services.data_generator:计数器初始化完成: {'crawler_competitor_price_id': 32, 'ext_market_trend_id': 32, 'oms_order_item_id': 32}
INFO:app.services.data_generator:开始处理日期: 2025-10-21
INFO:app.services.data_generator:当天计划生成记录数: 1
INFO:app.services.data_generator:已清空外键缓存
INFO:app.services.data_generator:=== 阶段1：生成独立表 ===
INFO:app.services.data_generator:开始为独立表 crawler_competitor_price 生成数据
INFO:app.core.database:批量执行SQL，查询: INSERT INTO crawler_competitor_price (id, crawl_time, platform, competitor_name, product_name, product_sku, price, promotion_info, is_in_stock) VALUES ($1, $2, $3, $4, $5, $6, $7, $8, $9), 值数量: 1
INFO:app.core.database:连接数据库: 172.16.10.196:5432/db_house
INFO:app.core.database:批量执行SQL完成
INFO:app.services.data_generator:表 crawler_competitor_price 已插入剩余 1 条记录并缓存主键值
INFO:app.services.data_generator:独立表 crawler_competitor_price 生成完成，记录数: 1
INFO:app.services.data_generator:开始为独立表 crm_customer 生成数据
INFO:app.core.database:批量执行SQL，查询: INSERT INTO crm_customer (customer_id, name, gender, phone, email, birthday, address, create_time, update_time, is_deleted) VALUES ($1, $2, $3, $4, $5, $6, $7, $8, $9, $10), 值数量: 1
INFO:app.core.database:连接数据库: 172.16.10.196:5432/db_house
INFO:app.core.database:批量执行SQL完成
INFO:app.services.data_generator:表 crm_customer 已插入剩余 1 条记录并缓存主键值
INFO:app.services.data_generator:独立表 crm_customer 生成完成，记录数: 1
INFO:app.services.data_generator:开始为独立表 ext_market_trend 生成数据
INFO:app.core.database:批量执行SQL，查询: INSERT INTO ext_market_trend (id, period, region, category, market_size, growth_rate, data_source) VALUES ($1, $2, $3, $4, $5, $6, $7), 值数量: 1
INFO:app.core.database:连接数据库: 172.16.10.196:5432/db_house
INFO:app.core.database:批量执行SQL完成
INFO:app.services.data_generator:表 ext_market_trend 已插入剩余 1 条记录并缓存主键值
INFO:app.services.data_generator:独立表 ext_market_trend 生成完成，记录数: 1
INFO:app.services.data_generator:=== 阶段2：生成依赖表 ===
INFO:app.services.data_generator:表依赖排序结果: ['oms_order', 'fms_financial_transaction', 'lms_shipment', 'oms_order_item']
INFO:app.services.data_generator:排序后的依赖表: ['oms_order', 'fms_financial_transaction', 'lms_shipment', 'oms_order_item']
INFO:app.services.data_generator:开始为依赖表 oms_order 生成数据
INFO:app.core.database:批量执行SQL，查询: INSERT INTO oms_order (order_id, order_channel, customer_code, order_amount, discount_amount, pay_amount, order_status, province, city, district, detail_address, order_time) VALUES ($1, $2, $3, $4, $5, $6, $7, $8, $9, $10, $11, $12), 值数量: 1
INFO:app.core.database:连接数据库: 172.16.10.196:5432/db_house
INFO:app.core.database:批量执行SQL完成
INFO:app.services.data_generator:表 oms_order 已插入剩余 1 条记录并缓存主键值
INFO:app.services.data_generator:依赖表 oms_order 生成完成，记录数: 1
INFO:app.services.data_generator:开始为依赖表 fms_financial_transaction 生成数据
INFO:app.core.database:批量执行SQL，查询: INSERT INTO fms_financial_transaction (transaction_id, order_id, payment_method, transaction_type, transaction_amount, transaction_status, transaction_time) VALUES ($1, $2, $3, $4, $5, $6, $7), 值数量: 1
INFO:app.core.database:连接数据库: 172.16.10.196:5432/db_house
INFO:app.core.database:批量执行SQL完成
INFO:app.services.data_generator:表 fms_financial_transaction 已插入剩余 1 条记录并缓存主键值
INFO:app.services.data_generator:依赖表 fms_financial_transaction 生成完成，记录数: 1
INFO:app.services.data_generator:开始为依赖表 lms_shipment 生成数据
INFO:app.core.database:批量执行SQL，查询: INSERT INTO lms_shipment (shipment_id, order_id, carrier, sender_address, receiver_info, current_status, shipping_time, estimated_delivery, actual_delivery) VALUES ($1, $2, $3, $4, $5, $6, $7, $8, $9), 值数量: 1
INFO:app.core.database:连接数据库: 172.16.10.196:5432/db_house
INFO:app.core.database:批量执行SQL完成
INFO:app.services.data_generator:表 lms_shipment 已插入剩余 1 条记录并缓存主键值
INFO:app.services.data_generator:依赖表 lms_shipment 生成完成，记录数: 1
INFO:app.services.data_generator:开始为依赖表 oms_order_item 生成数据
INFO:app.core.database:批量执行SQL，查询: INSERT INTO oms_order_item (id, order_id, product_sku, product_name, quantity, price) VALUES ($1, $2, $3, $4, $5, $6), 值数量: 1
INFO:app.core.database:连接数据库: 172.16.10.196:5432/db_house
INFO:app.core.database:批量执行SQL完成
INFO:app.services.data_generator:表 oms_order_item 已插入剩余 1 条记录并缓存主键值
INFO:app.services.data_generator:依赖表 oms_order_item 生成完成，记录数: 1
INFO:app.services.data_generator:数据生成完成，总记录数: 7
INFO:app.services.data_generator:退出 generate_data_for_tables 方法
INFO:app.services.data_generator:开始 generate_data_for_tables 方法
INFO:app.services.data_generator:独立表（阶段1）: ['crawler_competitor_price', 'crm_customer', 'ext_market_trend']
INFO:app.services.data_generator:依赖表（阶段2）: ['oms_order', 'lms_shipment', 'fms_financial_transaction', 'oms_order_item']
INFO:app.services.data_generator:初始化数据库计数器
INFO:app.core.database:执行查询: SELECT MAX(id) FROM crawler_competitor_price, 参数: ()
INFO:app.core.database:连接数据库: 172.16.10.196:5432/db_house
INFO:app.core.database:查询执行成功
INFO:app.core.database:执行查询: SELECT MAX(id) FROM ext_market_trend, 参数: ()
INFO:app.core.database:连接数据库: 172.16.10.196:5432/db_house
INFO:app.core.database:查询执行成功
INFO:app.core.database:执行查询: SELECT MAX(id) FROM oms_order_item, 参数: ()
INFO:app.core.database:连接数据库: 172.16.10.196:5432/db_house
INFO:app.core.database:查询执行成功
INFO:app.services.data_generator:计数器初始化完成: {'crawler_competitor_price_id': 33, 'ext_market_trend_id': 33, 'oms_order_item_id': 33}
INFO:app.services.data_generator:开始处理日期: 2025-10-21
INFO:app.services.data_generator:当天计划生成记录数: 1
INFO:app.services.data_generator:已清空外键缓存
INFO:app.services.data_generator:=== 阶段1：生成独立表 ===
INFO:app.services.data_generator:开始为独立表 crawler_competitor_price 生成数据
INFO:app.core.database:批量执行SQL，查询: INSERT INTO crawler_competitor_price (id, crawl_time, platform, competitor_name, product_name, product_sku, price, promotion_info, is_in_stock) VALUES ($1, $2, $3, $4, $5, $6, $7, $8, $9), 值数量: 1
INFO:app.core.database:连接数据库: 172.16.10.196:5432/db_house
INFO:app.core.database:批量执行SQL完成
INFO:app.services.data_generator:表 crawler_competitor_price 已插入剩余 1 条记录并缓存主键值
INFO:app.services.data_generator:独立表 crawler_competitor_price 生成完成，记录数: 1
INFO:app.services.data_generator:开始为独立表 crm_customer 生成数据
INFO:app.core.database:批量执行SQL，查询: INSERT INTO crm_customer (customer_id, name, gender, phone, email, birthday, address, create_time, update_time, is_deleted) VALUES ($1, $2, $3, $4, $5, $6, $7, $8, $9, $10), 值数量: 1
INFO:app.core.database:连接数据库: 172.16.10.196:5432/db_house
INFO:app.core.database:批量执行SQL完成
INFO:app.services.data_generator:表 crm_customer 已插入剩余 1 条记录并缓存主键值
INFO:app.services.data_generator:独立表 crm_customer 生成完成，记录数: 1
INFO:app.services.data_generator:开始为独立表 ext_market_trend 生成数据
INFO:app.core.database:批量执行SQL，查询: INSERT INTO ext_market_trend (id, period, region, category, market_size, growth_rate, data_source) VALUES ($1, $2, $3, $4, $5, $6, $7), 值数量: 1
INFO:app.core.database:连接数据库: 172.16.10.196:5432/db_house
INFO:app.core.database:批量执行SQL完成
INFO:app.services.data_generator:表 ext_market_trend 已插入剩余 1 条记录并缓存主键值
INFO:app.services.data_generator:独立表 ext_market_trend 生成完成，记录数: 1
INFO:app.services.data_generator:=== 阶段2：生成依赖表 ===
INFO:app.services.data_generator:表依赖排序结果: ['oms_order', 'fms_financial_transaction', 'lms_shipment', 'oms_order_item']
INFO:app.services.data_generator:排序后的依赖表: ['oms_order', 'fms_financial_transaction', 'lms_shipment', 'oms_order_item']
INFO:app.services.data_generator:开始为依赖表 oms_order 生成数据
INFO:app.core.database:批量执行SQL，查询: INSERT INTO oms_order (order_id, order_channel, customer_code, order_amount, discount_amount, pay_amount, order_status, province, city, district, detail_address, order_time) VALUES ($1, $2, $3, $4, $5, $6, $7, $8, $9, $10, $11, $12), 值数量: 1
INFO:app.core.database:连接数据库: 172.16.10.196:5432/db_house
INFO:app.core.database:批量执行SQL完成
INFO:app.services.data_generator:表 oms_order 已插入剩余 1 条记录并缓存主键值
INFO:app.services.data_generator:依赖表 oms_order 生成完成，记录数: 1
INFO:app.services.data_generator:开始为依赖表 fms_financial_transaction 生成数据
INFO:app.core.database:批量执行SQL，查询: INSERT INTO fms_financial_transaction (transaction_id, order_id, payment_method, transaction_type, transaction_amount, transaction_status, transaction_time) VALUES ($1, $2, $3, $4, $5, $6, $7), 值数量: 1
INFO:app.core.database:连接数据库: 172.16.10.196:5432/db_house
INFO:app.core.database:批量执行SQL完成
INFO:app.services.data_generator:表 fms_financial_transaction 已插入剩余 1 条记录并缓存主键值
INFO:app.services.data_generator:依赖表 fms_financial_transaction 生成完成，记录数: 1
INFO:app.services.data_generator:开始为依赖表 lms_shipment 生成数据
INFO:app.core.database:批量执行SQL，查询: INSERT INTO lms_shipment (shipment_id, order_id, carrier, sender_address, receiver_info, current_status, shipping_time, estimated_delivery, actual_delivery) VALUES ($1, $2, $3, $4, $5, $6, $7, $8, $9), 值数量: 1
INFO:app.core.database:连接数据库: 172.16.10.196:5432/db_house
INFO:app.core.database:批量执行SQL完成
INFO:app.services.data_generator:表 lms_shipment 已插入剩余 1 条记录并缓存主键值
INFO:app.services.data_generator:依赖表 lms_shipment 生成完成，记录数: 1
INFO:app.services.data_generator:开始为依赖表 oms_order_item 生成数据
INFO:app.core.database:批量执行SQL，查询: INSERT INTO oms_order_item (id, order_id, product_sku, product_name, quantity, price) VALUES ($1, $2, $3, $4, $5, $6), 值数量: 1
INFO:app.core.database:连接数据库: 172.16.10.196:5432/db_house
INFO:app.core.database:批量执行SQL完成
INFO:app.services.data_generator:表 oms_order_item 已插入剩余 1 条记录并缓存主键值
INFO:app.services.data_generator:依赖表 oms_order_item 生成完成，记录数: 1
INFO:app.services.data_generator:数据生成完成，总记录数: 7
INFO:app.services.data_generator:退出 generate_data_for_tables 方法
INFO:app.services.data_generator:开始 generate_data_for_tables 方法
INFO:app.services.data_generator:独立表（阶段1）: ['crawler_competitor_price', 'crm_customer', 'ext_market_trend']
INFO:app.services.data_generator:依赖表（阶段2）: ['oms_order', 'lms_shipment', 'fms_financial_transaction', 'oms_order_item']
INFO:app.services.data_generator:初始化数据库计数器
INFO:app.core.database:执行查询: SELECT MAX(id) FROM crawler_competitor_price, 参数: ()
INFO:app.core.database:连接数据库: 172.16.10.196:5432/db_house
INFO:app.core.database:查询执行成功
INFO:app.core.database:执行查询: SELECT MAX(id) FROM ext_market_trend, 参数: ()
INFO:app.core.database:连接数据库: 172.16.10.196:5432/db_house
INFO:app.core.database:查询执行成功
INFO:app.core.database:执行查询: SELECT MAX(id) FROM oms_order_item, 参数: ()
INFO:app.core.database:连接数据库: 172.16.10.196:5432/db_house
INFO:app.core.database:查询执行成功
INFO:app.services.data_generator:计数器初始化完成: {'crawler_competitor_price_id': 34, 'ext_market_trend_id': 34, 'oms_order_item_id': 34}
INFO:app.services.data_generator:开始处理日期: 2025-10-21
INFO:app.services.data_generator:当天计划生成记录数: 1
INFO:app.services.data_generator:已清空外键缓存
INFO:app.services.data_generator:=== 阶段1：生成独立表 ===
INFO:app.services.data_generator:开始为独立表 crawler_competitor_price 生成数据
INFO:app.core.database:批量执行SQL，查询: INSERT INTO crawler_competitor_price (id, crawl_time, platform, competitor_name, product_name, product_sku, price, promotion_info, is_in_stock) VALUES ($1, $2, $3, $4, $5, $6, $7, $8, $9), 值数量: 1
INFO:app.core.database:连接数据库: 172.16.10.196:5432/db_house
INFO:app.core.database:批量执行SQL完成
INFO:app.services.data_generator:表 crawler_competitor_price 已插入剩余 1 条记录并缓存主键值
INFO:app.services.data_generator:独立表 crawler_competitor_price 生成完成，记录数: 1
INFO:app.services.data_generator:开始为独立表 crm_customer 生成数据
INFO:app.core.database:批量执行SQL，查询: INSERT INTO crm_customer (customer_id, name, gender, phone, email, birthday, address, create_time, update_time, is_deleted) VALUES ($1, $2, $3, $4, $5, $6, $7, $8, $9, $10), 值数量: 1
INFO:app.core.database:连接数据库: 172.16.10.196:5432/db_house
INFO:app.core.database:批量执行SQL完成
INFO:app.services.data_generator:表 crm_customer 已插入剩余 1 条记录并缓存主键值
INFO:app.services.data_generator:独立表 crm_customer 生成完成，记录数: 1
INFO:app.services.data_generator:开始为独立表 ext_market_trend 生成数据
INFO:app.core.database:批量执行SQL，查询: INSERT INTO ext_market_trend (id, period, region, category, market_size, growth_rate, data_source) VALUES ($1, $2, $3, $4, $5, $6, $7), 值数量: 1
INFO:app.core.database:连接数据库: 172.16.10.196:5432/db_house
INFO:app.core.database:批量执行SQL完成
INFO:app.services.data_generator:表 ext_market_trend 已插入剩余 1 条记录并缓存主键值
INFO:app.services.data_generator:独立表 ext_market_trend 生成完成，记录数: 1
INFO:app.services.data_generator:=== 阶段2：生成依赖表 ===
INFO:app.services.data_generator:表依赖排序结果: ['oms_order', 'fms_financial_transaction', 'lms_shipment', 'oms_order_item']
INFO:app.services.data_generator:排序后的依赖表: ['oms_order', 'fms_financial_transaction', 'lms_shipment', 'oms_order_item']
INFO:app.services.data_generator:开始为依赖表 oms_order 生成数据
INFO:app.core.database:批量执行SQL，查询: INSERT INTO oms_order (order_id, order_channel, customer_code, order_amount, discount_amount, pay_amount, order_status, province, city, district, detail_address, order_time) VALUES ($1, $2, $3, $4, $5, $6, $7, $8, $9, $10, $11, $12), 值数量: 1
INFO:app.core.database:连接数据库: 172.16.10.196:5432/db_house
INFO:app.core.database:批量执行SQL完成
INFO:app.services.data_generator:表 oms_order 已插入剩余 1 条记录并缓存主键值
INFO:app.services.data_generator:依赖表 oms_order 生成完成，记录数: 1
INFO:app.services.data_generator:开始为依赖表 fms_financial_transaction 生成数据
INFO:app.core.database:批量执行SQL，查询: INSERT INTO fms_financial_transaction (transaction_id, order_id, payment_method, transaction_type, transaction_amount, transaction_status, transaction_time) VALUES ($1, $2, $3, $4, $5, $6, $7), 值数量: 1
INFO:app.core.database:连接数据库: 172.16.10.196:5432/db_house
INFO:app.core.database:批量执行SQL完成
INFO:app.services.data_generator:表 fms_financial_transaction 已插入剩余 1 条记录并缓存主键值
INFO:app.services.data_generator:依赖表 fms_financial_transaction 生成完成，记录数: 1
INFO:app.services.data_generator:开始为依赖表 lms_shipment 生成数据
INFO:app.core.database:批量执行SQL，查询: INSERT INTO lms_shipment (shipment_id, order_id, carrier, sender_address, receiver_info, current_status, shipping_time, estimated_delivery, actual_delivery) VALUES ($1, $2, $3, $4, $5, $6, $7, $8, $9), 值数量: 1
INFO:app.core.database:连接数据库: 172.16.10.196:5432/db_house
INFO:app.core.database:批量执行SQL完成
INFO:app.services.data_generator:表 lms_shipment 已插入剩余 1 条记录并缓存主键值
INFO:app.services.data_generator:依赖表 lms_shipment 生成完成，记录数: 1
INFO:app.services.data_generator:开始为依赖表 oms_order_item 生成数据
INFO:app.core.database:批量执行SQL，查询: INSERT INTO oms_order_item (id, order_id, product_sku, product_name, quantity, price) VALUES ($1, $2, $3, $4, $5, $6), 值数量: 1
INFO:app.core.database:连接数据库: 172.16.10.196:5432/db_house
INFO:app.core.database:批量执行SQL完成
INFO:app.services.data_generator:表 oms_order_item 已插入剩余 1 条记录并缓存主键值
INFO:app.services.data_generator:依赖表 oms_order_item 生成完成，记录数: 1
INFO:app.services.data_generator:数据生成完成，总记录数: 7
INFO:app.services.data_generator:退出 generate_data_for_tables 方法
INFO:app.services.data_generator:开始 generate_data_for_tables 方法
INFO:app.services.data_generator:独立表（阶段1）: ['crawler_competitor_price', 'crm_customer', 'ext_market_trend']
INFO:app.services.data_generator:依赖表（阶段2）: ['oms_order', 'lms_shipment', 'fms_financial_transaction', 'oms_order_item']
INFO:app.services.data_generator:初始化数据库计数器
INFO:app.core.database:执行查询: SELECT MAX(id) FROM crawler_competitor_price, 参数: ()
INFO:app.core.database:连接数据库: 172.16.10.196:5432/db_house
INFO:app.core.database:查询执行成功
INFO:app.core.database:执行查询: SELECT MAX(id) FROM ext_market_trend, 参数: ()
INFO:app.core.database:连接数据库: 172.16.10.196:5432/db_house
INFO:app.core.database:查询执行成功
INFO:app.core.database:执行查询: SELECT MAX(id) FROM oms_order_item, 参数: ()
INFO:app.core.database:连接数据库: 172.16.10.196:5432/db_house
INFO:app.core.database:查询执行成功
INFO:app.services.data_generator:计数器初始化完成: {'crawler_competitor_price_id': 35, 'ext_market_trend_id': 35, 'oms_order_item_id': 35}
INFO:app.services.data_generator:开始处理日期: 2025-10-21
INFO:app.services.data_generator:当天计划生成记录数: 1
INFO:app.services.data_generator:已清空外键缓存
INFO:app.services.data_generator:=== 阶段1：生成独立表 ===
INFO:app.services.data_generator:开始为独立表 crawler_competitor_price 生成数据
INFO:app.core.database:批量执行SQL，查询: INSERT INTO crawler_competitor_price (id, crawl_time, platform, competitor_name, product_name, product_sku, price, promotion_info, is_in_stock) VALUES ($1, $2, $3, $4, $5, $6, $7, $8, $9), 值数量: 1
INFO:app.core.database:连接数据库: 172.16.10.196:5432/db_house
INFO:app.core.database:批量执行SQL完成
INFO:app.services.data_generator:表 crawler_competitor_price 已插入剩余 1 条记录并缓存主键值
INFO:app.services.data_generator:独立表 crawler_competitor_price 生成完成，记录数: 1
INFO:app.services.data_generator:开始为独立表 crm_customer 生成数据
INFO:app.core.database:批量执行SQL，查询: INSERT INTO crm_customer (customer_id, name, gender, phone, email, birthday, address, create_time, update_time, is_deleted) VALUES ($1, $2, $3, $4, $5, $6, $7, $8, $9, $10), 值数量: 1
INFO:app.core.database:连接数据库: 172.16.10.196:5432/db_house
INFO:app.core.database:批量执行SQL完成
INFO:app.services.data_generator:表 crm_customer 已插入剩余 1 条记录并缓存主键值
INFO:app.services.data_generator:独立表 crm_customer 生成完成，记录数: 1
INFO:app.services.data_generator:开始为独立表 ext_market_trend 生成数据
INFO:app.core.database:批量执行SQL，查询: INSERT INTO ext_market_trend (id, period, region, category, market_size, growth_rate, data_source) VALUES ($1, $2, $3, $4, $5, $6, $7), 值数量: 1
INFO:app.core.database:连接数据库: 172.16.10.196:5432/db_house
INFO:app.core.database:批量执行SQL完成
INFO:app.services.data_generator:表 ext_market_trend 已插入剩余 1 条记录并缓存主键值
INFO:app.services.data_generator:独立表 ext_market_trend 生成完成，记录数: 1
INFO:app.services.data_generator:=== 阶段2：生成依赖表 ===
INFO:app.services.data_generator:表依赖排序结果: ['oms_order', 'fms_financial_transaction', 'lms_shipment', 'oms_order_item']
INFO:app.services.data_generator:排序后的依赖表: ['oms_order', 'fms_financial_transaction', 'lms_shipment', 'oms_order_item']
INFO:app.services.data_generator:开始为依赖表 oms_order 生成数据
INFO:app.core.database:批量执行SQL，查询: INSERT INTO oms_order (order_id, order_channel, customer_code, order_amount, discount_amount, pay_amount, order_status, province, city, district, detail_address, order_time) VALUES ($1, $2, $3, $4, $5, $6, $7, $8, $9, $10, $11, $12), 值数量: 1
INFO:app.core.database:连接数据库: 172.16.10.196:5432/db_house
INFO:app.core.database:批量执行SQL完成
INFO:app.services.data_generator:表 oms_order 已插入剩余 1 条记录并缓存主键值
INFO:app.services.data_generator:依赖表 oms_order 生成完成，记录数: 1
INFO:app.services.data_generator:开始为依赖表 fms_financial_transaction 生成数据
INFO:app.core.database:批量执行SQL，查询: INSERT INTO fms_financial_transaction (transaction_id, order_id, payment_method, transaction_type, transaction_amount, transaction_status, transaction_time) VALUES ($1, $2, $3, $4, $5, $6, $7), 值数量: 1
INFO:app.core.database:连接数据库: 172.16.10.196:5432/db_house
INFO:app.core.database:批量执行SQL完成
INFO:app.services.data_generator:表 fms_financial_transaction 已插入剩余 1 条记录并缓存主键值
INFO:app.services.data_generator:依赖表 fms_financial_transaction 生成完成，记录数: 1
INFO:app.services.data_generator:开始为依赖表 lms_shipment 生成数据
INFO:app.core.database:批量执行SQL，查询: INSERT INTO lms_shipment (shipment_id, order_id, carrier, sender_address, receiver_info, current_status, shipping_time, estimated_delivery, actual_delivery) VALUES ($1, $2, $3, $4, $5, $6, $7, $8, $9), 值数量: 1
INFO:app.core.database:连接数据库: 172.16.10.196:5432/db_house
INFO:app.core.database:批量执行SQL完成
INFO:app.services.data_generator:表 lms_shipment 已插入剩余 1 条记录并缓存主键值
INFO:app.services.data_generator:依赖表 lms_shipment 生成完成，记录数: 1
INFO:app.services.data_generator:开始为依赖表 oms_order_item 生成数据
INFO:app.core.database:批量执行SQL，查询: INSERT INTO oms_order_item (id, order_id, product_sku, product_name, quantity, price) VALUES ($1, $2, $3, $4, $5, $6), 值数量: 1
INFO:app.core.database:连接数据库: 172.16.10.196:5432/db_house
INFO:app.core.database:批量执行SQL完成
INFO:app.services.data_generator:表 oms_order_item 已插入剩余 1 条记录并缓存主键值
INFO:app.services.data_generator:依赖表 oms_order_item 生成完成，记录数: 1
INFO:app.services.data_generator:数据生成完成，总记录数: 7
INFO:app.services.data_generator:退出 generate_data_for_tables 方法
INFO:app.services.data_generator:开始 generate_data_for_tables 方法
INFO:app.services.data_generator:独立表（阶段1）: ['crawler_competitor_price', 'crm_customer', 'ext_market_trend']
INFO:app.services.data_generator:依赖表（阶段2）: ['oms_order', 'lms_shipment', 'fms_financial_transaction', 'oms_order_item']
INFO:app.services.data_generator:初始化数据库计数器
INFO:app.core.database:执行查询: SELECT MAX(id) FROM crawler_competitor_price, 参数: ()
INFO:app.core.database:连接数据库: 172.16.10.196:5432/db_house
INFO:app.core.database:查询执行成功
INFO:app.core.database:执行查询: SELECT MAX(id) FROM ext_market_trend, 参数: ()
INFO:app.core.database:连接数据库: 172.16.10.196:5432/db_house
INFO:app.core.database:查询执行成功
INFO:app.core.database:执行查询: SELECT MAX(id) FROM oms_order_item, 参数: ()
INFO:app.core.database:连接数据库: 172.16.10.196:5432/db_house
INFO:app.core.database:查询执行成功
INFO:app.services.data_generator:计数器初始化完成: {'crawler_competitor_price_id': 36, 'ext_market_trend_id': 36, 'oms_order_item_id': 36}
INFO:app.services.data_generator:开始处理日期: 2025-10-21
INFO:app.services.data_generator:当天计划生成记录数: 1
INFO:app.services.data_generator:已清空外键缓存
INFO:app.services.data_generator:=== 阶段1：生成独立表 ===
INFO:app.services.data_generator:开始为独立表 crawler_competitor_price 生成数据
INFO:app.core.database:批量执行SQL，查询: INSERT INTO crawler_competitor_price (id, crawl_time, platform, competitor_name, product_name, product_sku, price, promotion_info, is_in_stock) VALUES ($1, $2, $3, $4, $5, $6, $7, $8, $9), 值数量: 1
INFO:app.core.database:连接数据库: 172.16.10.196:5432/db_house
INFO:app.core.database:批量执行SQL完成
INFO:app.services.data_generator:表 crawler_competitor_price 已插入剩余 1 条记录并缓存主键值
INFO:app.services.data_generator:独立表 crawler_competitor_price 生成完成，记录数: 1
INFO:app.services.data_generator:开始为独立表 crm_customer 生成数据
INFO:app.core.database:批量执行SQL，查询: INSERT INTO crm_customer (customer_id, name, gender, phone, email, birthday, address, create_time, update_time, is_deleted) VALUES ($1, $2, $3, $4, $5, $6, $7, $8, $9, $10), 值数量: 1
INFO:app.core.database:连接数据库: 172.16.10.196:5432/db_house
INFO:app.core.database:批量执行SQL完成
INFO:app.services.data_generator:表 crm_customer 已插入剩余 1 条记录并缓存主键值
INFO:app.services.data_generator:独立表 crm_customer 生成完成，记录数: 1
INFO:app.services.data_generator:开始为独立表 ext_market_trend 生成数据
INFO:app.core.database:批量执行SQL，查询: INSERT INTO ext_market_trend (id, period, region, category, market_size, growth_rate, data_source) VALUES ($1, $2, $3, $4, $5, $6, $7), 值数量: 1
INFO:app.core.database:连接数据库: 172.16.10.196:5432/db_house
INFO:app.core.database:批量执行SQL完成
INFO:app.services.data_generator:表 ext_market_trend 已插入剩余 1 条记录并缓存主键值
INFO:app.services.data_generator:独立表 ext_market_trend 生成完成，记录数: 1
INFO:app.services.data_generator:=== 阶段2：生成依赖表 ===
INFO:app.services.data_generator:表依赖排序结果: ['oms_order', 'fms_financial_transaction', 'lms_shipment', 'oms_order_item']
INFO:app.services.data_generator:排序后的依赖表: ['oms_order', 'fms_financial_transaction', 'lms_shipment', 'oms_order_item']
INFO:app.services.data_generator:开始为依赖表 oms_order 生成数据
INFO:app.core.database:批量执行SQL，查询: INSERT INTO oms_order (order_id, order_channel, customer_code, order_amount, discount_amount, pay_amount, order_status, province, city, district, detail_address, order_time) VALUES ($1, $2, $3, $4, $5, $6, $7, $8, $9, $10, $11, $12), 值数量: 1
INFO:app.core.database:连接数据库: 172.16.10.196:5432/db_house
INFO:app.core.database:批量执行SQL完成
INFO:app.services.data_generator:表 oms_order 已插入剩余 1 条记录并缓存主键值
INFO:app.services.data_generator:依赖表 oms_order 生成完成，记录数: 1
INFO:app.services.data_generator:开始为依赖表 fms_financial_transaction 生成数据
INFO:app.core.database:批量执行SQL，查询: INSERT INTO fms_financial_transaction (transaction_id, order_id, payment_method, transaction_type, transaction_amount, transaction_status, transaction_time) VALUES ($1, $2, $3, $4, $5, $6, $7), 值数量: 1
INFO:app.core.database:连接数据库: 172.16.10.196:5432/db_house
INFO:app.core.database:批量执行SQL完成
INFO:app.services.data_generator:表 fms_financial_transaction 已插入剩余 1 条记录并缓存主键值
INFO:app.services.data_generator:依赖表 fms_financial_transaction 生成完成，记录数: 1
INFO:app.services.data_generator:开始为依赖表 lms_shipment 生成数据
INFO:app.core.database:批量执行SQL，查询: INSERT INTO lms_shipment (shipment_id, order_id, carrier, sender_address, receiver_info, current_status, shipping_time, estimated_delivery, actual_delivery) VALUES ($1, $2, $3, $4, $5, $6, $7, $8, $9), 值数量: 1
INFO:app.core.database:连接数据库: 172.16.10.196:5432/db_house
INFO:app.core.database:批量执行SQL完成
INFO:app.services.data_generator:表 lms_shipment 已插入剩余 1 条记录并缓存主键值
INFO:app.services.data_generator:依赖表 lms_shipment 生成完成，记录数: 1
INFO:app.services.data_generator:开始为依赖表 oms_order_item 生成数据
INFO:app.core.database:批量执行SQL，查询: INSERT INTO oms_order_item (id, order_id, product_sku, product_name, quantity, price) VALUES ($1, $2, $3, $4, $5, $6), 值数量: 1
INFO:app.core.database:连接数据库: 172.16.10.196:5432/db_house
INFO:app.core.database:批量执行SQL完成
INFO:app.services.data_generator:表 oms_order_item 已插入剩余 1 条记录并缓存主键值
INFO:app.services.data_generator:依赖表 oms_order_item 生成完成，记录数: 1
INFO:app.services.data_generator:数据生成完成，总记录数: 7
INFO:app.services.data_generator:退出 generate_data_for_tables 方法
INFO:app.services.data_generator:开始 generate_data_for_tables 方法
INFO:app.services.data_generator:独立表（阶段1）: ['crawler_competitor_price', 'crm_customer', 'ext_market_trend']
INFO:app.services.data_generator:依赖表（阶段2）: ['oms_order', 'lms_shipment', 'fms_financial_transaction', 'oms_order_item']
INFO:app.services.data_generator:初始化数据库计数器
INFO:app.core.database:执行查询: SELECT MAX(id) FROM crawler_competitor_price, 参数: ()
INFO:app.core.database:连接数据库: 172.16.10.196:5432/db_house
INFO:app.core.database:查询执行成功
INFO:app.core.database:执行查询: SELECT MAX(id) FROM ext_market_trend, 参数: ()
INFO:app.core.database:连接数据库: 172.16.10.196:5432/db_house
INFO:app.core.database:查询执行成功
INFO:app.core.database:执行查询: SELECT MAX(id) FROM oms_order_item, 参数: ()
INFO:app.core.database:连接数据库: 172.16.10.196:5432/db_house
INFO:app.core.database:查询执行成功
INFO:app.services.data_generator:计数器初始化完成: {'crawler_competitor_price_id': 37, 'ext_market_trend_id': 37, 'oms_order_item_id': 37}
INFO:app.services.data_generator:开始处理日期: 2025-10-21
INFO:app.services.data_generator:当天计划生成记录数: 1
INFO:app.services.data_generator:已清空外键缓存
INFO:app.services.data_generator:=== 阶段1：生成独立表 ===
INFO:app.services.data_generator:开始为独立表 crawler_competitor_price 生成数据
INFO:app.core.database:批量执行SQL，查询: INSERT INTO crawler_competitor_price (id, crawl_time, platform, competitor_name, product_name, product_sku, price, promotion_info, is_in_stock) VALUES ($1, $2, $3, $4, $5, $6, $7, $8, $9), 值数量: 1
INFO:app.core.database:连接数据库: 172.16.10.196:5432/db_house
INFO:app.core.database:批量执行SQL完成
INFO:app.services.data_generator:表 crawler_competitor_price 已插入剩余 1 条记录并缓存主键值
INFO:app.services.data_generator:独立表 crawler_competitor_price 生成完成，记录数: 1
INFO:app.services.data_generator:开始为独立表 crm_customer 生成数据
INFO:app.core.database:批量执行SQL，查询: INSERT INTO crm_customer (customer_id, name, gender, phone, email, birthday, address, create_time, update_time, is_deleted) VALUES ($1, $2, $3, $4, $5, $6, $7, $8, $9, $10), 值数量: 1
INFO:app.core.database:连接数据库: 172.16.10.196:5432/db_house
INFO:app.core.database:批量执行SQL完成
INFO:app.services.data_generator:表 crm_customer 已插入剩余 1 条记录并缓存主键值
INFO:app.services.data_generator:独立表 crm_customer 生成完成，记录数: 1
INFO:app.services.data_generator:开始为独立表 ext_market_trend 生成数据
INFO:app.core.database:批量执行SQL，查询: INSERT INTO ext_market_trend (id, period, region, category, market_size, growth_rate, data_source) VALUES ($1, $2, $3, $4, $5, $6, $7), 值数量: 1
INFO:app.core.database:连接数据库: 172.16.10.196:5432/db_house
INFO:app.core.database:批量执行SQL完成
INFO:app.services.data_generator:表 ext_market_trend 已插入剩余 1 条记录并缓存主键值
INFO:app.services.data_generator:独立表 ext_market_trend 生成完成，记录数: 1
INFO:app.services.data_generator:=== 阶段2：生成依赖表 ===
INFO:app.services.data_generator:表依赖排序结果: ['oms_order', 'fms_financial_transaction', 'lms_shipment', 'oms_order_item']
INFO:app.services.data_generator:排序后的依赖表: ['oms_order', 'fms_financial_transaction', 'lms_shipment', 'oms_order_item']
INFO:app.services.data_generator:开始为依赖表 oms_order 生成数据
INFO:app.core.database:批量执行SQL，查询: INSERT INTO oms_order (order_id, order_channel, customer_code, order_amount, discount_amount, pay_amount, order_status, province, city, district, detail_address, order_time) VALUES ($1, $2, $3, $4, $5, $6, $7, $8, $9, $10, $11, $12), 值数量: 1
INFO:app.core.database:连接数据库: 172.16.10.196:5432/db_house
INFO:app.core.database:批量执行SQL完成
INFO:app.services.data_generator:表 oms_order 已插入剩余 1 条记录并缓存主键值
INFO:app.services.data_generator:依赖表 oms_order 生成完成，记录数: 1
INFO:app.services.data_generator:开始为依赖表 fms_financial_transaction 生成数据
INFO:app.core.database:批量执行SQL，查询: INSERT INTO fms_financial_transaction (transaction_id, order_id, payment_method, transaction_type, transaction_amount, transaction_status, transaction_time) VALUES ($1, $2, $3, $4, $5, $6, $7), 值数量: 1
INFO:app.core.database:连接数据库: 172.16.10.196:5432/db_house
INFO:app.core.database:批量执行SQL完成
INFO:app.services.data_generator:表 fms_financial_transaction 已插入剩余 1 条记录并缓存主键值
INFO:app.services.data_generator:依赖表 fms_financial_transaction 生成完成，记录数: 1
INFO:app.services.data_generator:开始为依赖表 lms_shipment 生成数据
INFO:app.core.database:批量执行SQL，查询: INSERT INTO lms_shipment (shipment_id, order_id, carrier, sender_address, receiver_info, current_status, shipping_time, estimated_delivery, actual_delivery) VALUES ($1, $2, $3, $4, $5, $6, $7, $8, $9), 值数量: 1
INFO:app.core.database:连接数据库: 172.16.10.196:5432/db_house
INFO:app.core.database:批量执行SQL完成
INFO:app.services.data_generator:表 lms_shipment 已插入剩余 1 条记录并缓存主键值
INFO:app.services.data_generator:依赖表 lms_shipment 生成完成，记录数: 1
INFO:app.services.data_generator:开始为依赖表 oms_order_item 生成数据
INFO:app.core.database:批量执行SQL，查询: INSERT INTO oms_order_item (id, order_id, product_sku, product_name, quantity, price) VALUES ($1, $2, $3, $4, $5, $6), 值数量: 1
INFO:app.core.database:连接数据库: 172.16.10.196:5432/db_house
INFO:app.core.database:批量执行SQL完成
INFO:app.services.data_generator:表 oms_order_item 已插入剩余 1 条记录并缓存主键值
INFO:app.services.data_generator:依赖表 oms_order_item 生成完成，记录数: 1
INFO:app.services.data_generator:数据生成完成，总记录数: 7
INFO:app.services.data_generator:退出 generate_data_for_tables 方法
INFO:app.services.data_generator:开始 generate_data_for_tables 方法
INFO:app.services.data_generator:独立表（阶段1）: ['crawler_competitor_price', 'crm_customer', 'ext_market_trend']
INFO:app.services.data_generator:依赖表（阶段2）: ['oms_order', 'lms_shipment', 'fms_financial_transaction', 'oms_order_item']
INFO:app.services.data_generator:初始化数据库计数器
INFO:app.core.database:执行查询: SELECT MAX(id) FROM crawler_competitor_price, 参数: ()
INFO:app.core.database:连接数据库: 172.16.10.196:5432/db_house
INFO:app.core.database:查询执行成功
INFO:app.core.database:执行查询: SELECT MAX(id) FROM ext_market_trend, 参数: ()
INFO:app.core.database:连接数据库: 172.16.10.196:5432/db_house
INFO:app.core.database:查询执行成功
INFO:app.core.database:执行查询: SELECT MAX(id) FROM oms_order_item, 参数: ()
INFO:app.core.database:连接数据库: 172.16.10.196:5432/db_house
INFO:app.core.database:查询执行成功
INFO:app.services.data_generator:计数器初始化完成: {'crawler_competitor_price_id': 38, 'ext_market_trend_id': 38, 'oms_order_item_id': 38}
INFO:app.services.data_generator:开始处理日期: 2025-10-21
INFO:app.services.data_generator:当天计划生成记录数: 1
INFO:app.services.data_generator:已清空外键缓存
INFO:app.services.data_generator:=== 阶段1：生成独立表 ===
INFO:app.services.data_generator:开始为独立表 crawler_competitor_price 生成数据
INFO:app.core.database:批量执行SQL，查询: INSERT INTO crawler_competitor_price (id, crawl_time, platform, competitor_name, product_name, product_sku, price, promotion_info, is_in_stock) VALUES ($1, $2, $3, $4, $5, $6, $7, $8, $9), 值数量: 1
INFO:app.core.database:连接数据库: 172.16.10.196:5432/db_house
INFO:app.core.database:批量执行SQL完成
INFO:app.services.data_generator:表 crawler_competitor_price 已插入剩余 1 条记录并缓存主键值
INFO:app.services.data_generator:独立表 crawler_competitor_price 生成完成，记录数: 1
INFO:app.services.data_generator:开始为独立表 crm_customer 生成数据
INFO:app.core.database:批量执行SQL，查询: INSERT INTO crm_customer (customer_id, name, gender, phone, email, birthday, address, create_time, update_time, is_deleted) VALUES ($1, $2, $3, $4, $5, $6, $7, $8, $9, $10), 值数量: 1
INFO:app.core.database:连接数据库: 172.16.10.196:5432/db_house
INFO:app.core.database:批量执行SQL完成
INFO:app.services.data_generator:表 crm_customer 已插入剩余 1 条记录并缓存主键值
INFO:app.services.data_generator:独立表 crm_customer 生成完成，记录数: 1
INFO:app.services.data_generator:开始为独立表 ext_market_trend 生成数据
INFO:app.core.database:批量执行SQL，查询: INSERT INTO ext_market_trend (id, period, region, category, market_size, growth_rate, data_source) VALUES ($1, $2, $3, $4, $5, $6, $7), 值数量: 1
INFO:app.core.database:连接数据库: 172.16.10.196:5432/db_house
INFO:app.core.database:批量执行SQL完成
INFO:app.services.data_generator:表 ext_market_trend 已插入剩余 1 条记录并缓存主键值
INFO:app.services.data_generator:独立表 ext_market_trend 生成完成，记录数: 1
INFO:app.services.data_generator:=== 阶段2：生成依赖表 ===
INFO:app.services.data_generator:表依赖排序结果: ['oms_order', 'fms_financial_transaction', 'lms_shipment', 'oms_order_item']
INFO:app.services.data_generator:排序后的依赖表: ['oms_order', 'fms_financial_transaction', 'lms_shipment', 'oms_order_item']
INFO:app.services.data_generator:开始为依赖表 oms_order 生成数据
INFO:app.core.database:批量执行SQL，查询: INSERT INTO oms_order (order_id, order_channel, customer_code, order_amount, discount_amount, pay_amount, order_status, province, city, district, detail_address, order_time) VALUES ($1, $2, $3, $4, $5, $6, $7, $8, $9, $10, $11, $12), 值数量: 1
INFO:app.core.database:连接数据库: 172.16.10.196:5432/db_house
INFO:app.core.database:批量执行SQL完成
INFO:app.services.data_generator:表 oms_order 已插入剩余 1 条记录并缓存主键值
INFO:app.services.data_generator:依赖表 oms_order 生成完成，记录数: 1
INFO:app.services.data_generator:开始为依赖表 fms_financial_transaction 生成数据
INFO:app.core.database:批量执行SQL，查询: INSERT INTO fms_financial_transaction (transaction_id, order_id, payment_method, transaction_type, transaction_amount, transaction_status, transaction_time) VALUES ($1, $2, $3, $4, $5, $6, $7), 值数量: 1
INFO:app.core.database:连接数据库: 172.16.10.196:5432/db_house
INFO:app.core.database:批量执行SQL完成
INFO:app.services.data_generator:表 fms_financial_transaction 已插入剩余 1 条记录并缓存主键值
INFO:app.services.data_generator:依赖表 fms_financial_transaction 生成完成，记录数: 1
INFO:app.services.data_generator:开始为依赖表 lms_shipment 生成数据
INFO:app.core.database:批量执行SQL，查询: INSERT INTO lms_shipment (shipment_id, order_id, carrier, sender_address, receiver_info, current_status, shipping_time, estimated_delivery, actual_delivery) VALUES ($1, $2, $3, $4, $5, $6, $7, $8, $9), 值数量: 1
INFO:app.core.database:连接数据库: 172.16.10.196:5432/db_house
INFO:app.core.database:批量执行SQL完成
INFO:app.services.data_generator:表 lms_shipment 已插入剩余 1 条记录并缓存主键值
INFO:app.services.data_generator:依赖表 lms_shipment 生成完成，记录数: 1
INFO:app.services.data_generator:开始为依赖表 oms_order_item 生成数据
INFO:app.core.database:批量执行SQL，查询: INSERT INTO oms_order_item (id, order_id, product_sku, product_name, quantity, price) VALUES ($1, $2, $3, $4, $5, $6), 值数量: 1
INFO:app.core.database:连接数据库: 172.16.10.196:5432/db_house
INFO:app.core.database:批量执行SQL完成
INFO:app.services.data_generator:表 oms_order_item 已插入剩余 1 条记录并缓存主键值
INFO:app.services.data_generator:依赖表 oms_order_item 生成完成，记录数: 1
INFO:app.services.data_generator:数据生成完成，总记录数: 7
INFO:app.services.data_generator:退出 generate_data_for_tables 方法
INFO:app.services.data_generator:开始 generate_data_for_tables 方法
INFO:app.services.data_generator:独立表（阶段1）: ['crawler_competitor_price', 'crm_customer', 'ext_market_trend']
INFO:app.services.data_generator:依赖表（阶段2）: ['oms_order', 'lms_shipment', 'fms_financial_transaction', 'oms_order_item']
INFO:app.services.data_generator:初始化数据库计数器
INFO:app.core.database:执行查询: SELECT MAX(id) FROM crawler_competitor_price, 参数: ()
INFO:app.core.database:连接数据库: 172.16.10.196:5432/db_house
INFO:app.core.database:查询执行成功
INFO:app.core.database:执行查询: SELECT MAX(id) FROM ext_market_trend, 参数: ()
INFO:app.core.database:连接数据库: 172.16.10.196:5432/db_house
INFO:app.core.database:查询执行成功
INFO:app.core.database:执行查询: SELECT MAX(id) FROM oms_order_item, 参数: ()
INFO:app.core.database:连接数据库: 172.16.10.196:5432/db_house
INFO:app.core.database:查询执行成功
INFO:app.services.data_generator:计数器初始化完成: {'crawler_competitor_price_id': 39, 'ext_market_trend_id': 39, 'oms_order_item_id': 39}
INFO:app.services.data_generator:开始处理日期: 2025-10-21
INFO:app.services.data_generator:当天计划生成记录数: 1
INFO:app.services.data_generator:已清空外键缓存
INFO:app.services.data_generator:=== 阶段1：生成独立表 ===
INFO:app.services.data_generator:开始为独立表 crawler_competitor_price 生成数据
INFO:app.core.database:批量执行SQL，查询: INSERT INTO crawler_competitor_price (id, crawl_time, platform, competitor_name, product_name, product_sku, price, promotion_info, is_in_stock) VALUES ($1, $2, $3, $4, $5, $6, $7, $8, $9), 值数量: 1
INFO:app.core.database:连接数据库: 172.16.10.196:5432/db_house
INFO:app.core.database:批量执行SQL完成
INFO:app.services.data_generator:表 crawler_competitor_price 已插入剩余 1 条记录并缓存主键值
INFO:app.services.data_generator:独立表 crawler_competitor_price 生成完成，记录数: 1
INFO:app.services.data_generator:开始为独立表 crm_customer 生成数据
INFO:app.core.database:批量执行SQL，查询: INSERT INTO crm_customer (customer_id, name, gender, phone, email, birthday, address, create_time, update_time, is_deleted) VALUES ($1, $2, $3, $4, $5, $6, $7, $8, $9, $10), 值数量: 1
INFO:app.core.database:连接数据库: 172.16.10.196:5432/db_house
INFO:app.core.database:批量执行SQL完成
INFO:app.services.data_generator:表 crm_customer 已插入剩余 1 条记录并缓存主键值
INFO:app.services.data_generator:独立表 crm_customer 生成完成，记录数: 1
INFO:app.services.data_generator:开始为独立表 ext_market_trend 生成数据
INFO:app.core.database:批量执行SQL，查询: INSERT INTO ext_market_trend (id, period, region, category, market_size, growth_rate, data_source) VALUES ($1, $2, $3, $4, $5, $6, $7), 值数量: 1
INFO:app.core.database:连接数据库: 172.16.10.196:5432/db_house
INFO:app.core.database:批量执行SQL完成
INFO:app.services.data_generator:表 ext_market_trend 已插入剩余 1 条记录并缓存主键值
INFO:app.services.data_generator:独立表 ext_market_trend 生成完成，记录数: 1
INFO:app.services.data_generator:=== 阶段2：生成依赖表 ===
INFO:app.services.data_generator:表依赖排序结果: ['oms_order', 'fms_financial_transaction', 'lms_shipment', 'oms_order_item']
INFO:app.services.data_generator:排序后的依赖表: ['oms_order', 'fms_financial_transaction', 'lms_shipment', 'oms_order_item']
INFO:app.services.data_generator:开始为依赖表 oms_order 生成数据
INFO:app.core.database:批量执行SQL，查询: INSERT INTO oms_order (order_id, order_channel, customer_code, order_amount, discount_amount, pay_amount, order_status, province, city, district, detail_address, order_time) VALUES ($1, $2, $3, $4, $5, $6, $7, $8, $9, $10, $11, $12), 值数量: 1
INFO:app.core.database:连接数据库: 172.16.10.196:5432/db_house
INFO:app.core.database:批量执行SQL完成
INFO:app.services.data_generator:表 oms_order 已插入剩余 1 条记录并缓存主键值
INFO:app.services.data_generator:依赖表 oms_order 生成完成，记录数: 1
INFO:app.services.data_generator:开始为依赖表 fms_financial_transaction 生成数据
INFO:app.core.database:批量执行SQL，查询: INSERT INTO fms_financial_transaction (transaction_id, order_id, payment_method, transaction_type, transaction_amount, transaction_status, transaction_time) VALUES ($1, $2, $3, $4, $5, $6, $7), 值数量: 1
INFO:app.core.database:连接数据库: 172.16.10.196:5432/db_house
INFO:app.core.database:批量执行SQL完成
INFO:app.services.data_generator:表 fms_financial_transaction 已插入剩余 1 条记录并缓存主键值
INFO:app.services.data_generator:依赖表 fms_financial_transaction 生成完成，记录数: 1
INFO:app.services.data_generator:开始为依赖表 lms_shipment 生成数据
INFO:app.core.database:批量执行SQL，查询: INSERT INTO lms_shipment (shipment_id, order_id, carrier, sender_address, receiver_info, current_status, shipping_time, estimated_delivery, actual_delivery) VALUES ($1, $2, $3, $4, $5, $6, $7, $8, $9), 值数量: 1
INFO:app.core.database:连接数据库: 172.16.10.196:5432/db_house
INFO:app.core.database:批量执行SQL完成
INFO:app.services.data_generator:表 lms_shipment 已插入剩余 1 条记录并缓存主键值
INFO:app.services.data_generator:依赖表 lms_shipment 生成完成，记录数: 1
INFO:app.services.data_generator:开始为依赖表 oms_order_item 生成数据
INFO:app.core.database:批量执行SQL，查询: INSERT INTO oms_order_item (id, order_id, product_sku, product_name, quantity, price) VALUES ($1, $2, $3, $4, $5, $6), 值数量: 1
INFO:app.core.database:连接数据库: 172.16.10.196:5432/db_house
INFO:app.core.database:批量执行SQL完成
INFO:app.services.data_generator:表 oms_order_item 已插入剩余 1 条记录并缓存主键值
INFO:app.services.data_generator:依赖表 oms_order_item 生成完成，记录数: 1
INFO:app.services.data_generator:数据生成完成，总记录数: 7
INFO:app.services.data_generator:退出 generate_data_for_tables 方法
INFO:app.services.data_generator:开始 generate_data_for_tables 方法
INFO:app.services.data_generator:独立表（阶段1）: ['crawler_competitor_price', 'crm_customer', 'ext_market_trend']
INFO:app.services.data_generator:依赖表（阶段2）: ['oms_order', 'lms_shipment', 'fms_financial_transaction', 'oms_order_item']
INFO:app.services.data_generator:初始化数据库计数器
INFO:app.core.database:执行查询: SELECT MAX(id) FROM crawler_competitor_price, 参数: ()
INFO:app.core.database:连接数据库: 172.16.10.196:5432/db_house
INFO:app.core.database:查询执行成功
INFO:app.core.database:执行查询: SELECT MAX(id) FROM ext_market_trend, 参数: ()
INFO:app.core.database:连接数据库: 172.16.10.196:5432/db_house
INFO:app.core.database:查询执行成功
INFO:app.core.database:执行查询: SELECT MAX(id) FROM oms_order_item, 参数: ()
INFO:app.core.database:连接数据库: 172.16.10.196:5432/db_house
INFO:app.core.database:查询执行成功
INFO:app.services.data_generator:计数器初始化完成: {'crawler_competitor_price_id': 40, 'ext_market_trend_id': 40, 'oms_order_item_id': 40}
INFO:app.services.data_generator:开始处理日期: 2025-10-21
INFO:app.services.data_generator:当天计划生成记录数: 1
INFO:app.services.data_generator:已清空外键缓存
INFO:app.services.data_generator:=== 阶段1：生成独立表 ===
INFO:app.services.data_generator:开始为独立表 crawler_competitor_price 生成数据
INFO:app.core.database:批量执行SQL，查询: INSERT INTO crawler_competitor_price (id, crawl_time, platform, competitor_name, product_name, product_sku, price, promotion_info, is_in_stock) VALUES ($1, $2, $3, $4, $5, $6, $7, $8, $9), 值数量: 1
INFO:app.core.database:连接数据库: 172.16.10.196:5432/db_house
INFO:app.core.database:批量执行SQL完成
INFO:app.services.data_generator:表 crawler_competitor_price 已插入剩余 1 条记录并缓存主键值
INFO:app.services.data_generator:独立表 crawler_competitor_price 生成完成，记录数: 1
INFO:app.services.data_generator:开始为独立表 crm_customer 生成数据
INFO:app.core.database:批量执行SQL，查询: INSERT INTO crm_customer (customer_id, name, gender, phone, email, birthday, address, create_time, update_time, is_deleted) VALUES ($1, $2, $3, $4, $5, $6, $7, $8, $9, $10), 值数量: 1
INFO:app.core.database:连接数据库: 172.16.10.196:5432/db_house
INFO:app.core.database:批量执行SQL完成
INFO:app.services.data_generator:表 crm_customer 已插入剩余 1 条记录并缓存主键值
INFO:app.services.data_generator:独立表 crm_customer 生成完成，记录数: 1
INFO:app.services.data_generator:开始为独立表 ext_market_trend 生成数据
INFO:app.core.database:批量执行SQL，查询: INSERT INTO ext_market_trend (id, period, region, category, market_size, growth_rate, data_source) VALUES ($1, $2, $3, $4, $5, $6, $7), 值数量: 1
INFO:app.core.database:连接数据库: 172.16.10.196:5432/db_house
INFO:app.core.database:批量执行SQL完成
INFO:app.services.data_generator:表 ext_market_trend 已插入剩余 1 条记录并缓存主键值
INFO:app.services.data_generator:独立表 ext_market_trend 生成完成，记录数: 1
INFO:app.services.data_generator:=== 阶段2：生成依赖表 ===
INFO:app.services.data_generator:表依赖排序结果: ['oms_order', 'fms_financial_transaction', 'lms_shipment', 'oms_order_item']
INFO:app.services.data_generator:排序后的依赖表: ['oms_order', 'fms_financial_transaction', 'lms_shipment', 'oms_order_item']
INFO:app.services.data_generator:开始为依赖表 oms_order 生成数据
INFO:app.core.database:批量执行SQL，查询: INSERT INTO oms_order (order_id, order_channel, customer_code, order_amount, discount_amount, pay_amount, order_status, province, city, district, detail_address, order_time) VALUES ($1, $2, $3, $4, $5, $6, $7, $8, $9, $10, $11, $12), 值数量: 1
INFO:app.core.database:连接数据库: 172.16.10.196:5432/db_house
INFO:app.core.database:批量执行SQL完成
INFO:app.services.data_generator:表 oms_order 已插入剩余 1 条记录并缓存主键值
INFO:app.services.data_generator:依赖表 oms_order 生成完成，记录数: 1
INFO:app.services.data_generator:开始为依赖表 fms_financial_transaction 生成数据
INFO:app.core.database:批量执行SQL，查询: INSERT INTO fms_financial_transaction (transaction_id, order_id, payment_method, transaction_type, transaction_amount, transaction_status, transaction_time) VALUES ($1, $2, $3, $4, $5, $6, $7), 值数量: 1
INFO:app.core.database:连接数据库: 172.16.10.196:5432/db_house
INFO:app.core.database:批量执行SQL完成
INFO:app.services.data_generator:表 fms_financial_transaction 已插入剩余 1 条记录并缓存主键值
INFO:app.services.data_generator:依赖表 fms_financial_transaction 生成完成，记录数: 1
INFO:app.services.data_generator:开始为依赖表 lms_shipment 生成数据
INFO:app.core.database:批量执行SQL，查询: INSERT INTO lms_shipment (shipment_id, order_id, carrier, sender_address, receiver_info, current_status, shipping_time, estimated_delivery, actual_delivery) VALUES ($1, $2, $3, $4, $5, $6, $7, $8, $9), 值数量: 1
INFO:app.core.database:连接数据库: 172.16.10.196:5432/db_house
INFO:app.core.database:批量执行SQL完成
INFO:app.services.data_generator:表 lms_shipment 已插入剩余 1 条记录并缓存主键值
INFO:app.services.data_generator:依赖表 lms_shipment 生成完成，记录数: 1
INFO:app.services.data_generator:开始为依赖表 oms_order_item 生成数据
INFO:app.core.database:批量执行SQL，查询: INSERT INTO oms_order_item (id, order_id, product_sku, product_name, quantity, price) VALUES ($1, $2, $3, $4, $5, $6), 值数量: 1
INFO:app.core.database:连接数据库: 172.16.10.196:5432/db_house
INFO:app.core.database:批量执行SQL完成
INFO:app.services.data_generator:表 oms_order_item 已插入剩余 1 条记录并缓存主键值
INFO:app.services.data_generator:依赖表 oms_order_item 生成完成，记录数: 1
INFO:app.services.data_generator:数据生成完成，总记录数: 7
INFO:app.services.data_generator:退出 generate_data_for_tables 方法
INFO:app.services.data_generator:开始 generate_data_for_tables 方法
INFO:app.services.data_generator:独立表（阶段1）: ['crawler_competitor_price', 'crm_customer', 'ext_market_trend']
INFO:app.services.data_generator:依赖表（阶段2）: ['oms_order', 'lms_shipment', 'fms_financial_transaction', 'oms_order_item']
INFO:app.services.data_generator:初始化数据库计数器
INFO:app.core.database:执行查询: SELECT MAX(id) FROM crawler_competitor_price, 参数: ()
INFO:app.core.database:连接数据库: 172.16.10.196:5432/db_house
INFO:app.core.database:查询执行成功
INFO:app.core.database:执行查询: SELECT MAX(id) FROM ext_market_trend, 参数: ()
INFO:app.core.database:连接数据库: 172.16.10.196:5432/db_house
INFO:app.core.database:查询执行成功
INFO:app.core.database:执行查询: SELECT MAX(id) FROM oms_order_item, 参数: ()
INFO:app.core.database:连接数据库: 172.16.10.196:5432/db_house
INFO:app.core.database:查询执行成功
INFO:app.services.data_generator:计数器初始化完成: {'crawler_competitor_price_id': 41, 'ext_market_trend_id': 41, 'oms_order_item_id': 41}
INFO:app.services.data_generator:开始处理日期: 2025-10-21
INFO:app.services.data_generator:当天计划生成记录数: 1
INFO:app.services.data_generator:已清空外键缓存
INFO:app.services.data_generator:=== 阶段1：生成独立表 ===
INFO:app.services.data_generator:开始为独立表 crawler_competitor_price 生成数据
INFO:app.core.database:批量执行SQL，查询: INSERT INTO crawler_competitor_price (id, crawl_time, platform, competitor_name, product_name, product_sku, price, promotion_info, is_in_stock) VALUES ($1, $2, $3, $4, $5, $6, $7, $8, $9), 值数量: 1
INFO:app.core.database:连接数据库: 172.16.10.196:5432/db_house
INFO:app.core.database:批量执行SQL完成
INFO:app.services.data_generator:表 crawler_competitor_price 已插入剩余 1 条记录并缓存主键值
INFO:app.services.data_generator:独立表 crawler_competitor_price 生成完成，记录数: 1
INFO:app.services.data_generator:开始为独立表 crm_customer 生成数据
INFO:app.core.database:批量执行SQL，查询: INSERT INTO crm_customer (customer_id, name, gender, phone, email, birthday, address, create_time, update_time, is_deleted) VALUES ($1, $2, $3, $4, $5, $6, $7, $8, $9, $10), 值数量: 1
INFO:app.core.database:连接数据库: 172.16.10.196:5432/db_house
INFO:app.core.database:批量执行SQL完成
INFO:app.services.data_generator:表 crm_customer 已插入剩余 1 条记录并缓存主键值
INFO:app.services.data_generator:独立表 crm_customer 生成完成，记录数: 1
INFO:app.services.data_generator:开始为独立表 ext_market_trend 生成数据
INFO:app.core.database:批量执行SQL，查询: INSERT INTO ext_market_trend (id, period, region, category, market_size, growth_rate, data_source) VALUES ($1, $2, $3, $4, $5, $6, $7), 值数量: 1
INFO:app.core.database:连接数据库: 172.16.10.196:5432/db_house
INFO:app.core.database:批量执行SQL完成
INFO:app.services.data_generator:表 ext_market_trend 已插入剩余 1 条记录并缓存主键值
INFO:app.services.data_generator:独立表 ext_market_trend 生成完成，记录数: 1
INFO:app.services.data_generator:=== 阶段2：生成依赖表 ===
INFO:app.services.data_generator:表依赖排序结果: ['oms_order', 'fms_financial_transaction', 'lms_shipment', 'oms_order_item']
INFO:app.services.data_generator:排序后的依赖表: ['oms_order', 'fms_financial_transaction', 'lms_shipment', 'oms_order_item']
INFO:app.services.data_generator:开始为依赖表 oms_order 生成数据
INFO:app.core.database:批量执行SQL，查询: INSERT INTO oms_order (order_id, order_channel, customer_code, order_amount, discount_amount, pay_amount, order_status, province, city, district, detail_address, order_time) VALUES ($1, $2, $3, $4, $5, $6, $7, $8, $9, $10, $11, $12), 值数量: 1
INFO:app.core.database:连接数据库: 172.16.10.196:5432/db_house
INFO:app.core.database:批量执行SQL完成
INFO:app.services.data_generator:表 oms_order 已插入剩余 1 条记录并缓存主键值
INFO:app.services.data_generator:依赖表 oms_order 生成完成，记录数: 1
INFO:app.services.data_generator:开始为依赖表 fms_financial_transaction 生成数据
INFO:app.core.database:批量执行SQL，查询: INSERT INTO fms_financial_transaction (transaction_id, order_id, payment_method, transaction_type, transaction_amount, transaction_status, transaction_time) VALUES ($1, $2, $3, $4, $5, $6, $7), 值数量: 1
INFO:app.core.database:连接数据库: 172.16.10.196:5432/db_house
INFO:app.core.database:批量执行SQL完成
INFO:app.services.data_generator:表 fms_financial_transaction 已插入剩余 1 条记录并缓存主键值
INFO:app.services.data_generator:依赖表 fms_financial_transaction 生成完成，记录数: 1
INFO:app.services.data_generator:开始为依赖表 lms_shipment 生成数据
INFO:app.core.database:批量执行SQL，查询: INSERT INTO lms_shipment (shipment_id, order_id, carrier, sender_address, receiver_info, current_status, shipping_time, estimated_delivery, actual_delivery) VALUES ($1, $2, $3, $4, $5, $6, $7, $8, $9), 值数量: 1
INFO:app.core.database:连接数据库: 172.16.10.196:5432/db_house
INFO:app.core.database:批量执行SQL完成
INFO:app.services.data_generator:表 lms_shipment 已插入剩余 1 条记录并缓存主键值
INFO:app.services.data_generator:依赖表 lms_shipment 生成完成，记录数: 1
INFO:app.services.data_generator:开始为依赖表 oms_order_item 生成数据
INFO:app.core.database:批量执行SQL，查询: INSERT INTO oms_order_item (id, order_id, product_sku, product_name, quantity, price) VALUES ($1, $2, $3, $4, $5, $6), 值数量: 1
INFO:app.core.database:连接数据库: 172.16.10.196:5432/db_house
INFO:app.core.database:批量执行SQL完成
INFO:app.services.data_generator:表 oms_order_item 已插入剩余 1 条记录并缓存主键值
INFO:app.services.data_generator:依赖表 oms_order_item 生成完成，记录数: 1
INFO:app.services.data_generator:数据生成完成，总记录数: 7
INFO:app.services.data_generator:退出 generate_data_for_tables 方法
INFO:app.services.data_generator:开始 generate_data_for_tables 方法
INFO:app.services.data_generator:独立表（阶段1）: ['crawler_competitor_price', 'crm_customer', 'ext_market_trend']
INFO:app.services.data_generator:依赖表（阶段2）: ['oms_order', 'lms_shipment', 'fms_financial_transaction', 'oms_order_item']
INFO:app.services.data_generator:初始化数据库计数器
INFO:app.core.database:执行查询: SELECT MAX(id) FROM crawler_competitor_price, 参数: ()
INFO:app.core.database:连接数据库: 172.16.10.196:5432/db_house
INFO:app.core.database:查询执行成功
INFO:app.core.database:执行查询: SELECT MAX(id) FROM ext_market_trend, 参数: ()
INFO:app.core.database:连接数据库: 172.16.10.196:5432/db_house
INFO:app.core.database:查询执行成功
INFO:app.core.database:执行查询: SELECT MAX(id) FROM oms_order_item, 参数: ()
INFO:app.core.database:连接数据库: 172.16.10.196:5432/db_house
INFO:app.core.database:查询执行成功
INFO:app.services.data_generator:计数器初始化完成: {'crawler_competitor_price_id': 42, 'ext_market_trend_id': 42, 'oms_order_item_id': 42}
INFO:app.services.data_generator:开始处理日期: 2025-10-21
INFO:app.services.data_generator:当天计划生成记录数: 1
INFO:app.services.data_generator:已清空外键缓存
INFO:app.services.data_generator:=== 阶段1：生成独立表 ===
INFO:app.services.data_generator:开始为独立表 crawler_competitor_price 生成数据
INFO:app.core.database:批量执行SQL，查询: INSERT INTO crawler_competitor_price (id, crawl_time, platform, competitor_name, product_name, product_sku, price, promotion_info, is_in_stock) VALUES ($1, $2, $3, $4, $5, $6, $7, $8, $9), 值数量: 1
INFO:app.core.database:连接数据库: 172.16.10.196:5432/db_house
INFO:app.core.database:批量执行SQL完成
INFO:app.services.data_generator:表 crawler_competitor_price 已插入剩余 1 条记录并缓存主键值
INFO:app.services.data_generator:独立表 crawler_competitor_price 生成完成，记录数: 1
INFO:app.services.data_generator:开始为独立表 crm_customer 生成数据
INFO:app.core.database:批量执行SQL，查询: INSERT INTO crm_customer (customer_id, name, gender, phone, email, birthday, address, create_time, update_time, is_deleted) VALUES ($1, $2, $3, $4, $5, $6, $7, $8, $9, $10), 值数量: 1
INFO:app.core.database:连接数据库: 172.16.10.196:5432/db_house
INFO:app.core.database:批量执行SQL完成
INFO:app.services.data_generator:表 crm_customer 已插入剩余 1 条记录并缓存主键值
INFO:app.services.data_generator:独立表 crm_customer 生成完成，记录数: 1
INFO:app.services.data_generator:开始为独立表 ext_market_trend 生成数据
INFO:app.core.database:批量执行SQL，查询: INSERT INTO ext_market_trend (id, period, region, category, market_size, growth_rate, data_source) VALUES ($1, $2, $3, $4, $5, $6, $7), 值数量: 1
INFO:app.core.database:连接数据库: 172.16.10.196:5432/db_house
INFO:app.core.database:批量执行SQL完成
INFO:app.services.data_generator:表 ext_market_trend 已插入剩余 1 条记录并缓存主键值
INFO:app.services.data_generator:独立表 ext_market_trend 生成完成，记录数: 1
INFO:app.services.data_generator:=== 阶段2：生成依赖表 ===
INFO:app.services.data_generator:表依赖排序结果: ['oms_order', 'fms_financial_transaction', 'lms_shipment', 'oms_order_item']
INFO:app.services.data_generator:排序后的依赖表: ['oms_order', 'fms_financial_transaction', 'lms_shipment', 'oms_order_item']
INFO:app.services.data_generator:开始为依赖表 oms_order 生成数据
INFO:app.core.database:批量执行SQL，查询: INSERT INTO oms_order (order_id, order_channel, customer_code, order_amount, discount_amount, pay_amount, order_status, province, city, district, detail_address, order_time) VALUES ($1, $2, $3, $4, $5, $6, $7, $8, $9, $10, $11, $12), 值数量: 1
INFO:app.core.database:连接数据库: 172.16.10.196:5432/db_house
INFO:app.core.database:批量执行SQL完成
INFO:app.services.data_generator:表 oms_order 已插入剩余 1 条记录并缓存主键值
INFO:app.services.data_generator:依赖表 oms_order 生成完成，记录数: 1
INFO:app.services.data_generator:开始为依赖表 fms_financial_transaction 生成数据
INFO:app.core.database:批量执行SQL，查询: INSERT INTO fms_financial_transaction (transaction_id, order_id, payment_method, transaction_type, transaction_amount, transaction_status, transaction_time) VALUES ($1, $2, $3, $4, $5, $6, $7), 值数量: 1
INFO:app.core.database:连接数据库: 172.16.10.196:5432/db_house
INFO:app.core.database:批量执行SQL完成
INFO:app.services.data_generator:表 fms_financial_transaction 已插入剩余 1 条记录并缓存主键值
INFO:app.services.data_generator:依赖表 fms_financial_transaction 生成完成，记录数: 1
INFO:app.services.data_generator:开始为依赖表 lms_shipment 生成数据
INFO:app.core.database:批量执行SQL，查询: INSERT INTO lms_shipment (shipment_id, order_id, carrier, sender_address, receiver_info, current_status, shipping_time, estimated_delivery, actual_delivery) VALUES ($1, $2, $3, $4, $5, $6, $7, $8, $9), 值数量: 1
INFO:app.core.database:连接数据库: 172.16.10.196:5432/db_house
INFO:app.core.database:批量执行SQL完成
INFO:app.services.data_generator:表 lms_shipment 已插入剩余 1 条记录并缓存主键值
INFO:app.services.data_generator:依赖表 lms_shipment 生成完成，记录数: 1
INFO:app.services.data_generator:开始为依赖表 oms_order_item 生成数据
INFO:app.core.database:批量执行SQL，查询: INSERT INTO oms_order_item (id, order_id, product_sku, product_name, quantity, price) VALUES ($1, $2, $3, $4, $5, $6), 值数量: 1
INFO:app.core.database:连接数据库: 172.16.10.196:5432/db_house
INFO:app.core.database:批量执行SQL完成
INFO:app.services.data_generator:表 oms_order_item 已插入剩余 1 条记录并缓存主键值
INFO:app.services.data_generator:依赖表 oms_order_item 生成完成，记录数: 1
INFO:app.services.data_generator:数据生成完成，总记录数: 7
INFO:app.services.data_generator:退出 generate_data_for_tables 方法
INFO:app.services.data_generator:开始 generate_data_for_tables 方法
INFO:app.services.data_generator:独立表（阶段1）: ['crawler_competitor_price', 'crm_customer', 'ext_market_trend']
INFO:app.services.data_generator:依赖表（阶段2）: ['oms_order', 'lms_shipment', 'fms_financial_transaction', 'oms_order_item']
INFO:app.services.data_generator:初始化数据库计数器
INFO:app.core.database:执行查询: SELECT MAX(id) FROM crawler_competitor_price, 参数: ()
INFO:app.core.database:连接数据库: 172.16.10.196:5432/db_house
INFO:app.core.database:查询执行成功
INFO:app.core.database:执行查询: SELECT MAX(id) FROM ext_market_trend, 参数: ()
INFO:app.core.database:连接数据库: 172.16.10.196:5432/db_house
INFO:app.core.database:查询执行成功
INFO:app.core.database:执行查询: SELECT MAX(id) FROM oms_order_item, 参数: ()
INFO:app.core.database:连接数据库: 172.16.10.196:5432/db_house
INFO:app.core.database:查询执行成功
INFO:app.services.data_generator:计数器初始化完成: {'crawler_competitor_price_id': 43, 'ext_market_trend_id': 43, 'oms_order_item_id': 43}
INFO:app.services.data_generator:开始处理日期: 2025-10-21
INFO:app.services.data_generator:当天计划生成记录数: 1
INFO:app.services.data_generator:已清空外键缓存
INFO:app.services.data_generator:=== 阶段1：生成独立表 ===
INFO:app.services.data_generator:开始为独立表 crawler_competitor_price 生成数据
INFO:app.core.database:批量执行SQL，查询: INSERT INTO crawler_competitor_price (id, crawl_time, platform, competitor_name, product_name, product_sku, price, promotion_info, is_in_stock) VALUES ($1, $2, $3, $4, $5, $6, $7, $8, $9), 值数量: 1
INFO:app.core.database:连接数据库: 172.16.10.196:5432/db_house
INFO:app.core.database:批量执行SQL完成
INFO:app.services.data_generator:表 crawler_competitor_price 已插入剩余 1 条记录并缓存主键值
INFO:app.services.data_generator:独立表 crawler_competitor_price 生成完成，记录数: 1
INFO:app.services.data_generator:开始为独立表 crm_customer 生成数据
INFO:app.core.database:批量执行SQL，查询: INSERT INTO crm_customer (customer_id, name, gender, phone, email, birthday, address, create_time, update_time, is_deleted) VALUES ($1, $2, $3, $4, $5, $6, $7, $8, $9, $10), 值数量: 1
INFO:app.core.database:连接数据库: 172.16.10.196:5432/db_house
INFO:app.core.database:批量执行SQL完成
INFO:app.services.data_generator:表 crm_customer 已插入剩余 1 条记录并缓存主键值
INFO:app.services.data_generator:独立表 crm_customer 生成完成，记录数: 1
INFO:app.services.data_generator:开始为独立表 ext_market_trend 生成数据
INFO:app.core.database:批量执行SQL，查询: INSERT INTO ext_market_trend (id, period, region, category, market_size, growth_rate, data_source) VALUES ($1, $2, $3, $4, $5, $6, $7), 值数量: 1
INFO:app.core.database:连接数据库: 172.16.10.196:5432/db_house
INFO:app.core.database:批量执行SQL完成
INFO:app.services.data_generator:表 ext_market_trend 已插入剩余 1 条记录并缓存主键值
INFO:app.services.data_generator:独立表 ext_market_trend 生成完成，记录数: 1
INFO:app.services.data_generator:=== 阶段2：生成依赖表 ===
INFO:app.services.data_generator:表依赖排序结果: ['oms_order', 'fms_financial_transaction', 'lms_shipment', 'oms_order_item']
INFO:app.services.data_generator:排序后的依赖表: ['oms_order', 'fms_financial_transaction', 'lms_shipment', 'oms_order_item']
INFO:app.services.data_generator:开始为依赖表 oms_order 生成数据
INFO:app.core.database:批量执行SQL，查询: INSERT INTO oms_order (order_id, order_channel, customer_code, order_amount, discount_amount, pay_amount, order_status, province, city, district, detail_address, order_time) VALUES ($1, $2, $3, $4, $5, $6, $7, $8, $9, $10, $11, $12), 值数量: 1
INFO:app.core.database:连接数据库: 172.16.10.196:5432/db_house
INFO:app.core.database:批量执行SQL完成
INFO:app.services.data_generator:表 oms_order 已插入剩余 1 条记录并缓存主键值
INFO:app.services.data_generator:依赖表 oms_order 生成完成，记录数: 1
INFO:app.services.data_generator:开始为依赖表 fms_financial_transaction 生成数据
INFO:app.core.database:批量执行SQL，查询: INSERT INTO fms_financial_transaction (transaction_id, order_id, payment_method, transaction_type, transaction_amount, transaction_status, transaction_time) VALUES ($1, $2, $3, $4, $5, $6, $7), 值数量: 1
INFO:app.core.database:连接数据库: 172.16.10.196:5432/db_house
INFO:app.core.database:批量执行SQL完成
INFO:app.services.data_generator:表 fms_financial_transaction 已插入剩余 1 条记录并缓存主键值
INFO:app.services.data_generator:依赖表 fms_financial_transaction 生成完成，记录数: 1
INFO:app.services.data_generator:开始为依赖表 lms_shipment 生成数据
INFO:app.core.database:批量执行SQL，查询: INSERT INTO lms_shipment (shipment_id, order_id, carrier, sender_address, receiver_info, current_status, shipping_time, estimated_delivery, actual_delivery) VALUES ($1, $2, $3, $4, $5, $6, $7, $8, $9), 值数量: 1
INFO:app.core.database:连接数据库: 172.16.10.196:5432/db_house
INFO:app.core.database:批量执行SQL完成
INFO:app.services.data_generator:表 lms_shipment 已插入剩余 1 条记录并缓存主键值
INFO:app.services.data_generator:依赖表 lms_shipment 生成完成，记录数: 1
INFO:app.services.data_generator:开始为依赖表 oms_order_item 生成数据
INFO:app.core.database:批量执行SQL，查询: INSERT INTO oms_order_item (id, order_id, product_sku, product_name, quantity, price) VALUES ($1, $2, $3, $4, $5, $6), 值数量: 1
INFO:app.core.database:连接数据库: 172.16.10.196:5432/db_house
INFO:app.core.database:批量执行SQL完成
INFO:app.services.data_generator:表 oms_order_item 已插入剩余 1 条记录并缓存主键值
INFO:app.services.data_generator:依赖表 oms_order_item 生成完成，记录数: 1
INFO:app.services.data_generator:数据生成完成，总记录数: 7
INFO:app.services.data_generator:退出 generate_data_for_tables 方法
INFO:app.services.data_generator:开始 generate_data_for_tables 方法
INFO:app.services.data_generator:独立表（阶段1）: ['crawler_competitor_price', 'crm_customer', 'ext_market_trend']
INFO:app.services.data_generator:依赖表（阶段2）: ['oms_order', 'lms_shipment', 'fms_financial_transaction', 'oms_order_item']
INFO:app.services.data_generator:初始化数据库计数器
INFO:app.core.database:执行查询: SELECT MAX(id) FROM crawler_competitor_price, 参数: ()
INFO:app.core.database:连接数据库: 172.16.10.196:5432/db_house
INFO:app.core.database:查询执行成功
INFO:app.core.database:执行查询: SELECT MAX(id) FROM ext_market_trend, 参数: ()
INFO:app.core.database:连接数据库: 172.16.10.196:5432/db_house
INFO:app.core.database:查询执行成功
INFO:app.core.database:执行查询: SELECT MAX(id) FROM oms_order_item, 参数: ()
INFO:app.core.database:连接数据库: 172.16.10.196:5432/db_house
INFO:app.core.database:查询执行成功
INFO:app.services.data_generator:计数器初始化完成: {'crawler_competitor_price_id': 44, 'ext_market_trend_id': 44, 'oms_order_item_id': 44}
INFO:app.services.data_generator:开始处理日期: 2025-10-21
INFO:app.services.data_generator:当天计划生成记录数: 1
INFO:app.services.data_generator:已清空外键缓存
INFO:app.services.data_generator:=== 阶段1：生成独立表 ===
INFO:app.services.data_generator:开始为独立表 crawler_competitor_price 生成数据
INFO:app.core.database:批量执行SQL，查询: INSERT INTO crawler_competitor_price (id, crawl_time, platform, competitor_name, product_name, product_sku, price, promotion_info, is_in_stock) VALUES ($1, $2, $3, $4, $5, $6, $7, $8, $9), 值数量: 1
INFO:app.core.database:连接数据库: 172.16.10.196:5432/db_house
INFO:app.core.database:批量执行SQL完成
INFO:app.services.data_generator:表 crawler_competitor_price 已插入剩余 1 条记录并缓存主键值
INFO:app.services.data_generator:独立表 crawler_competitor_price 生成完成，记录数: 1
INFO:app.services.data_generator:开始为独立表 crm_customer 生成数据
INFO:app.core.database:批量执行SQL，查询: INSERT INTO crm_customer (customer_id, name, gender, phone, email, birthday, address, create_time, update_time, is_deleted) VALUES ($1, $2, $3, $4, $5, $6, $7, $8, $9, $10), 值数量: 1
INFO:app.core.database:连接数据库: 172.16.10.196:5432/db_house
INFO:app.core.database:批量执行SQL完成
INFO:app.services.data_generator:表 crm_customer 已插入剩余 1 条记录并缓存主键值
INFO:app.services.data_generator:独立表 crm_customer 生成完成，记录数: 1
INFO:app.services.data_generator:开始为独立表 ext_market_trend 生成数据
INFO:app.core.database:批量执行SQL，查询: INSERT INTO ext_market_trend (id, period, region, category, market_size, growth_rate, data_source) VALUES ($1, $2, $3, $4, $5, $6, $7), 值数量: 1
INFO:app.core.database:连接数据库: 172.16.10.196:5432/db_house
INFO:app.core.database:批量执行SQL完成
INFO:app.services.data_generator:表 ext_market_trend 已插入剩余 1 条记录并缓存主键值
INFO:app.services.data_generator:独立表 ext_market_trend 生成完成，记录数: 1
INFO:app.services.data_generator:=== 阶段2：生成依赖表 ===
INFO:app.services.data_generator:表依赖排序结果: ['oms_order', 'fms_financial_transaction', 'lms_shipment', 'oms_order_item']
INFO:app.services.data_generator:排序后的依赖表: ['oms_order', 'fms_financial_transaction', 'lms_shipment', 'oms_order_item']
INFO:app.services.data_generator:开始为依赖表 oms_order 生成数据
INFO:app.core.database:批量执行SQL，查询: INSERT INTO oms_order (order_id, order_channel, customer_code, order_amount, discount_amount, pay_amount, order_status, province, city, district, detail_address, order_time) VALUES ($1, $2, $3, $4, $5, $6, $7, $8, $9, $10, $11, $12), 值数量: 1
INFO:app.core.database:连接数据库: 172.16.10.196:5432/db_house
INFO:app.core.database:批量执行SQL完成
INFO:app.services.data_generator:表 oms_order 已插入剩余 1 条记录并缓存主键值
INFO:app.services.data_generator:依赖表 oms_order 生成完成，记录数: 1
INFO:app.services.data_generator:开始为依赖表 fms_financial_transaction 生成数据
INFO:app.core.database:批量执行SQL，查询: INSERT INTO fms_financial_transaction (transaction_id, order_id, payment_method, transaction_type, transaction_amount, transaction_status, transaction_time) VALUES ($1, $2, $3, $4, $5, $6, $7), 值数量: 1
INFO:app.core.database:连接数据库: 172.16.10.196:5432/db_house
INFO:app.core.database:批量执行SQL完成
INFO:app.services.data_generator:表 fms_financial_transaction 已插入剩余 1 条记录并缓存主键值
INFO:app.services.data_generator:依赖表 fms_financial_transaction 生成完成，记录数: 1
INFO:app.services.data_generator:开始为依赖表 lms_shipment 生成数据
INFO:app.core.database:批量执行SQL，查询: INSERT INTO lms_shipment (shipment_id, order_id, carrier, sender_address, receiver_info, current_status, shipping_time, estimated_delivery, actual_delivery) VALUES ($1, $2, $3, $4, $5, $6, $7, $8, $9), 值数量: 1
INFO:app.core.database:连接数据库: 172.16.10.196:5432/db_house
INFO:app.core.database:批量执行SQL完成
INFO:app.services.data_generator:表 lms_shipment 已插入剩余 1 条记录并缓存主键值
INFO:app.services.data_generator:依赖表 lms_shipment 生成完成，记录数: 1
INFO:app.services.data_generator:开始为依赖表 oms_order_item 生成数据
INFO:app.core.database:批量执行SQL，查询: INSERT INTO oms_order_item (id, order_id, product_sku, product_name, quantity, price) VALUES ($1, $2, $3, $4, $5, $6), 值数量: 1
INFO:app.core.database:连接数据库: 172.16.10.196:5432/db_house
INFO:app.core.database:批量执行SQL完成
INFO:app.services.data_generator:表 oms_order_item 已插入剩余 1 条记录并缓存主键值
INFO:app.services.data_generator:依赖表 oms_order_item 生成完成，记录数: 1
INFO:app.services.data_generator:数据生成完成，总记录数: 7
INFO:app.services.data_generator:退出 generate_data_for_tables 方法
INFO:app.services.data_generator:开始 generate_data_for_tables 方法
INFO:app.services.data_generator:独立表（阶段1）: ['crawler_competitor_price', 'crm_customer', 'ext_market_trend']
INFO:app.services.data_generator:依赖表（阶段2）: ['oms_order', 'lms_shipment', 'fms_financial_transaction', 'oms_order_item']
INFO:app.services.data_generator:初始化数据库计数器
INFO:app.core.database:执行查询: SELECT MAX(id) FROM crawler_competitor_price, 参数: ()
INFO:app.core.database:连接数据库: 172.16.10.196:5432/db_house
INFO:app.core.database:查询执行成功
INFO:app.core.database:执行查询: SELECT MAX(id) FROM ext_market_trend, 参数: ()
INFO:app.core.database:连接数据库: 172.16.10.196:5432/db_house
INFO:app.core.database:查询执行成功
INFO:app.core.database:执行查询: SELECT MAX(id) FROM oms_order_item, 参数: ()
INFO:app.core.database:连接数据库: 172.16.10.196:5432/db_house
INFO:app.core.database:查询执行成功
INFO:app.services.data_generator:计数器初始化完成: {'crawler_competitor_price_id': 45, 'ext_market_trend_id': 45, 'oms_order_item_id': 45}
INFO:app.services.data_generator:开始处理日期: 2025-10-21
INFO:app.services.data_generator:当天计划生成记录数: 1
INFO:app.services.data_generator:已清空外键缓存
INFO:app.services.data_generator:=== 阶段1：生成独立表 ===
INFO:app.services.data_generator:开始为独立表 crawler_competitor_price 生成数据
INFO:app.core.database:批量执行SQL，查询: INSERT INTO crawler_competitor_price (id, crawl_time, platform, competitor_name, product_name, product_sku, price, promotion_info, is_in_stock) VALUES ($1, $2, $3, $4, $5, $6, $7, $8, $9), 值数量: 1
INFO:app.core.database:连接数据库: 172.16.10.196:5432/db_house
INFO:app.core.database:批量执行SQL完成
INFO:app.services.data_generator:表 crawler_competitor_price 已插入剩余 1 条记录并缓存主键值
INFO:app.services.data_generator:独立表 crawler_competitor_price 生成完成，记录数: 1
INFO:app.services.data_generator:开始为独立表 crm_customer 生成数据
INFO:app.core.database:批量执行SQL，查询: INSERT INTO crm_customer (customer_id, name, gender, phone, email, birthday, address, create_time, update_time, is_deleted) VALUES ($1, $2, $3, $4, $5, $6, $7, $8, $9, $10), 值数量: 1
INFO:app.core.database:连接数据库: 172.16.10.196:5432/db_house
INFO:app.core.database:批量执行SQL完成
INFO:app.services.data_generator:表 crm_customer 已插入剩余 1 条记录并缓存主键值
INFO:app.services.data_generator:独立表 crm_customer 生成完成，记录数: 1
INFO:app.services.data_generator:开始为独立表 ext_market_trend 生成数据
INFO:app.core.database:批量执行SQL，查询: INSERT INTO ext_market_trend (id, period, region, category, market_size, growth_rate, data_source) VALUES ($1, $2, $3, $4, $5, $6, $7), 值数量: 1
INFO:app.core.database:连接数据库: 172.16.10.196:5432/db_house
INFO:app.core.database:批量执行SQL完成
INFO:app.services.data_generator:表 ext_market_trend 已插入剩余 1 条记录并缓存主键值
INFO:app.services.data_generator:独立表 ext_market_trend 生成完成，记录数: 1
INFO:app.services.data_generator:=== 阶段2：生成依赖表 ===
INFO:app.services.data_generator:表依赖排序结果: ['oms_order', 'fms_financial_transaction', 'lms_shipment', 'oms_order_item']
INFO:app.services.data_generator:排序后的依赖表: ['oms_order', 'fms_financial_transaction', 'lms_shipment', 'oms_order_item']
INFO:app.services.data_generator:开始为依赖表 oms_order 生成数据
INFO:app.core.database:批量执行SQL，查询: INSERT INTO oms_order (order_id, order_channel, customer_code, order_amount, discount_amount, pay_amount, order_status, province, city, district, detail_address, order_time) VALUES ($1, $2, $3, $4, $5, $6, $7, $8, $9, $10, $11, $12), 值数量: 1
INFO:app.core.database:连接数据库: 172.16.10.196:5432/db_house
INFO:app.core.database:批量执行SQL完成
INFO:app.services.data_generator:表 oms_order 已插入剩余 1 条记录并缓存主键值
INFO:app.services.data_generator:依赖表 oms_order 生成完成，记录数: 1
INFO:app.services.data_generator:开始为依赖表 fms_financial_transaction 生成数据
INFO:app.core.database:批量执行SQL，查询: INSERT INTO fms_financial_transaction (transaction_id, order_id, payment_method, transaction_type, transaction_amount, transaction_status, transaction_time) VALUES ($1, $2, $3, $4, $5, $6, $7), 值数量: 1
INFO:app.core.database:连接数据库: 172.16.10.196:5432/db_house
INFO:app.core.database:批量执行SQL完成
INFO:app.services.data_generator:表 fms_financial_transaction 已插入剩余 1 条记录并缓存主键值
INFO:app.services.data_generator:依赖表 fms_financial_transaction 生成完成，记录数: 1
INFO:app.services.data_generator:开始为依赖表 lms_shipment 生成数据
INFO:app.core.database:批量执行SQL，查询: INSERT INTO lms_shipment (shipment_id, order_id, carrier, sender_address, receiver_info, current_status, shipping_time, estimated_delivery, actual_delivery) VALUES ($1, $2, $3, $4, $5, $6, $7, $8, $9), 值数量: 1
INFO:app.core.database:连接数据库: 172.16.10.196:5432/db_house
INFO:app.core.database:批量执行SQL完成
INFO:app.services.data_generator:表 lms_shipment 已插入剩余 1 条记录并缓存主键值
INFO:app.services.data_generator:依赖表 lms_shipment 生成完成，记录数: 1
INFO:app.services.data_generator:开始为依赖表 oms_order_item 生成数据
INFO:app.core.database:批量执行SQL，查询: INSERT INTO oms_order_item (id, order_id, product_sku, product_name, quantity, price) VALUES ($1, $2, $3, $4, $5, $6), 值数量: 1
INFO:app.core.database:连接数据库: 172.16.10.196:5432/db_house
INFO:app.core.database:批量执行SQL完成
INFO:app.services.data_generator:表 oms_order_item 已插入剩余 1 条记录并缓存主键值
INFO:app.services.data_generator:依赖表 oms_order_item 生成完成，记录数: 1
INFO:app.services.data_generator:数据生成完成，总记录数: 7
INFO:app.services.data_generator:退出 generate_data_for_tables 方法
INFO:app.services.data_generator:开始 generate_data_for_tables 方法
INFO:app.services.data_generator:独立表（阶段1）: ['crawler_competitor_price', 'crm_customer', 'ext_market_trend']
INFO:app.services.data_generator:依赖表（阶段2）: ['oms_order', 'lms_shipment', 'fms_financial_transaction', 'oms_order_item']
INFO:app.services.data_generator:初始化数据库计数器
INFO:app.core.database:执行查询: SELECT MAX(id) FROM crawler_competitor_price, 参数: ()
INFO:app.core.database:连接数据库: 172.16.10.196:5432/db_house
INFO:app.core.database:查询执行成功
INFO:app.core.database:执行查询: SELECT MAX(id) FROM ext_market_trend, 参数: ()
INFO:app.core.database:连接数据库: 172.16.10.196:5432/db_house
INFO:app.core.database:查询执行成功
INFO:app.core.database:执行查询: SELECT MAX(id) FROM oms_order_item, 参数: ()
INFO:app.core.database:连接数据库: 172.16.10.196:5432/db_house
INFO:app.core.database:查询执行成功
INFO:app.services.data_generator:计数器初始化完成: {'crawler_competitor_price_id': 46, 'ext_market_trend_id': 46, 'oms_order_item_id': 46}
INFO:app.services.data_generator:开始处理日期: 2025-10-21
INFO:app.services.data_generator:当天计划生成记录数: 1
INFO:app.services.data_generator:已清空外键缓存
INFO:app.services.data_generator:=== 阶段1：生成独立表 ===
INFO:app.services.data_generator:开始为独立表 crawler_competitor_price 生成数据
INFO:app.core.database:批量执行SQL，查询: INSERT INTO crawler_competitor_price (id, crawl_time, platform, competitor_name, product_name, product_sku, price, promotion_info, is_in_stock) VALUES ($1, $2, $3, $4, $5, $6, $7, $8, $9), 值数量: 1
INFO:app.core.database:连接数据库: 172.16.10.196:5432/db_house
INFO:app.core.database:批量执行SQL完成
INFO:app.services.data_generator:表 crawler_competitor_price 已插入剩余 1 条记录并缓存主键值
INFO:app.services.data_generator:独立表 crawler_competitor_price 生成完成，记录数: 1
INFO:app.services.data_generator:开始为独立表 crm_customer 生成数据
INFO:app.core.database:批量执行SQL，查询: INSERT INTO crm_customer (customer_id, name, gender, phone, email, birthday, address, create_time, update_time, is_deleted) VALUES ($1, $2, $3, $4, $5, $6, $7, $8, $9, $10), 值数量: 1
INFO:app.core.database:连接数据库: 172.16.10.196:5432/db_house
INFO:app.core.database:批量执行SQL完成
INFO:app.services.data_generator:表 crm_customer 已插入剩余 1 条记录并缓存主键值
INFO:app.services.data_generator:独立表 crm_customer 生成完成，记录数: 1
INFO:app.services.data_generator:开始为独立表 ext_market_trend 生成数据
INFO:app.core.database:批量执行SQL，查询: INSERT INTO ext_market_trend (id, period, region, category, market_size, growth_rate, data_source) VALUES ($1, $2, $3, $4, $5, $6, $7), 值数量: 1
INFO:app.core.database:连接数据库: 172.16.10.196:5432/db_house
INFO:app.core.database:批量执行SQL完成
INFO:app.services.data_generator:表 ext_market_trend 已插入剩余 1 条记录并缓存主键值
INFO:app.services.data_generator:独立表 ext_market_trend 生成完成，记录数: 1
INFO:app.services.data_generator:=== 阶段2：生成依赖表 ===
INFO:app.services.data_generator:表依赖排序结果: ['oms_order', 'fms_financial_transaction', 'lms_shipment', 'oms_order_item']
INFO:app.services.data_generator:排序后的依赖表: ['oms_order', 'fms_financial_transaction', 'lms_shipment', 'oms_order_item']
INFO:app.services.data_generator:开始为依赖表 oms_order 生成数据
INFO:app.core.database:批量执行SQL，查询: INSERT INTO oms_order (order_id, order_channel, customer_code, order_amount, discount_amount, pay_amount, order_status, province, city, district, detail_address, order_time) VALUES ($1, $2, $3, $4, $5, $6, $7, $8, $9, $10, $11, $12), 值数量: 1
INFO:app.core.database:连接数据库: 172.16.10.196:5432/db_house
INFO:app.core.database:批量执行SQL完成
INFO:app.services.data_generator:表 oms_order 已插入剩余 1 条记录并缓存主键值
INFO:app.services.data_generator:依赖表 oms_order 生成完成，记录数: 1
INFO:app.services.data_generator:开始为依赖表 fms_financial_transaction 生成数据
INFO:app.core.database:批量执行SQL，查询: INSERT INTO fms_financial_transaction (transaction_id, order_id, payment_method, transaction_type, transaction_amount, transaction_status, transaction_time) VALUES ($1, $2, $3, $4, $5, $6, $7), 值数量: 1
INFO:app.core.database:连接数据库: 172.16.10.196:5432/db_house
INFO:app.core.database:批量执行SQL完成
INFO:app.services.data_generator:表 fms_financial_transaction 已插入剩余 1 条记录并缓存主键值
INFO:app.services.data_generator:依赖表 fms_financial_transaction 生成完成，记录数: 1
INFO:app.services.data_generator:开始为依赖表 lms_shipment 生成数据
INFO:app.core.database:批量执行SQL，查询: INSERT INTO lms_shipment (shipment_id, order_id, carrier, sender_address, receiver_info, current_status, shipping_time, estimated_delivery, actual_delivery) VALUES ($1, $2, $3, $4, $5, $6, $7, $8, $9), 值数量: 1
INFO:app.core.database:连接数据库: 172.16.10.196:5432/db_house
INFO:app.core.database:批量执行SQL完成
INFO:app.services.data_generator:表 lms_shipment 已插入剩余 1 条记录并缓存主键值
INFO:app.services.data_generator:依赖表 lms_shipment 生成完成，记录数: 1
INFO:app.services.data_generator:开始为依赖表 oms_order_item 生成数据
INFO:app.core.database:批量执行SQL，查询: INSERT INTO oms_order_item (id, order_id, product_sku, product_name, quantity, price) VALUES ($1, $2, $3, $4, $5, $6), 值数量: 1
INFO:app.core.database:连接数据库: 172.16.10.196:5432/db_house
INFO:app.core.database:批量执行SQL完成
INFO:app.services.data_generator:表 oms_order_item 已插入剩余 1 条记录并缓存主键值
INFO:app.services.data_generator:依赖表 oms_order_item 生成完成，记录数: 1
INFO:app.services.data_generator:数据生成完成，总记录数: 7
INFO:app.services.data_generator:退出 generate_data_for_tables 方法
INFO:app.services.data_generator:开始 generate_data_for_tables 方法
INFO:app.services.data_generator:独立表（阶段1）: ['crawler_competitor_price', 'crm_customer', 'ext_market_trend']
INFO:app.services.data_generator:依赖表（阶段2）: ['oms_order', 'lms_shipment', 'fms_financial_transaction', 'oms_order_item']
INFO:app.services.data_generator:初始化数据库计数器
INFO:app.core.database:执行查询: SELECT MAX(id) FROM crawler_competitor_price, 参数: ()
INFO:app.core.database:连接数据库: 172.16.10.196:5432/db_house
INFO:app.core.database:查询执行成功
INFO:app.core.database:执行查询: SELECT MAX(id) FROM ext_market_trend, 参数: ()
INFO:app.core.database:连接数据库: 172.16.10.196:5432/db_house
INFO:app.core.database:查询执行成功
INFO:app.core.database:执行查询: SELECT MAX(id) FROM oms_order_item, 参数: ()
INFO:app.core.database:连接数据库: 172.16.10.196:5432/db_house
INFO:app.core.database:查询执行成功
INFO:app.services.data_generator:计数器初始化完成: {'crawler_competitor_price_id': 47, 'ext_market_trend_id': 47, 'oms_order_item_id': 47}
INFO:app.services.data_generator:开始处理日期: 2025-10-21
INFO:app.services.data_generator:当天计划生成记录数: 1
INFO:app.services.data_generator:已清空外键缓存
INFO:app.services.data_generator:=== 阶段1：生成独立表 ===
INFO:app.services.data_generator:开始为独立表 crawler_competitor_price 生成数据
INFO:app.core.database:批量执行SQL，查询: INSERT INTO crawler_competitor_price (id, crawl_time, platform, competitor_name, product_name, product_sku, price, promotion_info, is_in_stock) VALUES ($1, $2, $3, $4, $5, $6, $7, $8, $9), 值数量: 1
INFO:app.core.database:连接数据库: 172.16.10.196:5432/db_house
INFO:app.core.database:批量执行SQL完成
INFO:app.services.data_generator:表 crawler_competitor_price 已插入剩余 1 条记录并缓存主键值
INFO:app.services.data_generator:独立表 crawler_competitor_price 生成完成，记录数: 1
INFO:app.services.data_generator:开始为独立表 crm_customer 生成数据
INFO:app.core.database:批量执行SQL，查询: INSERT INTO crm_customer (customer_id, name, gender, phone, email, birthday, address, create_time, update_time, is_deleted) VALUES ($1, $2, $3, $4, $5, $6, $7, $8, $9, $10), 值数量: 1
INFO:app.core.database:连接数据库: 172.16.10.196:5432/db_house
INFO:app.core.database:批量执行SQL完成
INFO:app.services.data_generator:表 crm_customer 已插入剩余 1 条记录并缓存主键值
INFO:app.services.data_generator:独立表 crm_customer 生成完成，记录数: 1
INFO:app.services.data_generator:开始为独立表 ext_market_trend 生成数据
INFO:app.core.database:批量执行SQL，查询: INSERT INTO ext_market_trend (id, period, region, category, market_size, growth_rate, data_source) VALUES ($1, $2, $3, $4, $5, $6, $7), 值数量: 1
INFO:app.core.database:连接数据库: 172.16.10.196:5432/db_house
INFO:app.core.database:批量执行SQL完成
INFO:app.services.data_generator:表 ext_market_trend 已插入剩余 1 条记录并缓存主键值
INFO:app.services.data_generator:独立表 ext_market_trend 生成完成，记录数: 1
INFO:app.services.data_generator:=== 阶段2：生成依赖表 ===
INFO:app.services.data_generator:表依赖排序结果: ['oms_order', 'fms_financial_transaction', 'lms_shipment', 'oms_order_item']
INFO:app.services.data_generator:排序后的依赖表: ['oms_order', 'fms_financial_transaction', 'lms_shipment', 'oms_order_item']
INFO:app.services.data_generator:开始为依赖表 oms_order 生成数据
INFO:app.core.database:批量执行SQL，查询: INSERT INTO oms_order (order_id, order_channel, customer_code, order_amount, discount_amount, pay_amount, order_status, province, city, district, detail_address, order_time) VALUES ($1, $2, $3, $4, $5, $6, $7, $8, $9, $10, $11, $12), 值数量: 1
INFO:app.core.database:连接数据库: 172.16.10.196:5432/db_house
INFO:app.core.database:批量执行SQL完成
INFO:app.services.data_generator:表 oms_order 已插入剩余 1 条记录并缓存主键值
INFO:app.services.data_generator:依赖表 oms_order 生成完成，记录数: 1
INFO:app.services.data_generator:开始为依赖表 fms_financial_transaction 生成数据
INFO:app.core.database:批量执行SQL，查询: INSERT INTO fms_financial_transaction (transaction_id, order_id, payment_method, transaction_type, transaction_amount, transaction_status, transaction_time) VALUES ($1, $2, $3, $4, $5, $6, $7), 值数量: 1
INFO:app.core.database:连接数据库: 172.16.10.196:5432/db_house
INFO:app.core.database:批量执行SQL完成
INFO:app.services.data_generator:表 fms_financial_transaction 已插入剩余 1 条记录并缓存主键值
INFO:app.services.data_generator:依赖表 fms_financial_transaction 生成完成，记录数: 1
INFO:app.services.data_generator:开始为依赖表 lms_shipment 生成数据
INFO:app.core.database:批量执行SQL，查询: INSERT INTO lms_shipment (shipment_id, order_id, carrier, sender_address, receiver_info, current_status, shipping_time, estimated_delivery, actual_delivery) VALUES ($1, $2, $3, $4, $5, $6, $7, $8, $9), 值数量: 1
INFO:app.core.database:连接数据库: 172.16.10.196:5432/db_house
INFO:app.core.database:批量执行SQL完成
INFO:app.services.data_generator:表 lms_shipment 已插入剩余 1 条记录并缓存主键值
INFO:app.services.data_generator:依赖表 lms_shipment 生成完成，记录数: 1
INFO:app.services.data_generator:开始为依赖表 oms_order_item 生成数据
INFO:app.core.database:批量执行SQL，查询: INSERT INTO oms_order_item (id, order_id, product_sku, product_name, quantity, price) VALUES ($1, $2, $3, $4, $5, $6), 值数量: 1
INFO:app.core.database:连接数据库: 172.16.10.196:5432/db_house
INFO:app.core.database:批量执行SQL完成
INFO:app.services.data_generator:表 oms_order_item 已插入剩余 1 条记录并缓存主键值
INFO:app.services.data_generator:依赖表 oms_order_item 生成完成，记录数: 1
INFO:app.services.data_generator:数据生成完成，总记录数: 7
INFO:app.services.data_generator:退出 generate_data_for_tables 方法
INFO:app.services.data_generator:开始 generate_data_for_tables 方法
INFO:app.services.data_generator:独立表（阶段1）: ['crawler_competitor_price', 'crm_customer', 'ext_market_trend']
INFO:app.services.data_generator:依赖表（阶段2）: ['oms_order', 'lms_shipment', 'fms_financial_transaction', 'oms_order_item']
INFO:app.services.data_generator:初始化数据库计数器
INFO:app.core.database:执行查询: SELECT MAX(id) FROM crawler_competitor_price, 参数: ()
INFO:app.core.database:连接数据库: 172.16.10.196:5432/db_house
INFO:app.core.database:查询执行成功
INFO:app.core.database:执行查询: SELECT MAX(id) FROM ext_market_trend, 参数: ()
INFO:app.core.database:连接数据库: 172.16.10.196:5432/db_house
INFO:app.core.database:查询执行成功
INFO:app.core.database:执行查询: SELECT MAX(id) FROM oms_order_item, 参数: ()
INFO:app.core.database:连接数据库: 172.16.10.196:5432/db_house
INFO:app.core.database:查询执行成功
INFO:app.services.data_generator:计数器初始化完成: {'crawler_competitor_price_id': 48, 'ext_market_trend_id': 48, 'oms_order_item_id': 48}
INFO:app.services.data_generator:开始处理日期: 2025-10-21
INFO:app.services.data_generator:当天计划生成记录数: 1
INFO:app.services.data_generator:已清空外键缓存
INFO:app.services.data_generator:=== 阶段1：生成独立表 ===
INFO:app.services.data_generator:开始为独立表 crawler_competitor_price 生成数据
INFO:app.core.database:批量执行SQL，查询: INSERT INTO crawler_competitor_price (id, crawl_time, platform, competitor_name, product_name, product_sku, price, promotion_info, is_in_stock) VALUES ($1, $2, $3, $4, $5, $6, $7, $8, $9), 值数量: 1
INFO:app.core.database:连接数据库: 172.16.10.196:5432/db_house
INFO:app.core.database:批量执行SQL完成
INFO:app.services.data_generator:表 crawler_competitor_price 已插入剩余 1 条记录并缓存主键值
INFO:app.services.data_generator:独立表 crawler_competitor_price 生成完成，记录数: 1
INFO:app.services.data_generator:开始为独立表 crm_customer 生成数据
INFO:app.core.database:批量执行SQL，查询: INSERT INTO crm_customer (customer_id, name, gender, phone, email, birthday, address, create_time, update_time, is_deleted) VALUES ($1, $2, $3, $4, $5, $6, $7, $8, $9, $10), 值数量: 1
INFO:app.core.database:连接数据库: 172.16.10.196:5432/db_house
INFO:app.core.database:批量执行SQL完成
INFO:app.services.data_generator:表 crm_customer 已插入剩余 1 条记录并缓存主键值
INFO:app.services.data_generator:独立表 crm_customer 生成完成，记录数: 1
INFO:app.services.data_generator:开始为独立表 ext_market_trend 生成数据
INFO:app.core.database:批量执行SQL，查询: INSERT INTO ext_market_trend (id, period, region, category, market_size, growth_rate, data_source) VALUES ($1, $2, $3, $4, $5, $6, $7), 值数量: 1
INFO:app.core.database:连接数据库: 172.16.10.196:5432/db_house
INFO:app.core.database:批量执行SQL完成
INFO:app.services.data_generator:表 ext_market_trend 已插入剩余 1 条记录并缓存主键值
INFO:app.services.data_generator:独立表 ext_market_trend 生成完成，记录数: 1
INFO:app.services.data_generator:=== 阶段2：生成依赖表 ===
INFO:app.services.data_generator:表依赖排序结果: ['oms_order', 'fms_financial_transaction', 'lms_shipment', 'oms_order_item']
INFO:app.services.data_generator:排序后的依赖表: ['oms_order', 'fms_financial_transaction', 'lms_shipment', 'oms_order_item']
INFO:app.services.data_generator:开始为依赖表 oms_order 生成数据
INFO:app.core.database:批量执行SQL，查询: INSERT INTO oms_order (order_id, order_channel, customer_code, order_amount, discount_amount, pay_amount, order_status, province, city, district, detail_address, order_time) VALUES ($1, $2, $3, $4, $5, $6, $7, $8, $9, $10, $11, $12), 值数量: 1
INFO:app.core.database:连接数据库: 172.16.10.196:5432/db_house
INFO:app.core.database:批量执行SQL完成
INFO:app.services.data_generator:表 oms_order 已插入剩余 1 条记录并缓存主键值
INFO:app.services.data_generator:依赖表 oms_order 生成完成，记录数: 1
INFO:app.services.data_generator:开始为依赖表 fms_financial_transaction 生成数据
INFO:app.core.database:批量执行SQL，查询: INSERT INTO fms_financial_transaction (transaction_id, order_id, payment_method, transaction_type, transaction_amount, transaction_status, transaction_time) VALUES ($1, $2, $3, $4, $5, $6, $7), 值数量: 1
INFO:app.core.database:连接数据库: 172.16.10.196:5432/db_house
INFO:app.core.database:批量执行SQL完成
INFO:app.services.data_generator:表 fms_financial_transaction 已插入剩余 1 条记录并缓存主键值
INFO:app.services.data_generator:依赖表 fms_financial_transaction 生成完成，记录数: 1
INFO:app.services.data_generator:开始为依赖表 lms_shipment 生成数据
INFO:app.core.database:批量执行SQL，查询: INSERT INTO lms_shipment (shipment_id, order_id, carrier, sender_address, receiver_info, current_status, shipping_time, estimated_delivery, actual_delivery) VALUES ($1, $2, $3, $4, $5, $6, $7, $8, $9), 值数量: 1
INFO:app.core.database:连接数据库: 172.16.10.196:5432/db_house
INFO:app.core.database:批量执行SQL完成
INFO:app.services.data_generator:表 lms_shipment 已插入剩余 1 条记录并缓存主键值
INFO:app.services.data_generator:依赖表 lms_shipment 生成完成，记录数: 1
INFO:app.services.data_generator:开始为依赖表 oms_order_item 生成数据
INFO:app.core.database:批量执行SQL，查询: INSERT INTO oms_order_item (id, order_id, product_sku, product_name, quantity, price) VALUES ($1, $2, $3, $4, $5, $6), 值数量: 1
INFO:app.core.database:连接数据库: 172.16.10.196:5432/db_house
INFO:app.core.database:批量执行SQL完成
INFO:app.services.data_generator:表 oms_order_item 已插入剩余 1 条记录并缓存主键值
INFO:app.services.data_generator:依赖表 oms_order_item 生成完成，记录数: 1
INFO:app.services.data_generator:数据生成完成，总记录数: 7
INFO:app.services.data_generator:退出 generate_data_for_tables 方法
INFO:app.services.data_generator:开始 generate_data_for_tables 方法
INFO:app.services.data_generator:独立表（阶段1）: ['crawler_competitor_price', 'crm_customer', 'ext_market_trend']
INFO:app.services.data_generator:依赖表（阶段2）: ['oms_order', 'lms_shipment', 'fms_financial_transaction', 'oms_order_item']
INFO:app.services.data_generator:初始化数据库计数器
INFO:app.core.database:执行查询: SELECT MAX(id) FROM crawler_competitor_price, 参数: ()
INFO:app.core.database:连接数据库: 172.16.10.196:5432/db_house
INFO:app.core.database:查询执行成功
INFO:app.core.database:执行查询: SELECT MAX(id) FROM ext_market_trend, 参数: ()
INFO:app.core.database:连接数据库: 172.16.10.196:5432/db_house
INFO:app.core.database:查询执行成功
INFO:app.core.database:执行查询: SELECT MAX(id) FROM oms_order_item, 参数: ()
INFO:app.core.database:连接数据库: 172.16.10.196:5432/db_house
INFO:app.core.database:查询执行成功
INFO:app.services.data_generator:计数器初始化完成: {'crawler_competitor_price_id': 49, 'ext_market_trend_id': 49, 'oms_order_item_id': 49}
INFO:app.services.data_generator:开始处理日期: 2025-10-21
INFO:app.services.data_generator:当天计划生成记录数: 1
INFO:app.services.data_generator:已清空外键缓存
INFO:app.services.data_generator:=== 阶段1：生成独立表 ===
INFO:app.services.data_generator:开始为独立表 crawler_competitor_price 生成数据
INFO:app.core.database:批量执行SQL，查询: INSERT INTO crawler_competitor_price (id, crawl_time, platform, competitor_name, product_name, product_sku, price, promotion_info, is_in_stock) VALUES ($1, $2, $3, $4, $5, $6, $7, $8, $9), 值数量: 1
INFO:app.core.database:连接数据库: 172.16.10.196:5432/db_house
INFO:app.core.database:批量执行SQL完成
INFO:app.services.data_generator:表 crawler_competitor_price 已插入剩余 1 条记录并缓存主键值
INFO:app.services.data_generator:独立表 crawler_competitor_price 生成完成，记录数: 1
INFO:app.services.data_generator:开始为独立表 crm_customer 生成数据
INFO:app.core.database:批量执行SQL，查询: INSERT INTO crm_customer (customer_id, name, gender, phone, email, birthday, address, create_time, update_time, is_deleted) VALUES ($1, $2, $3, $4, $5, $6, $7, $8, $9, $10), 值数量: 1
INFO:app.core.database:连接数据库: 172.16.10.196:5432/db_house
INFO:app.core.database:批量执行SQL完成
INFO:app.services.data_generator:表 crm_customer 已插入剩余 1 条记录并缓存主键值
INFO:app.services.data_generator:独立表 crm_customer 生成完成，记录数: 1
INFO:app.services.data_generator:开始为独立表 ext_market_trend 生成数据
INFO:app.core.database:批量执行SQL，查询: INSERT INTO ext_market_trend (id, period, region, category, market_size, growth_rate, data_source) VALUES ($1, $2, $3, $4, $5, $6, $7), 值数量: 1
INFO:app.core.database:连接数据库: 172.16.10.196:5432/db_house
INFO:app.core.database:批量执行SQL完成
INFO:app.services.data_generator:表 ext_market_trend 已插入剩余 1 条记录并缓存主键值
INFO:app.services.data_generator:独立表 ext_market_trend 生成完成，记录数: 1
INFO:app.services.data_generator:=== 阶段2：生成依赖表 ===
INFO:app.services.data_generator:表依赖排序结果: ['oms_order', 'fms_financial_transaction', 'lms_shipment', 'oms_order_item']
INFO:app.services.data_generator:排序后的依赖表: ['oms_order', 'fms_financial_transaction', 'lms_shipment', 'oms_order_item']
INFO:app.services.data_generator:开始为依赖表 oms_order 生成数据
INFO:app.core.database:批量执行SQL，查询: INSERT INTO oms_order (order_id, order_channel, customer_code, order_amount, discount_amount, pay_amount, order_status, province, city, district, detail_address, order_time) VALUES ($1, $2, $3, $4, $5, $6, $7, $8, $9, $10, $11, $12), 值数量: 1
INFO:app.core.database:连接数据库: 172.16.10.196:5432/db_house
INFO:app.core.database:批量执行SQL完成
INFO:app.services.data_generator:表 oms_order 已插入剩余 1 条记录并缓存主键值
INFO:app.services.data_generator:依赖表 oms_order 生成完成，记录数: 1
INFO:app.services.data_generator:开始为依赖表 fms_financial_transaction 生成数据
INFO:app.core.database:批量执行SQL，查询: INSERT INTO fms_financial_transaction (transaction_id, order_id, payment_method, transaction_type, transaction_amount, transaction_status, transaction_time) VALUES ($1, $2, $3, $4, $5, $6, $7), 值数量: 1
INFO:app.core.database:连接数据库: 172.16.10.196:5432/db_house
INFO:app.core.database:批量执行SQL完成
INFO:app.services.data_generator:表 fms_financial_transaction 已插入剩余 1 条记录并缓存主键值
INFO:app.services.data_generator:依赖表 fms_financial_transaction 生成完成，记录数: 1
INFO:app.services.data_generator:开始为依赖表 lms_shipment 生成数据
INFO:app.core.database:批量执行SQL，查询: INSERT INTO lms_shipment (shipment_id, order_id, carrier, sender_address, receiver_info, current_status, shipping_time, estimated_delivery, actual_delivery) VALUES ($1, $2, $3, $4, $5, $6, $7, $8, $9), 值数量: 1
INFO:app.core.database:连接数据库: 172.16.10.196:5432/db_house
INFO:app.core.database:批量执行SQL完成
INFO:app.services.data_generator:表 lms_shipment 已插入剩余 1 条记录并缓存主键值
INFO:app.services.data_generator:依赖表 lms_shipment 生成完成，记录数: 1
INFO:app.services.data_generator:开始为依赖表 oms_order_item 生成数据
INFO:app.core.database:批量执行SQL，查询: INSERT INTO oms_order_item (id, order_id, product_sku, product_name, quantity, price) VALUES ($1, $2, $3, $4, $5, $6), 值数量: 1
INFO:app.core.database:连接数据库: 172.16.10.196:5432/db_house
INFO:app.core.database:批量执行SQL完成
INFO:app.services.data_generator:表 oms_order_item 已插入剩余 1 条记录并缓存主键值
INFO:app.services.data_generator:依赖表 oms_order_item 生成完成，记录数: 1
INFO:app.services.data_generator:数据生成完成，总记录数: 7
INFO:app.services.data_generator:退出 generate_data_for_tables 方法
INFO:app.services.data_generator:开始 generate_data_for_tables 方法
INFO:app.services.data_generator:独立表（阶段1）: ['crawler_competitor_price', 'crm_customer', 'ext_market_trend']
INFO:app.services.data_generator:依赖表（阶段2）: ['oms_order', 'lms_shipment', 'fms_financial_transaction', 'oms_order_item']
INFO:app.services.data_generator:初始化数据库计数器
INFO:app.core.database:执行查询: SELECT MAX(id) FROM crawler_competitor_price, 参数: ()
INFO:app.core.database:连接数据库: 172.16.10.196:5432/db_house
INFO:app.core.database:查询执行成功
INFO:app.core.database:执行查询: SELECT MAX(id) FROM ext_market_trend, 参数: ()
INFO:app.core.database:连接数据库: 172.16.10.196:5432/db_house
INFO:app.core.database:查询执行成功
INFO:app.core.database:执行查询: SELECT MAX(id) FROM oms_order_item, 参数: ()
INFO:app.core.database:连接数据库: 172.16.10.196:5432/db_house
INFO:app.core.database:查询执行成功
INFO:app.services.data_generator:计数器初始化完成: {'crawler_competitor_price_id': 50, 'ext_market_trend_id': 50, 'oms_order_item_id': 50}
INFO:app.services.data_generator:开始处理日期: 2025-10-21
INFO:app.services.data_generator:当天计划生成记录数: 1
INFO:app.services.data_generator:已清空外键缓存
INFO:app.services.data_generator:=== 阶段1：生成独立表 ===
INFO:app.services.data_generator:开始为独立表 crawler_competitor_price 生成数据
INFO:app.core.database:批量执行SQL，查询: INSERT INTO crawler_competitor_price (id, crawl_time, platform, competitor_name, product_name, product_sku, price, promotion_info, is_in_stock) VALUES ($1, $2, $3, $4, $5, $6, $7, $8, $9), 值数量: 1
INFO:app.core.database:连接数据库: 172.16.10.196:5432/db_house
INFO:app.core.database:批量执行SQL完成
INFO:app.services.data_generator:表 crawler_competitor_price 已插入剩余 1 条记录并缓存主键值
INFO:app.services.data_generator:独立表 crawler_competitor_price 生成完成，记录数: 1
INFO:app.services.data_generator:开始为独立表 crm_customer 生成数据
INFO:app.core.database:批量执行SQL，查询: INSERT INTO crm_customer (customer_id, name, gender, phone, email, birthday, address, create_time, update_time, is_deleted) VALUES ($1, $2, $3, $4, $5, $6, $7, $8, $9, $10), 值数量: 1
INFO:app.core.database:连接数据库: 172.16.10.196:5432/db_house
INFO:app.core.database:批量执行SQL完成
INFO:app.services.data_generator:表 crm_customer 已插入剩余 1 条记录并缓存主键值
INFO:app.services.data_generator:独立表 crm_customer 生成完成，记录数: 1
INFO:app.services.data_generator:开始为独立表 ext_market_trend 生成数据
INFO:app.core.database:批量执行SQL，查询: INSERT INTO ext_market_trend (id, period, region, category, market_size, growth_rate, data_source) VALUES ($1, $2, $3, $4, $5, $6, $7), 值数量: 1
INFO:app.core.database:连接数据库: 172.16.10.196:5432/db_house
INFO:app.core.database:批量执行SQL完成
INFO:app.services.data_generator:表 ext_market_trend 已插入剩余 1 条记录并缓存主键值
INFO:app.services.data_generator:独立表 ext_market_trend 生成完成，记录数: 1
INFO:app.services.data_generator:=== 阶段2：生成依赖表 ===
INFO:app.services.data_generator:表依赖排序结果: ['oms_order', 'fms_financial_transaction', 'lms_shipment', 'oms_order_item']
INFO:app.services.data_generator:排序后的依赖表: ['oms_order', 'fms_financial_transaction', 'lms_shipment', 'oms_order_item']
INFO:app.services.data_generator:开始为依赖表 oms_order 生成数据
INFO:app.core.database:批量执行SQL，查询: INSERT INTO oms_order (order_id, order_channel, customer_code, order_amount, discount_amount, pay_amount, order_status, province, city, district, detail_address, order_time) VALUES ($1, $2, $3, $4, $5, $6, $7, $8, $9, $10, $11, $12), 值数量: 1
INFO:app.core.database:连接数据库: 172.16.10.196:5432/db_house
INFO:app.core.database:批量执行SQL完成
INFO:app.services.data_generator:表 oms_order 已插入剩余 1 条记录并缓存主键值
INFO:app.services.data_generator:依赖表 oms_order 生成完成，记录数: 1
INFO:app.services.data_generator:开始为依赖表 fms_financial_transaction 生成数据
INFO:app.core.database:批量执行SQL，查询: INSERT INTO fms_financial_transaction (transaction_id, order_id, payment_method, transaction_type, transaction_amount, transaction_status, transaction_time) VALUES ($1, $2, $3, $4, $5, $6, $7), 值数量: 1
INFO:app.core.database:连接数据库: 172.16.10.196:5432/db_house
INFO:app.core.database:批量执行SQL完成
INFO:app.services.data_generator:表 fms_financial_transaction 已插入剩余 1 条记录并缓存主键值
INFO:app.services.data_generator:依赖表 fms_financial_transaction 生成完成，记录数: 1
INFO:app.services.data_generator:开始为依赖表 lms_shipment 生成数据
INFO:app.core.database:批量执行SQL，查询: INSERT INTO lms_shipment (shipment_id, order_id, carrier, sender_address, receiver_info, current_status, shipping_time, estimated_delivery, actual_delivery) VALUES ($1, $2, $3, $4, $5, $6, $7, $8, $9), 值数量: 1
INFO:app.core.database:连接数据库: 172.16.10.196:5432/db_house
INFO:app.core.database:批量执行SQL完成
INFO:app.services.data_generator:表 lms_shipment 已插入剩余 1 条记录并缓存主键值
INFO:app.services.data_generator:依赖表 lms_shipment 生成完成，记录数: 1
INFO:app.services.data_generator:开始为依赖表 oms_order_item 生成数据
INFO:app.core.database:批量执行SQL，查询: INSERT INTO oms_order_item (id, order_id, product_sku, product_name, quantity, price) VALUES ($1, $2, $3, $4, $5, $6), 值数量: 1
INFO:app.core.database:连接数据库: 172.16.10.196:5432/db_house
INFO:app.core.database:批量执行SQL完成
INFO:app.services.data_generator:表 oms_order_item 已插入剩余 1 条记录并缓存主键值
INFO:app.services.data_generator:依赖表 oms_order_item 生成完成，记录数: 1
INFO:app.services.data_generator:数据生成完成，总记录数: 7
INFO:app.services.data_generator:退出 generate_data_for_tables 方法
INFO:app.services.data_generator:开始 generate_data_for_tables 方法
INFO:app.services.data_generator:独立表（阶段1）: ['crawler_competitor_price', 'crm_customer', 'ext_market_trend']
INFO:app.services.data_generator:依赖表（阶段2）: ['oms_order', 'lms_shipment', 'fms_financial_transaction', 'oms_order_item']
INFO:app.services.data_generator:初始化数据库计数器
INFO:app.core.database:执行查询: SELECT MAX(id) FROM crawler_competitor_price, 参数: ()
INFO:app.core.database:连接数据库: 172.16.10.196:5432/db_house
INFO:app.core.database:查询执行成功
INFO:app.core.database:执行查询: SELECT MAX(id) FROM ext_market_trend, 参数: ()
INFO:app.core.database:连接数据库: 172.16.10.196:5432/db_house
INFO:app.core.database:查询执行成功
INFO:app.core.database:执行查询: SELECT MAX(id) FROM oms_order_item, 参数: ()
INFO:app.core.database:连接数据库: 172.16.10.196:5432/db_house
INFO:app.core.database:查询执行成功
INFO:app.services.data_generator:计数器初始化完成: {'crawler_competitor_price_id': 51, 'ext_market_trend_id': 51, 'oms_order_item_id': 51}
INFO:app.services.data_generator:开始处理日期: 2025-10-21
INFO:app.services.data_generator:当天计划生成记录数: 1
INFO:app.services.data_generator:已清空外键缓存
INFO:app.services.data_generator:=== 阶段1：生成独立表 ===
INFO:app.services.data_generator:开始为独立表 crawler_competitor_price 生成数据
INFO:app.core.database:批量执行SQL，查询: INSERT INTO crawler_competitor_price (id, crawl_time, platform, competitor_name, product_name, product_sku, price, promotion_info, is_in_stock) VALUES ($1, $2, $3, $4, $5, $6, $7, $8, $9), 值数量: 1
INFO:app.core.database:连接数据库: 172.16.10.196:5432/db_house
INFO:app.core.database:批量执行SQL完成
INFO:app.services.data_generator:表 crawler_competitor_price 已插入剩余 1 条记录并缓存主键值
INFO:app.services.data_generator:独立表 crawler_competitor_price 生成完成，记录数: 1
INFO:app.services.data_generator:开始为独立表 crm_customer 生成数据
INFO:app.core.database:批量执行SQL，查询: INSERT INTO crm_customer (customer_id, name, gender, phone, email, birthday, address, create_time, update_time, is_deleted) VALUES ($1, $2, $3, $4, $5, $6, $7, $8, $9, $10), 值数量: 1
INFO:app.core.database:连接数据库: 172.16.10.196:5432/db_house
INFO:app.core.database:批量执行SQL完成
INFO:app.services.data_generator:表 crm_customer 已插入剩余 1 条记录并缓存主键值
INFO:app.services.data_generator:独立表 crm_customer 生成完成，记录数: 1
INFO:app.services.data_generator:开始为独立表 ext_market_trend 生成数据
INFO:app.core.database:批量执行SQL，查询: INSERT INTO ext_market_trend (id, period, region, category, market_size, growth_rate, data_source) VALUES ($1, $2, $3, $4, $5, $6, $7), 值数量: 1
INFO:app.core.database:连接数据库: 172.16.10.196:5432/db_house
INFO:app.core.database:批量执行SQL完成
INFO:app.services.data_generator:表 ext_market_trend 已插入剩余 1 条记录并缓存主键值
INFO:app.services.data_generator:独立表 ext_market_trend 生成完成，记录数: 1
INFO:app.services.data_generator:=== 阶段2：生成依赖表 ===
INFO:app.services.data_generator:表依赖排序结果: ['oms_order', 'fms_financial_transaction', 'lms_shipment', 'oms_order_item']
INFO:app.services.data_generator:排序后的依赖表: ['oms_order', 'fms_financial_transaction', 'lms_shipment', 'oms_order_item']
INFO:app.services.data_generator:开始为依赖表 oms_order 生成数据
INFO:app.core.database:批量执行SQL，查询: INSERT INTO oms_order (order_id, order_channel, customer_code, order_amount, discount_amount, pay_amount, order_status, province, city, district, detail_address, order_time) VALUES ($1, $2, $3, $4, $5, $6, $7, $8, $9, $10, $11, $12), 值数量: 1
INFO:app.core.database:连接数据库: 172.16.10.196:5432/db_house
INFO:app.core.database:批量执行SQL完成
INFO:app.services.data_generator:表 oms_order 已插入剩余 1 条记录并缓存主键值
INFO:app.services.data_generator:依赖表 oms_order 生成完成，记录数: 1
INFO:app.services.data_generator:开始为依赖表 fms_financial_transaction 生成数据
INFO:app.core.database:批量执行SQL，查询: INSERT INTO fms_financial_transaction (transaction_id, order_id, payment_method, transaction_type, transaction_amount, transaction_status, transaction_time) VALUES ($1, $2, $3, $4, $5, $6, $7), 值数量: 1
INFO:app.core.database:连接数据库: 172.16.10.196:5432/db_house
INFO:app.core.database:批量执行SQL完成
INFO:app.services.data_generator:表 fms_financial_transaction 已插入剩余 1 条记录并缓存主键值
INFO:app.services.data_generator:依赖表 fms_financial_transaction 生成完成，记录数: 1
INFO:app.services.data_generator:开始为依赖表 lms_shipment 生成数据
INFO:app.core.database:批量执行SQL，查询: INSERT INTO lms_shipment (shipment_id, order_id, carrier, sender_address, receiver_info, current_status, shipping_time, estimated_delivery, actual_delivery) VALUES ($1, $2, $3, $4, $5, $6, $7, $8, $9), 值数量: 1
INFO:app.core.database:连接数据库: 172.16.10.196:5432/db_house
INFO:app.core.database:批量执行SQL完成
INFO:app.services.data_generator:表 lms_shipment 已插入剩余 1 条记录并缓存主键值
INFO:app.services.data_generator:依赖表 lms_shipment 生成完成，记录数: 1
INFO:app.services.data_generator:开始为依赖表 oms_order_item 生成数据
INFO:app.core.database:批量执行SQL，查询: INSERT INTO oms_order_item (id, order_id, product_sku, product_name, quantity, price) VALUES ($1, $2, $3, $4, $5, $6), 值数量: 1
INFO:app.core.database:连接数据库: 172.16.10.196:5432/db_house
INFO:app.core.database:批量执行SQL完成
INFO:app.services.data_generator:表 oms_order_item 已插入剩余 1 条记录并缓存主键值
INFO:app.services.data_generator:依赖表 oms_order_item 生成完成，记录数: 1
INFO:app.services.data_generator:数据生成完成，总记录数: 7
INFO:app.services.data_generator:退出 generate_data_for_tables 方法
INFO:app.services.data_generator:开始 generate_data_for_tables 方法
INFO:app.services.data_generator:独立表（阶段1）: ['crawler_competitor_price', 'crm_customer', 'ext_market_trend']
INFO:app.services.data_generator:依赖表（阶段2）: ['oms_order', 'lms_shipment', 'fms_financial_transaction', 'oms_order_item']
INFO:app.services.data_generator:初始化数据库计数器
INFO:app.core.database:执行查询: SELECT MAX(id) FROM crawler_competitor_price, 参数: ()
INFO:app.core.database:连接数据库: 172.16.10.196:5432/db_house
INFO:app.core.database:查询执行成功
INFO:app.core.database:执行查询: SELECT MAX(id) FROM ext_market_trend, 参数: ()
INFO:app.core.database:连接数据库: 172.16.10.196:5432/db_house
INFO:app.core.database:查询执行成功
INFO:app.core.database:执行查询: SELECT MAX(id) FROM oms_order_item, 参数: ()
INFO:app.core.database:连接数据库: 172.16.10.196:5432/db_house
INFO:app.core.database:查询执行成功
INFO:app.services.data_generator:计数器初始化完成: {'crawler_competitor_price_id': 52, 'ext_market_trend_id': 52, 'oms_order_item_id': 52}
INFO:app.services.data_generator:开始处理日期: 2025-10-21
INFO:app.services.data_generator:当天计划生成记录数: 1
INFO:app.services.data_generator:已清空外键缓存
INFO:app.services.data_generator:=== 阶段1：生成独立表 ===
INFO:app.services.data_generator:开始为独立表 crawler_competitor_price 生成数据
INFO:app.core.database:批量执行SQL，查询: INSERT INTO crawler_competitor_price (id, crawl_time, platform, competitor_name, product_name, product_sku, price, promotion_info, is_in_stock) VALUES ($1, $2, $3, $4, $5, $6, $7, $8, $9), 值数量: 1
INFO:app.core.database:连接数据库: 172.16.10.196:5432/db_house
INFO:app.core.database:批量执行SQL完成
INFO:app.services.data_generator:表 crawler_competitor_price 已插入剩余 1 条记录并缓存主键值
INFO:app.services.data_generator:独立表 crawler_competitor_price 生成完成，记录数: 1
INFO:app.services.data_generator:开始为独立表 crm_customer 生成数据
INFO:app.core.database:批量执行SQL，查询: INSERT INTO crm_customer (customer_id, name, gender, phone, email, birthday, address, create_time, update_time, is_deleted) VALUES ($1, $2, $3, $4, $5, $6, $7, $8, $9, $10), 值数量: 1
INFO:app.core.database:连接数据库: 172.16.10.196:5432/db_house
INFO:app.core.database:批量执行SQL完成
INFO:app.services.data_generator:表 crm_customer 已插入剩余 1 条记录并缓存主键值
INFO:app.services.data_generator:独立表 crm_customer 生成完成，记录数: 1
INFO:app.services.data_generator:开始为独立表 ext_market_trend 生成数据
INFO:app.core.database:批量执行SQL，查询: INSERT INTO ext_market_trend (id, period, region, category, market_size, growth_rate, data_source) VALUES ($1, $2, $3, $4, $5, $6, $7), 值数量: 1
INFO:app.core.database:连接数据库: 172.16.10.196:5432/db_house
INFO:app.core.database:批量执行SQL完成
INFO:app.services.data_generator:表 ext_market_trend 已插入剩余 1 条记录并缓存主键值
INFO:app.services.data_generator:独立表 ext_market_trend 生成完成，记录数: 1
INFO:app.services.data_generator:=== 阶段2：生成依赖表 ===
INFO:app.services.data_generator:表依赖排序结果: ['oms_order', 'fms_financial_transaction', 'lms_shipment', 'oms_order_item']
INFO:app.services.data_generator:排序后的依赖表: ['oms_order', 'fms_financial_transaction', 'lms_shipment', 'oms_order_item']
INFO:app.services.data_generator:开始为依赖表 oms_order 生成数据
INFO:app.core.database:批量执行SQL，查询: INSERT INTO oms_order (order_id, order_channel, customer_code, order_amount, discount_amount, pay_amount, order_status, province, city, district, detail_address, order_time) VALUES ($1, $2, $3, $4, $5, $6, $7, $8, $9, $10, $11, $12), 值数量: 1
INFO:app.core.database:连接数据库: 172.16.10.196:5432/db_house
INFO:app.core.database:批量执行SQL完成
INFO:app.services.data_generator:表 oms_order 已插入剩余 1 条记录并缓存主键值
INFO:app.services.data_generator:依赖表 oms_order 生成完成，记录数: 1
INFO:app.services.data_generator:开始为依赖表 fms_financial_transaction 生成数据
INFO:app.core.database:批量执行SQL，查询: INSERT INTO fms_financial_transaction (transaction_id, order_id, payment_method, transaction_type, transaction_amount, transaction_status, transaction_time) VALUES ($1, $2, $3, $4, $5, $6, $7), 值数量: 1
INFO:app.core.database:连接数据库: 172.16.10.196:5432/db_house
INFO:app.core.database:批量执行SQL完成
INFO:app.services.data_generator:表 fms_financial_transaction 已插入剩余 1 条记录并缓存主键值
INFO:app.services.data_generator:依赖表 fms_financial_transaction 生成完成，记录数: 1
INFO:app.services.data_generator:开始为依赖表 lms_shipment 生成数据
INFO:app.core.database:批量执行SQL，查询: INSERT INTO lms_shipment (shipment_id, order_id, carrier, sender_address, receiver_info, current_status, shipping_time, estimated_delivery, actual_delivery) VALUES ($1, $2, $3, $4, $5, $6, $7, $8, $9), 值数量: 1
INFO:app.core.database:连接数据库: 172.16.10.196:5432/db_house
INFO:app.core.database:批量执行SQL完成
INFO:app.services.data_generator:表 lms_shipment 已插入剩余 1 条记录并缓存主键值
INFO:app.services.data_generator:依赖表 lms_shipment 生成完成，记录数: 1
INFO:app.services.data_generator:开始为依赖表 oms_order_item 生成数据
INFO:app.core.database:批量执行SQL，查询: INSERT INTO oms_order_item (id, order_id, product_sku, product_name, quantity, price) VALUES ($1, $2, $3, $4, $5, $6), 值数量: 1
INFO:app.core.database:连接数据库: 172.16.10.196:5432/db_house
INFO:app.core.database:批量执行SQL完成
INFO:app.services.data_generator:表 oms_order_item 已插入剩余 1 条记录并缓存主键值
INFO:app.services.data_generator:依赖表 oms_order_item 生成完成，记录数: 1
INFO:app.services.data_generator:数据生成完成，总记录数: 7
INFO:app.services.data_generator:退出 generate_data_for_tables 方法
INFO:app.services.data_generator:开始 generate_data_for_tables 方法
INFO:app.services.data_generator:独立表（阶段1）: ['crawler_competitor_price', 'crm_customer', 'ext_market_trend']
INFO:app.services.data_generator:依赖表（阶段2）: ['oms_order', 'lms_shipment', 'fms_financial_transaction', 'oms_order_item']
INFO:app.services.data_generator:初始化数据库计数器
INFO:app.core.database:执行查询: SELECT MAX(id) FROM crawler_competitor_price, 参数: ()
INFO:app.core.database:连接数据库: 172.16.10.196:5432/db_house
INFO:app.core.database:查询执行成功
INFO:app.core.database:执行查询: SELECT MAX(id) FROM ext_market_trend, 参数: ()
INFO:app.core.database:连接数据库: 172.16.10.196:5432/db_house
INFO:app.core.database:查询执行成功
INFO:app.core.database:执行查询: SELECT MAX(id) FROM oms_order_item, 参数: ()
INFO:app.core.database:连接数据库: 172.16.10.196:5432/db_house
INFO:app.core.database:查询执行成功
INFO:app.services.data_generator:计数器初始化完成: {'crawler_competitor_price_id': 53, 'ext_market_trend_id': 53, 'oms_order_item_id': 53}
INFO:app.services.data_generator:开始处理日期: 2025-10-21
INFO:app.services.data_generator:当天计划生成记录数: 1
INFO:app.services.data_generator:已清空外键缓存
INFO:app.services.data_generator:=== 阶段1：生成独立表 ===
INFO:app.services.data_generator:开始为独立表 crawler_competitor_price 生成数据
INFO:app.core.database:批量执行SQL，查询: INSERT INTO crawler_competitor_price (id, crawl_time, platform, competitor_name, product_name, product_sku, price, promotion_info, is_in_stock) VALUES ($1, $2, $3, $4, $5, $6, $7, $8, $9), 值数量: 1
INFO:app.core.database:连接数据库: 172.16.10.196:5432/db_house
INFO:app.core.database:批量执行SQL完成
INFO:app.services.data_generator:表 crawler_competitor_price 已插入剩余 1 条记录并缓存主键值
INFO:app.services.data_generator:独立表 crawler_competitor_price 生成完成，记录数: 1
INFO:app.services.data_generator:开始为独立表 crm_customer 生成数据
INFO:app.core.database:批量执行SQL，查询: INSERT INTO crm_customer (customer_id, name, gender, phone, email, birthday, address, create_time, update_time, is_deleted) VALUES ($1, $2, $3, $4, $5, $6, $7, $8, $9, $10), 值数量: 1
INFO:app.core.database:连接数据库: 172.16.10.196:5432/db_house
INFO:app.core.database:批量执行SQL完成
INFO:app.services.data_generator:表 crm_customer 已插入剩余 1 条记录并缓存主键值
INFO:app.services.data_generator:独立表 crm_customer 生成完成，记录数: 1
INFO:app.services.data_generator:开始为独立表 ext_market_trend 生成数据
INFO:app.core.database:批量执行SQL，查询: INSERT INTO ext_market_trend (id, period, region, category, market_size, growth_rate, data_source) VALUES ($1, $2, $3, $4, $5, $6, $7), 值数量: 1
INFO:app.core.database:连接数据库: 172.16.10.196:5432/db_house
INFO:app.core.database:批量执行SQL完成
INFO:app.services.data_generator:表 ext_market_trend 已插入剩余 1 条记录并缓存主键值
INFO:app.services.data_generator:独立表 ext_market_trend 生成完成，记录数: 1
INFO:app.services.data_generator:=== 阶段2：生成依赖表 ===
INFO:app.services.data_generator:表依赖排序结果: ['oms_order', 'fms_financial_transaction', 'lms_shipment', 'oms_order_item']
INFO:app.services.data_generator:排序后的依赖表: ['oms_order', 'fms_financial_transaction', 'lms_shipment', 'oms_order_item']
INFO:app.services.data_generator:开始为依赖表 oms_order 生成数据
INFO:app.core.database:批量执行SQL，查询: INSERT INTO oms_order (order_id, order_channel, customer_code, order_amount, discount_amount, pay_amount, order_status, province, city, district, detail_address, order_time) VALUES ($1, $2, $3, $4, $5, $6, $7, $8, $9, $10, $11, $12), 值数量: 1
INFO:app.core.database:连接数据库: 172.16.10.196:5432/db_house
INFO:app.core.database:批量执行SQL完成
INFO:app.services.data_generator:表 oms_order 已插入剩余 1 条记录并缓存主键值
INFO:app.services.data_generator:依赖表 oms_order 生成完成，记录数: 1
INFO:app.services.data_generator:开始为依赖表 fms_financial_transaction 生成数据
INFO:app.core.database:批量执行SQL，查询: INSERT INTO fms_financial_transaction (transaction_id, order_id, payment_method, transaction_type, transaction_amount, transaction_status, transaction_time) VALUES ($1, $2, $3, $4, $5, $6, $7), 值数量: 1
INFO:app.core.database:连接数据库: 172.16.10.196:5432/db_house
INFO:app.core.database:批量执行SQL完成
INFO:app.services.data_generator:表 fms_financial_transaction 已插入剩余 1 条记录并缓存主键值
INFO:app.services.data_generator:依赖表 fms_financial_transaction 生成完成，记录数: 1
INFO:app.services.data_generator:开始为依赖表 lms_shipment 生成数据
INFO:app.core.database:批量执行SQL，查询: INSERT INTO lms_shipment (shipment_id, order_id, carrier, sender_address, receiver_info, current_status, shipping_time, estimated_delivery, actual_delivery) VALUES ($1, $2, $3, $4, $5, $6, $7, $8, $9), 值数量: 1
INFO:app.core.database:连接数据库: 172.16.10.196:5432/db_house
INFO:app.core.database:批量执行SQL完成
INFO:app.services.data_generator:表 lms_shipment 已插入剩余 1 条记录并缓存主键值
INFO:app.services.data_generator:依赖表 lms_shipment 生成完成，记录数: 1
INFO:app.services.data_generator:开始为依赖表 oms_order_item 生成数据
INFO:app.core.database:批量执行SQL，查询: INSERT INTO oms_order_item (id, order_id, product_sku, product_name, quantity, price) VALUES ($1, $2, $3, $4, $5, $6), 值数量: 1
INFO:app.core.database:连接数据库: 172.16.10.196:5432/db_house
INFO:app.core.database:批量执行SQL完成
INFO:app.services.data_generator:表 oms_order_item 已插入剩余 1 条记录并缓存主键值
INFO:app.services.data_generator:依赖表 oms_order_item 生成完成，记录数: 1
INFO:app.services.data_generator:数据生成完成，总记录数: 7
INFO:app.services.data_generator:退出 generate_data_for_tables 方法
INFO:app.services.data_generator:开始 generate_data_for_tables 方法
INFO:app.services.data_generator:独立表（阶段1）: ['crawler_competitor_price', 'crm_customer', 'ext_market_trend']
INFO:app.services.data_generator:依赖表（阶段2）: ['oms_order', 'lms_shipment', 'fms_financial_transaction', 'oms_order_item']
INFO:app.services.data_generator:初始化数据库计数器
INFO:app.core.database:执行查询: SELECT MAX(id) FROM crawler_competitor_price, 参数: ()
INFO:app.core.database:连接数据库: 172.16.10.196:5432/db_house
INFO:app.core.database:查询执行成功
INFO:app.core.database:执行查询: SELECT MAX(id) FROM ext_market_trend, 参数: ()
INFO:app.core.database:连接数据库: 172.16.10.196:5432/db_house
INFO:app.core.database:查询执行成功
INFO:app.core.database:执行查询: SELECT MAX(id) FROM oms_order_item, 参数: ()
INFO:app.core.database:连接数据库: 172.16.10.196:5432/db_house
INFO:app.core.database:查询执行成功
INFO:app.services.data_generator:计数器初始化完成: {'crawler_competitor_price_id': 54, 'ext_market_trend_id': 54, 'oms_order_item_id': 54}
INFO:app.services.data_generator:开始处理日期: 2025-10-21
INFO:app.services.data_generator:当天计划生成记录数: 1
INFO:app.services.data_generator:已清空外键缓存
INFO:app.services.data_generator:=== 阶段1：生成独立表 ===
INFO:app.services.data_generator:开始为独立表 crawler_competitor_price 生成数据
INFO:app.core.database:批量执行SQL，查询: INSERT INTO crawler_competitor_price (id, crawl_time, platform, competitor_name, product_name, product_sku, price, promotion_info, is_in_stock) VALUES ($1, $2, $3, $4, $5, $6, $7, $8, $9), 值数量: 1
INFO:app.core.database:连接数据库: 172.16.10.196:5432/db_house
INFO:app.core.database:批量执行SQL完成
INFO:app.services.data_generator:表 crawler_competitor_price 已插入剩余 1 条记录并缓存主键值
INFO:app.services.data_generator:独立表 crawler_competitor_price 生成完成，记录数: 1
INFO:app.services.data_generator:开始为独立表 crm_customer 生成数据
INFO:app.core.database:批量执行SQL，查询: INSERT INTO crm_customer (customer_id, name, gender, phone, email, birthday, address, create_time, update_time, is_deleted) VALUES ($1, $2, $3, $4, $5, $6, $7, $8, $9, $10), 值数量: 1
INFO:app.core.database:连接数据库: 172.16.10.196:5432/db_house
INFO:app.core.database:批量执行SQL完成
INFO:app.services.data_generator:表 crm_customer 已插入剩余 1 条记录并缓存主键值
INFO:app.services.data_generator:独立表 crm_customer 生成完成，记录数: 1
INFO:app.services.data_generator:开始为独立表 ext_market_trend 生成数据
INFO:app.core.database:批量执行SQL，查询: INSERT INTO ext_market_trend (id, period, region, category, market_size, growth_rate, data_source) VALUES ($1, $2, $3, $4, $5, $6, $7), 值数量: 1
INFO:app.core.database:连接数据库: 172.16.10.196:5432/db_house
INFO:app.core.database:批量执行SQL完成
INFO:app.services.data_generator:表 ext_market_trend 已插入剩余 1 条记录并缓存主键值
INFO:app.services.data_generator:独立表 ext_market_trend 生成完成，记录数: 1
INFO:app.services.data_generator:=== 阶段2：生成依赖表 ===
INFO:app.services.data_generator:表依赖排序结果: ['oms_order', 'fms_financial_transaction', 'lms_shipment', 'oms_order_item']
INFO:app.services.data_generator:排序后的依赖表: ['oms_order', 'fms_financial_transaction', 'lms_shipment', 'oms_order_item']
INFO:app.services.data_generator:开始为依赖表 oms_order 生成数据
INFO:app.core.database:批量执行SQL，查询: INSERT INTO oms_order (order_id, order_channel, customer_code, order_amount, discount_amount, pay_amount, order_status, province, city, district, detail_address, order_time) VALUES ($1, $2, $3, $4, $5, $6, $7, $8, $9, $10, $11, $12), 值数量: 1
INFO:app.core.database:连接数据库: 172.16.10.196:5432/db_house
INFO:app.core.database:批量执行SQL完成
INFO:app.services.data_generator:表 oms_order 已插入剩余 1 条记录并缓存主键值
INFO:app.services.data_generator:依赖表 oms_order 生成完成，记录数: 1
INFO:app.services.data_generator:开始为依赖表 fms_financial_transaction 生成数据
INFO:app.core.database:批量执行SQL，查询: INSERT INTO fms_financial_transaction (transaction_id, order_id, payment_method, transaction_type, transaction_amount, transaction_status, transaction_time) VALUES ($1, $2, $3, $4, $5, $6, $7), 值数量: 1
INFO:app.core.database:连接数据库: 172.16.10.196:5432/db_house
INFO:app.core.database:批量执行SQL完成
INFO:app.services.data_generator:表 fms_financial_transaction 已插入剩余 1 条记录并缓存主键值
INFO:app.services.data_generator:依赖表 fms_financial_transaction 生成完成，记录数: 1
INFO:app.services.data_generator:开始为依赖表 lms_shipment 生成数据
INFO:app.core.database:批量执行SQL，查询: INSERT INTO lms_shipment (shipment_id, order_id, carrier, sender_address, receiver_info, current_status, shipping_time, estimated_delivery, actual_delivery) VALUES ($1, $2, $3, $4, $5, $6, $7, $8, $9), 值数量: 1
INFO:app.core.database:连接数据库: 172.16.10.196:5432/db_house
INFO:app.core.database:批量执行SQL完成
INFO:app.services.data_generator:表 lms_shipment 已插入剩余 1 条记录并缓存主键值
INFO:app.services.data_generator:依赖表 lms_shipment 生成完成，记录数: 1
INFO:app.services.data_generator:开始为依赖表 oms_order_item 生成数据
INFO:app.core.database:批量执行SQL，查询: INSERT INTO oms_order_item (id, order_id, product_sku, product_name, quantity, price) VALUES ($1, $2, $3, $4, $5, $6), 值数量: 1
INFO:app.core.database:连接数据库: 172.16.10.196:5432/db_house
INFO:app.core.database:批量执行SQL完成
INFO:app.services.data_generator:表 oms_order_item 已插入剩余 1 条记录并缓存主键值
INFO:app.services.data_generator:依赖表 oms_order_item 生成完成，记录数: 1
INFO:app.services.data_generator:数据生成完成，总记录数: 7
INFO:app.services.data_generator:退出 generate_data_for_tables 方法
INFO:app.services.data_generator:开始 generate_data_for_tables 方法
INFO:app.services.data_generator:独立表（阶段1）: ['crawler_competitor_price', 'crm_customer', 'ext_market_trend']
INFO:app.services.data_generator:依赖表（阶段2）: ['oms_order', 'lms_shipment', 'fms_financial_transaction', 'oms_order_item']
INFO:app.services.data_generator:初始化数据库计数器
INFO:app.core.database:执行查询: SELECT MAX(id) FROM crawler_competitor_price, 参数: ()
INFO:app.core.database:连接数据库: 172.16.10.196:5432/db_house
INFO:app.core.database:查询执行成功
INFO:app.core.database:执行查询: SELECT MAX(id) FROM ext_market_trend, 参数: ()
INFO:app.core.database:连接数据库: 172.16.10.196:5432/db_house
INFO:app.core.database:查询执行成功
INFO:app.core.database:执行查询: SELECT MAX(id) FROM oms_order_item, 参数: ()
INFO:app.core.database:连接数据库: 172.16.10.196:5432/db_house
INFO:app.core.database:查询执行成功
INFO:app.services.data_generator:计数器初始化完成: {'crawler_competitor_price_id': 55, 'ext_market_trend_id': 55, 'oms_order_item_id': 55}
INFO:app.services.data_generator:开始处理日期: 2025-10-21
INFO:app.services.data_generator:当天计划生成记录数: 1
INFO:app.services.data_generator:已清空外键缓存
INFO:app.services.data_generator:=== 阶段1：生成独立表 ===
INFO:app.services.data_generator:开始为独立表 crawler_competitor_price 生成数据
INFO:app.core.database:批量执行SQL，查询: INSERT INTO crawler_competitor_price (id, crawl_time, platform, competitor_name, product_name, product_sku, price, promotion_info, is_in_stock) VALUES ($1, $2, $3, $4, $5, $6, $7, $8, $9), 值数量: 1
INFO:app.core.database:连接数据库: 172.16.10.196:5432/db_house
INFO:app.core.database:批量执行SQL完成
INFO:app.services.data_generator:表 crawler_competitor_price 已插入剩余 1 条记录并缓存主键值
INFO:app.services.data_generator:独立表 crawler_competitor_price 生成完成，记录数: 1
INFO:app.services.data_generator:开始为独立表 crm_customer 生成数据
INFO:app.core.database:批量执行SQL，查询: INSERT INTO crm_customer (customer_id, name, gender, phone, email, birthday, address, create_time, update_time, is_deleted) VALUES ($1, $2, $3, $4, $5, $6, $7, $8, $9, $10), 值数量: 1
INFO:app.core.database:连接数据库: 172.16.10.196:5432/db_house
INFO:app.core.database:批量执行SQL完成
INFO:app.services.data_generator:表 crm_customer 已插入剩余 1 条记录并缓存主键值
INFO:app.services.data_generator:独立表 crm_customer 生成完成，记录数: 1
INFO:app.services.data_generator:开始为独立表 ext_market_trend 生成数据
INFO:app.core.database:批量执行SQL，查询: INSERT INTO ext_market_trend (id, period, region, category, market_size, growth_rate, data_source) VALUES ($1, $2, $3, $4, $5, $6, $7), 值数量: 1
INFO:app.core.database:连接数据库: 172.16.10.196:5432/db_house
INFO:app.core.database:批量执行SQL完成
INFO:app.services.data_generator:表 ext_market_trend 已插入剩余 1 条记录并缓存主键值
INFO:app.services.data_generator:独立表 ext_market_trend 生成完成，记录数: 1
INFO:app.services.data_generator:=== 阶段2：生成依赖表 ===
INFO:app.services.data_generator:表依赖排序结果: ['oms_order', 'fms_financial_transaction', 'lms_shipment', 'oms_order_item']
INFO:app.services.data_generator:排序后的依赖表: ['oms_order', 'fms_financial_transaction', 'lms_shipment', 'oms_order_item']
INFO:app.services.data_generator:开始为依赖表 oms_order 生成数据
INFO:app.core.database:批量执行SQL，查询: INSERT INTO oms_order (order_id, order_channel, customer_code, order_amount, discount_amount, pay_amount, order_status, province, city, district, detail_address, order_time) VALUES ($1, $2, $3, $4, $5, $6, $7, $8, $9, $10, $11, $12), 值数量: 1
INFO:app.core.database:连接数据库: 172.16.10.196:5432/db_house
INFO:app.core.database:批量执行SQL完成
INFO:app.services.data_generator:表 oms_order 已插入剩余 1 条记录并缓存主键值
INFO:app.services.data_generator:依赖表 oms_order 生成完成，记录数: 1
INFO:app.services.data_generator:开始为依赖表 fms_financial_transaction 生成数据
INFO:app.core.database:批量执行SQL，查询: INSERT INTO fms_financial_transaction (transaction_id, order_id, payment_method, transaction_type, transaction_amount, transaction_status, transaction_time) VALUES ($1, $2, $3, $4, $5, $6, $7), 值数量: 1
INFO:app.core.database:连接数据库: 172.16.10.196:5432/db_house
INFO:app.core.database:批量执行SQL完成
INFO:app.services.data_generator:表 fms_financial_transaction 已插入剩余 1 条记录并缓存主键值
INFO:app.services.data_generator:依赖表 fms_financial_transaction 生成完成，记录数: 1
INFO:app.services.data_generator:开始为依赖表 lms_shipment 生成数据
INFO:app.core.database:批量执行SQL，查询: INSERT INTO lms_shipment (shipment_id, order_id, carrier, sender_address, receiver_info, current_status, shipping_time, estimated_delivery, actual_delivery) VALUES ($1, $2, $3, $4, $5, $6, $7, $8, $9), 值数量: 1
INFO:app.core.database:连接数据库: 172.16.10.196:5432/db_house
INFO:app.core.database:批量执行SQL完成
INFO:app.services.data_generator:表 lms_shipment 已插入剩余 1 条记录并缓存主键值
INFO:app.services.data_generator:依赖表 lms_shipment 生成完成，记录数: 1
INFO:app.services.data_generator:开始为依赖表 oms_order_item 生成数据
INFO:app.core.database:批量执行SQL，查询: INSERT INTO oms_order_item (id, order_id, product_sku, product_name, quantity, price) VALUES ($1, $2, $3, $4, $5, $6), 值数量: 1
INFO:app.core.database:连接数据库: 172.16.10.196:5432/db_house
INFO:app.core.database:批量执行SQL完成
INFO:app.services.data_generator:表 oms_order_item 已插入剩余 1 条记录并缓存主键值
INFO:app.services.data_generator:依赖表 oms_order_item 生成完成，记录数: 1
INFO:app.services.data_generator:数据生成完成，总记录数: 7
INFO:app.services.data_generator:退出 generate_data_for_tables 方法
INFO:app.services.data_generator:开始 generate_data_for_tables 方法
INFO:app.services.data_generator:独立表（阶段1）: ['crawler_competitor_price', 'crm_customer', 'ext_market_trend']
INFO:app.services.data_generator:依赖表（阶段2）: ['oms_order', 'lms_shipment', 'fms_financial_transaction', 'oms_order_item']
INFO:app.services.data_generator:初始化数据库计数器
INFO:app.core.database:执行查询: SELECT MAX(id) FROM crawler_competitor_price, 参数: ()
INFO:app.core.database:连接数据库: 172.16.10.196:5432/db_house
INFO:app.core.database:查询执行成功
INFO:app.core.database:执行查询: SELECT MAX(id) FROM ext_market_trend, 参数: ()
INFO:app.core.database:连接数据库: 172.16.10.196:5432/db_house
INFO:app.core.database:查询执行成功
INFO:app.core.database:执行查询: SELECT MAX(id) FROM oms_order_item, 参数: ()
INFO:app.core.database:连接数据库: 172.16.10.196:5432/db_house
INFO:app.core.database:查询执行成功
INFO:app.services.data_generator:计数器初始化完成: {'crawler_competitor_price_id': 56, 'ext_market_trend_id': 56, 'oms_order_item_id': 56}
INFO:app.services.data_generator:开始处理日期: 2025-10-21
INFO:app.services.data_generator:当天计划生成记录数: 1
INFO:app.services.data_generator:已清空外键缓存
INFO:app.services.data_generator:=== 阶段1：生成独立表 ===
INFO:app.services.data_generator:开始为独立表 crawler_competitor_price 生成数据
INFO:app.core.database:批量执行SQL，查询: INSERT INTO crawler_competitor_price (id, crawl_time, platform, competitor_name, product_name, product_sku, price, promotion_info, is_in_stock) VALUES ($1, $2, $3, $4, $5, $6, $7, $8, $9), 值数量: 1
INFO:app.core.database:连接数据库: 172.16.10.196:5432/db_house
INFO:app.core.database:批量执行SQL完成
INFO:app.services.data_generator:表 crawler_competitor_price 已插入剩余 1 条记录并缓存主键值
INFO:app.services.data_generator:独立表 crawler_competitor_price 生成完成，记录数: 1
INFO:app.services.data_generator:开始为独立表 crm_customer 生成数据
INFO:app.core.database:批量执行SQL，查询: INSERT INTO crm_customer (customer_id, name, gender, phone, email, birthday, address, create_time, update_time, is_deleted) VALUES ($1, $2, $3, $4, $5, $6, $7, $8, $9, $10), 值数量: 1
INFO:app.core.database:连接数据库: 172.16.10.196:5432/db_house
INFO:app.core.database:批量执行SQL完成
INFO:app.services.data_generator:表 crm_customer 已插入剩余 1 条记录并缓存主键值
INFO:app.services.data_generator:独立表 crm_customer 生成完成，记录数: 1
INFO:app.services.data_generator:开始为独立表 ext_market_trend 生成数据
INFO:app.core.database:批量执行SQL，查询: INSERT INTO ext_market_trend (id, period, region, category, market_size, growth_rate, data_source) VALUES ($1, $2, $3, $4, $5, $6, $7), 值数量: 1
INFO:app.core.database:连接数据库: 172.16.10.196:5432/db_house
INFO:app.core.database:批量执行SQL完成
INFO:app.services.data_generator:表 ext_market_trend 已插入剩余 1 条记录并缓存主键值
INFO:app.services.data_generator:独立表 ext_market_trend 生成完成，记录数: 1
INFO:app.services.data_generator:=== 阶段2：生成依赖表 ===
INFO:app.services.data_generator:表依赖排序结果: ['oms_order', 'fms_financial_transaction', 'lms_shipment', 'oms_order_item']
INFO:app.services.data_generator:排序后的依赖表: ['oms_order', 'fms_financial_transaction', 'lms_shipment', 'oms_order_item']
INFO:app.services.data_generator:开始为依赖表 oms_order 生成数据
INFO:app.core.database:批量执行SQL，查询: INSERT INTO oms_order (order_id, order_channel, customer_code, order_amount, discount_amount, pay_amount, order_status, province, city, district, detail_address, order_time) VALUES ($1, $2, $3, $4, $5, $6, $7, $8, $9, $10, $11, $12), 值数量: 1
INFO:app.core.database:连接数据库: 172.16.10.196:5432/db_house
INFO:app.core.database:批量执行SQL完成
INFO:app.services.data_generator:表 oms_order 已插入剩余 1 条记录并缓存主键值
INFO:app.services.data_generator:依赖表 oms_order 生成完成，记录数: 1
INFO:app.services.data_generator:开始为依赖表 fms_financial_transaction 生成数据
INFO:app.core.database:批量执行SQL，查询: INSERT INTO fms_financial_transaction (transaction_id, order_id, payment_method, transaction_type, transaction_amount, transaction_status, transaction_time) VALUES ($1, $2, $3, $4, $5, $6, $7), 值数量: 1
INFO:app.core.database:连接数据库: 172.16.10.196:5432/db_house
INFO:app.core.database:批量执行SQL完成
INFO:app.services.data_generator:表 fms_financial_transaction 已插入剩余 1 条记录并缓存主键值
INFO:app.services.data_generator:依赖表 fms_financial_transaction 生成完成，记录数: 1
INFO:app.services.data_generator:开始为依赖表 lms_shipment 生成数据
INFO:app.core.database:批量执行SQL，查询: INSERT INTO lms_shipment (shipment_id, order_id, carrier, sender_address, receiver_info, current_status, shipping_time, estimated_delivery, actual_delivery) VALUES ($1, $2, $3, $4, $5, $6, $7, $8, $9), 值数量: 1
INFO:app.core.database:连接数据库: 172.16.10.196:5432/db_house
INFO:app.core.database:批量执行SQL完成
INFO:app.services.data_generator:表 lms_shipment 已插入剩余 1 条记录并缓存主键值
INFO:app.services.data_generator:依赖表 lms_shipment 生成完成，记录数: 1
INFO:app.services.data_generator:开始为依赖表 oms_order_item 生成数据
INFO:app.core.database:批量执行SQL，查询: INSERT INTO oms_order_item (id, order_id, product_sku, product_name, quantity, price) VALUES ($1, $2, $3, $4, $5, $6), 值数量: 1
INFO:app.core.database:连接数据库: 172.16.10.196:5432/db_house
INFO:app.core.database:批量执行SQL完成
INFO:app.services.data_generator:表 oms_order_item 已插入剩余 1 条记录并缓存主键值
INFO:app.services.data_generator:依赖表 oms_order_item 生成完成，记录数: 1
INFO:app.services.data_generator:数据生成完成，总记录数: 7
INFO:app.services.data_generator:退出 generate_data_for_tables 方法
INFO:app.services.data_generator:开始 generate_data_for_tables 方法
INFO:app.services.data_generator:独立表（阶段1）: ['crawler_competitor_price', 'crm_customer', 'ext_market_trend']
INFO:app.services.data_generator:依赖表（阶段2）: ['oms_order', 'lms_shipment', 'fms_financial_transaction', 'oms_order_item']
INFO:app.services.data_generator:初始化数据库计数器
INFO:app.core.database:执行查询: SELECT MAX(id) FROM crawler_competitor_price, 参数: ()
INFO:app.core.database:连接数据库: 172.16.10.196:5432/db_house
INFO:app.core.database:查询执行成功
INFO:app.core.database:执行查询: SELECT MAX(id) FROM ext_market_trend, 参数: ()
INFO:app.core.database:连接数据库: 172.16.10.196:5432/db_house
INFO:app.core.database:查询执行成功
INFO:app.core.database:执行查询: SELECT MAX(id) FROM oms_order_item, 参数: ()
INFO:app.core.database:连接数据库: 172.16.10.196:5432/db_house
INFO:app.core.database:查询执行成功
INFO:app.services.data_generator:计数器初始化完成: {'crawler_competitor_price_id': 57, 'ext_market_trend_id': 57, 'oms_order_item_id': 57}
INFO:app.services.data_generator:开始处理日期: 2025-10-21
INFO:app.services.data_generator:当天计划生成记录数: 1
INFO:app.services.data_generator:已清空外键缓存
INFO:app.services.data_generator:=== 阶段1：生成独立表 ===
INFO:app.services.data_generator:开始为独立表 crawler_competitor_price 生成数据
INFO:app.core.database:批量执行SQL，查询: INSERT INTO crawler_competitor_price (id, crawl_time, platform, competitor_name, product_name, product_sku, price, promotion_info, is_in_stock) VALUES ($1, $2, $3, $4, $5, $6, $7, $8, $9), 值数量: 1
INFO:app.core.database:连接数据库: 172.16.10.196:5432/db_house
INFO:app.core.database:批量执行SQL完成
INFO:app.services.data_generator:表 crawler_competitor_price 已插入剩余 1 条记录并缓存主键值
INFO:app.services.data_generator:独立表 crawler_competitor_price 生成完成，记录数: 1
INFO:app.services.data_generator:开始为独立表 crm_customer 生成数据
INFO:app.core.database:批量执行SQL，查询: INSERT INTO crm_customer (customer_id, name, gender, phone, email, birthday, address, create_time, update_time, is_deleted) VALUES ($1, $2, $3, $4, $5, $6, $7, $8, $9, $10), 值数量: 1
INFO:app.core.database:连接数据库: 172.16.10.196:5432/db_house
INFO:app.core.database:批量执行SQL完成
INFO:app.services.data_generator:表 crm_customer 已插入剩余 1 条记录并缓存主键值
INFO:app.services.data_generator:独立表 crm_customer 生成完成，记录数: 1
INFO:app.services.data_generator:开始为独立表 ext_market_trend 生成数据
INFO:app.core.database:批量执行SQL，查询: INSERT INTO ext_market_trend (id, period, region, category, market_size, growth_rate, data_source) VALUES ($1, $2, $3, $4, $5, $6, $7), 值数量: 1
INFO:app.core.database:连接数据库: 172.16.10.196:5432/db_house
INFO:app.core.database:批量执行SQL完成
INFO:app.services.data_generator:表 ext_market_trend 已插入剩余 1 条记录并缓存主键值
INFO:app.services.data_generator:独立表 ext_market_trend 生成完成，记录数: 1
INFO:app.services.data_generator:=== 阶段2：生成依赖表 ===
INFO:app.services.data_generator:表依赖排序结果: ['oms_order', 'fms_financial_transaction', 'lms_shipment', 'oms_order_item']
INFO:app.services.data_generator:排序后的依赖表: ['oms_order', 'fms_financial_transaction', 'lms_shipment', 'oms_order_item']
INFO:app.services.data_generator:开始为依赖表 oms_order 生成数据
INFO:app.core.database:批量执行SQL，查询: INSERT INTO oms_order (order_id, order_channel, customer_code, order_amount, discount_amount, pay_amount, order_status, province, city, district, detail_address, order_time) VALUES ($1, $2, $3, $4, $5, $6, $7, $8, $9, $10, $11, $12), 值数量: 1
INFO:app.core.database:连接数据库: 172.16.10.196:5432/db_house
INFO:app.core.database:批量执行SQL完成
INFO:app.services.data_generator:表 oms_order 已插入剩余 1 条记录并缓存主键值
INFO:app.services.data_generator:依赖表 oms_order 生成完成，记录数: 1
INFO:app.services.data_generator:开始为依赖表 fms_financial_transaction 生成数据
INFO:app.core.database:批量执行SQL，查询: INSERT INTO fms_financial_transaction (transaction_id, order_id, payment_method, transaction_type, transaction_amount, transaction_status, transaction_time) VALUES ($1, $2, $3, $4, $5, $6, $7), 值数量: 1
INFO:app.core.database:连接数据库: 172.16.10.196:5432/db_house
INFO:app.core.database:批量执行SQL完成
INFO:app.services.data_generator:表 fms_financial_transaction 已插入剩余 1 条记录并缓存主键值
INFO:app.services.data_generator:依赖表 fms_financial_transaction 生成完成，记录数: 1
INFO:app.services.data_generator:开始为依赖表 lms_shipment 生成数据
INFO:app.core.database:批量执行SQL，查询: INSERT INTO lms_shipment (shipment_id, order_id, carrier, sender_address, receiver_info, current_status, shipping_time, estimated_delivery, actual_delivery) VALUES ($1, $2, $3, $4, $5, $6, $7, $8, $9), 值数量: 1
INFO:app.core.database:连接数据库: 172.16.10.196:5432/db_house
INFO:app.core.database:批量执行SQL完成
INFO:app.services.data_generator:表 lms_shipment 已插入剩余 1 条记录并缓存主键值
INFO:app.services.data_generator:依赖表 lms_shipment 生成完成，记录数: 1
INFO:app.services.data_generator:开始为依赖表 oms_order_item 生成数据
INFO:app.core.database:批量执行SQL，查询: INSERT INTO oms_order_item (id, order_id, product_sku, product_name, quantity, price) VALUES ($1, $2, $3, $4, $5, $6), 值数量: 1
INFO:app.core.database:连接数据库: 172.16.10.196:5432/db_house
INFO:app.core.database:批量执行SQL完成
INFO:app.services.data_generator:表 oms_order_item 已插入剩余 1 条记录并缓存主键值
INFO:app.services.data_generator:依赖表 oms_order_item 生成完成，记录数: 1
INFO:app.services.data_generator:数据生成完成，总记录数: 7
INFO:app.services.data_generator:退出 generate_data_for_tables 方法
INFO:app.services.data_generator:开始 generate_data_for_tables 方法
INFO:app.services.data_generator:独立表（阶段1）: ['crawler_competitor_price', 'crm_customer', 'ext_market_trend']
INFO:app.services.data_generator:依赖表（阶段2）: ['oms_order', 'lms_shipment', 'fms_financial_transaction', 'oms_order_item']
INFO:app.services.data_generator:初始化数据库计数器
INFO:app.core.database:执行查询: SELECT MAX(id) FROM crawler_competitor_price, 参数: ()
INFO:app.core.database:连接数据库: 172.16.10.196:5432/db_house
INFO:app.core.database:查询执行成功
INFO:app.core.database:执行查询: SELECT MAX(id) FROM ext_market_trend, 参数: ()
INFO:app.core.database:连接数据库: 172.16.10.196:5432/db_house
INFO:app.core.database:查询执行成功
INFO:app.core.database:执行查询: SELECT MAX(id) FROM oms_order_item, 参数: ()
INFO:app.core.database:连接数据库: 172.16.10.196:5432/db_house
INFO:app.core.database:查询执行成功
INFO:app.services.data_generator:计数器初始化完成: {'crawler_competitor_price_id': 58, 'ext_market_trend_id': 58, 'oms_order_item_id': 58}
INFO:app.services.data_generator:开始处理日期: 2025-10-21
INFO:app.services.data_generator:当天计划生成记录数: 1
INFO:app.services.data_generator:已清空外键缓存
INFO:app.services.data_generator:=== 阶段1：生成独立表 ===
INFO:app.services.data_generator:开始为独立表 crawler_competitor_price 生成数据
INFO:app.core.database:批量执行SQL，查询: INSERT INTO crawler_competitor_price (id, crawl_time, platform, competitor_name, product_name, product_sku, price, promotion_info, is_in_stock) VALUES ($1, $2, $3, $4, $5, $6, $7, $8, $9), 值数量: 1
INFO:app.core.database:连接数据库: 172.16.10.196:5432/db_house
INFO:app.core.database:批量执行SQL完成
INFO:app.services.data_generator:表 crawler_competitor_price 已插入剩余 1 条记录并缓存主键值
INFO:app.services.data_generator:独立表 crawler_competitor_price 生成完成，记录数: 1
INFO:app.services.data_generator:开始为独立表 crm_customer 生成数据
INFO:app.core.database:批量执行SQL，查询: INSERT INTO crm_customer (customer_id, name, gender, phone, email, birthday, address, create_time, update_time, is_deleted) VALUES ($1, $2, $3, $4, $5, $6, $7, $8, $9, $10), 值数量: 1
INFO:app.core.database:连接数据库: 172.16.10.196:5432/db_house
INFO:app.core.database:批量执行SQL完成
INFO:app.services.data_generator:表 crm_customer 已插入剩余 1 条记录并缓存主键值
INFO:app.services.data_generator:独立表 crm_customer 生成完成，记录数: 1
INFO:app.services.data_generator:开始为独立表 ext_market_trend 生成数据
INFO:app.core.database:批量执行SQL，查询: INSERT INTO ext_market_trend (id, period, region, category, market_size, growth_rate, data_source) VALUES ($1, $2, $3, $4, $5, $6, $7), 值数量: 1
INFO:app.core.database:连接数据库: 172.16.10.196:5432/db_house
INFO:app.core.database:批量执行SQL完成
INFO:app.services.data_generator:表 ext_market_trend 已插入剩余 1 条记录并缓存主键值
INFO:app.services.data_generator:独立表 ext_market_trend 生成完成，记录数: 1
INFO:app.services.data_generator:=== 阶段2：生成依赖表 ===
INFO:app.services.data_generator:表依赖排序结果: ['oms_order', 'fms_financial_transaction', 'lms_shipment', 'oms_order_item']
INFO:app.services.data_generator:排序后的依赖表: ['oms_order', 'fms_financial_transaction', 'lms_shipment', 'oms_order_item']
INFO:app.services.data_generator:开始为依赖表 oms_order 生成数据
INFO:app.core.database:批量执行SQL，查询: INSERT INTO oms_order (order_id, order_channel, customer_code, order_amount, discount_amount, pay_amount, order_status, province, city, district, detail_address, order_time) VALUES ($1, $2, $3, $4, $5, $6, $7, $8, $9, $10, $11, $12), 值数量: 1
INFO:app.core.database:连接数据库: 172.16.10.196:5432/db_house
INFO:app.core.database:批量执行SQL完成
INFO:app.services.data_generator:表 oms_order 已插入剩余 1 条记录并缓存主键值
INFO:app.services.data_generator:依赖表 oms_order 生成完成，记录数: 1
INFO:app.services.data_generator:开始为依赖表 fms_financial_transaction 生成数据
INFO:app.core.database:批量执行SQL，查询: INSERT INTO fms_financial_transaction (transaction_id, order_id, payment_method, transaction_type, transaction_amount, transaction_status, transaction_time) VALUES ($1, $2, $3, $4, $5, $6, $7), 值数量: 1
INFO:app.core.database:连接数据库: 172.16.10.196:5432/db_house
INFO:app.core.database:批量执行SQL完成
INFO:app.services.data_generator:表 fms_financial_transaction 已插入剩余 1 条记录并缓存主键值
INFO:app.services.data_generator:依赖表 fms_financial_transaction 生成完成，记录数: 1
INFO:app.services.data_generator:开始为依赖表 lms_shipment 生成数据
INFO:app.core.database:批量执行SQL，查询: INSERT INTO lms_shipment (shipment_id, order_id, carrier, sender_address, receiver_info, current_status, shipping_time, estimated_delivery, actual_delivery) VALUES ($1, $2, $3, $4, $5, $6, $7, $8, $9), 值数量: 1
INFO:app.core.database:连接数据库: 172.16.10.196:5432/db_house
INFO:app.core.database:批量执行SQL完成
INFO:app.services.data_generator:表 lms_shipment 已插入剩余 1 条记录并缓存主键值
INFO:app.services.data_generator:依赖表 lms_shipment 生成完成，记录数: 1
INFO:app.services.data_generator:开始为依赖表 oms_order_item 生成数据
INFO:app.core.database:批量执行SQL，查询: INSERT INTO oms_order_item (id, order_id, product_sku, product_name, quantity, price) VALUES ($1, $2, $3, $4, $5, $6), 值数量: 1
INFO:app.core.database:连接数据库: 172.16.10.196:5432/db_house
INFO:app.core.database:批量执行SQL完成
INFO:app.services.data_generator:表 oms_order_item 已插入剩余 1 条记录并缓存主键值
INFO:app.services.data_generator:依赖表 oms_order_item 生成完成，记录数: 1
INFO:app.services.data_generator:数据生成完成，总记录数: 7
INFO:app.services.data_generator:退出 generate_data_for_tables 方法
INFO:app.services.data_generator:开始 generate_data_for_tables 方法
INFO:app.services.data_generator:独立表（阶段1）: ['crawler_competitor_price', 'crm_customer', 'ext_market_trend']
INFO:app.services.data_generator:依赖表（阶段2）: ['oms_order', 'lms_shipment', 'fms_financial_transaction', 'oms_order_item']
INFO:app.services.data_generator:初始化数据库计数器
INFO:app.core.database:执行查询: SELECT MAX(id) FROM crawler_competitor_price, 参数: ()
INFO:app.core.database:连接数据库: 172.16.10.196:5432/db_house
INFO:app.core.database:查询执行成功
INFO:app.core.database:执行查询: SELECT MAX(id) FROM ext_market_trend, 参数: ()
INFO:app.core.database:连接数据库: 172.16.10.196:5432/db_house
INFO:app.core.database:查询执行成功
INFO:app.core.database:执行查询: SELECT MAX(id) FROM oms_order_item, 参数: ()
INFO:app.core.database:连接数据库: 172.16.10.196:5432/db_house
INFO:app.core.database:查询执行成功
INFO:app.services.data_generator:计数器初始化完成: {'crawler_competitor_price_id': 59, 'ext_market_trend_id': 59, 'oms_order_item_id': 59}
INFO:app.services.data_generator:开始处理日期: 2025-10-21
INFO:app.services.data_generator:当天计划生成记录数: 1
INFO:app.services.data_generator:已清空外键缓存
INFO:app.services.data_generator:=== 阶段1：生成独立表 ===
INFO:app.services.data_generator:开始为独立表 crawler_competitor_price 生成数据
INFO:app.core.database:批量执行SQL，查询: INSERT INTO crawler_competitor_price (id, crawl_time, platform, competitor_name, product_name, product_sku, price, promotion_info, is_in_stock) VALUES ($1, $2, $3, $4, $5, $6, $7, $8, $9), 值数量: 1
INFO:app.core.database:连接数据库: 172.16.10.196:5432/db_house
INFO:app.core.database:批量执行SQL完成
INFO:app.services.data_generator:表 crawler_competitor_price 已插入剩余 1 条记录并缓存主键值
INFO:app.services.data_generator:独立表 crawler_competitor_price 生成完成，记录数: 1
INFO:app.services.data_generator:开始为独立表 crm_customer 生成数据
INFO:app.core.database:批量执行SQL，查询: INSERT INTO crm_customer (customer_id, name, gender, phone, email, birthday, address, create_time, update_time, is_deleted) VALUES ($1, $2, $3, $4, $5, $6, $7, $8, $9, $10), 值数量: 1
INFO:app.core.database:连接数据库: 172.16.10.196:5432/db_house
INFO:app.core.database:批量执行SQL完成
INFO:app.services.data_generator:表 crm_customer 已插入剩余 1 条记录并缓存主键值
INFO:app.services.data_generator:独立表 crm_customer 生成完成，记录数: 1
INFO:app.services.data_generator:开始为独立表 ext_market_trend 生成数据
INFO:app.core.database:批量执行SQL，查询: INSERT INTO ext_market_trend (id, period, region, category, market_size, growth_rate, data_source) VALUES ($1, $2, $3, $4, $5, $6, $7), 值数量: 1
INFO:app.core.database:连接数据库: 172.16.10.196:5432/db_house
INFO:app.core.database:批量执行SQL完成
INFO:app.services.data_generator:表 ext_market_trend 已插入剩余 1 条记录并缓存主键值
INFO:app.services.data_generator:独立表 ext_market_trend 生成完成，记录数: 1
INFO:app.services.data_generator:=== 阶段2：生成依赖表 ===
INFO:app.services.data_generator:表依赖排序结果: ['oms_order', 'fms_financial_transaction', 'lms_shipment', 'oms_order_item']
INFO:app.services.data_generator:排序后的依赖表: ['oms_order', 'fms_financial_transaction', 'lms_shipment', 'oms_order_item']
INFO:app.services.data_generator:开始为依赖表 oms_order 生成数据
INFO:app.core.database:批量执行SQL，查询: INSERT INTO oms_order (order_id, order_channel, customer_code, order_amount, discount_amount, pay_amount, order_status, province, city, district, detail_address, order_time) VALUES ($1, $2, $3, $4, $5, $6, $7, $8, $9, $10, $11, $12), 值数量: 1
INFO:app.core.database:连接数据库: 172.16.10.196:5432/db_house
INFO:app.core.database:批量执行SQL完成
INFO:app.services.data_generator:表 oms_order 已插入剩余 1 条记录并缓存主键值
INFO:app.services.data_generator:依赖表 oms_order 生成完成，记录数: 1
INFO:app.services.data_generator:开始为依赖表 fms_financial_transaction 生成数据
INFO:app.core.database:批量执行SQL，查询: INSERT INTO fms_financial_transaction (transaction_id, order_id, payment_method, transaction_type, transaction_amount, transaction_status, transaction_time) VALUES ($1, $2, $3, $4, $5, $6, $7), 值数量: 1
INFO:app.core.database:连接数据库: 172.16.10.196:5432/db_house
INFO:app.core.database:批量执行SQL完成
INFO:app.services.data_generator:表 fms_financial_transaction 已插入剩余 1 条记录并缓存主键值
INFO:app.services.data_generator:依赖表 fms_financial_transaction 生成完成，记录数: 1
INFO:app.services.data_generator:开始为依赖表 lms_shipment 生成数据
INFO:app.core.database:批量执行SQL，查询: INSERT INTO lms_shipment (shipment_id, order_id, carrier, sender_address, receiver_info, current_status, shipping_time, estimated_delivery, actual_delivery) VALUES ($1, $2, $3, $4, $5, $6, $7, $8, $9), 值数量: 1
INFO:app.core.database:连接数据库: 172.16.10.196:5432/db_house
INFO:app.core.database:批量执行SQL完成
INFO:app.services.data_generator:表 lms_shipment 已插入剩余 1 条记录并缓存主键值
INFO:app.services.data_generator:依赖表 lms_shipment 生成完成，记录数: 1
INFO:app.services.data_generator:开始为依赖表 oms_order_item 生成数据
INFO:app.core.database:批量执行SQL，查询: INSERT INTO oms_order_item (id, order_id, product_sku, product_name, quantity, price) VALUES ($1, $2, $3, $4, $5, $6), 值数量: 1
INFO:app.core.database:连接数据库: 172.16.10.196:5432/db_house
INFO:app.core.database:批量执行SQL完成
INFO:app.services.data_generator:表 oms_order_item 已插入剩余 1 条记录并缓存主键值
INFO:app.services.data_generator:依赖表 oms_order_item 生成完成，记录数: 1
INFO:app.services.data_generator:数据生成完成，总记录数: 7
INFO:app.services.data_generator:退出 generate_data_for_tables 方法
INFO:app.services.data_generator:开始 generate_data_for_tables 方法
INFO:app.services.data_generator:独立表（阶段1）: ['crawler_competitor_price', 'crm_customer', 'ext_market_trend']
INFO:app.services.data_generator:依赖表（阶段2）: ['oms_order', 'lms_shipment', 'fms_financial_transaction', 'oms_order_item']
INFO:app.services.data_generator:初始化数据库计数器
INFO:app.core.database:执行查询: SELECT MAX(id) FROM crawler_competitor_price, 参数: ()
INFO:app.core.database:连接数据库: 172.16.10.196:5432/db_house
INFO:app.core.database:查询执行成功
INFO:app.core.database:执行查询: SELECT MAX(id) FROM ext_market_trend, 参数: ()
INFO:app.core.database:连接数据库: 172.16.10.196:5432/db_house
INFO:app.core.database:查询执行成功
INFO:app.core.database:执行查询: SELECT MAX(id) FROM oms_order_item, 参数: ()
INFO:app.core.database:连接数据库: 172.16.10.196:5432/db_house
INFO:app.core.database:查询执行成功
INFO:app.services.data_generator:计数器初始化完成: {'crawler_competitor_price_id': 60, 'ext_market_trend_id': 60, 'oms_order_item_id': 60}
INFO:app.services.data_generator:开始处理日期: 2025-10-21
INFO:app.services.data_generator:当天计划生成记录数: 1
INFO:app.services.data_generator:已清空外键缓存
INFO:app.services.data_generator:=== 阶段1：生成独立表 ===
INFO:app.services.data_generator:开始为独立表 crawler_competitor_price 生成数据
INFO:app.core.database:批量执行SQL，查询: INSERT INTO crawler_competitor_price (id, crawl_time, platform, competitor_name, product_name, product_sku, price, promotion_info, is_in_stock) VALUES ($1, $2, $3, $4, $5, $6, $7, $8, $9), 值数量: 1
INFO:app.core.database:连接数据库: 172.16.10.196:5432/db_house
INFO:app.core.database:批量执行SQL完成
INFO:app.services.data_generator:表 crawler_competitor_price 已插入剩余 1 条记录并缓存主键值
INFO:app.services.data_generator:独立表 crawler_competitor_price 生成完成，记录数: 1
INFO:app.services.data_generator:开始为独立表 crm_customer 生成数据
INFO:app.core.database:批量执行SQL，查询: INSERT INTO crm_customer (customer_id, name, gender, phone, email, birthday, address, create_time, update_time, is_deleted) VALUES ($1, $2, $3, $4, $5, $6, $7, $8, $9, $10), 值数量: 1
INFO:app.core.database:连接数据库: 172.16.10.196:5432/db_house
INFO:app.core.database:批量执行SQL完成
INFO:app.services.data_generator:表 crm_customer 已插入剩余 1 条记录并缓存主键值
INFO:app.services.data_generator:独立表 crm_customer 生成完成，记录数: 1
INFO:app.services.data_generator:开始为独立表 ext_market_trend 生成数据
INFO:app.core.database:批量执行SQL，查询: INSERT INTO ext_market_trend (id, period, region, category, market_size, growth_rate, data_source) VALUES ($1, $2, $3, $4, $5, $6, $7), 值数量: 1
INFO:app.core.database:连接数据库: 172.16.10.196:5432/db_house
INFO:app.core.database:批量执行SQL完成
INFO:app.services.data_generator:表 ext_market_trend 已插入剩余 1 条记录并缓存主键值
INFO:app.services.data_generator:独立表 ext_market_trend 生成完成，记录数: 1
INFO:app.services.data_generator:=== 阶段2：生成依赖表 ===
INFO:app.services.data_generator:表依赖排序结果: ['oms_order', 'fms_financial_transaction', 'lms_shipment', 'oms_order_item']
INFO:app.services.data_generator:排序后的依赖表: ['oms_order', 'fms_financial_transaction', 'lms_shipment', 'oms_order_item']
INFO:app.services.data_generator:开始为依赖表 oms_order 生成数据
INFO:app.core.database:批量执行SQL，查询: INSERT INTO oms_order (order_id, order_channel, customer_code, order_amount, discount_amount, pay_amount, order_status, province, city, district, detail_address, order_time) VALUES ($1, $2, $3, $4, $5, $6, $7, $8, $9, $10, $11, $12), 值数量: 1
INFO:app.core.database:连接数据库: 172.16.10.196:5432/db_house
INFO:app.core.database:批量执行SQL完成
INFO:app.services.data_generator:表 oms_order 已插入剩余 1 条记录并缓存主键值
INFO:app.services.data_generator:依赖表 oms_order 生成完成，记录数: 1
INFO:app.services.data_generator:开始为依赖表 fms_financial_transaction 生成数据
INFO:app.core.database:批量执行SQL，查询: INSERT INTO fms_financial_transaction (transaction_id, order_id, payment_method, transaction_type, transaction_amount, transaction_status, transaction_time) VALUES ($1, $2, $3, $4, $5, $6, $7), 值数量: 1
INFO:app.core.database:连接数据库: 172.16.10.196:5432/db_house
INFO:app.core.database:批量执行SQL完成
INFO:app.services.data_generator:表 fms_financial_transaction 已插入剩余 1 条记录并缓存主键值
INFO:app.services.data_generator:依赖表 fms_financial_transaction 生成完成，记录数: 1
INFO:app.services.data_generator:开始为依赖表 lms_shipment 生成数据
INFO:app.core.database:批量执行SQL，查询: INSERT INTO lms_shipment (shipment_id, order_id, carrier, sender_address, receiver_info, current_status, shipping_time, estimated_delivery, actual_delivery) VALUES ($1, $2, $3, $4, $5, $6, $7, $8, $9), 值数量: 1
INFO:app.core.database:连接数据库: 172.16.10.196:5432/db_house
INFO:app.core.database:批量执行SQL完成
INFO:app.services.data_generator:表 lms_shipment 已插入剩余 1 条记录并缓存主键值
INFO:app.services.data_generator:依赖表 lms_shipment 生成完成，记录数: 1
INFO:app.services.data_generator:开始为依赖表 oms_order_item 生成数据
INFO:app.core.database:批量执行SQL，查询: INSERT INTO oms_order_item (id, order_id, product_sku, product_name, quantity, price) VALUES ($1, $2, $3, $4, $5, $6), 值数量: 1
INFO:app.core.database:连接数据库: 172.16.10.196:5432/db_house
INFO:app.core.database:批量执行SQL完成
INFO:app.services.data_generator:表 oms_order_item 已插入剩余 1 条记录并缓存主键值
INFO:app.services.data_generator:依赖表 oms_order_item 生成完成，记录数: 1
INFO:app.services.data_generator:数据生成完成，总记录数: 7
INFO:app.services.data_generator:退出 generate_data_for_tables 方法
INFO:app.services.data_generator:开始 generate_data_for_tables 方法
INFO:app.services.data_generator:独立表（阶段1）: ['crawler_competitor_price', 'crm_customer', 'ext_market_trend']
INFO:app.services.data_generator:依赖表（阶段2）: ['oms_order', 'lms_shipment', 'fms_financial_transaction', 'oms_order_item']
INFO:app.services.data_generator:初始化数据库计数器
INFO:app.core.database:执行查询: SELECT MAX(id) FROM crawler_competitor_price, 参数: ()
INFO:app.core.database:连接数据库: 172.16.10.196:5432/db_house
INFO:app.core.database:查询执行成功
INFO:app.core.database:执行查询: SELECT MAX(id) FROM ext_market_trend, 参数: ()
INFO:app.core.database:连接数据库: 172.16.10.196:5432/db_house
INFO:app.core.database:查询执行成功
INFO:app.core.database:执行查询: SELECT MAX(id) FROM oms_order_item, 参数: ()
INFO:app.core.database:连接数据库: 172.16.10.196:5432/db_house
INFO:app.core.database:查询执行成功
INFO:app.services.data_generator:计数器初始化完成: {'crawler_competitor_price_id': 61, 'ext_market_trend_id': 61, 'oms_order_item_id': 61}
INFO:app.services.data_generator:开始处理日期: 2025-10-21
INFO:app.services.data_generator:当天计划生成记录数: 1
INFO:app.services.data_generator:已清空外键缓存
INFO:app.services.data_generator:=== 阶段1：生成独立表 ===
INFO:app.services.data_generator:开始为独立表 crawler_competitor_price 生成数据
INFO:app.core.database:批量执行SQL，查询: INSERT INTO crawler_competitor_price (id, crawl_time, platform, competitor_name, product_name, product_sku, price, promotion_info, is_in_stock) VALUES ($1, $2, $3, $4, $5, $6, $7, $8, $9), 值数量: 1
INFO:app.core.database:连接数据库: 172.16.10.196:5432/db_house
INFO:app.core.database:批量执行SQL完成
INFO:app.services.data_generator:表 crawler_competitor_price 已插入剩余 1 条记录并缓存主键值
INFO:app.services.data_generator:独立表 crawler_competitor_price 生成完成，记录数: 1
INFO:app.services.data_generator:开始为独立表 crm_customer 生成数据
INFO:app.core.database:批量执行SQL，查询: INSERT INTO crm_customer (customer_id, name, gender, phone, email, birthday, address, create_time, update_time, is_deleted) VALUES ($1, $2, $3, $4, $5, $6, $7, $8, $9, $10), 值数量: 1
INFO:app.core.database:连接数据库: 172.16.10.196:5432/db_house
INFO:app.core.database:批量执行SQL完成
INFO:app.services.data_generator:表 crm_customer 已插入剩余 1 条记录并缓存主键值
INFO:app.services.data_generator:独立表 crm_customer 生成完成，记录数: 1
INFO:app.services.data_generator:开始为独立表 ext_market_trend 生成数据
INFO:app.core.database:批量执行SQL，查询: INSERT INTO ext_market_trend (id, period, region, category, market_size, growth_rate, data_source) VALUES ($1, $2, $3, $4, $5, $6, $7), 值数量: 1
INFO:app.core.database:连接数据库: 172.16.10.196:5432/db_house
INFO:app.core.database:批量执行SQL完成
INFO:app.services.data_generator:表 ext_market_trend 已插入剩余 1 条记录并缓存主键值
INFO:app.services.data_generator:独立表 ext_market_trend 生成完成，记录数: 1
INFO:app.services.data_generator:=== 阶段2：生成依赖表 ===
INFO:app.services.data_generator:表依赖排序结果: ['oms_order', 'fms_financial_transaction', 'lms_shipment', 'oms_order_item']
INFO:app.services.data_generator:排序后的依赖表: ['oms_order', 'fms_financial_transaction', 'lms_shipment', 'oms_order_item']
INFO:app.services.data_generator:开始为依赖表 oms_order 生成数据
INFO:app.core.database:批量执行SQL，查询: INSERT INTO oms_order (order_id, order_channel, customer_code, order_amount, discount_amount, pay_amount, order_status, province, city, district, detail_address, order_time) VALUES ($1, $2, $3, $4, $5, $6, $7, $8, $9, $10, $11, $12), 值数量: 1
INFO:app.core.database:连接数据库: 172.16.10.196:5432/db_house
INFO:app.core.database:批量执行SQL完成
INFO:app.services.data_generator:表 oms_order 已插入剩余 1 条记录并缓存主键值
INFO:app.services.data_generator:依赖表 oms_order 生成完成，记录数: 1
INFO:app.services.data_generator:开始为依赖表 fms_financial_transaction 生成数据
INFO:app.core.database:批量执行SQL，查询: INSERT INTO fms_financial_transaction (transaction_id, order_id, payment_method, transaction_type, transaction_amount, transaction_status, transaction_time) VALUES ($1, $2, $3, $4, $5, $6, $7), 值数量: 1
INFO:app.core.database:连接数据库: 172.16.10.196:5432/db_house
INFO:app.core.database:批量执行SQL完成
INFO:app.services.data_generator:表 fms_financial_transaction 已插入剩余 1 条记录并缓存主键值
INFO:app.services.data_generator:依赖表 fms_financial_transaction 生成完成，记录数: 1
INFO:app.services.data_generator:开始为依赖表 lms_shipment 生成数据
INFO:app.core.database:批量执行SQL，查询: INSERT INTO lms_shipment (shipment_id, order_id, carrier, sender_address, receiver_info, current_status, shipping_time, estimated_delivery, actual_delivery) VALUES ($1, $2, $3, $4, $5, $6, $7, $8, $9), 值数量: 1
INFO:app.core.database:连接数据库: 172.16.10.196:5432/db_house
INFO:app.core.database:批量执行SQL完成
INFO:app.services.data_generator:表 lms_shipment 已插入剩余 1 条记录并缓存主键值
INFO:app.services.data_generator:依赖表 lms_shipment 生成完成，记录数: 1
INFO:app.services.data_generator:开始为依赖表 oms_order_item 生成数据
INFO:app.core.database:批量执行SQL，查询: INSERT INTO oms_order_item (id, order_id, product_sku, product_name, quantity, price) VALUES ($1, $2, $3, $4, $5, $6), 值数量: 1
INFO:app.core.database:连接数据库: 172.16.10.196:5432/db_house
INFO:app.core.database:批量执行SQL完成
INFO:app.services.data_generator:表 oms_order_item 已插入剩余 1 条记录并缓存主键值
INFO:app.services.data_generator:依赖表 oms_order_item 生成完成，记录数: 1
INFO:app.services.data_generator:数据生成完成，总记录数: 7
INFO:app.services.data_generator:退出 generate_data_for_tables 方法
INFO:app.services.data_generator:开始 generate_data_for_tables 方法
INFO:app.services.data_generator:独立表（阶段1）: ['crawler_competitor_price', 'crm_customer', 'ext_market_trend']
INFO:app.services.data_generator:依赖表（阶段2）: ['oms_order', 'lms_shipment', 'fms_financial_transaction', 'oms_order_item']
INFO:app.services.data_generator:初始化数据库计数器
INFO:app.core.database:执行查询: SELECT MAX(id) FROM crawler_competitor_price, 参数: ()
INFO:app.core.database:连接数据库: 172.16.10.196:5432/db_house
INFO:app.core.database:查询执行成功
INFO:app.core.database:执行查询: SELECT MAX(id) FROM ext_market_trend, 参数: ()
INFO:app.core.database:连接数据库: 172.16.10.196:5432/db_house
INFO:app.core.database:查询执行成功
INFO:app.core.database:执行查询: SELECT MAX(id) FROM oms_order_item, 参数: ()
INFO:app.core.database:连接数据库: 172.16.10.196:5432/db_house
INFO:app.core.database:查询执行成功
INFO:app.services.data_generator:计数器初始化完成: {'crawler_competitor_price_id': 62, 'ext_market_trend_id': 62, 'oms_order_item_id': 62}
INFO:app.services.data_generator:开始处理日期: 2025-10-21
INFO:app.services.data_generator:当天计划生成记录数: 1
INFO:app.services.data_generator:已清空外键缓存
INFO:app.services.data_generator:=== 阶段1：生成独立表 ===
INFO:app.services.data_generator:开始为独立表 crawler_competitor_price 生成数据
INFO:app.core.database:批量执行SQL，查询: INSERT INTO crawler_competitor_price (id, crawl_time, platform, competitor_name, product_name, product_sku, price, promotion_info, is_in_stock) VALUES ($1, $2, $3, $4, $5, $6, $7, $8, $9), 值数量: 1
INFO:app.core.database:连接数据库: 172.16.10.196:5432/db_house
INFO:app.core.database:批量执行SQL完成
INFO:app.services.data_generator:表 crawler_competitor_price 已插入剩余 1 条记录并缓存主键值
INFO:app.services.data_generator:独立表 crawler_competitor_price 生成完成，记录数: 1
INFO:app.services.data_generator:开始为独立表 crm_customer 生成数据
INFO:app.core.database:批量执行SQL，查询: INSERT INTO crm_customer (customer_id, name, gender, phone, email, birthday, address, create_time, update_time, is_deleted) VALUES ($1, $2, $3, $4, $5, $6, $7, $8, $9, $10), 值数量: 1
INFO:app.core.database:连接数据库: 172.16.10.196:5432/db_house
INFO:app.core.database:批量执行SQL完成
INFO:app.services.data_generator:表 crm_customer 已插入剩余 1 条记录并缓存主键值
INFO:app.services.data_generator:独立表 crm_customer 生成完成，记录数: 1
INFO:app.services.data_generator:开始为独立表 ext_market_trend 生成数据
INFO:app.core.database:批量执行SQL，查询: INSERT INTO ext_market_trend (id, period, region, category, market_size, growth_rate, data_source) VALUES ($1, $2, $3, $4, $5, $6, $7), 值数量: 1
INFO:app.core.database:连接数据库: 172.16.10.196:5432/db_house
INFO:app.core.database:批量执行SQL完成
INFO:app.services.data_generator:表 ext_market_trend 已插入剩余 1 条记录并缓存主键值
INFO:app.services.data_generator:独立表 ext_market_trend 生成完成，记录数: 1
INFO:app.services.data_generator:=== 阶段2：生成依赖表 ===
INFO:app.services.data_generator:表依赖排序结果: ['oms_order', 'fms_financial_transaction', 'lms_shipment', 'oms_order_item']
INFO:app.services.data_generator:排序后的依赖表: ['oms_order', 'fms_financial_transaction', 'lms_shipment', 'oms_order_item']
INFO:app.services.data_generator:开始为依赖表 oms_order 生成数据
INFO:app.core.database:批量执行SQL，查询: INSERT INTO oms_order (order_id, order_channel, customer_code, order_amount, discount_amount, pay_amount, order_status, province, city, district, detail_address, order_time) VALUES ($1, $2, $3, $4, $5, $6, $7, $8, $9, $10, $11, $12), 值数量: 1
INFO:app.core.database:连接数据库: 172.16.10.196:5432/db_house
INFO:app.core.database:批量执行SQL完成
INFO:app.services.data_generator:表 oms_order 已插入剩余 1 条记录并缓存主键值
INFO:app.services.data_generator:依赖表 oms_order 生成完成，记录数: 1
INFO:app.services.data_generator:开始为依赖表 fms_financial_transaction 生成数据
INFO:app.core.database:批量执行SQL，查询: INSERT INTO fms_financial_transaction (transaction_id, order_id, payment_method, transaction_type, transaction_amount, transaction_status, transaction_time) VALUES ($1, $2, $3, $4, $5, $6, $7), 值数量: 1
INFO:app.core.database:连接数据库: 172.16.10.196:5432/db_house
INFO:app.core.database:批量执行SQL完成
INFO:app.services.data_generator:表 fms_financial_transaction 已插入剩余 1 条记录并缓存主键值
INFO:app.services.data_generator:依赖表 fms_financial_transaction 生成完成，记录数: 1
INFO:app.services.data_generator:开始为依赖表 lms_shipment 生成数据
INFO:app.core.database:批量执行SQL，查询: INSERT INTO lms_shipment (shipment_id, order_id, carrier, sender_address, receiver_info, current_status, shipping_time, estimated_delivery, actual_delivery) VALUES ($1, $2, $3, $4, $5, $6, $7, $8, $9), 值数量: 1
INFO:app.core.database:连接数据库: 172.16.10.196:5432/db_house
INFO:app.core.database:批量执行SQL完成
INFO:app.services.data_generator:表 lms_shipment 已插入剩余 1 条记录并缓存主键值
INFO:app.services.data_generator:依赖表 lms_shipment 生成完成，记录数: 1
INFO:app.services.data_generator:开始为依赖表 oms_order_item 生成数据
INFO:app.core.database:批量执行SQL，查询: INSERT INTO oms_order_item (id, order_id, product_sku, product_name, quantity, price) VALUES ($1, $2, $3, $4, $5, $6), 值数量: 1
INFO:app.core.database:连接数据库: 172.16.10.196:5432/db_house
INFO:app.core.database:批量执行SQL完成
INFO:app.services.data_generator:表 oms_order_item 已插入剩余 1 条记录并缓存主键值
INFO:app.services.data_generator:依赖表 oms_order_item 生成完成，记录数: 1
INFO:app.services.data_generator:数据生成完成，总记录数: 7
INFO:app.services.data_generator:退出 generate_data_for_tables 方法
INFO:app.services.data_generator:开始 generate_data_for_tables 方法
INFO:app.services.data_generator:独立表（阶段1）: ['crawler_competitor_price', 'crm_customer', 'ext_market_trend']
INFO:app.services.data_generator:依赖表（阶段2）: ['oms_order', 'lms_shipment', 'fms_financial_transaction', 'oms_order_item']
INFO:app.services.data_generator:初始化数据库计数器
INFO:app.core.database:执行查询: SELECT MAX(id) FROM crawler_competitor_price, 参数: ()
INFO:app.core.database:连接数据库: 172.16.10.196:5432/db_house
INFO:app.core.database:查询执行成功
INFO:app.core.database:执行查询: SELECT MAX(id) FROM ext_market_trend, 参数: ()
INFO:app.core.database:连接数据库: 172.16.10.196:5432/db_house
INFO:app.core.database:查询执行成功
INFO:app.core.database:执行查询: SELECT MAX(id) FROM oms_order_item, 参数: ()
INFO:app.core.database:连接数据库: 172.16.10.196:5432/db_house
INFO:app.core.database:查询执行成功
INFO:app.services.data_generator:计数器初始化完成: {'crawler_competitor_price_id': 63, 'ext_market_trend_id': 63, 'oms_order_item_id': 63}
INFO:app.services.data_generator:开始处理日期: 2025-10-21
INFO:app.services.data_generator:当天计划生成记录数: 1
INFO:app.services.data_generator:已清空外键缓存
INFO:app.services.data_generator:=== 阶段1：生成独立表 ===
INFO:app.services.data_generator:开始为独立表 crawler_competitor_price 生成数据
INFO:app.core.database:批量执行SQL，查询: INSERT INTO crawler_competitor_price (id, crawl_time, platform, competitor_name, product_name, product_sku, price, promotion_info, is_in_stock) VALUES ($1, $2, $3, $4, $5, $6, $7, $8, $9), 值数量: 1
INFO:app.core.database:连接数据库: 172.16.10.196:5432/db_house
INFO:app.core.database:批量执行SQL完成
INFO:app.services.data_generator:表 crawler_competitor_price 已插入剩余 1 条记录并缓存主键值
INFO:app.services.data_generator:独立表 crawler_competitor_price 生成完成，记录数: 1
INFO:app.services.data_generator:开始为独立表 crm_customer 生成数据
INFO:app.core.database:批量执行SQL，查询: INSERT INTO crm_customer (customer_id, name, gender, phone, email, birthday, address, create_time, update_time, is_deleted) VALUES ($1, $2, $3, $4, $5, $6, $7, $8, $9, $10), 值数量: 1
INFO:app.core.database:连接数据库: 172.16.10.196:5432/db_house
INFO:app.core.database:批量执行SQL完成
INFO:app.services.data_generator:表 crm_customer 已插入剩余 1 条记录并缓存主键值
INFO:app.services.data_generator:独立表 crm_customer 生成完成，记录数: 1
INFO:app.services.data_generator:开始为独立表 ext_market_trend 生成数据
INFO:app.core.database:批量执行SQL，查询: INSERT INTO ext_market_trend (id, period, region, category, market_size, growth_rate, data_source) VALUES ($1, $2, $3, $4, $5, $6, $7), 值数量: 1
INFO:app.core.database:连接数据库: 172.16.10.196:5432/db_house
INFO:app.core.database:批量执行SQL完成
INFO:app.services.data_generator:表 ext_market_trend 已插入剩余 1 条记录并缓存主键值
INFO:app.services.data_generator:独立表 ext_market_trend 生成完成，记录数: 1
INFO:app.services.data_generator:=== 阶段2：生成依赖表 ===
INFO:app.services.data_generator:表依赖排序结果: ['oms_order', 'fms_financial_transaction', 'lms_shipment', 'oms_order_item']
INFO:app.services.data_generator:排序后的依赖表: ['oms_order', 'fms_financial_transaction', 'lms_shipment', 'oms_order_item']
INFO:app.services.data_generator:开始为依赖表 oms_order 生成数据
INFO:app.core.database:批量执行SQL，查询: INSERT INTO oms_order (order_id, order_channel, customer_code, order_amount, discount_amount, pay_amount, order_status, province, city, district, detail_address, order_time) VALUES ($1, $2, $3, $4, $5, $6, $7, $8, $9, $10, $11, $12), 值数量: 1
INFO:app.core.database:连接数据库: 172.16.10.196:5432/db_house
INFO:app.core.database:批量执行SQL完成
INFO:app.services.data_generator:表 oms_order 已插入剩余 1 条记录并缓存主键值
INFO:app.services.data_generator:依赖表 oms_order 生成完成，记录数: 1
INFO:app.services.data_generator:开始为依赖表 fms_financial_transaction 生成数据
INFO:app.core.database:批量执行SQL，查询: INSERT INTO fms_financial_transaction (transaction_id, order_id, payment_method, transaction_type, transaction_amount, transaction_status, transaction_time) VALUES ($1, $2, $3, $4, $5, $6, $7), 值数量: 1
INFO:app.core.database:连接数据库: 172.16.10.196:5432/db_house
INFO:app.core.database:批量执行SQL完成
INFO:app.services.data_generator:表 fms_financial_transaction 已插入剩余 1 条记录并缓存主键值
INFO:app.services.data_generator:依赖表 fms_financial_transaction 生成完成，记录数: 1
INFO:app.services.data_generator:开始为依赖表 lms_shipment 生成数据
INFO:app.core.database:批量执行SQL，查询: INSERT INTO lms_shipment (shipment_id, order_id, carrier, sender_address, receiver_info, current_status, shipping_time, estimated_delivery, actual_delivery) VALUES ($1, $2, $3, $4, $5, $6, $7, $8, $9), 值数量: 1
INFO:app.core.database:连接数据库: 172.16.10.196:5432/db_house
INFO:app.core.database:批量执行SQL完成
INFO:app.services.data_generator:表 lms_shipment 已插入剩余 1 条记录并缓存主键值
INFO:app.services.data_generator:依赖表 lms_shipment 生成完成，记录数: 1
INFO:app.services.data_generator:开始为依赖表 oms_order_item 生成数据
INFO:app.core.database:批量执行SQL，查询: INSERT INTO oms_order_item (id, order_id, product_sku, product_name, quantity, price) VALUES ($1, $2, $3, $4, $5, $6), 值数量: 1
INFO:app.core.database:连接数据库: 172.16.10.196:5432/db_house
INFO:app.core.database:批量执行SQL完成
INFO:app.services.data_generator:表 oms_order_item 已插入剩余 1 条记录并缓存主键值
INFO:app.services.data_generator:依赖表 oms_order_item 生成完成，记录数: 1
INFO:app.services.data_generator:数据生成完成，总记录数: 7
INFO:app.services.data_generator:退出 generate_data_for_tables 方法
INFO:app.services.data_generator:开始 generate_data_for_tables 方法
INFO:app.services.data_generator:独立表（阶段1）: ['crawler_competitor_price', 'crm_customer', 'ext_market_trend']
INFO:app.services.data_generator:依赖表（阶段2）: ['oms_order', 'lms_shipment', 'fms_financial_transaction', 'oms_order_item']
INFO:app.services.data_generator:初始化数据库计数器
INFO:app.core.database:执行查询: SELECT MAX(id) FROM crawler_competitor_price, 参数: ()
INFO:app.core.database:连接数据库: 172.16.10.196:5432/db_house
INFO:app.core.database:查询执行成功
INFO:app.core.database:执行查询: SELECT MAX(id) FROM ext_market_trend, 参数: ()
INFO:app.core.database:连接数据库: 172.16.10.196:5432/db_house
INFO:app.core.database:查询执行成功
INFO:app.core.database:执行查询: SELECT MAX(id) FROM oms_order_item, 参数: ()
INFO:app.core.database:连接数据库: 172.16.10.196:5432/db_house
INFO:app.core.database:查询执行成功
INFO:app.services.data_generator:计数器初始化完成: {'crawler_competitor_price_id': 64, 'ext_market_trend_id': 64, 'oms_order_item_id': 64}
INFO:app.services.data_generator:开始处理日期: 2025-10-21
INFO:app.services.data_generator:当天计划生成记录数: 1
INFO:app.services.data_generator:已清空外键缓存
INFO:app.services.data_generator:=== 阶段1：生成独立表 ===
INFO:app.services.data_generator:开始为独立表 crawler_competitor_price 生成数据
INFO:app.core.database:批量执行SQL，查询: INSERT INTO crawler_competitor_price (id, crawl_time, platform, competitor_name, product_name, product_sku, price, promotion_info, is_in_stock) VALUES ($1, $2, $3, $4, $5, $6, $7, $8, $9), 值数量: 1
INFO:app.core.database:连接数据库: 172.16.10.196:5432/db_house
INFO:app.core.database:批量执行SQL完成
INFO:app.services.data_generator:表 crawler_competitor_price 已插入剩余 1 条记录并缓存主键值
INFO:app.services.data_generator:独立表 crawler_competitor_price 生成完成，记录数: 1
INFO:app.services.data_generator:开始为独立表 crm_customer 生成数据
INFO:app.core.database:批量执行SQL，查询: INSERT INTO crm_customer (customer_id, name, gender, phone, email, birthday, address, create_time, update_time, is_deleted) VALUES ($1, $2, $3, $4, $5, $6, $7, $8, $9, $10), 值数量: 1
INFO:app.core.database:连接数据库: 172.16.10.196:5432/db_house
INFO:app.core.database:批量执行SQL完成
INFO:app.services.data_generator:表 crm_customer 已插入剩余 1 条记录并缓存主键值
INFO:app.services.data_generator:独立表 crm_customer 生成完成，记录数: 1
INFO:app.services.data_generator:开始为独立表 ext_market_trend 生成数据
INFO:app.core.database:批量执行SQL，查询: INSERT INTO ext_market_trend (id, period, region, category, market_size, growth_rate, data_source) VALUES ($1, $2, $3, $4, $5, $6, $7), 值数量: 1
INFO:app.core.database:连接数据库: 172.16.10.196:5432/db_house
INFO:app.core.database:批量执行SQL完成
INFO:app.services.data_generator:表 ext_market_trend 已插入剩余 1 条记录并缓存主键值
INFO:app.services.data_generator:独立表 ext_market_trend 生成完成，记录数: 1
INFO:app.services.data_generator:=== 阶段2：生成依赖表 ===
INFO:app.services.data_generator:表依赖排序结果: ['oms_order', 'fms_financial_transaction', 'lms_shipment', 'oms_order_item']
INFO:app.services.data_generator:排序后的依赖表: ['oms_order', 'fms_financial_transaction', 'lms_shipment', 'oms_order_item']
INFO:app.services.data_generator:开始为依赖表 oms_order 生成数据
INFO:app.core.database:批量执行SQL，查询: INSERT INTO oms_order (order_id, order_channel, customer_code, order_amount, discount_amount, pay_amount, order_status, province, city, district, detail_address, order_time) VALUES ($1, $2, $3, $4, $5, $6, $7, $8, $9, $10, $11, $12), 值数量: 1
INFO:app.core.database:连接数据库: 172.16.10.196:5432/db_house
INFO:app.core.database:批量执行SQL完成
INFO:app.services.data_generator:表 oms_order 已插入剩余 1 条记录并缓存主键值
INFO:app.services.data_generator:依赖表 oms_order 生成完成，记录数: 1
INFO:app.services.data_generator:开始为依赖表 fms_financial_transaction 生成数据
INFO:app.core.database:批量执行SQL，查询: INSERT INTO fms_financial_transaction (transaction_id, order_id, payment_method, transaction_type, transaction_amount, transaction_status, transaction_time) VALUES ($1, $2, $3, $4, $5, $6, $7), 值数量: 1
INFO:app.core.database:连接数据库: 172.16.10.196:5432/db_house
INFO:app.core.database:批量执行SQL完成
INFO:app.services.data_generator:表 fms_financial_transaction 已插入剩余 1 条记录并缓存主键值
INFO:app.services.data_generator:依赖表 fms_financial_transaction 生成完成，记录数: 1
INFO:app.services.data_generator:开始为依赖表 lms_shipment 生成数据
INFO:app.core.database:批量执行SQL，查询: INSERT INTO lms_shipment (shipment_id, order_id, carrier, sender_address, receiver_info, current_status, shipping_time, estimated_delivery, actual_delivery) VALUES ($1, $2, $3, $4, $5, $6, $7, $8, $9), 值数量: 1
INFO:app.core.database:连接数据库: 172.16.10.196:5432/db_house
INFO:app.core.database:批量执行SQL完成
INFO:app.services.data_generator:表 lms_shipment 已插入剩余 1 条记录并缓存主键值
INFO:app.services.data_generator:依赖表 lms_shipment 生成完成，记录数: 1
INFO:app.services.data_generator:开始为依赖表 oms_order_item 生成数据
INFO:app.core.database:批量执行SQL，查询: INSERT INTO oms_order_item (id, order_id, product_sku, product_name, quantity, price) VALUES ($1, $2, $3, $4, $5, $6), 值数量: 1
INFO:app.core.database:连接数据库: 172.16.10.196:5432/db_house
INFO:app.core.database:批量执行SQL完成
INFO:app.services.data_generator:表 oms_order_item 已插入剩余 1 条记录并缓存主键值
INFO:app.services.data_generator:依赖表 oms_order_item 生成完成，记录数: 1
INFO:app.services.data_generator:数据生成完成，总记录数: 7
INFO:app.services.data_generator:退出 generate_data_for_tables 方法

[2025-10-21 16:49:16.394870] ✅ 第 32 批数据生成完成
[2025-10-21 16:49:16.394875] ⏱️ 等待 1 秒后继续...
[2025-10-21 16:49:17.395069] 📦 开始生成第 33 批数据...
[2025-10-21 16:49:18.041723] 📦 生成了 7 条记录
[2025-10-21 16:49:18.041764] ✅ 第 33 批数据生成完成
[2025-10-21 16:49:18.041774] ⏱️ 等待 1 秒后继续...
[2025-10-21 16:49:19.042981] 📦 开始生成第 34 批数据...
[2025-10-21 16:49:19.623192] 📦 生成了 7 条记录
[2025-10-21 16:49:19.623218] ✅ 第 34 批数据生成完成
[2025-10-21 16:49:19.623227] ⏱️ 等待 1 秒后继续...
[2025-10-21 16:49:20.623863] 📦 开始生成第 35 批数据...
[2025-10-21 16:49:23.630369] 📦 生成了 7 条记录
[2025-10-21 16:49:23.630395] ✅ 第 35 批数据生成完成
[2025-10-21 16:49:23.630404] ⏱️ 等待 1 秒后继续...
[2025-10-21 16:49:24.631583] 📦 开始生成第 36 批数据...
[2025-10-21 16:49:24.759700] 📦 生成了 7 条记录
[2025-10-21 16:49:24.759728] ✅ 第 36 批数据生成完成
[2025-10-21 16:49:24.759737] ⏱️ 等待 1 秒后继续...
[2025-10-21 16:49:25.760875] 📦 开始生成第 37 批数据...
[2025-10-21 16:49:26.130081] 📦 生成了 7 条记录
[2025-10-21 16:49:26.130101] ✅ 第 37 批数据生成完成
[2025-10-21 16:49:26.130107] ⏱️ 等待 1 秒后继续...
[2025-10-21 16:49:27.130983] 📦 开始生成第 38 批数据...
[2025-10-21 16:49:29.241891] 📦 生成了 7 条记录
[2025-10-21 16:49:29.241917] ✅ 第 38 批数据生成完成
[2025-10-21 16:49:29.241921] ⏱️ 等待 1 秒后继续...
[2025-10-21 16:49:30.242374] 📦 开始生成第 39 批数据...
[2025-10-21 16:49:31.055846] 📦 生成了 7 条记录
[2025-10-21 16:49:31.055873] ✅ 第 39 批数据生成完成
[2025-10-21 16:49:31.055881] ⏱️ 等待 1 秒后继续...
[2025-10-21 16:49:32.057057] 📦 开始生成第 40 批数据...
[2025-10-21 16:49:32.628642] 📦 生成了 7 条记录
[2025-10-21 16:49:32.628671] ✅ 第 40 批数据生成完成
[2025-10-21 16:49:32.628680] ⏱️ 等待 1 秒后继续...
[2025-10-21 16:49:33.629864] 📦 开始生成第 41 批数据...
[2025-10-21 16:49:34.670237] 📦 生成了 7 条记录
[2025-10-21 16:49:34.670274] ✅ 第 41 批数据生成完成
[2025-10-21 16:49:34.670283] ⏱️ 等待 1 秒后继续...
[2025-10-21 16:49:35.671463] 📦 开始生成第 42 批数据...
[2025-10-21 16:49:36.855838] 📦 生成了 7 条记录
[2025-10-21 16:49:36.855861] ✅ 第 42 批数据生成完成
[2025-10-21 16:49:36.855867] ⏱️ 等待 1 秒后继续...
[2025-10-21 16:49:37.856873] 📦 开始生成第 43 批数据...
[2025-10-21 16:49:38.045079] 📦 生成了 7 条记录
[2025-10-21 16:49:38.045105] ✅ 第 43 批数据生成完成
[2025-10-21 16:49:38.045113] ⏱️ 等待 1 秒后继续...
[2025-10-21 16:49:39.046268] 📦 开始生成第 44 批数据...
[2025-10-21 16:49:41.144851] 📦 生成了 7 条记录
[2025-10-21 16:49:41.144877] ✅ 第 44 批数据生成完成
[2025-10-21 16:49:41.144886] ⏱️ 等待 1 秒后继续...
[2025-10-21 16:49:42.146057] 📦 开始生成第 45 批数据...
[2025-10-21 16:49:42.459782] 📦 生成了 7 条记录
[2025-10-21 16:49:42.459807] ✅ 第 45 批数据生成完成
[2025-10-21 16:49:42.459815] ⏱️ 等待 1 秒后继续...
[2025-10-21 16:49:43.460255] 📦 开始生成第 46 批数据...
[2025-10-21 16:49:44.440261] 📦 生成了 7 条记录
[2025-10-21 16:49:44.440278] ✅ 第 46 批数据生成完成
[2025-10-21 16:49:44.440282] ⏱️ 等待 1 秒后继续...
[2025-10-21 16:49:45.441410] 📦 开始生成第 47 批数据...
[2025-10-21 16:49:46.164453] 📦 生成了 7 条记录
[2025-10-21 16:49:46.164470] ✅ 第 47 批数据生成完成
[2025-10-21 16:49:46.164473] ⏱️ 等待 1 秒后继续...
[2025-10-21 16:49:47.165635] 📦 开始生成第 48 批数据...
[2025-10-21 16:49:47.472189] 📦 生成了 7 条记录
[2025-10-21 16:49:47.472218] ✅ 第 48 批数据生成完成
[2025-10-21 16:49:47.472227] ⏱️ 等待 1 秒后继续...
[2025-10-21 16:49:48.473421] 📦 开始生成第 49 批数据...
[2025-10-21 16:49:50.714061] 📦 生成了 7 条记录
[2025-10-21 16:49:50.714087] ✅ 第 49 批数据生成完成
[2025-10-21 16:49:50.714095] ⏱️ 等待 1 秒后继续...
[2025-10-21 16:49:51.715294] 📦 开始生成第 50 批数据...
[2025-10-21 16:49:52.388858] 📦 生成了 7 条记录
[2025-10-21 16:49:52.388886] ✅ 第 50 批数据生成完成
[2025-10-21 16:49:52.388895] ⏱️ 等待 1 秒后继续...
[2025-10-21 16:49:53.390017] 📦 开始生成第 51 批数据...
[2025-10-21 16:49:53.903622] 📦 生成了 7 条记录
[2025-10-21 16:49:53.903637] ✅ 第 51 批数据生成完成
[2025-10-21 16:49:53.903642] ⏱️ 等待 1 秒后继续...
[2025-10-21 16:49:54.904823] 📦 开始生成第 52 批数据...
[2025-10-21 16:49:55.806484] 📦 生成了 7 条记录
[2025-10-21 16:49:55.806501] ✅ 第 52 批数据生成完成
[2025-10-21 16:49:55.806504] ⏱️ 等待 1 秒后继续...
[2025-10-21 16:49:56.807680] 📦 开始生成第 53 批数据...
[2025-10-21 16:49:57.583491] 📦 生成了 7 条记录
[2025-10-21 16:49:57.583512] ✅ 第 53 批数据生成完成
[2025-10-21 16:49:57.583517] ⏱️ 等待 1 秒后继续...
[2025-10-21 16:49:58.584657] 📦 开始生成第 54 批数据...
[2025-10-21 16:49:59.382249] 📦 生成了 7 条记录
[2025-10-21 16:49:59.382277] ✅ 第 54 批数据生成完成
[2025-10-21 16:49:59.382286] ⏱️ 等待 1 秒后继续...
[2025-10-21 16:50:00.383723] 📦 开始生成第 55 批数据...
[2025-10-21 16:50:00.850659] 📦 生成了 7 条记录
[2025-10-21 16:50:00.850679] ✅ 第 55 批数据生成完成
[2025-10-21 16:50:00.850683] ⏱️ 等待 1 秒后继续...
[2025-10-21 16:50:01.851912] 📦 开始生成第 56 批数据...
[2025-10-21 16:50:02.323578] 📦 生成了 7 条记录
[2025-10-21 16:50:02.323600] ✅ 第 56 批数据生成完成
[2025-10-21 16:50:02.323604] ⏱️ 等待 1 秒后继续...
[2025-10-21 16:50:03.324748] 📦 开始生成第 57 批数据...
[2025-10-21 16:50:03.871023] 📦 生成了 7 条记录
[2025-10-21 16:50:03.871034] ✅ 第 57 批数据生成完成
[2025-10-21 16:50:03.871035] ⏱️ 等待 1 秒后继续...
[2025-10-21 16:50:04.872115] 📦 开始生成第 58 批数据...
[2025-10-21 16:50:05.255784] 📦 生成了 7 条记录
[2025-10-21 16:50:05.255794] ✅ 第 58 批数据生成完成
[2025-10-21 16:50:05.255797] ⏱️ 等待 1 秒后继续...
[2025-10-21 16:50:06.257228] 📦 开始生成第 59 批数据...
[2025-10-21 16:50:06.968922] 📦 生成了 7 条记录
[2025-10-21 16:50:06.968943] ✅ 第 59 批数据生成完成
[2025-10-21 16:50:06.968949] ⏱️ 等待 1 秒后继续...
[2025-10-21 16:50:07.970162] 📦 开始生成第 60 批数据...
[2025-10-21 16:50:08.712984] 📦 生成了 7 条记录
[2025-10-21 16:50:08.713000] ✅ 第 60 批数据生成完成
[2025-10-21 16:50:08.713003] ⏱️ 等待 1 秒后继续...
[2025-10-21 16:50:09.714133] 📦 开始生成第 61 批数据...
[2025-10-21 16:50:10.368737] 📦 生成了 7 条记录
[2025-10-21 16:50:10.368757] ✅ 第 61 批数据生成完成
[2025-10-21 16:50:10.368761] ⏱️ 等待 1 秒后继续...
[2025-10-21 16:50:11.369909] 📦 开始生成第 62 批数据...
[2025-10-21 16:50:11.799371] 📦 生成了 7 条记录
[2025-10-21 16:50:11.799395] ✅ 第 62 批数据生成完成
[2025-10-21 16:50:11.799403] ⏱️ 等待 1 秒后继续...
[2025-10-21 16:50:12.800574] 📦 开始生成第 63 批数据...
[2025-10-21 16:50:13.598156] 📦 生成了 7 条记录
[2025-10-21 16:50:13.598183] ✅ 第 63 批数据生成完成
[2025-10-21 16:50:13.598191] ⏱️ 等待 1 秒后继续...
[2025-10-21 16:50:14.599371] 📦 开始生成第 64 批数据...
[2025-10-21 16:50:15.234249] 📦 生成了 7 条记录
[2025-10-21 16:50:15.234271] ✅ 第 64 批数据生成完成
[2025-10-21 16:50:15.234275] ⏱️ 等待 1 秒后继续...
[2025-10-21 16:50:16.235529] 📦 开始生成第 65 批数据...
[2025-10-21 16:50:16.451108] 📦 生成了 7 条记录
[2025-10-21 16:50:16.451128] ✅ 第 65 批数据生成完成
[2025-10-21 16:50:16.451132] ⏱️ 等待 1 秒后继续...INFO:app.services.data_generator:开始 generate_data_for_tables 方法
INFO:app.services.data_generator:独立表（阶段1）: ['crawler_competitor_price', 'crm_customer', 'ext_market_trend']
INFO:app.services.data_generator:依赖表（阶段2）: ['oms_order', 'lms_shipment', 'fms_financial_transaction', 'oms_order_item']
INFO:app.services.data_generator:初始化数据库计数器
INFO:app.core.database:执行查询: SELECT MAX(id) FROM crawler_competitor_price, 参数: ()
INFO:app.core.database:连接数据库: 172.16.10.196:5432/db_house
INFO:app.core.database:查询执行成功
INFO:app.core.database:执行查询: SELECT MAX(id) FROM ext_market_trend, 参数: ()
INFO:app.core.database:连接数据库: 172.16.10.196:5432/db_house
INFO:app.core.database:查询执行成功
INFO:app.core.database:执行查询: SELECT MAX(id) FROM oms_order_item, 参数: ()
INFO:app.core.database:连接数据库: 172.16.10.196:5432/db_house
INFO:app.core.database:查询执行成功
INFO:app.services.data_generator:计数器初始化完成: {'crawler_competitor_price_id': 65, 'ext_market_trend_id': 65, 'oms_order_item_id': 65}
INFO:app.services.data_generator:开始处理日期: 2025-10-21
INFO:app.services.data_generator:当天计划生成记录数: 1
INFO:app.services.data_generator:已清空外键缓存
INFO:app.services.data_generator:=== 阶段1：生成独立表 ===
INFO:app.services.data_generator:开始为独立表 crawler_competitor_price 生成数据
INFO:app.core.database:批量执行SQL，查询: INSERT INTO crawler_competitor_price (id, crawl_time, platform, competitor_name, product_name, product_sku, price, promotion_info, is_in_stock) VALUES ($1, $2, $3, $4, $5, $6, $7, $8, $9), 值数量: 1
INFO:app.core.database:连接数据库: 172.16.10.196:5432/db_house
INFO:app.core.database:批量执行SQL完成
INFO:app.services.data_generator:表 crawler_competitor_price 已插入剩余 1 条记录并缓存主键值
INFO:app.services.data_generator:独立表 crawler_competitor_price 生成完成，记录数: 1
INFO:app.services.data_generator:开始为独立表 crm_customer 生成数据
INFO:app.core.database:批量执行SQL，查询: INSERT INTO crm_customer (customer_id, name, gender, phone, email, birthday, address, create_time, update_time, is_deleted) VALUES ($1, $2, $3, $4, $5, $6, $7, $8, $9, $10), 值数量: 1
INFO:app.core.database:连接数据库: 172.16.10.196:5432/db_house
INFO:app.core.database:批量执行SQL完成
INFO:app.services.data_generator:表 crm_customer 已插入剩余 1 条记录并缓存主键值
INFO:app.services.data_generator:独立表 crm_customer 生成完成，记录数: 1
INFO:app.services.data_generator:开始为独立表 ext_market_trend 生成数据
INFO:app.core.database:批量执行SQL，查询: INSERT INTO ext_market_trend (id, period, region, category, market_size, growth_rate, data_source) VALUES ($1, $2, $3, $4, $5, $6, $7), 值数量: 1
INFO:app.core.database:连接数据库: 172.16.10.196:5432/db_house
INFO:app.core.database:批量执行SQL完成
INFO:app.services.data_generator:表 ext_market_trend 已插入剩余 1 条记录并缓存主键值
INFO:app.services.data_generator:独立表 ext_market_trend 生成完成，记录数: 1
INFO:app.services.data_generator:=== 阶段2：生成依赖表 ===
INFO:app.services.data_generator:表依赖排序结果: ['oms_order', 'fms_financial_transaction', 'lms_shipment', 'oms_order_item']
INFO:app.services.data_generator:排序后的依赖表: ['oms_order', 'fms_financial_transaction', 'lms_shipment', 'oms_order_item']
INFO:app.services.data_generator:开始为依赖表 oms_order 生成数据
INFO:app.core.database:批量执行SQL，查询: INSERT INTO oms_order (order_id, order_channel, customer_code, order_amount, discount_amount, pay_amount, order_status, province, city, district, detail_address, order_time) VALUES ($1, $2, $3, $4, $5, $6, $7, $8, $9, $10, $11, $12), 值数量: 1
INFO:app.core.database:连接数据库: 172.16.10.196:5432/db_house
INFO:app.core.database:批量执行SQL完成
INFO:app.services.data_generator:表 oms_order 已插入剩余 1 条记录并缓存主键值
INFO:app.services.data_generator:依赖表 oms_order 生成完成，记录数: 1
INFO:app.services.data_generator:开始为依赖表 fms_financial_transaction 生成数据
INFO:app.core.database:批量执行SQL，查询: INSERT INTO fms_financial_transaction (transaction_id, order_id, payment_method, transaction_type, transaction_amount, transaction_status, transaction_time) VALUES ($1, $2, $3, $4, $5, $6, $7), 值数量: 1
INFO:app.core.database:连接数据库: 172.16.10.196:5432/db_house
INFO:app.core.database:批量执行SQL完成
INFO:app.services.data_generator:表 fms_financial_transaction 已插入剩余 1 条记录并缓存主键值
INFO:app.services.data_generator:依赖表 fms_financial_transaction 生成完成，记录数: 1
INFO:app.services.data_generator:开始为依赖表 lms_shipment 生成数据
INFO:app.core.database:批量执行SQL，查询: INSERT INTO lms_shipment (shipment_id, order_id, carrier, sender_address, receiver_info, current_status, shipping_time, estimated_delivery, actual_delivery) VALUES ($1, $2, $3, $4, $5, $6, $7, $8, $9), 值数量: 1
INFO:app.core.database:连接数据库: 172.16.10.196:5432/db_house
INFO:app.core.database:批量执行SQL完成
INFO:app.services.data_generator:表 lms_shipment 已插入剩余 1 条记录并缓存主键值
INFO:app.services.data_generator:依赖表 lms_shipment 生成完成，记录数: 1
INFO:app.services.data_generator:开始为依赖表 oms_order_item 生成数据
INFO:app.core.database:批量执行SQL，查询: INSERT INTO oms_order_item (id, order_id, product_sku, product_name, quantity, price) VALUES ($1, $2, $3, $4, $5, $6), 值数量: 1
INFO:app.core.database:连接数据库: 172.16.10.196:5432/db_house
INFO:app.core.database:批量执行SQL完成
INFO:app.services.data_generator:表 oms_order_item 已插入剩余 1 条记录并缓存主键值
INFO:app.services.data_generator:依赖表 oms_order_item 生成完成，记录数: 1
INFO:app.services.data_generator:数据生成完成，总记录数: 7
INFO:app.services.data_generator:退出 generate_data_for_tables 方法
INFO:app.services.data_generator:开始 generate_data_for_tables 方法
INFO:app.services.data_generator:独立表（阶段1）: ['crawler_competitor_price', 'crm_customer', 'ext_market_trend']
INFO:app.services.data_generator:依赖表（阶段2）: ['oms_order', 'lms_shipment', 'fms_financial_transaction', 'oms_order_item']
INFO:app.services.data_generator:初始化数据库计数器
INFO:app.core.database:执行查询: SELECT MAX(id) FROM crawler_competitor_price, 参数: ()
INFO:app.core.database:连接数据库: 172.16.10.196:5432/db_house
INFO:app.core.database:查询执行成功
INFO:app.core.database:执行查询: SELECT MAX(id) FROM ext_market_trend, 参数: ()
INFO:app.core.database:连接数据库: 172.16.10.196:5432/db_house
INFO:app.core.database:查询执行成功
INFO:app.core.database:执行查询: SELECT MAX(id) FROM oms_order_item, 参数: ()
INFO:app.core.database:连接数据库: 172.16.10.196:5432/db_house
INFO:app.core.database:查询执行成功
INFO:app.services.data_generator:计数器初始化完成: {'crawler_competitor_price_id': 66, 'ext_market_trend_id': 66, 'oms_order_item_id': 66}
INFO:app.services.data_generator:开始处理日期: 2025-10-21
INFO:app.services.data_generator:当天计划生成记录数: 1
INFO:app.services.data_generator:已清空外键缓存
INFO:app.services.data_generator:=== 阶段1：生成独立表 ===
INFO:app.services.data_generator:开始为独立表 crawler_competitor_price 生成数据
INFO:app.core.database:批量执行SQL，查询: INSERT INTO crawler_competitor_price (id, crawl_time, platform, competitor_name, product_name, product_sku, price, promotion_info, is_in_stock) VALUES ($1, $2, $3, $4, $5, $6, $7, $8, $9), 值数量: 1
INFO:app.core.database:连接数据库: 172.16.10.196:5432/db_house
INFO:app.core.database:批量执行SQL完成
INFO:app.services.data_generator:表 crawler_competitor_price 已插入剩余 1 条记录并缓存主键值
INFO:app.services.data_generator:独立表 crawler_competitor_price 生成完成，记录数: 1
INFO:app.services.data_generator:开始为独立表 crm_customer 生成数据
INFO:app.core.database:批量执行SQL，查询: INSERT INTO crm_customer (customer_id, name, gender, phone, email, birthday, address, create_time, update_time, is_deleted) VALUES ($1, $2, $3, $4, $5, $6, $7, $8, $9, $10), 值数量: 1
INFO:app.core.database:连接数据库: 172.16.10.196:5432/db_house
INFO:app.core.database:批量执行SQL完成
INFO:app.services.data_generator:表 crm_customer 已插入剩余 1 条记录并缓存主键值
INFO:app.services.data_generator:独立表 crm_customer 生成完成，记录数: 1
INFO:app.services.data_generator:开始为独立表 ext_market_trend 生成数据
INFO:app.core.database:批量执行SQL，查询: INSERT INTO ext_market_trend (id, period, region, category, market_size, growth_rate, data_source) VALUES ($1, $2, $3, $4, $5, $6, $7), 值数量: 1
INFO:app.core.database:连接数据库: 172.16.10.196:5432/db_house
INFO:app.core.database:批量执行SQL完成
INFO:app.services.data_generator:表 ext_market_trend 已插入剩余 1 条记录并缓存主键值
INFO:app.services.data_generator:独立表 ext_market_trend 生成完成，记录数: 1
INFO:app.services.data_generator:=== 阶段2：生成依赖表 ===
INFO:app.services.data_generator:表依赖排序结果: ['oms_order', 'fms_financial_transaction', 'lms_shipment', 'oms_order_item']
INFO:app.services.data_generator:排序后的依赖表: ['oms_order', 'fms_financial_transaction', 'lms_shipment', 'oms_order_item']
INFO:app.services.data_generator:开始为依赖表 oms_order 生成数据
INFO:app.core.database:批量执行SQL，查询: INSERT INTO oms_order (order_id, order_channel, customer_code, order_amount, discount_amount, pay_amount, order_status, province, city, district, detail_address, order_time) VALUES ($1, $2, $3, $4, $5, $6, $7, $8, $9, $10, $11, $12), 值数量: 1
INFO:app.core.database:连接数据库: 172.16.10.196:5432/db_house
INFO:app.core.database:批量执行SQL完成
INFO:app.services.data_generator:表 oms_order 已插入剩余 1 条记录并缓存主键值
INFO:app.services.data_generator:依赖表 oms_order 生成完成，记录数: 1
INFO:app.services.data_generator:开始为依赖表 fms_financial_transaction 生成数据
INFO:app.core.database:批量执行SQL，查询: INSERT INTO fms_financial_transaction (transaction_id, order_id, payment_method, transaction_type, transaction_amount, transaction_status, transaction_time) VALUES ($1, $2, $3, $4, $5, $6, $7), 值数量: 1
INFO:app.core.database:连接数据库: 172.16.10.196:5432/db_house
INFO:app.core.database:批量执行SQL完成
INFO:app.services.data_generator:表 fms_financial_transaction 已插入剩余 1 条记录并缓存主键值
INFO:app.services.data_generator:依赖表 fms_financial_transaction 生成完成，记录数: 1
INFO:app.services.data_generator:开始为依赖表 lms_shipment 生成数据
INFO:app.core.database:批量执行SQL，查询: INSERT INTO lms_shipment (shipment_id, order_id, carrier, sender_address, receiver_info, current_status, shipping_time, estimated_delivery, actual_delivery) VALUES ($1, $2, $3, $4, $5, $6, $7, $8, $9), 值数量: 1
INFO:app.core.database:连接数据库: 172.16.10.196:5432/db_house
INFO:app.core.database:批量执行SQL完成
INFO:app.services.data_generator:表 lms_shipment 已插入剩余 1 条记录并缓存主键值
INFO:app.services.data_generator:依赖表 lms_shipment 生成完成，记录数: 1
INFO:app.services.data_generator:开始为依赖表 oms_order_item 生成数据
INFO:app.core.database:批量执行SQL，查询: INSERT INTO oms_order_item (id, order_id, product_sku, product_name, quantity, price) VALUES ($1, $2, $3, $4, $5, $6), 值数量: 1
INFO:app.core.database:连接数据库: 172.16.10.196:5432/db_house
INFO:app.core.database:批量执行SQL完成
INFO:app.services.data_generator:表 oms_order_item 已插入剩余 1 条记录并缓存主键值
INFO:app.services.data_generator:依赖表 oms_order_item 生成完成，记录数: 1
INFO:app.services.data_generator:数据生成完成，总记录数: 7
INFO:app.services.data_generator:退出 generate_data_for_tables 方法
INFO:app.services.data_generator:开始 generate_data_for_tables 方法
INFO:app.services.data_generator:独立表（阶段1）: ['crawler_competitor_price', 'crm_customer', 'ext_market_trend']
INFO:app.services.data_generator:依赖表（阶段2）: ['oms_order', 'lms_shipment', 'fms_financial_transaction', 'oms_order_item']
INFO:app.services.data_generator:初始化数据库计数器
INFO:app.core.database:执行查询: SELECT MAX(id) FROM crawler_competitor_price, 参数: ()
INFO:app.core.database:连接数据库: 172.16.10.196:5432/db_house
INFO:app.core.database:查询执行成功
INFO:app.core.database:执行查询: SELECT MAX(id) FROM ext_market_trend, 参数: ()
INFO:app.core.database:连接数据库: 172.16.10.196:5432/db_house
INFO:app.core.database:查询执行成功
INFO:app.core.database:执行查询: SELECT MAX(id) FROM oms_order_item, 参数: ()
INFO:app.core.database:连接数据库: 172.16.10.196:5432/db_house
INFO:app.core.database:查询执行成功
INFO:app.services.data_generator:计数器初始化完成: {'crawler_competitor_price_id': 67, 'ext_market_trend_id': 67, 'oms_order_item_id': 67}
INFO:app.services.data_generator:开始处理日期: 2025-10-21
INFO:app.services.data_generator:当天计划生成记录数: 1
INFO:app.services.data_generator:已清空外键缓存
INFO:app.services.data_generator:=== 阶段1：生成独立表 ===
INFO:app.services.data_generator:开始为独立表 crawler_competitor_price 生成数据
INFO:app.core.database:批量执行SQL，查询: INSERT INTO crawler_competitor_price (id, crawl_time, platform, competitor_name, product_name, product_sku, price, promotion_info, is_in_stock) VALUES ($1, $2, $3, $4, $5, $6, $7, $8, $9), 值数量: 1
INFO:app.core.database:连接数据库: 172.16.10.196:5432/db_house
INFO:app.core.database:批量执行SQL完成
INFO:app.services.data_generator:表 crawler_competitor_price 已插入剩余 1 条记录并缓存主键值
INFO:app.services.data_generator:独立表 crawler_competitor_price 生成完成，记录数: 1
INFO:app.services.data_generator:开始为独立表 crm_customer 生成数据
INFO:app.core.database:批量执行SQL，查询: INSERT INTO crm_customer (customer_id, name, gender, phone, email, birthday, address, create_time, update_time, is_deleted) VALUES ($1, $2, $3, $4, $5, $6, $7, $8, $9, $10), 值数量: 1
INFO:app.core.database:连接数据库: 172.16.10.196:5432/db_house
INFO:app.core.database:批量执行SQL完成
INFO:app.services.data_generator:表 crm_customer 已插入剩余 1 条记录并缓存主键值
INFO:app.services.data_generator:独立表 crm_customer 生成完成，记录数: 1
INFO:app.services.data_generator:开始为独立表 ext_market_trend 生成数据
INFO:app.core.database:批量执行SQL，查询: INSERT INTO ext_market_trend (id, period, region, category, market_size, growth_rate, data_source) VALUES ($1, $2, $3, $4, $5, $6, $7), 值数量: 1
INFO:app.core.database:连接数据库: 172.16.10.196:5432/db_house
INFO:app.core.database:批量执行SQL完成
INFO:app.services.data_generator:表 ext_market_trend 已插入剩余 1 条记录并缓存主键值
INFO:app.services.data_generator:独立表 ext_market_trend 生成完成，记录数: 1
INFO:app.services.data_generator:=== 阶段2：生成依赖表 ===
INFO:app.services.data_generator:表依赖排序结果: ['oms_order', 'fms_financial_transaction', 'lms_shipment', 'oms_order_item']
INFO:app.services.data_generator:排序后的依赖表: ['oms_order', 'fms_financial_transaction', 'lms_shipment', 'oms_order_item']
INFO:app.services.data_generator:开始为依赖表 oms_order 生成数据
INFO:app.core.database:批量执行SQL，查询: INSERT INTO oms_order (order_id, order_channel, customer_code, order_amount, discount_amount, pay_amount, order_status, province, city, district, detail_address, order_time) VALUES ($1, $2, $3, $4, $5, $6, $7, $8, $9, $10, $11, $12), 值数量: 1
INFO:app.core.database:连接数据库: 172.16.10.196:5432/db_house
INFO:app.core.database:批量执行SQL完成
INFO:app.services.data_generator:表 oms_order 已插入剩余 1 条记录并缓存主键值
INFO:app.services.data_generator:依赖表 oms_order 生成完成，记录数: 1
INFO:app.services.data_generator:开始为依赖表 fms_financial_transaction 生成数据
INFO:app.core.database:批量执行SQL，查询: INSERT INTO fms_financial_transaction (transaction_id, order_id, payment_method, transaction_type, transaction_amount, transaction_status, transaction_time) VALUES ($1, $2, $3, $4, $5, $6, $7), 值数量: 1
INFO:app.core.database:连接数据库: 172.16.10.196:5432/db_house
INFO:app.core.database:批量执行SQL完成
INFO:app.services.data_generator:表 fms_financial_transaction 已插入剩余 1 条记录并缓存主键值
INFO:app.services.data_generator:依赖表 fms_financial_transaction 生成完成，记录数: 1
INFO:app.services.data_generator:开始为依赖表 lms_shipment 生成数据
INFO:app.core.database:批量执行SQL，查询: INSERT INTO lms_shipment (shipment_id, order_id, carrier, sender_address, receiver_info, current_status, shipping_time, estimated_delivery, actual_delivery) VALUES ($1, $2, $3, $4, $5, $6, $7, $8, $9), 值数量: 1
INFO:app.core.database:连接数据库: 172.16.10.196:5432/db_house
INFO:app.core.database:批量执行SQL完成
INFO:app.services.data_generator:表 lms_shipment 已插入剩余 1 条记录并缓存主键值
INFO:app.services.data_generator:依赖表 lms_shipment 生成完成，记录数: 1
INFO:app.services.data_generator:开始为依赖表 oms_order_item 生成数据
INFO:app.core.database:批量执行SQL，查询: INSERT INTO oms_order_item (id, order_id, product_sku, product_name, quantity, price) VALUES ($1, $2, $3, $4, $5, $6), 值数量: 1
INFO:app.core.database:连接数据库: 172.16.10.196:5432/db_house
INFO:app.core.database:批量执行SQL完成
INFO:app.services.data_generator:表 oms_order_item 已插入剩余 1 条记录并缓存主键值
INFO:app.services.data_generator:依赖表 oms_order_item 生成完成，记录数: 1
INFO:app.services.data_generator:数据生成完成，总记录数: 7
INFO:app.services.data_generator:退出 generate_data_for_tables 方法
INFO:app.services.data_generator:开始 generate_data_for_tables 方法
INFO:app.services.data_generator:独立表（阶段1）: ['crawler_competitor_price', 'crm_customer', 'ext_market_trend']
INFO:app.services.data_generator:依赖表（阶段2）: ['oms_order', 'lms_shipment', 'fms_financial_transaction', 'oms_order_item']
INFO:app.services.data_generator:初始化数据库计数器
INFO:app.core.database:执行查询: SELECT MAX(id) FROM crawler_competitor_price, 参数: ()
INFO:app.core.database:连接数据库: 172.16.10.196:5432/db_house
INFO:app.core.database:查询执行成功
INFO:app.core.database:执行查询: SELECT MAX(id) FROM ext_market_trend, 参数: ()
INFO:app.core.database:连接数据库: 172.16.10.196:5432/db_house
INFO:app.core.database:查询执行成功
INFO:app.core.database:执行查询: SELECT MAX(id) FROM oms_order_item, 参数: ()
INFO:app.core.database:连接数据库: 172.16.10.196:5432/db_house
INFO:app.core.database:查询执行成功
INFO:app.services.data_generator:计数器初始化完成: {'crawler_competitor_price_id': 68, 'ext_market_trend_id': 68, 'oms_order_item_id': 68}
INFO:app.services.data_generator:开始处理日期: 2025-10-21
INFO:app.services.data_generator:当天计划生成记录数: 1
INFO:app.services.data_generator:已清空外键缓存
INFO:app.services.data_generator:=== 阶段1：生成独立表 ===
INFO:app.services.data_generator:开始为独立表 crawler_competitor_price 生成数据
INFO:app.core.database:批量执行SQL，查询: INSERT INTO crawler_competitor_price (id, crawl_time, platform, competitor_name, product_name, product_sku, price, promotion_info, is_in_stock) VALUES ($1, $2, $3, $4, $5, $6, $7, $8, $9), 值数量: 1
INFO:app.core.database:连接数据库: 172.16.10.196:5432/db_house
INFO:app.core.database:批量执行SQL完成
INFO:app.services.data_generator:表 crawler_competitor_price 已插入剩余 1 条记录并缓存主键值
INFO:app.services.data_generator:独立表 crawler_competitor_price 生成完成，记录数: 1
INFO:app.services.data_generator:开始为独立表 crm_customer 生成数据
INFO:app.core.database:批量执行SQL，查询: INSERT INTO crm_customer (customer_id, name, gender, phone, email, birthday, address, create_time, update_time, is_deleted) VALUES ($1, $2, $3, $4, $5, $6, $7, $8, $9, $10), 值数量: 1
INFO:app.core.database:连接数据库: 172.16.10.196:5432/db_house
INFO:app.core.database:批量执行SQL完成
INFO:app.services.data_generator:表 crm_customer 已插入剩余 1 条记录并缓存主键值
INFO:app.services.data_generator:独立表 crm_customer 生成完成，记录数: 1
INFO:app.services.data_generator:开始为独立表 ext_market_trend 生成数据
INFO:app.core.database:批量执行SQL，查询: INSERT INTO ext_market_trend (id, period, region, category, market_size, growth_rate, data_source) VALUES ($1, $2, $3, $4, $5, $6, $7), 值数量: 1
INFO:app.core.database:连接数据库: 172.16.10.196:5432/db_house
INFO:app.core.database:批量执行SQL完成
INFO:app.services.data_generator:表 ext_market_trend 已插入剩余 1 条记录并缓存主键值
INFO:app.services.data_generator:独立表 ext_market_trend 生成完成，记录数: 1
INFO:app.services.data_generator:=== 阶段2：生成依赖表 ===
INFO:app.services.data_generator:表依赖排序结果: ['oms_order', 'fms_financial_transaction', 'lms_shipment', 'oms_order_item']
INFO:app.services.data_generator:排序后的依赖表: ['oms_order', 'fms_financial_transaction', 'lms_shipment', 'oms_order_item']
INFO:app.services.data_generator:开始为依赖表 oms_order 生成数据
INFO:app.core.database:批量执行SQL，查询: INSERT INTO oms_order (order_id, order_channel, customer_code, order_amount, discount_amount, pay_amount, order_status, province, city, district, detail_address, order_time) VALUES ($1, $2, $3, $4, $5, $6, $7, $8, $9, $10, $11, $12), 值数量: 1
INFO:app.core.database:连接数据库: 172.16.10.196:5432/db_house
INFO:app.core.database:批量执行SQL完成
INFO:app.services.data_generator:表 oms_order 已插入剩余 1 条记录并缓存主键值
INFO:app.services.data_generator:依赖表 oms_order 生成完成，记录数: 1
INFO:app.services.data_generator:开始为依赖表 fms_financial_transaction 生成数据
INFO:app.core.database:批量执行SQL，查询: INSERT INTO fms_financial_transaction (transaction_id, order_id, payment_method, transaction_type, transaction_amount, transaction_status, transaction_time) VALUES ($1, $2, $3, $4, $5, $6, $7), 值数量: 1
INFO:app.core.database:连接数据库: 172.16.10.196:5432/db_house
INFO:app.core.database:批量执行SQL完成
INFO:app.services.data_generator:表 fms_financial_transaction 已插入剩余 1 条记录并缓存主键值
INFO:app.services.data_generator:依赖表 fms_financial_transaction 生成完成，记录数: 1
INFO:app.services.data_generator:开始为依赖表 lms_shipment 生成数据
INFO:app.core.database:批量执行SQL，查询: INSERT INTO lms_shipment (shipment_id, order_id, carrier, sender_address, receiver_info, current_status, shipping_time, estimated_delivery, actual_delivery) VALUES ($1, $2, $3, $4, $5, $6, $7, $8, $9), 值数量: 1
INFO:app.core.database:连接数据库: 172.16.10.196:5432/db_house
INFO:app.core.database:批量执行SQL完成
INFO:app.services.data_generator:表 lms_shipment 已插入剩余 1 条记录并缓存主键值
INFO:app.services.data_generator:依赖表 lms_shipment 生成完成，记录数: 1
INFO:app.services.data_generator:开始为依赖表 oms_order_item 生成数据
INFO:app.core.database:批量执行SQL，查询: INSERT INTO oms_order_item (id, order_id, product_sku, product_name, quantity, price) VALUES ($1, $2, $3, $4, $5, $6), 值数量: 1
INFO:app.core.database:连接数据库: 172.16.10.196:5432/db_house
INFO:app.core.database:批量执行SQL完成
INFO:app.services.data_generator:表 oms_order_item 已插入剩余 1 条记录并缓存主键值
INFO:app.services.data_generator:依赖表 oms_order_item 生成完成，记录数: 1
INFO:app.services.data_generator:数据生成完成，总记录数: 7
INFO:app.services.data_generator:退出 generate_data_for_tables 方法
INFO:app.services.data_generator:开始 generate_data_for_tables 方法
INFO:app.services.data_generator:独立表（阶段1）: ['crawler_competitor_price', 'crm_customer', 'ext_market_trend']
INFO:app.services.data_generator:依赖表（阶段2）: ['oms_order', 'lms_shipment', 'fms_financial_transaction', 'oms_order_item']
INFO:app.services.data_generator:初始化数据库计数器
INFO:app.core.database:执行查询: SELECT MAX(id) FROM crawler_competitor_price, 参数: ()
INFO:app.core.database:连接数据库: 172.16.10.196:5432/db_house
INFO:app.core.database:查询执行成功
INFO:app.core.database:执行查询: SELECT MAX(id) FROM ext_market_trend, 参数: ()
INFO:app.core.database:连接数据库: 172.16.10.196:5432/db_house
INFO:app.core.database:查询执行成功
INFO:app.core.database:执行查询: SELECT MAX(id) FROM oms_order_item, 参数: ()
INFO:app.core.database:连接数据库: 172.16.10.196:5432/db_house
INFO:app.core.database:查询执行成功
INFO:app.services.data_generator:计数器初始化完成: {'crawler_competitor_price_id': 69, 'ext_market_trend_id': 69, 'oms_order_item_id': 69}
INFO:app.services.data_generator:开始处理日期: 2025-10-21
INFO:app.services.data_generator:当天计划生成记录数: 1
INFO:app.services.data_generator:已清空外键缓存
INFO:app.services.data_generator:=== 阶段1：生成独立表 ===
INFO:app.services.data_generator:开始为独立表 crawler_competitor_price 生成数据
INFO:app.core.database:批量执行SQL，查询: INSERT INTO crawler_competitor_price (id, crawl_time, platform, competitor_name, product_name, product_sku, price, promotion_info, is_in_stock) VALUES ($1, $2, $3, $4, $5, $6, $7, $8, $9), 值数量: 1
INFO:app.core.database:连接数据库: 172.16.10.196:5432/db_house
INFO:app.core.database:批量执行SQL完成
INFO:app.services.data_generator:表 crawler_competitor_price 已插入剩余 1 条记录并缓存主键值
INFO:app.services.data_generator:独立表 crawler_competitor_price 生成完成，记录数: 1
INFO:app.services.data_generator:开始为独立表 crm_customer 生成数据
INFO:app.core.database:批量执行SQL，查询: INSERT INTO crm_customer (customer_id, name, gender, phone, email, birthday, address, create_time, update_time, is_deleted) VALUES ($1, $2, $3, $4, $5, $6, $7, $8, $9, $10), 值数量: 1
INFO:app.core.database:连接数据库: 172.16.10.196:5432/db_house
INFO:app.core.database:批量执行SQL完成
INFO:app.services.data_generator:表 crm_customer 已插入剩余 1 条记录并缓存主键值
INFO:app.services.data_generator:独立表 crm_customer 生成完成，记录数: 1
INFO:app.services.data_generator:开始为独立表 ext_market_trend 生成数据
INFO:app.core.database:批量执行SQL，查询: INSERT INTO ext_market_trend (id, period, region, category, market_size, growth_rate, data_source) VALUES ($1, $2, $3, $4, $5, $6, $7), 值数量: 1
INFO:app.core.database:连接数据库: 172.16.10.196:5432/db_house
INFO:app.core.database:批量执行SQL完成
INFO:app.services.data_generator:表 ext_market_trend 已插入剩余 1 条记录并缓存主键值
INFO:app.services.data_generator:独立表 ext_market_trend 生成完成，记录数: 1
INFO:app.services.data_generator:=== 阶段2：生成依赖表 ===
INFO:app.services.data_generator:表依赖排序结果: ['oms_order', 'fms_financial_transaction', 'lms_shipment', 'oms_order_item']
INFO:app.services.data_generator:排序后的依赖表: ['oms_order', 'fms_financial_transaction', 'lms_shipment', 'oms_order_item']
INFO:app.services.data_generator:开始为依赖表 oms_order 生成数据
INFO:app.core.database:批量执行SQL，查询: INSERT INTO oms_order (order_id, order_channel, customer_code, order_amount, discount_amount, pay_amount, order_status, province, city, district, detail_address, order_time) VALUES ($1, $2, $3, $4, $5, $6, $7, $8, $9, $10, $11, $12), 值数量: 1
INFO:app.core.database:连接数据库: 172.16.10.196:5432/db_house
INFO:app.core.database:批量执行SQL完成
INFO:app.services.data_generator:表 oms_order 已插入剩余 1 条记录并缓存主键值
INFO:app.services.data_generator:依赖表 oms_order 生成完成，记录数: 1
INFO:app.services.data_generator:开始为依赖表 fms_financial_transaction 生成数据
INFO:app.core.database:批量执行SQL，查询: INSERT INTO fms_financial_transaction (transaction_id, order_id, payment_method, transaction_type, transaction_amount, transaction_status, transaction_time) VALUES ($1, $2, $3, $4, $5, $6, $7), 值数量: 1
INFO:app.core.database:连接数据库: 172.16.10.196:5432/db_house
INFO:app.core.database:批量执行SQL完成
INFO:app.services.data_generator:表 fms_financial_transaction 已插入剩余 1 条记录并缓存主键值
INFO:app.services.data_generator:依赖表 fms_financial_transaction 生成完成，记录数: 1
INFO:app.services.data_generator:开始为依赖表 lms_shipment 生成数据
INFO:app.core.database:批量执行SQL，查询: INSERT INTO lms_shipment (shipment_id, order_id, carrier, sender_address, receiver_info, current_status, shipping_time, estimated_delivery, actual_delivery) VALUES ($1, $2, $3, $4, $5, $6, $7, $8, $9), 值数量: 1
INFO:app.core.database:连接数据库: 172.16.10.196:5432/db_house
INFO:app.core.database:批量执行SQL完成
INFO:app.services.data_generator:表 lms_shipment 已插入剩余 1 条记录并缓存主键值
INFO:app.services.data_generator:依赖表 lms_shipment 生成完成，记录数: 1
INFO:app.services.data_generator:开始为依赖表 oms_order_item 生成数据
INFO:app.core.database:批量执行SQL，查询: INSERT INTO oms_order_item (id, order_id, product_sku, product_name, quantity, price) VALUES ($1, $2, $3, $4, $5, $6), 值数量: 1
INFO:app.core.database:连接数据库: 172.16.10.196:5432/db_house
INFO:app.core.database:批量执行SQL完成
INFO:app.services.data_generator:表 oms_order_item 已插入剩余 1 条记录并缓存主键值
INFO:app.services.data_generator:依赖表 oms_order_item 生成完成，记录数: 1
INFO:app.services.data_generator:数据生成完成，总记录数: 7
INFO:app.services.data_generator:退出 generate_data_for_tables 方法
INFO:app.services.data_generator:开始 generate_data_for_tables 方法
INFO:app.services.data_generator:独立表（阶段1）: ['crawler_competitor_price', 'crm_customer', 'ext_market_trend']
INFO:app.services.data_generator:依赖表（阶段2）: ['oms_order', 'lms_shipment', 'fms_financial_transaction', 'oms_order_item']
INFO:app.services.data_generator:初始化数据库计数器
INFO:app.core.database:执行查询: SELECT MAX(id) FROM crawler_competitor_price, 参数: ()
INFO:app.core.database:连接数据库: 172.16.10.196:5432/db_house
INFO:app.core.database:查询执行成功
INFO:app.core.database:执行查询: SELECT MAX(id) FROM ext_market_trend, 参数: ()
INFO:app.core.database:连接数据库: 172.16.10.196:5432/db_house
INFO:app.core.database:查询执行成功
INFO:app.core.database:执行查询: SELECT MAX(id) FROM oms_order_item, 参数: ()
INFO:app.core.database:连接数据库: 172.16.10.196:5432/db_house
INFO:app.core.database:查询执行成功
INFO:app.services.data_generator:计数器初始化完成: {'crawler_competitor_price_id': 70, 'ext_market_trend_id': 70, 'oms_order_item_id': 70}
INFO:app.services.data_generator:开始处理日期: 2025-10-21
INFO:app.services.data_generator:当天计划生成记录数: 1
INFO:app.services.data_generator:已清空外键缓存
INFO:app.services.data_generator:=== 阶段1：生成独立表 ===
INFO:app.services.data_generator:开始为独立表 crawler_competitor_price 生成数据
INFO:app.core.database:批量执行SQL，查询: INSERT INTO crawler_competitor_price (id, crawl_time, platform, competitor_name, product_name, product_sku, price, promotion_info, is_in_stock) VALUES ($1, $2, $3, $4, $5, $6, $7, $8, $9), 值数量: 1
INFO:app.core.database:连接数据库: 172.16.10.196:5432/db_house
INFO:app.core.database:批量执行SQL完成
INFO:app.services.data_generator:表 crawler_competitor_price 已插入剩余 1 条记录并缓存主键值
INFO:app.services.data_generator:独立表 crawler_competitor_price 生成完成，记录数: 1
INFO:app.services.data_generator:开始为独立表 crm_customer 生成数据
INFO:app.core.database:批量执行SQL，查询: INSERT INTO crm_customer (customer_id, name, gender, phone, email, birthday, address, create_time, update_time, is_deleted) VALUES ($1, $2, $3, $4, $5, $6, $7, $8, $9, $10), 值数量: 1
INFO:app.core.database:连接数据库: 172.16.10.196:5432/db_house
INFO:app.core.database:批量执行SQL完成
INFO:app.services.data_generator:表 crm_customer 已插入剩余 1 条记录并缓存主键值
INFO:app.services.data_generator:独立表 crm_customer 生成完成，记录数: 1
INFO:app.services.data_generator:开始为独立表 ext_market_trend 生成数据
INFO:app.core.database:批量执行SQL，查询: INSERT INTO ext_market_trend (id, period, region, category, market_size, growth_rate, data_source) VALUES ($1, $2, $3, $4, $5, $6, $7), 值数量: 1
INFO:app.core.database:连接数据库: 172.16.10.196:5432/db_house
INFO:app.core.database:批量执行SQL完成
INFO:app.services.data_generator:表 ext_market_trend 已插入剩余 1 条记录并缓存主键值
INFO:app.services.data_generator:独立表 ext_market_trend 生成完成，记录数: 1
INFO:app.services.data_generator:=== 阶段2：生成依赖表 ===
INFO:app.services.data_generator:表依赖排序结果: ['oms_order', 'fms_financial_transaction', 'lms_shipment', 'oms_order_item']
INFO:app.services.data_generator:排序后的依赖表: ['oms_order', 'fms_financial_transaction', 'lms_shipment', 'oms_order_item']
INFO:app.services.data_generator:开始为依赖表 oms_order 生成数据
INFO:app.core.database:批量执行SQL，查询: INSERT INTO oms_order (order_id, order_channel, customer_code, order_amount, discount_amount, pay_amount, order_status, province, city, district, detail_address, order_time) VALUES ($1, $2, $3, $4, $5, $6, $7, $8, $9, $10, $11, $12), 值数量: 1
INFO:app.core.database:连接数据库: 172.16.10.196:5432/db_house
INFO:app.core.database:批量执行SQL完成
INFO:app.services.data_generator:表 oms_order 已插入剩余 1 条记录并缓存主键值
INFO:app.services.data_generator:依赖表 oms_order 生成完成，记录数: 1
INFO:app.services.data_generator:开始为依赖表 fms_financial_transaction 生成数据
INFO:app.core.database:批量执行SQL，查询: INSERT INTO fms_financial_transaction (transaction_id, order_id, payment_method, transaction_type, transaction_amount, transaction_status, transaction_time) VALUES ($1, $2, $3, $4, $5, $6, $7), 值数量: 1
INFO:app.core.database:连接数据库: 172.16.10.196:5432/db_house
INFO:app.core.database:批量执行SQL完成
INFO:app.services.data_generator:表 fms_financial_transaction 已插入剩余 1 条记录并缓存主键值
INFO:app.services.data_generator:依赖表 fms_financial_transaction 生成完成，记录数: 1
INFO:app.services.data_generator:开始为依赖表 lms_shipment 生成数据
INFO:app.core.database:批量执行SQL，查询: INSERT INTO lms_shipment (shipment_id, order_id, carrier, sender_address, receiver_info, current_status, shipping_time, estimated_delivery, actual_delivery) VALUES ($1, $2, $3, $4, $5, $6, $7, $8, $9), 值数量: 1
INFO:app.core.database:连接数据库: 172.16.10.196:5432/db_house
INFO:app.core.database:批量执行SQL完成
INFO:app.services.data_generator:表 lms_shipment 已插入剩余 1 条记录并缓存主键值
INFO:app.services.data_generator:依赖表 lms_shipment 生成完成，记录数: 1
INFO:app.services.data_generator:开始为依赖表 oms_order_item 生成数据
INFO:app.core.database:批量执行SQL，查询: INSERT INTO oms_order_item (id, order_id, product_sku, product_name, quantity, price) VALUES ($1, $2, $3, $4, $5, $6), 值数量: 1
INFO:app.core.database:连接数据库: 172.16.10.196:5432/db_house
INFO:app.core.database:批量执行SQL完成
INFO:app.services.data_generator:表 oms_order_item 已插入剩余 1 条记录并缓存主键值
INFO:app.services.data_generator:依赖表 oms_order_item 生成完成，记录数: 1
INFO:app.services.data_generator:数据生成完成，总记录数: 7
INFO:app.services.data_generator:退出 generate_data_for_tables 方法
INFO:app.services.data_generator:开始 generate_data_for_tables 方法
INFO:app.services.data_generator:独立表（阶段1）: ['crawler_competitor_price', 'crm_customer', 'ext_market_trend']
INFO:app.services.data_generator:依赖表（阶段2）: ['oms_order', 'lms_shipment', 'fms_financial_transaction', 'oms_order_item']
INFO:app.services.data_generator:初始化数据库计数器
INFO:app.core.database:执行查询: SELECT MAX(id) FROM crawler_competitor_price, 参数: ()
INFO:app.core.database:连接数据库: 172.16.10.196:5432/db_house
INFO:app.core.database:查询执行成功
INFO:app.core.database:执行查询: SELECT MAX(id) FROM ext_market_trend, 参数: ()
INFO:app.core.database:连接数据库: 172.16.10.196:5432/db_house
INFO:app.core.database:查询执行成功
INFO:app.core.database:执行查询: SELECT MAX(id) FROM oms_order_item, 参数: ()
INFO:app.core.database:连接数据库: 172.16.10.196:5432/db_house
INFO:app.core.database:查询执行成功
INFO:app.services.data_generator:计数器初始化完成: {'crawler_competitor_price_id': 71, 'ext_market_trend_id': 71, 'oms_order_item_id': 71}
INFO:app.services.data_generator:开始处理日期: 2025-10-21
INFO:app.services.data_generator:当天计划生成记录数: 1
INFO:app.services.data_generator:已清空外键缓存
INFO:app.services.data_generator:=== 阶段1：生成独立表 ===
INFO:app.services.data_generator:开始为独立表 crawler_competitor_price 生成数据
INFO:app.core.database:批量执行SQL，查询: INSERT INTO crawler_competitor_price (id, crawl_time, platform, competitor_name, product_name, product_sku, price, promotion_info, is_in_stock) VALUES ($1, $2, $3, $4, $5, $6, $7, $8, $9), 值数量: 1
INFO:app.core.database:连接数据库: 172.16.10.196:5432/db_house
INFO:app.core.database:批量执行SQL完成
INFO:app.services.data_generator:表 crawler_competitor_price 已插入剩余 1 条记录并缓存主键值
INFO:app.services.data_generator:独立表 crawler_competitor_price 生成完成，记录数: 1
INFO:app.services.data_generator:开始为独立表 crm_customer 生成数据
INFO:app.core.database:批量执行SQL，查询: INSERT INTO crm_customer (customer_id, name, gender, phone, email, birthday, address, create_time, update_time, is_deleted) VALUES ($1, $2, $3, $4, $5, $6, $7, $8, $9, $10), 值数量: 1
INFO:app.core.database:连接数据库: 172.16.10.196:5432/db_house
INFO:app.core.database:批量执行SQL完成
INFO:app.services.data_generator:表 crm_customer 已插入剩余 1 条记录并缓存主键值
INFO:app.services.data_generator:独立表 crm_customer 生成完成，记录数: 1
INFO:app.services.data_generator:开始为独立表 ext_market_trend 生成数据
INFO:app.core.database:批量执行SQL，查询: INSERT INTO ext_market_trend (id, period, region, category, market_size, growth_rate, data_source) VALUES ($1, $2, $3, $4, $5, $6, $7), 值数量: 1
INFO:app.core.database:连接数据库: 172.16.10.196:5432/db_house
INFO:app.core.database:批量执行SQL完成
INFO:app.services.data_generator:表 ext_market_trend 已插入剩余 1 条记录并缓存主键值
INFO:app.services.data_generator:独立表 ext_market_trend 生成完成，记录数: 1
INFO:app.services.data_generator:=== 阶段2：生成依赖表 ===
INFO:app.services.data_generator:表依赖排序结果: ['oms_order', 'fms_financial_transaction', 'lms_shipment', 'oms_order_item']
INFO:app.services.data_generator:排序后的依赖表: ['oms_order', 'fms_financial_transaction', 'lms_shipment', 'oms_order_item']
INFO:app.services.data_generator:开始为依赖表 oms_order 生成数据
INFO:app.core.database:批量执行SQL，查询: INSERT INTO oms_order (order_id, order_channel, customer_code, order_amount, discount_amount, pay_amount, order_status, province, city, district, detail_address, order_time) VALUES ($1, $2, $3, $4, $5, $6, $7, $8, $9, $10, $11, $12), 值数量: 1
INFO:app.core.database:连接数据库: 172.16.10.196:5432/db_house
INFO:app.core.database:批量执行SQL完成
INFO:app.services.data_generator:表 oms_order 已插入剩余 1 条记录并缓存主键值
INFO:app.services.data_generator:依赖表 oms_order 生成完成，记录数: 1
INFO:app.services.data_generator:开始为依赖表 fms_financial_transaction 生成数据
INFO:app.core.database:批量执行SQL，查询: INSERT INTO fms_financial_transaction (transaction_id, order_id, payment_method, transaction_type, transaction_amount, transaction_status, transaction_time) VALUES ($1, $2, $3, $4, $5, $6, $7), 值数量: 1
INFO:app.core.database:连接数据库: 172.16.10.196:5432/db_house
INFO:app.core.database:批量执行SQL完成
INFO:app.services.data_generator:表 fms_financial_transaction 已插入剩余 1 条记录并缓存主键值
INFO:app.services.data_generator:依赖表 fms_financial_transaction 生成完成，记录数: 1
INFO:app.services.data_generator:开始为依赖表 lms_shipment 生成数据
INFO:app.core.database:批量执行SQL，查询: INSERT INTO lms_shipment (shipment_id, order_id, carrier, sender_address, receiver_info, current_status, shipping_time, estimated_delivery, actual_delivery) VALUES ($1, $2, $3, $4, $5, $6, $7, $8, $9), 值数量: 1
INFO:app.core.database:连接数据库: 172.16.10.196:5432/db_house
INFO:app.core.database:批量执行SQL完成
INFO:app.services.data_generator:表 lms_shipment 已插入剩余 1 条记录并缓存主键值
INFO:app.services.data_generator:依赖表 lms_shipment 生成完成，记录数: 1
INFO:app.services.data_generator:开始为依赖表 oms_order_item 生成数据
INFO:app.core.database:批量执行SQL，查询: INSERT INTO oms_order_item (id, order_id, product_sku, product_name, quantity, price) VALUES ($1, $2, $3, $4, $5, $6), 值数量: 1
INFO:app.core.database:连接数据库: 172.16.10.196:5432/db_house
INFO:app.core.database:批量执行SQL完成
INFO:app.services.data_generator:表 oms_order_item 已插入剩余 1 条记录并缓存主键值
INFO:app.services.data_generator:依赖表 oms_order_item 生成完成，记录数: 1
INFO:app.services.data_generator:数据生成完成，总记录数: 7
INFO:app.services.data_generator:退出 generate_data_for_tables 方法
INFO:app.services.data_generator:开始 generate_data_for_tables 方法
INFO:app.services.data_generator:独立表（阶段1）: ['crawler_competitor_price', 'crm_customer', 'ext_market_trend']
INFO:app.services.data_generator:依赖表（阶段2）: ['oms_order', 'lms_shipment', 'fms_financial_transaction', 'oms_order_item']
INFO:app.services.data_generator:初始化数据库计数器
INFO:app.core.database:执行查询: SELECT MAX(id) FROM crawler_competitor_price, 参数: ()
INFO:app.core.database:连接数据库: 172.16.10.196:5432/db_house
INFO:app.core.database:查询执行成功
INFO:app.core.database:执行查询: SELECT MAX(id) FROM ext_market_trend, 参数: ()
INFO:app.core.database:连接数据库: 172.16.10.196:5432/db_house
INFO:app.core.database:查询执行成功
INFO:app.core.database:执行查询: SELECT MAX(id) FROM oms_order_item, 参数: ()
INFO:app.core.database:连接数据库: 172.16.10.196:5432/db_house
INFO:app.core.database:查询执行成功
INFO:app.services.data_generator:计数器初始化完成: {'crawler_competitor_price_id': 72, 'ext_market_trend_id': 72, 'oms_order_item_id': 72}
INFO:app.services.data_generator:开始处理日期: 2025-10-21
INFO:app.services.data_generator:当天计划生成记录数: 1
INFO:app.services.data_generator:已清空外键缓存
INFO:app.services.data_generator:=== 阶段1：生成独立表 ===
INFO:app.services.data_generator:开始为独立表 crawler_competitor_price 生成数据
INFO:app.core.database:批量执行SQL，查询: INSERT INTO crawler_competitor_price (id, crawl_time, platform, competitor_name, product_name, product_sku, price, promotion_info, is_in_stock) VALUES ($1, $2, $3, $4, $5, $6, $7, $8, $9), 值数量: 1
INFO:app.core.database:连接数据库: 172.16.10.196:5432/db_house
INFO:app.core.database:批量执行SQL完成
INFO:app.services.data_generator:表 crawler_competitor_price 已插入剩余 1 条记录并缓存主键值
INFO:app.services.data_generator:独立表 crawler_competitor_price 生成完成，记录数: 1
INFO:app.services.data_generator:开始为独立表 crm_customer 生成数据
INFO:app.core.database:批量执行SQL，查询: INSERT INTO crm_customer (customer_id, name, gender, phone, email, birthday, address, create_time, update_time, is_deleted) VALUES ($1, $2, $3, $4, $5, $6, $7, $8, $9, $10), 值数量: 1
INFO:app.core.database:连接数据库: 172.16.10.196:5432/db_house
INFO:app.core.database:批量执行SQL完成
INFO:app.services.data_generator:表 crm_customer 已插入剩余 1 条记录并缓存主键值
INFO:app.services.data_generator:独立表 crm_customer 生成完成，记录数: 1
INFO:app.services.data_generator:开始为独立表 ext_market_trend 生成数据
INFO:app.core.database:批量执行SQL，查询: INSERT INTO ext_market_trend (id, period, region, category, market_size, growth_rate, data_source) VALUES ($1, $2, $3, $4, $5, $6, $7), 值数量: 1
INFO:app.core.database:连接数据库: 172.16.10.196:5432/db_house
INFO:app.core.database:批量执行SQL完成
INFO:app.services.data_generator:表 ext_market_trend 已插入剩余 1 条记录并缓存主键值
INFO:app.services.data_generator:独立表 ext_market_trend 生成完成，记录数: 1
INFO:app.services.data_generator:=== 阶段2：生成依赖表 ===
INFO:app.services.data_generator:表依赖排序结果: ['oms_order', 'fms_financial_transaction', 'lms_shipment', 'oms_order_item']
INFO:app.services.data_generator:排序后的依赖表: ['oms_order', 'fms_financial_transaction', 'lms_shipment', 'oms_order_item']
INFO:app.services.data_generator:开始为依赖表 oms_order 生成数据
INFO:app.core.database:批量执行SQL，查询: INSERT INTO oms_order (order_id, order_channel, customer_code, order_amount, discount_amount, pay_amount, order_status, province, city, district, detail_address, order_time) VALUES ($1, $2, $3, $4, $5, $6, $7, $8, $9, $10, $11, $12), 值数量: 1
INFO:app.core.database:连接数据库: 172.16.10.196:5432/db_house
INFO:app.core.database:批量执行SQL完成
INFO:app.services.data_generator:表 oms_order 已插入剩余 1 条记录并缓存主键值
INFO:app.services.data_generator:依赖表 oms_order 生成完成，记录数: 1
INFO:app.services.data_generator:开始为依赖表 fms_financial_transaction 生成数据
INFO:app.core.database:批量执行SQL，查询: INSERT INTO fms_financial_transaction (transaction_id, order_id, payment_method, transaction_type, transaction_amount, transaction_status, transaction_time) VALUES ($1, $2, $3, $4, $5, $6, $7), 值数量: 1
INFO:app.core.database:连接数据库: 172.16.10.196:5432/db_house
INFO:app.core.database:批量执行SQL完成
INFO:app.services.data_generator:表 fms_financial_transaction 已插入剩余 1 条记录并缓存主键值
INFO:app.services.data_generator:依赖表 fms_financial_transaction 生成完成，记录数: 1
INFO:app.services.data_generator:开始为依赖表 lms_shipment 生成数据
INFO:app.core.database:批量执行SQL，查询: INSERT INTO lms_shipment (shipment_id, order_id, carrier, sender_address, receiver_info, current_status, shipping_time, estimated_delivery, actual_delivery) VALUES ($1, $2, $3, $4, $5, $6, $7, $8, $9), 值数量: 1
INFO:app.core.database:连接数据库: 172.16.10.196:5432/db_house
INFO:app.core.database:批量执行SQL完成
INFO:app.services.data_generator:表 lms_shipment 已插入剩余 1 条记录并缓存主键值
INFO:app.services.data_generator:依赖表 lms_shipment 生成完成，记录数: 1
INFO:app.services.data_generator:开始为依赖表 oms_order_item 生成数据
INFO:app.core.database:批量执行SQL，查询: INSERT INTO oms_order_item (id, order_id, product_sku, product_name, quantity, price) VALUES ($1, $2, $3, $4, $5, $6), 值数量: 1
INFO:app.core.database:连接数据库: 172.16.10.196:5432/db_house
INFO:app.core.database:批量执行SQL完成
INFO:app.services.data_generator:表 oms_order_item 已插入剩余 1 条记录并缓存主键值
INFO:app.services.data_generator:依赖表 oms_order_item 生成完成，记录数: 1
INFO:app.services.data_generator:数据生成完成，总记录数: 7
INFO:app.services.data_generator:退出 generate_data_for_tables 方法
INFO:app.services.data_generator:开始 generate_data_for_tables 方法
INFO:app.services.data_generator:独立表（阶段1）: ['crawler_competitor_price', 'crm_customer', 'ext_market_trend']
INFO:app.services.data_generator:依赖表（阶段2）: ['oms_order', 'lms_shipment', 'fms_financial_transaction', 'oms_order_item']
INFO:app.services.data_generator:初始化数据库计数器
INFO:app.core.database:执行查询: SELECT MAX(id) FROM crawler_competitor_price, 参数: ()
INFO:app.core.database:连接数据库: 172.16.10.196:5432/db_house
INFO:app.core.database:查询执行成功
INFO:app.core.database:执行查询: SELECT MAX(id) FROM ext_market_trend, 参数: ()
INFO:app.core.database:连接数据库: 172.16.10.196:5432/db_house
INFO:app.core.database:查询执行成功
INFO:app.core.database:执行查询: SELECT MAX(id) FROM oms_order_item, 参数: ()
INFO:app.core.database:连接数据库: 172.16.10.196:5432/db_house
INFO:app.core.database:查询执行成功
INFO:app.services.data_generator:计数器初始化完成: {'crawler_competitor_price_id': 73, 'ext_market_trend_id': 73, 'oms_order_item_id': 73}
INFO:app.services.data_generator:开始处理日期: 2025-10-21
INFO:app.services.data_generator:当天计划生成记录数: 1
INFO:app.services.data_generator:已清空外键缓存
INFO:app.services.data_generator:=== 阶段1：生成独立表 ===
INFO:app.services.data_generator:开始为独立表 crawler_competitor_price 生成数据
INFO:app.core.database:批量执行SQL，查询: INSERT INTO crawler_competitor_price (id, crawl_time, platform, competitor_name, product_name, product_sku, price, promotion_info, is_in_stock) VALUES ($1, $2, $3, $4, $5, $6, $7, $8, $9), 值数量: 1
INFO:app.core.database:连接数据库: 172.16.10.196:5432/db_house
INFO:app.core.database:批量执行SQL完成
INFO:app.services.data_generator:表 crawler_competitor_price 已插入剩余 1 条记录并缓存主键值
INFO:app.services.data_generator:独立表 crawler_competitor_price 生成完成，记录数: 1
INFO:app.services.data_generator:开始为独立表 crm_customer 生成数据
INFO:app.core.database:批量执行SQL，查询: INSERT INTO crm_customer (customer_id, name, gender, phone, email, birthday, address, create_time, update_time, is_deleted) VALUES ($1, $2, $3, $4, $5, $6, $7, $8, $9, $10), 值数量: 1
INFO:app.core.database:连接数据库: 172.16.10.196:5432/db_house
INFO:app.core.database:批量执行SQL完成
INFO:app.services.data_generator:表 crm_customer 已插入剩余 1 条记录并缓存主键值
INFO:app.services.data_generator:独立表 crm_customer 生成完成，记录数: 1
INFO:app.services.data_generator:开始为独立表 ext_market_trend 生成数据
INFO:app.core.database:批量执行SQL，查询: INSERT INTO ext_market_trend (id, period, region, category, market_size, growth_rate, data_source) VALUES ($1, $2, $3, $4, $5, $6, $7), 值数量: 1
INFO:app.core.database:连接数据库: 172.16.10.196:5432/db_house
INFO:app.core.database:批量执行SQL完成
INFO:app.services.data_generator:表 ext_market_trend 已插入剩余 1 条记录并缓存主键值
INFO:app.services.data_generator:独立表 ext_market_trend 生成完成，记录数: 1
INFO:app.services.data_generator:=== 阶段2：生成依赖表 ===
INFO:app.services.data_generator:表依赖排序结果: ['oms_order', 'fms_financial_transaction', 'lms_shipment', 'oms_order_item']
INFO:app.services.data_generator:排序后的依赖表: ['oms_order', 'fms_financial_transaction', 'lms_shipment', 'oms_order_item']
INFO:app.services.data_generator:开始为依赖表 oms_order 生成数据
INFO:app.core.database:批量执行SQL，查询: INSERT INTO oms_order (order_id, order_channel, customer_code, order_amount, discount_amount, pay_amount, order_status, province, city, district, detail_address, order_time) VALUES ($1, $2, $3, $4, $5, $6, $7, $8, $9, $10, $11, $12), 值数量: 1
INFO:app.core.database:连接数据库: 172.16.10.196:5432/db_house
INFO:app.core.database:批量执行SQL完成
INFO:app.services.data_generator:表 oms_order 已插入剩余 1 条记录并缓存主键值
INFO:app.services.data_generator:依赖表 oms_order 生成完成，记录数: 1
INFO:app.services.data_generator:开始为依赖表 fms_financial_transaction 生成数据
INFO:app.core.database:批量执行SQL，查询: INSERT INTO fms_financial_transaction (transaction_id, order_id, payment_method, transaction_type, transaction_amount, transaction_status, transaction_time) VALUES ($1, $2, $3, $4, $5, $6, $7), 值数量: 1
INFO:app.core.database:连接数据库: 172.16.10.196:5432/db_house
INFO:app.core.database:批量执行SQL完成
INFO:app.services.data_generator:表 fms_financial_transaction 已插入剩余 1 条记录并缓存主键值
INFO:app.services.data_generator:依赖表 fms_financial_transaction 生成完成，记录数: 1
INFO:app.services.data_generator:开始为依赖表 lms_shipment 生成数据
INFO:app.core.database:批量执行SQL，查询: INSERT INTO lms_shipment (shipment_id, order_id, carrier, sender_address, receiver_info, current_status, shipping_time, estimated_delivery, actual_delivery) VALUES ($1, $2, $3, $4, $5, $6, $7, $8, $9), 值数量: 1
INFO:app.core.database:连接数据库: 172.16.10.196:5432/db_house
INFO:app.core.database:批量执行SQL完成
INFO:app.services.data_generator:表 lms_shipment 已插入剩余 1 条记录并缓存主键值
INFO:app.services.data_generator:依赖表 lms_shipment 生成完成，记录数: 1
INFO:app.services.data_generator:开始为依赖表 oms_order_item 生成数据
INFO:app.core.database:批量执行SQL，查询: INSERT INTO oms_order_item (id, order_id, product_sku, product_name, quantity, price) VALUES ($1, $2, $3, $4, $5, $6), 值数量: 1
INFO:app.core.database:连接数据库: 172.16.10.196:5432/db_house
INFO:app.core.database:批量执行SQL完成
INFO:app.services.data_generator:表 oms_order_item 已插入剩余 1 条记录并缓存主键值
INFO:app.services.data_generator:依赖表 oms_order_item 生成完成，记录数: 1
INFO:app.services.data_generator:数据生成完成，总记录数: 7
INFO:app.services.data_generator:退出 generate_data_for_tables 方法
INFO:app.services.data_generator:开始 generate_data_for_tables 方法
INFO:app.services.data_generator:独立表（阶段1）: ['crawler_competitor_price', 'crm_customer', 'ext_market_trend']
INFO:app.services.data_generator:依赖表（阶段2）: ['oms_order', 'lms_shipment', 'fms_financial_transaction', 'oms_order_item']
INFO:app.services.data_generator:初始化数据库计数器
INFO:app.core.database:执行查询: SELECT MAX(id) FROM crawler_competitor_price, 参数: ()
INFO:app.core.database:连接数据库: 172.16.10.196:5432/db_house
INFO:app.core.database:查询执行成功
INFO:app.core.database:执行查询: SELECT MAX(id) FROM ext_market_trend, 参数: ()
INFO:app.core.database:连接数据库: 172.16.10.196:5432/db_house
INFO:app.core.database:查询执行成功
INFO:app.core.database:执行查询: SELECT MAX(id) FROM oms_order_item, 参数: ()
INFO:app.core.database:连接数据库: 172.16.10.196:5432/db_house
INFO:app.core.database:查询执行成功
INFO:app.services.data_generator:计数器初始化完成: {'crawler_competitor_price_id': 74, 'ext_market_trend_id': 74, 'oms_order_item_id': 74}
INFO:app.services.data_generator:开始处理日期: 2025-10-21
INFO:app.services.data_generator:当天计划生成记录数: 1
INFO:app.services.data_generator:已清空外键缓存
INFO:app.services.data_generator:=== 阶段1：生成独立表 ===
INFO:app.services.data_generator:开始为独立表 crawler_competitor_price 生成数据
INFO:app.core.database:批量执行SQL，查询: INSERT INTO crawler_competitor_price (id, crawl_time, platform, competitor_name, product_name, product_sku, price, promotion_info, is_in_stock) VALUES ($1, $2, $3, $4, $5, $6, $7, $8, $9), 值数量: 1
INFO:app.core.database:连接数据库: 172.16.10.196:5432/db_house
INFO:app.core.database:批量执行SQL完成
INFO:app.services.data_generator:表 crawler_competitor_price 已插入剩余 1 条记录并缓存主键值
INFO:app.services.data_generator:独立表 crawler_competitor_price 生成完成，记录数: 1
INFO:app.services.data_generator:开始为独立表 crm_customer 生成数据
INFO:app.core.database:批量执行SQL，查询: INSERT INTO crm_customer (customer_id, name, gender, phone, email, birthday, address, create_time, update_time, is_deleted) VALUES ($1, $2, $3, $4, $5, $6, $7, $8, $9, $10), 值数量: 1
INFO:app.core.database:连接数据库: 172.16.10.196:5432/db_house
INFO:app.core.database:批量执行SQL完成
INFO:app.services.data_generator:表 crm_customer 已插入剩余 1 条记录并缓存主键值
INFO:app.services.data_generator:独立表 crm_customer 生成完成，记录数: 1
INFO:app.services.data_generator:开始为独立表 ext_market_trend 生成数据
INFO:app.core.database:批量执行SQL，查询: INSERT INTO ext_market_trend (id, period, region, category, market_size, growth_rate, data_source) VALUES ($1, $2, $3, $4, $5, $6, $7), 值数量: 1
INFO:app.core.database:连接数据库: 172.16.10.196:5432/db_house
INFO:app.core.database:批量执行SQL完成
INFO:app.services.data_generator:表 ext_market_trend 已插入剩余 1 条记录并缓存主键值
INFO:app.services.data_generator:独立表 ext_market_trend 生成完成，记录数: 1
INFO:app.services.data_generator:=== 阶段2：生成依赖表 ===
INFO:app.services.data_generator:表依赖排序结果: ['oms_order', 'fms_financial_transaction', 'lms_shipment', 'oms_order_item']
INFO:app.services.data_generator:排序后的依赖表: ['oms_order', 'fms_financial_transaction', 'lms_shipment', 'oms_order_item']
INFO:app.services.data_generator:开始为依赖表 oms_order 生成数据
INFO:app.core.database:批量执行SQL，查询: INSERT INTO oms_order (order_id, order_channel, customer_code, order_amount, discount_amount, pay_amount, order_status, province, city, district, detail_address, order_time) VALUES ($1, $2, $3, $4, $5, $6, $7, $8, $9, $10, $11, $12), 值数量: 1
INFO:app.core.database:连接数据库: 172.16.10.196:5432/db_house
INFO:app.core.database:批量执行SQL完成
INFO:app.services.data_generator:表 oms_order 已插入剩余 1 条记录并缓存主键值
INFO:app.services.data_generator:依赖表 oms_order 生成完成，记录数: 1
INFO:app.services.data_generator:开始为依赖表 fms_financial_transaction 生成数据
INFO:app.core.database:批量执行SQL，查询: INSERT INTO fms_financial_transaction (transaction_id, order_id, payment_method, transaction_type, transaction_amount, transaction_status, transaction_time) VALUES ($1, $2, $3, $4, $5, $6, $7), 值数量: 1
INFO:app.core.database:连接数据库: 172.16.10.196:5432/db_house
INFO:app.core.database:批量执行SQL完成
INFO:app.services.data_generator:表 fms_financial_transaction 已插入剩余 1 条记录并缓存主键值
INFO:app.services.data_generator:依赖表 fms_financial_transaction 生成完成，记录数: 1
INFO:app.services.data_generator:开始为依赖表 lms_shipment 生成数据
INFO:app.core.database:批量执行SQL，查询: INSERT INTO lms_shipment (shipment_id, order_id, carrier, sender_address, receiver_info, current_status, shipping_time, estimated_delivery, actual_delivery) VALUES ($1, $2, $3, $4, $5, $6, $7, $8, $9), 值数量: 1
INFO:app.core.database:连接数据库: 172.16.10.196:5432/db_house
INFO:app.core.database:批量执行SQL完成
INFO:app.services.data_generator:表 lms_shipment 已插入剩余 1 条记录并缓存主键值
INFO:app.services.data_generator:依赖表 lms_shipment 生成完成，记录数: 1
INFO:app.services.data_generator:开始为依赖表 oms_order_item 生成数据
INFO:app.core.database:批量执行SQL，查询: INSERT INTO oms_order_item (id, order_id, product_sku, product_name, quantity, price) VALUES ($1, $2, $3, $4, $5, $6), 值数量: 1
INFO:app.core.database:连接数据库: 172.16.10.196:5432/db_house
INFO:app.core.database:批量执行SQL完成
INFO:app.services.data_generator:表 oms_order_item 已插入剩余 1 条记录并缓存主键值
INFO:app.services.data_generator:依赖表 oms_order_item 生成完成，记录数: 1
INFO:app.services.data_generator:数据生成完成，总记录数: 7
INFO:app.services.data_generator:退出 generate_data_for_tables 方法
INFO:app.services.data_generator:开始 generate_data_for_tables 方法
INFO:app.services.data_generator:独立表（阶段1）: ['crawler_competitor_price', 'crm_customer', 'ext_market_trend']
INFO:app.services.data_generator:依赖表（阶段2）: ['oms_order', 'lms_shipment', 'fms_financial_transaction', 'oms_order_item']
INFO:app.services.data_generator:初始化数据库计数器
INFO:app.core.database:执行查询: SELECT MAX(id) FROM crawler_competitor_price, 参数: ()
INFO:app.core.database:连接数据库: 172.16.10.196:5432/db_house
INFO:app.core.database:查询执行成功
INFO:app.core.database:执行查询: SELECT MAX(id) FROM ext_market_trend, 参数: ()
INFO:app.core.database:连接数据库: 172.16.10.196:5432/db_house
INFO:app.core.database:查询执行成功
INFO:app.core.database:执行查询: SELECT MAX(id) FROM oms_order_item, 参数: ()
INFO:app.core.database:连接数据库: 172.16.10.196:5432/db_house
INFO:app.core.database:查询执行成功
INFO:app.services.data_generator:计数器初始化完成: {'crawler_competitor_price_id': 75, 'ext_market_trend_id': 75, 'oms_order_item_id': 75}
INFO:app.services.data_generator:开始处理日期: 2025-10-21
INFO:app.services.data_generator:当天计划生成记录数: 1
INFO:app.services.data_generator:已清空外键缓存
INFO:app.services.data_generator:=== 阶段1：生成独立表 ===
INFO:app.services.data_generator:开始为独立表 crawler_competitor_price 生成数据
INFO:app.core.database:批量执行SQL，查询: INSERT INTO crawler_competitor_price (id, crawl_time, platform, competitor_name, product_name, product_sku, price, promotion_info, is_in_stock) VALUES ($1, $2, $3, $4, $5, $6, $7, $8, $9), 值数量: 1
INFO:app.core.database:连接数据库: 172.16.10.196:5432/db_house
INFO:app.core.database:批量执行SQL完成
INFO:app.services.data_generator:表 crawler_competitor_price 已插入剩余 1 条记录并缓存主键值
INFO:app.services.data_generator:独立表 crawler_competitor_price 生成完成，记录数: 1
INFO:app.services.data_generator:开始为独立表 crm_customer 生成数据
INFO:app.core.database:批量执行SQL，查询: INSERT INTO crm_customer (customer_id, name, gender, phone, email, birthday, address, create_time, update_time, is_deleted) VALUES ($1, $2, $3, $4, $5, $6, $7, $8, $9, $10), 值数量: 1
INFO:app.core.database:连接数据库: 172.16.10.196:5432/db_house
INFO:app.core.database:批量执行SQL完成
INFO:app.services.data_generator:表 crm_customer 已插入剩余 1 条记录并缓存主键值
INFO:app.services.data_generator:独立表 crm_customer 生成完成，记录数: 1
INFO:app.services.data_generator:开始为独立表 ext_market_trend 生成数据
INFO:app.core.database:批量执行SQL，查询: INSERT INTO ext_market_trend (id, period, region, category, market_size, growth_rate, data_source) VALUES ($1, $2, $3, $4, $5, $6, $7), 值数量: 1
INFO:app.core.database:连接数据库: 172.16.10.196:5432/db_house
INFO:app.core.database:批量执行SQL完成
INFO:app.services.data_generator:表 ext_market_trend 已插入剩余 1 条记录并缓存主键值
INFO:app.services.data_generator:独立表 ext_market_trend 生成完成，记录数: 1
INFO:app.services.data_generator:=== 阶段2：生成依赖表 ===
INFO:app.services.data_generator:表依赖排序结果: ['oms_order', 'fms_financial_transaction', 'lms_shipment', 'oms_order_item']
INFO:app.services.data_generator:排序后的依赖表: ['oms_order', 'fms_financial_transaction', 'lms_shipment', 'oms_order_item']
INFO:app.services.data_generator:开始为依赖表 oms_order 生成数据
INFO:app.core.database:批量执行SQL，查询: INSERT INTO oms_order (order_id, order_channel, customer_code, order_amount, discount_amount, pay_amount, order_status, province, city, district, detail_address, order_time) VALUES ($1, $2, $3, $4, $5, $6, $7, $8, $9, $10, $11, $12), 值数量: 1
INFO:app.core.database:连接数据库: 172.16.10.196:5432/db_house
INFO:app.core.database:批量执行SQL完成
INFO:app.services.data_generator:表 oms_order 已插入剩余 1 条记录并缓存主键值
INFO:app.services.data_generator:依赖表 oms_order 生成完成，记录数: 1
INFO:app.services.data_generator:开始为依赖表 fms_financial_transaction 生成数据
INFO:app.core.database:批量执行SQL，查询: INSERT INTO fms_financial_transaction (transaction_id, order_id, payment_method, transaction_type, transaction_amount, transaction_status, transaction_time) VALUES ($1, $2, $3, $4, $5, $6, $7), 值数量: 1
INFO:app.core.database:连接数据库: 172.16.10.196:5432/db_house
INFO:app.core.database:批量执行SQL完成
INFO:app.services.data_generator:表 fms_financial_transaction 已插入剩余 1 条记录并缓存主键值
INFO:app.services.data_generator:依赖表 fms_financial_transaction 生成完成，记录数: 1
INFO:app.services.data_generator:开始为依赖表 lms_shipment 生成数据
INFO:app.core.database:批量执行SQL，查询: INSERT INTO lms_shipment (shipment_id, order_id, carrier, sender_address, receiver_info, current_status, shipping_time, estimated_delivery, actual_delivery) VALUES ($1, $2, $3, $4, $5, $6, $7, $8, $9), 值数量: 1
INFO:app.core.database:连接数据库: 172.16.10.196:5432/db_house
INFO:app.core.database:批量执行SQL完成
INFO:app.services.data_generator:表 lms_shipment 已插入剩余 1 条记录并缓存主键值
INFO:app.services.data_generator:依赖表 lms_shipment 生成完成，记录数: 1
INFO:app.services.data_generator:开始为依赖表 oms_order_item 生成数据
INFO:app.core.database:批量执行SQL，查询: INSERT INTO oms_order_item (id, order_id, product_sku, product_name, quantity, price) VALUES ($1, $2, $3, $4, $5, $6), 值数量: 1
INFO:app.core.database:连接数据库: 172.16.10.196:5432/db_house
INFO:app.core.database:批量执行SQL完成
INFO:app.services.data_generator:表 oms_order_item 已插入剩余 1 条记录并缓存主键值
INFO:app.services.data_generator:依赖表 oms_order_item 生成完成，记录数: 1
INFO:app.services.data_generator:数据生成完成，总记录数: 7
INFO:app.services.data_generator:退出 generate_data_for_tables 方法
INFO:app.services.data_generator:开始 generate_data_for_tables 方法
INFO:app.services.data_generator:独立表（阶段1）: ['crawler_competitor_price', 'crm_customer', 'ext_market_trend']
INFO:app.services.data_generator:依赖表（阶段2）: ['oms_order', 'lms_shipment', 'fms_financial_transaction', 'oms_order_item']
INFO:app.services.data_generator:初始化数据库计数器
INFO:app.core.database:执行查询: SELECT MAX(id) FROM crawler_competitor_price, 参数: ()
INFO:app.core.database:连接数据库: 172.16.10.196:5432/db_house
INFO:app.core.database:查询执行成功
INFO:app.core.database:执行查询: SELECT MAX(id) FROM ext_market_trend, 参数: ()
INFO:app.core.database:连接数据库: 172.16.10.196:5432/db_house
INFO:app.core.database:查询执行成功
INFO:app.core.database:执行查询: SELECT MAX(id) FROM oms_order_item, 参数: ()
INFO:app.core.database:连接数据库: 172.16.10.196:5432/db_house
INFO:app.core.database:查询执行成功
INFO:app.services.data_generator:计数器初始化完成: {'crawler_competitor_price_id': 76, 'ext_market_trend_id': 76, 'oms_order_item_id': 76}
INFO:app.services.data_generator:开始处理日期: 2025-10-21
INFO:app.services.data_generator:当天计划生成记录数: 1
INFO:app.services.data_generator:已清空外键缓存
INFO:app.services.data_generator:=== 阶段1：生成独立表 ===
INFO:app.services.data_generator:开始为独立表 crawler_competitor_price 生成数据
INFO:app.core.database:批量执行SQL，查询: INSERT INTO crawler_competitor_price (id, crawl_time, platform, competitor_name, product_name, product_sku, price, promotion_info, is_in_stock) VALUES ($1, $2, $3, $4, $5, $6, $7, $8, $9), 值数量: 1
INFO:app.core.database:连接数据库: 172.16.10.196:5432/db_house
INFO:app.core.database:批量执行SQL完成
INFO:app.services.data_generator:表 crawler_competitor_price 已插入剩余 1 条记录并缓存主键值
INFO:app.services.data_generator:独立表 crawler_competitor_price 生成完成，记录数: 1
INFO:app.services.data_generator:开始为独立表 crm_customer 生成数据
INFO:app.core.database:批量执行SQL，查询: INSERT INTO crm_customer (customer_id, name, gender, phone, email, birthday, address, create_time, update_time, is_deleted) VALUES ($1, $2, $3, $4, $5, $6, $7, $8, $9, $10), 值数量: 1
INFO:app.core.database:连接数据库: 172.16.10.196:5432/db_house
INFO:app.core.database:批量执行SQL完成
INFO:app.services.data_generator:表 crm_customer 已插入剩余 1 条记录并缓存主键值
INFO:app.services.data_generator:独立表 crm_customer 生成完成，记录数: 1
INFO:app.services.data_generator:开始为独立表 ext_market_trend 生成数据
INFO:app.core.database:批量执行SQL，查询: INSERT INTO ext_market_trend (id, period, region, category, market_size, growth_rate, data_source) VALUES ($1, $2, $3, $4, $5, $6, $7), 值数量: 1
INFO:app.core.database:连接数据库: 172.16.10.196:5432/db_house
INFO:app.core.database:批量执行SQL完成
INFO:app.services.data_generator:表 ext_market_trend 已插入剩余 1 条记录并缓存主键值
INFO:app.services.data_generator:独立表 ext_market_trend 生成完成，记录数: 1
INFO:app.services.data_generator:=== 阶段2：生成依赖表 ===
INFO:app.services.data_generator:表依赖排序结果: ['oms_order', 'fms_financial_transaction', 'lms_shipment', 'oms_order_item']
INFO:app.services.data_generator:排序后的依赖表: ['oms_order', 'fms_financial_transaction', 'lms_shipment', 'oms_order_item']
INFO:app.services.data_generator:开始为依赖表 oms_order 生成数据
INFO:app.core.database:批量执行SQL，查询: INSERT INTO oms_order (order_id, order_channel, customer_code, order_amount, discount_amount, pay_amount, order_status, province, city, district, detail_address, order_time) VALUES ($1, $2, $3, $4, $5, $6, $7, $8, $9, $10, $11, $12), 值数量: 1
INFO:app.core.database:连接数据库: 172.16.10.196:5432/db_house
INFO:app.core.database:批量执行SQL完成
INFO:app.services.data_generator:表 oms_order 已插入剩余 1 条记录并缓存主键值
INFO:app.services.data_generator:依赖表 oms_order 生成完成，记录数: 1
INFO:app.services.data_generator:开始为依赖表 fms_financial_transaction 生成数据
INFO:app.core.database:批量执行SQL，查询: INSERT INTO fms_financial_transaction (transaction_id, order_id, payment_method, transaction_type, transaction_amount, transaction_status, transaction_time) VALUES ($1, $2, $3, $4, $5, $6, $7), 值数量: 1
INFO:app.core.database:连接数据库: 172.16.10.196:5432/db_house
INFO:app.core.database:批量执行SQL完成
INFO:app.services.data_generator:表 fms_financial_transaction 已插入剩余 1 条记录并缓存主键值
INFO:app.services.data_generator:依赖表 fms_financial_transaction 生成完成，记录数: 1
INFO:app.services.data_generator:开始为依赖表 lms_shipment 生成数据
INFO:app.core.database:批量执行SQL，查询: INSERT INTO lms_shipment (shipment_id, order_id, carrier, sender_address, receiver_info, current_status, shipping_time, estimated_delivery, actual_delivery) VALUES ($1, $2, $3, $4, $5, $6, $7, $8, $9), 值数量: 1
INFO:app.core.database:连接数据库: 172.16.10.196:5432/db_house
INFO:app.core.database:批量执行SQL完成
INFO:app.services.data_generator:表 lms_shipment 已插入剩余 1 条记录并缓存主键值
INFO:app.services.data_generator:依赖表 lms_shipment 生成完成，记录数: 1
INFO:app.services.data_generator:开始为依赖表 oms_order_item 生成数据
INFO:app.core.database:批量执行SQL，查询: INSERT INTO oms_order_item (id, order_id, product_sku, product_name, quantity, price) VALUES ($1, $2, $3, $4, $5, $6), 值数量: 1
INFO:app.core.database:连接数据库: 172.16.10.196:5432/db_house
INFO:app.core.database:批量执行SQL完成
INFO:app.services.data_generator:表 oms_order_item 已插入剩余 1 条记录并缓存主键值
INFO:app.services.data_generator:依赖表 oms_order_item 生成完成，记录数: 1
INFO:app.services.data_generator:数据生成完成，总记录数: 7
INFO:app.services.data_generator:退出 generate_data_for_tables 方法
INFO:app.services.data_generator:开始 generate_data_for_tables 方法
INFO:app.services.data_generator:独立表（阶段1）: ['crawler_competitor_price', 'crm_customer', 'ext_market_trend']
INFO:app.services.data_generator:依赖表（阶段2）: ['oms_order', 'lms_shipment', 'fms_financial_transaction', 'oms_order_item']
INFO:app.services.data_generator:初始化数据库计数器
INFO:app.core.database:执行查询: SELECT MAX(id) FROM crawler_competitor_price, 参数: ()
INFO:app.core.database:连接数据库: 172.16.10.196:5432/db_house
INFO:app.core.database:查询执行成功
INFO:app.core.database:执行查询: SELECT MAX(id) FROM ext_market_trend, 参数: ()
INFO:app.core.database:连接数据库: 172.16.10.196:5432/db_house
INFO:app.core.database:查询执行成功
INFO:app.core.database:执行查询: SELECT MAX(id) FROM oms_order_item, 参数: ()
INFO:app.core.database:连接数据库: 172.16.10.196:5432/db_house
INFO:app.core.database:查询执行成功
INFO:app.services.data_generator:计数器初始化完成: {'crawler_competitor_price_id': 77, 'ext_market_trend_id': 77, 'oms_order_item_id': 77}
INFO:app.services.data_generator:开始处理日期: 2025-10-21
INFO:app.services.data_generator:当天计划生成记录数: 1
INFO:app.services.data_generator:已清空外键缓存
INFO:app.services.data_generator:=== 阶段1：生成独立表 ===
INFO:app.services.data_generator:开始为独立表 crawler_competitor_price 生成数据
INFO:app.core.database:批量执行SQL，查询: INSERT INTO crawler_competitor_price (id, crawl_time, platform, competitor_name, product_name, product_sku, price, promotion_info, is_in_stock) VALUES ($1, $2, $3, $4, $5, $6, $7, $8, $9), 值数量: 1
INFO:app.core.database:连接数据库: 172.16.10.196:5432/db_house
INFO:app.core.database:批量执行SQL完成
INFO:app.services.data_generator:表 crawler_competitor_price 已插入剩余 1 条记录并缓存主键值
INFO:app.services.data_generator:独立表 crawler_competitor_price 生成完成，记录数: 1
INFO:app.services.data_generator:开始为独立表 crm_customer 生成数据
INFO:app.core.database:批量执行SQL，查询: INSERT INTO crm_customer (customer_id, name, gender, phone, email, birthday, address, create_time, update_time, is_deleted) VALUES ($1, $2, $3, $4, $5, $6, $7, $8, $9, $10), 值数量: 1
INFO:app.core.database:连接数据库: 172.16.10.196:5432/db_house
INFO:app.core.database:批量执行SQL完成
INFO:app.services.data_generator:表 crm_customer 已插入剩余 1 条记录并缓存主键值
INFO:app.services.data_generator:独立表 crm_customer 生成完成，记录数: 1
INFO:app.services.data_generator:开始为独立表 ext_market_trend 生成数据
INFO:app.core.database:批量执行SQL，查询: INSERT INTO ext_market_trend (id, period, region, category, market_size, growth_rate, data_source) VALUES ($1, $2, $3, $4, $5, $6, $7), 值数量: 1
INFO:app.core.database:连接数据库: 172.16.10.196:5432/db_house
INFO:app.core.database:批量执行SQL完成
INFO:app.services.data_generator:表 ext_market_trend 已插入剩余 1 条记录并缓存主键值
INFO:app.services.data_generator:独立表 ext_market_trend 生成完成，记录数: 1
INFO:app.services.data_generator:=== 阶段2：生成依赖表 ===
INFO:app.services.data_generator:表依赖排序结果: ['oms_order', 'fms_financial_transaction', 'lms_shipment', 'oms_order_item']
INFO:app.services.data_generator:排序后的依赖表: ['oms_order', 'fms_financial_transaction', 'lms_shipment', 'oms_order_item']
INFO:app.services.data_generator:开始为依赖表 oms_order 生成数据
INFO:app.core.database:批量执行SQL，查询: INSERT INTO oms_order (order_id, order_channel, customer_code, order_amount, discount_amount, pay_amount, order_status, province, city, district, detail_address, order_time) VALUES ($1, $2, $3, $4, $5, $6, $7, $8, $9, $10, $11, $12), 值数量: 1
INFO:app.core.database:连接数据库: 172.16.10.196:5432/db_house
INFO:app.core.database:批量执行SQL完成
INFO:app.services.data_generator:表 oms_order 已插入剩余 1 条记录并缓存主键值
INFO:app.services.data_generator:依赖表 oms_order 生成完成，记录数: 1
INFO:app.services.data_generator:开始为依赖表 fms_financial_transaction 生成数据
INFO:app.core.database:批量执行SQL，查询: INSERT INTO fms_financial_transaction (transaction_id, order_id, payment_method, transaction_type, transaction_amount, transaction_status, transaction_time) VALUES ($1, $2, $3, $4, $5, $6, $7), 值数量: 1
INFO:app.core.database:连接数据库: 172.16.10.196:5432/db_house
INFO:app.core.database:批量执行SQL完成
INFO:app.services.data_generator:表 fms_financial_transaction 已插入剩余 1 条记录并缓存主键值
INFO:app.services.data_generator:依赖表 fms_financial_transaction 生成完成，记录数: 1
INFO:app.services.data_generator:开始为依赖表 lms_shipment 生成数据
INFO:app.core.database:批量执行SQL，查询: INSERT INTO lms_shipment (shipment_id, order_id, carrier, sender_address, receiver_info, current_status, shipping_time, estimated_delivery, actual_delivery) VALUES ($1, $2, $3, $4, $5, $6, $7, $8, $9), 值数量: 1
INFO:app.core.database:连接数据库: 172.16.10.196:5432/db_house
INFO:app.core.database:批量执行SQL完成
INFO:app.services.data_generator:表 lms_shipment 已插入剩余 1 条记录并缓存主键值
INFO:app.services.data_generator:依赖表 lms_shipment 生成完成，记录数: 1
INFO:app.services.data_generator:开始为依赖表 oms_order_item 生成数据
INFO:app.core.database:批量执行SQL，查询: INSERT INTO oms_order_item (id, order_id, product_sku, product_name, quantity, price) VALUES ($1, $2, $3, $4, $5, $6), 值数量: 1
INFO:app.core.database:连接数据库: 172.16.10.196:5432/db_house
INFO:app.core.database:批量执行SQL完成
INFO:app.services.data_generator:表 oms_order_item 已插入剩余 1 条记录并缓存主键值
INFO:app.services.data_generator:依赖表 oms_order_item 生成完成，记录数: 1
INFO:app.services.data_generator:数据生成完成，总记录数: 7
INFO:app.services.data_generator:退出 generate_data_for_tables 方法
INFO:app.services.data_generator:开始 generate_data_for_tables 方法
INFO:app.services.data_generator:独立表（阶段1）: ['crawler_competitor_price', 'crm_customer', 'ext_market_trend']
INFO:app.services.data_generator:依赖表（阶段2）: ['oms_order', 'lms_shipment', 'fms_financial_transaction', 'oms_order_item']
INFO:app.services.data_generator:初始化数据库计数器
INFO:app.core.database:执行查询: SELECT MAX(id) FROM crawler_competitor_price, 参数: ()
INFO:app.core.database:连接数据库: 172.16.10.196:5432/db_house
INFO:app.core.database:查询执行成功
INFO:app.core.database:执行查询: SELECT MAX(id) FROM ext_market_trend, 参数: ()
INFO:app.core.database:连接数据库: 172.16.10.196:5432/db_house
INFO:app.core.database:查询执行成功
INFO:app.core.database:执行查询: SELECT MAX(id) FROM oms_order_item, 参数: ()
INFO:app.core.database:连接数据库: 172.16.10.196:5432/db_house
INFO:app.core.database:查询执行成功
INFO:app.services.data_generator:计数器初始化完成: {'crawler_competitor_price_id': 78, 'ext_market_trend_id': 78, 'oms_order_item_id': 78}
INFO:app.services.data_generator:开始处理日期: 2025-10-21
INFO:app.services.data_generator:当天计划生成记录数: 1
INFO:app.services.data_generator:已清空外键缓存
INFO:app.services.data_generator:=== 阶段1：生成独立表 ===
INFO:app.services.data_generator:开始为独立表 crawler_competitor_price 生成数据
INFO:app.core.database:批量执行SQL，查询: INSERT INTO crawler_competitor_price (id, crawl_time, platform, competitor_name, product_name, product_sku, price, promotion_info, is_in_stock) VALUES ($1, $2, $3, $4, $5, $6, $7, $8, $9), 值数量: 1
INFO:app.core.database:连接数据库: 172.16.10.196:5432/db_house
INFO:app.core.database:批量执行SQL完成
INFO:app.services.data_generator:表 crawler_competitor_price 已插入剩余 1 条记录并缓存主键值
INFO:app.services.data_generator:独立表 crawler_competitor_price 生成完成，记录数: 1
INFO:app.services.data_generator:开始为独立表 crm_customer 生成数据
INFO:app.core.database:批量执行SQL，查询: INSERT INTO crm_customer (customer_id, name, gender, phone, email, birthday, address, create_time, update_time, is_deleted) VALUES ($1, $2, $3, $4, $5, $6, $7, $8, $9, $10), 值数量: 1
INFO:app.core.database:连接数据库: 172.16.10.196:5432/db_house
INFO:app.core.database:批量执行SQL完成
INFO:app.services.data_generator:表 crm_customer 已插入剩余 1 条记录并缓存主键值
INFO:app.services.data_generator:独立表 crm_customer 生成完成，记录数: 1
INFO:app.services.data_generator:开始为独立表 ext_market_trend 生成数据
INFO:app.core.database:批量执行SQL，查询: INSERT INTO ext_market_trend (id, period, region, category, market_size, growth_rate, data_source) VALUES ($1, $2, $3, $4, $5, $6, $7), 值数量: 1
INFO:app.core.database:连接数据库: 172.16.10.196:5432/db_house
INFO:app.core.database:批量执行SQL完成
INFO:app.services.data_generator:表 ext_market_trend 已插入剩余 1 条记录并缓存主键值
INFO:app.services.data_generator:独立表 ext_market_trend 生成完成，记录数: 1
INFO:app.services.data_generator:=== 阶段2：生成依赖表 ===
INFO:app.services.data_generator:表依赖排序结果: ['oms_order', 'fms_financial_transaction', 'lms_shipment', 'oms_order_item']
INFO:app.services.data_generator:排序后的依赖表: ['oms_order', 'fms_financial_transaction', 'lms_shipment', 'oms_order_item']
INFO:app.services.data_generator:开始为依赖表 oms_order 生成数据
INFO:app.core.database:批量执行SQL，查询: INSERT INTO oms_order (order_id, order_channel, customer_code, order_amount, discount_amount, pay_amount, order_status, province, city, district, detail_address, order_time) VALUES ($1, $2, $3, $4, $5, $6, $7, $8, $9, $10, $11, $12), 值数量: 1
INFO:app.core.database:连接数据库: 172.16.10.196:5432/db_house
INFO:app.core.database:批量执行SQL完成
INFO:app.services.data_generator:表 oms_order 已插入剩余 1 条记录并缓存主键值
INFO:app.services.data_generator:依赖表 oms_order 生成完成，记录数: 1
INFO:app.services.data_generator:开始为依赖表 fms_financial_transaction 生成数据
INFO:app.core.database:批量执行SQL，查询: INSERT INTO fms_financial_transaction (transaction_id, order_id, payment_method, transaction_type, transaction_amount, transaction_status, transaction_time) VALUES ($1, $2, $3, $4, $5, $6, $7), 值数量: 1
INFO:app.core.database:连接数据库: 172.16.10.196:5432/db_house
INFO:app.core.database:批量执行SQL完成
INFO:app.services.data_generator:表 fms_financial_transaction 已插入剩余 1 条记录并缓存主键值
INFO:app.services.data_generator:依赖表 fms_financial_transaction 生成完成，记录数: 1
INFO:app.services.data_generator:开始为依赖表 lms_shipment 生成数据
INFO:app.core.database:批量执行SQL，查询: INSERT INTO lms_shipment (shipment_id, order_id, carrier, sender_address, receiver_info, current_status, shipping_time, estimated_delivery, actual_delivery) VALUES ($1, $2, $3, $4, $5, $6, $7, $8, $9), 值数量: 1
INFO:app.core.database:连接数据库: 172.16.10.196:5432/db_house
INFO:app.core.database:批量执行SQL完成
INFO:app.services.data_generator:表 lms_shipment 已插入剩余 1 条记录并缓存主键值
INFO:app.services.data_generator:依赖表 lms_shipment 生成完成，记录数: 1
INFO:app.services.data_generator:开始为依赖表 oms_order_item 生成数据
INFO:app.core.database:批量执行SQL，查询: INSERT INTO oms_order_item (id, order_id, product_sku, product_name, quantity, price) VALUES ($1, $2, $3, $4, $5, $6), 值数量: 1
INFO:app.core.database:连接数据库: 172.16.10.196:5432/db_house
INFO:app.core.database:批量执行SQL完成
INFO:app.services.data_generator:表 oms_order_item 已插入剩余 1 条记录并缓存主键值
INFO:app.services.data_generator:依赖表 oms_order_item 生成完成，记录数: 1
INFO:app.services.data_generator:数据生成完成，总记录数: 7
INFO:app.services.data_generator:退出 generate_data_for_tables 方法
INFO:app.services.data_generator:开始 generate_data_for_tables 方法
INFO:app.services.data_generator:独立表（阶段1）: ['crawler_competitor_price', 'crm_customer', 'ext_market_trend']
INFO:app.services.data_generator:依赖表（阶段2）: ['oms_order', 'lms_shipment', 'fms_financial_transaction', 'oms_order_item']
INFO:app.services.data_generator:初始化数据库计数器
INFO:app.core.database:执行查询: SELECT MAX(id) FROM crawler_competitor_price, 参数: ()
INFO:app.core.database:连接数据库: 172.16.10.196:5432/db_house
INFO:app.core.database:查询执行成功
INFO:app.core.database:执行查询: SELECT MAX(id) FROM ext_market_trend, 参数: ()
INFO:app.core.database:连接数据库: 172.16.10.196:5432/db_house
INFO:app.core.database:查询执行成功
INFO:app.core.database:执行查询: SELECT MAX(id) FROM oms_order_item, 参数: ()
INFO:app.core.database:连接数据库: 172.16.10.196:5432/db_house
INFO:app.core.database:查询执行成功
INFO:app.services.data_generator:计数器初始化完成: {'crawler_competitor_price_id': 79, 'ext_market_trend_id': 79, 'oms_order_item_id': 79}
INFO:app.services.data_generator:开始处理日期: 2025-10-21
INFO:app.services.data_generator:当天计划生成记录数: 1
INFO:app.services.data_generator:已清空外键缓存
INFO:app.services.data_generator:=== 阶段1：生成独立表 ===
INFO:app.services.data_generator:开始为独立表 crawler_competitor_price 生成数据
INFO:app.core.database:批量执行SQL，查询: INSERT INTO crawler_competitor_price (id, crawl_time, platform, competitor_name, product_name, product_sku, price, promotion_info, is_in_stock) VALUES ($1, $2, $3, $4, $5, $6, $7, $8, $9), 值数量: 1
INFO:app.core.database:连接数据库: 172.16.10.196:5432/db_house
INFO:app.core.database:批量执行SQL完成
INFO:app.services.data_generator:表 crawler_competitor_price 已插入剩余 1 条记录并缓存主键值
INFO:app.services.data_generator:独立表 crawler_competitor_price 生成完成，记录数: 1
INFO:app.services.data_generator:开始为独立表 crm_customer 生成数据
INFO:app.core.database:批量执行SQL，查询: INSERT INTO crm_customer (customer_id, name, gender, phone, email, birthday, address, create_time, update_time, is_deleted) VALUES ($1, $2, $3, $4, $5, $6, $7, $8, $9, $10), 值数量: 1
INFO:app.core.database:连接数据库: 172.16.10.196:5432/db_house
INFO:app.core.database:批量执行SQL完成
INFO:app.services.data_generator:表 crm_customer 已插入剩余 1 条记录并缓存主键值
INFO:app.services.data_generator:独立表 crm_customer 生成完成，记录数: 1
INFO:app.services.data_generator:开始为独立表 ext_market_trend 生成数据
INFO:app.core.database:批量执行SQL，查询: INSERT INTO ext_market_trend (id, period, region, category, market_size, growth_rate, data_source) VALUES ($1, $2, $3, $4, $5, $6, $7), 值数量: 1
INFO:app.core.database:连接数据库: 172.16.10.196:5432/db_house
INFO:app.core.database:批量执行SQL完成
INFO:app.services.data_generator:表 ext_market_trend 已插入剩余 1 条记录并缓存主键值
INFO:app.services.data_generator:独立表 ext_market_trend 生成完成，记录数: 1
INFO:app.services.data_generator:=== 阶段2：生成依赖表 ===
INFO:app.services.data_generator:表依赖排序结果: ['oms_order', 'fms_financial_transaction', 'lms_shipment', 'oms_order_item']
INFO:app.services.data_generator:排序后的依赖表: ['oms_order', 'fms_financial_transaction', 'lms_shipment', 'oms_order_item']
INFO:app.services.data_generator:开始为依赖表 oms_order 生成数据
INFO:app.core.database:批量执行SQL，查询: INSERT INTO oms_order (order_id, order_channel, customer_code, order_amount, discount_amount, pay_amount, order_status, province, city, district, detail_address, order_time) VALUES ($1, $2, $3, $4, $5, $6, $7, $8, $9, $10, $11, $12), 值数量: 1
INFO:app.core.database:连接数据库: 172.16.10.196:5432/db_house
INFO:app.core.database:批量执行SQL完成
INFO:app.services.data_generator:表 oms_order 已插入剩余 1 条记录并缓存主键值
INFO:app.services.data_generator:依赖表 oms_order 生成完成，记录数: 1
INFO:app.services.data_generator:开始为依赖表 fms_financial_transaction 生成数据
INFO:app.core.database:批量执行SQL，查询: INSERT INTO fms_financial_transaction (transaction_id, order_id, payment_method, transaction_type, transaction_amount, transaction_status, transaction_time) VALUES ($1, $2, $3, $4, $5, $6, $7), 值数量: 1
INFO:app.core.database:连接数据库: 172.16.10.196:5432/db_house
INFO:app.core.database:批量执行SQL完成
INFO:app.services.data_generator:表 fms_financial_transaction 已插入剩余 1 条记录并缓存主键值
INFO:app.services.data_generator:依赖表 fms_financial_transaction 生成完成，记录数: 1
INFO:app.services.data_generator:开始为依赖表 lms_shipment 生成数据
INFO:app.core.database:批量执行SQL，查询: INSERT INTO lms_shipment (shipment_id, order_id, carrier, sender_address, receiver_info, current_status, shipping_time, estimated_delivery, actual_delivery) VALUES ($1, $2, $3, $4, $5, $6, $7, $8, $9), 值数量: 1
INFO:app.core.database:连接数据库: 172.16.10.196:5432/db_house
INFO:app.core.database:批量执行SQL完成
INFO:app.services.data_generator:表 lms_shipment 已插入剩余 1 条记录并缓存主键值
INFO:app.services.data_generator:依赖表 lms_shipment 生成完成，记录数: 1
INFO:app.services.data_generator:开始为依赖表 oms_order_item 生成数据
INFO:app.core.database:批量执行SQL，查询: INSERT INTO oms_order_item (id, order_id, product_sku, product_name, quantity, price) VALUES ($1, $2, $3, $4, $5, $6), 值数量: 1
INFO:app.core.database:连接数据库: 172.16.10.196:5432/db_house
INFO:app.core.database:批量执行SQL完成
INFO:app.services.data_generator:表 oms_order_item 已插入剩余 1 条记录并缓存主键值
INFO:app.services.data_generator:依赖表 oms_order_item 生成完成，记录数: 1
INFO:app.services.data_generator:数据生成完成，总记录数: 7
INFO:app.services.data_generator:退出 generate_data_for_tables 方法
INFO:app.services.data_generator:开始 generate_data_for_tables 方法
INFO:app.services.data_generator:独立表（阶段1）: ['crawler_competitor_price', 'crm_customer', 'ext_market_trend']
INFO:app.services.data_generator:依赖表（阶段2）: ['oms_order', 'lms_shipment', 'fms_financial_transaction', 'oms_order_item']
INFO:app.services.data_generator:初始化数据库计数器
INFO:app.core.database:执行查询: SELECT MAX(id) FROM crawler_competitor_price, 参数: ()
INFO:app.core.database:连接数据库: 172.16.10.196:5432/db_house
INFO:app.core.database:查询执行成功
INFO:app.core.database:执行查询: SELECT MAX(id) FROM ext_market_trend, 参数: ()
INFO:app.core.database:连接数据库: 172.16.10.196:5432/db_house
INFO:app.core.database:查询执行成功
INFO:app.core.database:执行查询: SELECT MAX(id) FROM oms_order_item, 参数: ()
INFO:app.core.database:连接数据库: 172.16.10.196:5432/db_house
INFO:app.core.database:查询执行成功
INFO:app.services.data_generator:计数器初始化完成: {'crawler_competitor_price_id': 80, 'ext_market_trend_id': 80, 'oms_order_item_id': 80}
INFO:app.services.data_generator:开始处理日期: 2025-10-21
INFO:app.services.data_generator:当天计划生成记录数: 1
INFO:app.services.data_generator:已清空外键缓存
INFO:app.services.data_generator:=== 阶段1：生成独立表 ===
INFO:app.services.data_generator:开始为独立表 crawler_competitor_price 生成数据
INFO:app.core.database:批量执行SQL，查询: INSERT INTO crawler_competitor_price (id, crawl_time, platform, competitor_name, product_name, product_sku, price, promotion_info, is_in_stock) VALUES ($1, $2, $3, $4, $5, $6, $7, $8, $9), 值数量: 1
INFO:app.core.database:连接数据库: 172.16.10.196:5432/db_house
INFO:app.core.database:批量执行SQL完成
INFO:app.services.data_generator:表 crawler_competitor_price 已插入剩余 1 条记录并缓存主键值
INFO:app.services.data_generator:独立表 crawler_competitor_price 生成完成，记录数: 1
INFO:app.services.data_generator:开始为独立表 crm_customer 生成数据
INFO:app.core.database:批量执行SQL，查询: INSERT INTO crm_customer (customer_id, name, gender, phone, email, birthday, address, create_time, update_time, is_deleted) VALUES ($1, $2, $3, $4, $5, $6, $7, $8, $9, $10), 值数量: 1
INFO:app.core.database:连接数据库: 172.16.10.196:5432/db_house
INFO:app.core.database:批量执行SQL完成
INFO:app.services.data_generator:表 crm_customer 已插入剩余 1 条记录并缓存主键值
INFO:app.services.data_generator:独立表 crm_customer 生成完成，记录数: 1
INFO:app.services.data_generator:开始为独立表 ext_market_trend 生成数据
INFO:app.core.database:批量执行SQL，查询: INSERT INTO ext_market_trend (id, period, region, category, market_size, growth_rate, data_source) VALUES ($1, $2, $3, $4, $5, $6, $7), 值数量: 1
INFO:app.core.database:连接数据库: 172.16.10.196:5432/db_house
INFO:app.core.database:批量执行SQL完成
INFO:app.services.data_generator:表 ext_market_trend 已插入剩余 1 条记录并缓存主键值
INFO:app.services.data_generator:独立表 ext_market_trend 生成完成，记录数: 1
INFO:app.services.data_generator:=== 阶段2：生成依赖表 ===
INFO:app.services.data_generator:表依赖排序结果: ['oms_order', 'fms_financial_transaction', 'lms_shipment', 'oms_order_item']
INFO:app.services.data_generator:排序后的依赖表: ['oms_order', 'fms_financial_transaction', 'lms_shipment', 'oms_order_item']
INFO:app.services.data_generator:开始为依赖表 oms_order 生成数据
INFO:app.core.database:批量执行SQL，查询: INSERT INTO oms_order (order_id, order_channel, customer_code, order_amount, discount_amount, pay_amount, order_status, province, city, district, detail_address, order_time) VALUES ($1, $2, $3, $4, $5, $6, $7, $8, $9, $10, $11, $12), 值数量: 1
INFO:app.core.database:连接数据库: 172.16.10.196:5432/db_house
INFO:app.core.database:批量执行SQL完成
INFO:app.services.data_generator:表 oms_order 已插入剩余 1 条记录并缓存主键值
INFO:app.services.data_generator:依赖表 oms_order 生成完成，记录数: 1
INFO:app.services.data_generator:开始为依赖表 fms_financial_transaction 生成数据
INFO:app.core.database:批量执行SQL，查询: INSERT INTO fms_financial_transaction (transaction_id, order_id, payment_method, transaction_type, transaction_amount, transaction_status, transaction_time) VALUES ($1, $2, $3, $4, $5, $6, $7), 值数量: 1
INFO:app.core.database:连接数据库: 172.16.10.196:5432/db_house
INFO:app.core.database:批量执行SQL完成
INFO:app.services.data_generator:表 fms_financial_transaction 已插入剩余 1 条记录并缓存主键值
INFO:app.services.data_generator:依赖表 fms_financial_transaction 生成完成，记录数: 1
INFO:app.services.data_generator:开始为依赖表 lms_shipment 生成数据
INFO:app.core.database:批量执行SQL，查询: INSERT INTO lms_shipment (shipment_id, order_id, carrier, sender_address, receiver_info, current_status, shipping_time, estimated_delivery, actual_delivery) VALUES ($1, $2, $3, $4, $5, $6, $7, $8, $9), 值数量: 1
INFO:app.core.database:连接数据库: 172.16.10.196:5432/db_house
INFO:app.core.database:批量执行SQL完成
INFO:app.services.data_generator:表 lms_shipment 已插入剩余 1 条记录并缓存主键值
INFO:app.services.data_generator:依赖表 lms_shipment 生成完成，记录数: 1
INFO:app.services.data_generator:开始为依赖表 oms_order_item 生成数据
INFO:app.core.database:批量执行SQL，查询: INSERT INTO oms_order_item (id, order_id, product_sku, product_name, quantity, price) VALUES ($1, $2, $3, $4, $5, $6), 值数量: 1
INFO:app.core.database:连接数据库: 172.16.10.196:5432/db_house
INFO:app.core.database:批量执行SQL完成
INFO:app.services.data_generator:表 oms_order_item 已插入剩余 1 条记录并缓存主键值
INFO:app.services.data_generator:依赖表 oms_order_item 生成完成，记录数: 1
INFO:app.services.data_generator:数据生成完成，总记录数: 7
INFO:app.services.data_generator:退出 generate_data_for_tables 方法
INFO:app.services.data_generator:开始 generate_data_for_tables 方法
INFO:app.services.data_generator:独立表（阶段1）: ['crawler_competitor_price', 'crm_customer', 'ext_market_trend']
INFO:app.services.data_generator:依赖表（阶段2）: ['oms_order', 'lms_shipment', 'fms_financial_transaction', 'oms_order_item']
INFO:app.services.data_generator:初始化数据库计数器
INFO:app.core.database:执行查询: SELECT MAX(id) FROM crawler_competitor_price, 参数: ()
INFO:app.core.database:连接数据库: 172.16.10.196:5432/db_house
INFO:app.core.database:查询执行成功
INFO:app.core.database:执行查询: SELECT MAX(id) FROM ext_market_trend, 参数: ()
INFO:app.core.database:连接数据库: 172.16.10.196:5432/db_house
INFO:app.core.database:查询执行成功
INFO:app.core.database:执行查询: SELECT MAX(id) FROM oms_order_item, 参数: ()
INFO:app.core.database:连接数据库: 172.16.10.196:5432/db_house
INFO:app.core.database:查询执行成功
INFO:app.services.data_generator:计数器初始化完成: {'crawler_competitor_price_id': 81, 'ext_market_trend_id': 81, 'oms_order_item_id': 81}
INFO:app.services.data_generator:开始处理日期: 2025-10-21
INFO:app.services.data_generator:当天计划生成记录数: 1
INFO:app.services.data_generator:已清空外键缓存
INFO:app.services.data_generator:=== 阶段1：生成独立表 ===
INFO:app.services.data_generator:开始为独立表 crawler_competitor_price 生成数据
INFO:app.core.database:批量执行SQL，查询: INSERT INTO crawler_competitor_price (id, crawl_time, platform, competitor_name, product_name, product_sku, price, promotion_info, is_in_stock) VALUES ($1, $2, $3, $4, $5, $6, $7, $8, $9), 值数量: 1
INFO:app.core.database:连接数据库: 172.16.10.196:5432/db_house
INFO:app.core.database:批量执行SQL完成
INFO:app.services.data_generator:表 crawler_competitor_price 已插入剩余 1 条记录并缓存主键值
INFO:app.services.data_generator:独立表 crawler_competitor_price 生成完成，记录数: 1
INFO:app.services.data_generator:开始为独立表 crm_customer 生成数据
INFO:app.core.database:批量执行SQL，查询: INSERT INTO crm_customer (customer_id, name, gender, phone, email, birthday, address, create_time, update_time, is_deleted) VALUES ($1, $2, $3, $4, $5, $6, $7, $8, $9, $10), 值数量: 1
INFO:app.core.database:连接数据库: 172.16.10.196:5432/db_house
INFO:app.core.database:批量执行SQL完成
INFO:app.services.data_generator:表 crm_customer 已插入剩余 1 条记录并缓存主键值
INFO:app.services.data_generator:独立表 crm_customer 生成完成，记录数: 1
INFO:app.services.data_generator:开始为独立表 ext_market_trend 生成数据
INFO:app.core.database:批量执行SQL，查询: INSERT INTO ext_market_trend (id, period, region, category, market_size, growth_rate, data_source) VALUES ($1, $2, $3, $4, $5, $6, $7), 值数量: 1
INFO:app.core.database:连接数据库: 172.16.10.196:5432/db_house
INFO:app.core.database:批量执行SQL完成
INFO:app.services.data_generator:表 ext_market_trend 已插入剩余 1 条记录并缓存主键值
INFO:app.services.data_generator:独立表 ext_market_trend 生成完成，记录数: 1
INFO:app.services.data_generator:=== 阶段2：生成依赖表 ===
INFO:app.services.data_generator:表依赖排序结果: ['oms_order', 'fms_financial_transaction', 'lms_shipment', 'oms_order_item']
INFO:app.services.data_generator:排序后的依赖表: ['oms_order', 'fms_financial_transaction', 'lms_shipment', 'oms_order_item']
INFO:app.services.data_generator:开始为依赖表 oms_order 生成数据
INFO:app.core.database:批量执行SQL，查询: INSERT INTO oms_order (order_id, order_channel, customer_code, order_amount, discount_amount, pay_amount, order_status, province, city, district, detail_address, order_time) VALUES ($1, $2, $3, $4, $5, $6, $7, $8, $9, $10, $11, $12), 值数量: 1
INFO:app.core.database:连接数据库: 172.16.10.196:5432/db_house
INFO:app.core.database:批量执行SQL完成
INFO:app.services.data_generator:表 oms_order 已插入剩余 1 条记录并缓存主键值
INFO:app.services.data_generator:依赖表 oms_order 生成完成，记录数: 1
INFO:app.services.data_generator:开始为依赖表 fms_financial_transaction 生成数据
INFO:app.core.database:批量执行SQL，查询: INSERT INTO fms_financial_transaction (transaction_id, order_id, payment_method, transaction_type, transaction_amount, transaction_status, transaction_time) VALUES ($1, $2, $3, $4, $5, $6, $7), 值数量: 1
INFO:app.core.database:连接数据库: 172.16.10.196:5432/db_house
INFO:app.core.database:批量执行SQL完成
INFO:app.services.data_generator:表 fms_financial_transaction 已插入剩余 1 条记录并缓存主键值
INFO:app.services.data_generator:依赖表 fms_financial_transaction 生成完成，记录数: 1
INFO:app.services.data_generator:开始为依赖表 lms_shipment 生成数据
INFO:app.core.database:批量执行SQL，查询: INSERT INTO lms_shipment (shipment_id, order_id, carrier, sender_address, receiver_info, current_status, shipping_time, estimated_delivery, actual_delivery) VALUES ($1, $2, $3, $4, $5, $6, $7, $8, $9), 值数量: 1
INFO:app.core.database:连接数据库: 172.16.10.196:5432/db_house
INFO:app.core.database:批量执行SQL完成
INFO:app.services.data_generator:表 lms_shipment 已插入剩余 1 条记录并缓存主键值
INFO:app.services.data_generator:依赖表 lms_shipment 生成完成，记录数: 1
INFO:app.services.data_generator:开始为依赖表 oms_order_item 生成数据
INFO:app.core.database:批量执行SQL，查询: INSERT INTO oms_order_item (id, order_id, product_sku, product_name, quantity, price) VALUES ($1, $2, $3, $4, $5, $6), 值数量: 1
INFO:app.core.database:连接数据库: 172.16.10.196:5432/db_house
INFO:app.core.database:批量执行SQL完成
INFO:app.services.data_generator:表 oms_order_item 已插入剩余 1 条记录并缓存主键值
INFO:app.services.data_generator:依赖表 oms_order_item 生成完成，记录数: 1
INFO:app.services.data_generator:数据生成完成，总记录数: 7
INFO:app.services.data_generator:退出 generate_data_for_tables 方法
INFO:app.services.data_generator:开始 generate_data_for_tables 方法
INFO:app.services.data_generator:独立表（阶段1）: ['crawler_competitor_price', 'crm_customer', 'ext_market_trend']
INFO:app.services.data_generator:依赖表（阶段2）: ['oms_order', 'lms_shipment', 'fms_financial_transaction', 'oms_order_item']
INFO:app.services.data_generator:初始化数据库计数器
INFO:app.core.database:执行查询: SELECT MAX(id) FROM crawler_competitor_price, 参数: ()
INFO:app.core.database:连接数据库: 172.16.10.196:5432/db_house
INFO:app.core.database:查询执行成功
INFO:app.core.database:执行查询: SELECT MAX(id) FROM ext_market_trend, 参数: ()
INFO:app.core.database:连接数据库: 172.16.10.196:5432/db_house
INFO:app.core.database:查询执行成功
INFO:app.core.database:执行查询: SELECT MAX(id) FROM oms_order_item, 参数: ()
INFO:app.core.database:连接数据库: 172.16.10.196:5432/db_house
INFO:app.core.database:查询执行成功
INFO:app.services.data_generator:计数器初始化完成: {'crawler_competitor_price_id': 82, 'ext_market_trend_id': 82, 'oms_order_item_id': 82}
INFO:app.services.data_generator:开始处理日期: 2025-10-21
INFO:app.services.data_generator:当天计划生成记录数: 1
INFO:app.services.data_generator:已清空外键缓存
INFO:app.services.data_generator:=== 阶段1：生成独立表 ===
INFO:app.services.data_generator:开始为独立表 crawler_competitor_price 生成数据
INFO:app.core.database:批量执行SQL，查询: INSERT INTO crawler_competitor_price (id, crawl_time, platform, competitor_name, product_name, product_sku, price, promotion_info, is_in_stock) VALUES ($1, $2, $3, $4, $5, $6, $7, $8, $9), 值数量: 1
INFO:app.core.database:连接数据库: 172.16.10.196:5432/db_house
INFO:app.core.database:批量执行SQL完成
INFO:app.services.data_generator:表 crawler_competitor_price 已插入剩余 1 条记录并缓存主键值
INFO:app.services.data_generator:独立表 crawler_competitor_price 生成完成，记录数: 1
INFO:app.services.data_generator:开始为独立表 crm_customer 生成数据
INFO:app.core.database:批量执行SQL，查询: INSERT INTO crm_customer (customer_id, name, gender, phone, email, birthday, address, create_time, update_time, is_deleted) VALUES ($1, $2, $3, $4, $5, $6, $7, $8, $9, $10), 值数量: 1
INFO:app.core.database:连接数据库: 172.16.10.196:5432/db_house
INFO:app.core.database:批量执行SQL完成
INFO:app.services.data_generator:表 crm_customer 已插入剩余 1 条记录并缓存主键值
INFO:app.services.data_generator:独立表 crm_customer 生成完成，记录数: 1
INFO:app.services.data_generator:开始为独立表 ext_market_trend 生成数据
INFO:app.core.database:批量执行SQL，查询: INSERT INTO ext_market_trend (id, period, region, category, market_size, growth_rate, data_source) VALUES ($1, $2, $3, $4, $5, $6, $7), 值数量: 1
INFO:app.core.database:连接数据库: 172.16.10.196:5432/db_house
INFO:app.core.database:批量执行SQL完成
INFO:app.services.data_generator:表 ext_market_trend 已插入剩余 1 条记录并缓存主键值
INFO:app.services.data_generator:独立表 ext_market_trend 生成完成，记录数: 1
INFO:app.services.data_generator:=== 阶段2：生成依赖表 ===
INFO:app.services.data_generator:表依赖排序结果: ['oms_order', 'fms_financial_transaction', 'lms_shipment', 'oms_order_item']
INFO:app.services.data_generator:排序后的依赖表: ['oms_order', 'fms_financial_transaction', 'lms_shipment', 'oms_order_item']
INFO:app.services.data_generator:开始为依赖表 oms_order 生成数据
INFO:app.core.database:批量执行SQL，查询: INSERT INTO oms_order (order_id, order_channel, customer_code, order_amount, discount_amount, pay_amount, order_status, province, city, district, detail_address, order_time) VALUES ($1, $2, $3, $4, $5, $6, $7, $8, $9, $10, $11, $12), 值数量: 1
INFO:app.core.database:连接数据库: 172.16.10.196:5432/db_house
INFO:app.core.database:批量执行SQL完成
INFO:app.services.data_generator:表 oms_order 已插入剩余 1 条记录并缓存主键值
INFO:app.services.data_generator:依赖表 oms_order 生成完成，记录数: 1
INFO:app.services.data_generator:开始为依赖表 fms_financial_transaction 生成数据
INFO:app.core.database:批量执行SQL，查询: INSERT INTO fms_financial_transaction (transaction_id, order_id, payment_method, transaction_type, transaction_amount, transaction_status, transaction_time) VALUES ($1, $2, $3, $4, $5, $6, $7), 值数量: 1
INFO:app.core.database:连接数据库: 172.16.10.196:5432/db_house
INFO:app.core.database:批量执行SQL完成
INFO:app.services.data_generator:表 fms_financial_transaction 已插入剩余 1 条记录并缓存主键值
INFO:app.services.data_generator:依赖表 fms_financial_transaction 生成完成，记录数: 1
INFO:app.services.data_generator:开始为依赖表 lms_shipment 生成数据
INFO:app.core.database:批量执行SQL，查询: INSERT INTO lms_shipment (shipment_id, order_id, carrier, sender_address, receiver_info, current_status, shipping_time, estimated_delivery, actual_delivery) VALUES ($1, $2, $3, $4, $5, $6, $7, $8, $9), 值数量: 1
INFO:app.core.database:连接数据库: 172.16.10.196:5432/db_house
INFO:app.core.database:批量执行SQL完成
INFO:app.services.data_generator:表 lms_shipment 已插入剩余 1 条记录并缓存主键值
INFO:app.services.data_generator:依赖表 lms_shipment 生成完成，记录数: 1
INFO:app.services.data_generator:开始为依赖表 oms_order_item 生成数据
INFO:app.core.database:批量执行SQL，查询: INSERT INTO oms_order_item (id, order_id, product_sku, product_name, quantity, price) VALUES ($1, $2, $3, $4, $5, $6), 值数量: 1
INFO:app.core.database:连接数据库: 172.16.10.196:5432/db_house
INFO:app.core.database:批量执行SQL完成
INFO:app.services.data_generator:表 oms_order_item 已插入剩余 1 条记录并缓存主键值
INFO:app.services.data_generator:依赖表 oms_order_item 生成完成，记录数: 1
INFO:app.services.data_generator:数据生成完成，总记录数: 7
INFO:app.services.data_generator:退出 generate_data_for_tables 方法
INFO:app.services.data_generator:开始 generate_data_for_tables 方法
INFO:app.services.data_generator:独立表（阶段1）: ['crawler_competitor_price', 'crm_customer', 'ext_market_trend']
INFO:app.services.data_generator:依赖表（阶段2）: ['oms_order', 'lms_shipment', 'fms_financial_transaction', 'oms_order_item']
INFO:app.services.data_generator:初始化数据库计数器
INFO:app.core.database:执行查询: SELECT MAX(id) FROM crawler_competitor_price, 参数: ()
INFO:app.core.database:连接数据库: 172.16.10.196:5432/db_house
INFO:app.core.database:查询执行成功
INFO:app.core.database:执行查询: SELECT MAX(id) FROM ext_market_trend, 参数: ()
INFO:app.core.database:连接数据库: 172.16.10.196:5432/db_house
INFO:app.core.database:查询执行成功
INFO:app.core.database:执行查询: SELECT MAX(id) FROM oms_order_item, 参数: ()
INFO:app.core.database:连接数据库: 172.16.10.196:5432/db_house
INFO:app.core.database:查询执行成功
INFO:app.services.data_generator:计数器初始化完成: {'crawler_competitor_price_id': 83, 'ext_market_trend_id': 83, 'oms_order_item_id': 83}
INFO:app.services.data_generator:开始处理日期: 2025-10-21
INFO:app.services.data_generator:当天计划生成记录数: 1
INFO:app.services.data_generator:已清空外键缓存
INFO:app.services.data_generator:=== 阶段1：生成独立表 ===
INFO:app.services.data_generator:开始为独立表 crawler_competitor_price 生成数据
INFO:app.core.database:批量执行SQL，查询: INSERT INTO crawler_competitor_price (id, crawl_time, platform, competitor_name, product_name, product_sku, price, promotion_info, is_in_stock) VALUES ($1, $2, $3, $4, $5, $6, $7, $8, $9), 值数量: 1
INFO:app.core.database:连接数据库: 172.16.10.196:5432/db_house
INFO:app.core.database:批量执行SQL完成
INFO:app.services.data_generator:表 crawler_competitor_price 已插入剩余 1 条记录并缓存主键值
INFO:app.services.data_generator:独立表 crawler_competitor_price 生成完成，记录数: 1
INFO:app.services.data_generator:开始为独立表 crm_customer 生成数据
INFO:app.core.database:批量执行SQL，查询: INSERT INTO crm_customer (customer_id, name, gender, phone, email, birthday, address, create_time, update_time, is_deleted) VALUES ($1, $2, $3, $4, $5, $6, $7, $8, $9, $10), 值数量: 1
INFO:app.core.database:连接数据库: 172.16.10.196:5432/db_house
INFO:app.core.database:批量执行SQL完成
INFO:app.services.data_generator:表 crm_customer 已插入剩余 1 条记录并缓存主键值
INFO:app.services.data_generator:独立表 crm_customer 生成完成，记录数: 1
INFO:app.services.data_generator:开始为独立表 ext_market_trend 生成数据
INFO:app.core.database:批量执行SQL，查询: INSERT INTO ext_market_trend (id, period, region, category, market_size, growth_rate, data_source) VALUES ($1, $2, $3, $4, $5, $6, $7), 值数量: 1
INFO:app.core.database:连接数据库: 172.16.10.196:5432/db_house
INFO:app.core.database:批量执行SQL完成
INFO:app.services.data_generator:表 ext_market_trend 已插入剩余 1 条记录并缓存主键值
INFO:app.services.data_generator:独立表 ext_market_trend 生成完成，记录数: 1
INFO:app.services.data_generator:=== 阶段2：生成依赖表 ===
INFO:app.services.data_generator:表依赖排序结果: ['oms_order', 'fms_financial_transaction', 'lms_shipment', 'oms_order_item']
INFO:app.services.data_generator:排序后的依赖表: ['oms_order', 'fms_financial_transaction', 'lms_shipment', 'oms_order_item']
INFO:app.services.data_generator:开始为依赖表 oms_order 生成数据
INFO:app.core.database:批量执行SQL，查询: INSERT INTO oms_order (order_id, order_channel, customer_code, order_amount, discount_amount, pay_amount, order_status, province, city, district, detail_address, order_time) VALUES ($1, $2, $3, $4, $5, $6, $7, $8, $9, $10, $11, $12), 值数量: 1
INFO:app.core.database:连接数据库: 172.16.10.196:5432/db_house
INFO:app.core.database:批量执行SQL完成
INFO:app.services.data_generator:表 oms_order 已插入剩余 1 条记录并缓存主键值
INFO:app.services.data_generator:依赖表 oms_order 生成完成，记录数: 1
INFO:app.services.data_generator:开始为依赖表 fms_financial_transaction 生成数据
INFO:app.core.database:批量执行SQL，查询: INSERT INTO fms_financial_transaction (transaction_id, order_id, payment_method, transaction_type, transaction_amount, transaction_status, transaction_time) VALUES ($1, $2, $3, $4, $5, $6, $7), 值数量: 1
INFO:app.core.database:连接数据库: 172.16.10.196:5432/db_house
INFO:app.core.database:批量执行SQL完成
INFO:app.services.data_generator:表 fms_financial_transaction 已插入剩余 1 条记录并缓存主键值
INFO:app.services.data_generator:依赖表 fms_financial_transaction 生成完成，记录数: 1
INFO:app.services.data_generator:开始为依赖表 lms_shipment 生成数据
INFO:app.core.database:批量执行SQL，查询: INSERT INTO lms_shipment (shipment_id, order_id, carrier, sender_address, receiver_info, current_status, shipping_time, estimated_delivery, actual_delivery) VALUES ($1, $2, $3, $4, $5, $6, $7, $8, $9), 值数量: 1
INFO:app.core.database:连接数据库: 172.16.10.196:5432/db_house
INFO:app.core.database:批量执行SQL完成
INFO:app.services.data_generator:表 lms_shipment 已插入剩余 1 条记录并缓存主键值
INFO:app.services.data_generator:依赖表 lms_shipment 生成完成，记录数: 1
INFO:app.services.data_generator:开始为依赖表 oms_order_item 生成数据
INFO:app.core.database:批量执行SQL，查询: INSERT INTO oms_order_item (id, order_id, product_sku, product_name, quantity, price) VALUES ($1, $2, $3, $4, $5, $6), 值数量: 1
INFO:app.core.database:连接数据库: 172.16.10.196:5432/db_house
INFO:app.core.database:批量执行SQL完成
INFO:app.services.data_generator:表 oms_order_item 已插入剩余 1 条记录并缓存主键值
INFO:app.services.data_generator:依赖表 oms_order_item 生成完成，记录数: 1
INFO:app.services.data_generator:数据生成完成，总记录数: 7
INFO:app.services.data_generator:退出 generate_data_for_tables 方法
INFO:app.services.data_generator:开始 generate_data_for_tables 方法
INFO:app.services.data_generator:独立表（阶段1）: ['crawler_competitor_price', 'crm_customer', 'ext_market_trend']
INFO:app.services.data_generator:依赖表（阶段2）: ['oms_order', 'lms_shipment', 'fms_financial_transaction', 'oms_order_item']
INFO:app.services.data_generator:初始化数据库计数器
INFO:app.core.database:执行查询: SELECT MAX(id) FROM crawler_competitor_price, 参数: ()
INFO:app.core.database:连接数据库: 172.16.10.196:5432/db_house
INFO:app.core.database:查询执行成功
INFO:app.core.database:执行查询: SELECT MAX(id) FROM ext_market_trend, 参数: ()
INFO:app.core.database:连接数据库: 172.16.10.196:5432/db_house
INFO:app.core.database:查询执行成功
INFO:app.core.database:执行查询: SELECT MAX(id) FROM oms_order_item, 参数: ()
INFO:app.core.database:连接数据库: 172.16.10.196:5432/db_house
INFO:app.core.database:查询执行成功
INFO:app.services.data_generator:计数器初始化完成: {'crawler_competitor_price_id': 84, 'ext_market_trend_id': 84, 'oms_order_item_id': 84}
INFO:app.services.data_generator:开始处理日期: 2025-10-21
INFO:app.services.data_generator:当天计划生成记录数: 1
INFO:app.services.data_generator:已清空外键缓存
INFO:app.services.data_generator:=== 阶段1：生成独立表 ===
INFO:app.services.data_generator:开始为独立表 crawler_competitor_price 生成数据
INFO:app.core.database:批量执行SQL，查询: INSERT INTO crawler_competitor_price (id, crawl_time, platform, competitor_name, product_name, product_sku, price, promotion_info, is_in_stock) VALUES ($1, $2, $3, $4, $5, $6, $7, $8, $9), 值数量: 1
INFO:app.core.database:连接数据库: 172.16.10.196:5432/db_house
INFO:app.core.database:批量执行SQL完成
INFO:app.services.data_generator:表 crawler_competitor_price 已插入剩余 1 条记录并缓存主键值
INFO:app.services.data_generator:独立表 crawler_competitor_price 生成完成，记录数: 1
INFO:app.services.data_generator:开始为独立表 crm_customer 生成数据
INFO:app.core.database:批量执行SQL，查询: INSERT INTO crm_customer (customer_id, name, gender, phone, email, birthday, address, create_time, update_time, is_deleted) VALUES ($1, $2, $3, $4, $5, $6, $7, $8, $9, $10), 值数量: 1
INFO:app.core.database:连接数据库: 172.16.10.196:5432/db_house
INFO:app.core.database:批量执行SQL完成
INFO:app.services.data_generator:表 crm_customer 已插入剩余 1 条记录并缓存主键值
INFO:app.services.data_generator:独立表 crm_customer 生成完成，记录数: 1
INFO:app.services.data_generator:开始为独立表 ext_market_trend 生成数据
INFO:app.core.database:批量执行SQL，查询: INSERT INTO ext_market_trend (id, period, region, category, market_size, growth_rate, data_source) VALUES ($1, $2, $3, $4, $5, $6, $7), 值数量: 1
INFO:app.core.database:连接数据库: 172.16.10.196:5432/db_house
INFO:app.core.database:批量执行SQL完成
INFO:app.services.data_generator:表 ext_market_trend 已插入剩余 1 条记录并缓存主键值
INFO:app.services.data_generator:独立表 ext_market_trend 生成完成，记录数: 1
INFO:app.services.data_generator:=== 阶段2：生成依赖表 ===
INFO:app.services.data_generator:表依赖排序结果: ['oms_order', 'fms_financial_transaction', 'lms_shipment', 'oms_order_item']
INFO:app.services.data_generator:排序后的依赖表: ['oms_order', 'fms_financial_transaction', 'lms_shipment', 'oms_order_item']
INFO:app.services.data_generator:开始为依赖表 oms_order 生成数据
INFO:app.core.database:批量执行SQL，查询: INSERT INTO oms_order (order_id, order_channel, customer_code, order_amount, discount_amount, pay_amount, order_status, province, city, district, detail_address, order_time) VALUES ($1, $2, $3, $4, $5, $6, $7, $8, $9, $10, $11, $12), 值数量: 1
INFO:app.core.database:连接数据库: 172.16.10.196:5432/db_house
INFO:app.core.database:批量执行SQL完成
INFO:app.services.data_generator:表 oms_order 已插入剩余 1 条记录并缓存主键值
INFO:app.services.data_generator:依赖表 oms_order 生成完成，记录数: 1
INFO:app.services.data_generator:开始为依赖表 fms_financial_transaction 生成数据
INFO:app.core.database:批量执行SQL，查询: INSERT INTO fms_financial_transaction (transaction_id, order_id, payment_method, transaction_type, transaction_amount, transaction_status, transaction_time) VALUES ($1, $2, $3, $4, $5, $6, $7), 值数量: 1
INFO:app.core.database:连接数据库: 172.16.10.196:5432/db_house
INFO:app.core.database:批量执行SQL完成
INFO:app.services.data_generator:表 fms_financial_transaction 已插入剩余 1 条记录并缓存主键值
INFO:app.services.data_generator:依赖表 fms_financial_transaction 生成完成，记录数: 1
INFO:app.services.data_generator:开始为依赖表 lms_shipment 生成数据
INFO:app.core.database:批量执行SQL，查询: INSERT INTO lms_shipment (shipment_id, order_id, carrier, sender_address, receiver_info, current_status, shipping_time, estimated_delivery, actual_delivery) VALUES ($1, $2, $3, $4, $5, $6, $7, $8, $9), 值数量: 1
INFO:app.core.database:连接数据库: 172.16.10.196:5432/db_house
INFO:app.core.database:批量执行SQL完成
INFO:app.services.data_generator:表 lms_shipment 已插入剩余 1 条记录并缓存主键值
INFO:app.services.data_generator:依赖表 lms_shipment 生成完成，记录数: 1
INFO:app.services.data_generator:开始为依赖表 oms_order_item 生成数据
INFO:app.core.database:批量执行SQL，查询: INSERT INTO oms_order_item (id, order_id, product_sku, product_name, quantity, price) VALUES ($1, $2, $3, $4, $5, $6), 值数量: 1
INFO:app.core.database:连接数据库: 172.16.10.196:5432/db_house
INFO:app.core.database:批量执行SQL完成
INFO:app.services.data_generator:表 oms_order_item 已插入剩余 1 条记录并缓存主键值
INFO:app.services.data_generator:依赖表 oms_order_item 生成完成，记录数: 1
INFO:app.services.data_generator:数据生成完成，总记录数: 7
INFO:app.services.data_generator:退出 generate_data_for_tables 方法
INFO:app.services.data_generator:开始 generate_data_for_tables 方法
INFO:app.services.data_generator:独立表（阶段1）: ['crawler_competitor_price', 'crm_customer', 'ext_market_trend']
INFO:app.services.data_generator:依赖表（阶段2）: ['oms_order', 'lms_shipment', 'fms_financial_transaction', 'oms_order_item']
INFO:app.services.data_generator:初始化数据库计数器
INFO:app.core.database:执行查询: SELECT MAX(id) FROM crawler_competitor_price, 参数: ()
INFO:app.core.database:连接数据库: 172.16.10.196:5432/db_house
INFO:app.core.database:查询执行成功
INFO:app.core.database:执行查询: SELECT MAX(id) FROM ext_market_trend, 参数: ()
INFO:app.core.database:连接数据库: 172.16.10.196:5432/db_house
INFO:app.core.database:查询执行成功
INFO:app.core.database:执行查询: SELECT MAX(id) FROM oms_order_item, 参数: ()
INFO:app.core.database:连接数据库: 172.16.10.196:5432/db_house
INFO:app.core.database:查询执行成功
INFO:app.services.data_generator:计数器初始化完成: {'crawler_competitor_price_id': 85, 'ext_market_trend_id': 85, 'oms_order_item_id': 85}
INFO:app.services.data_generator:开始处理日期: 2025-10-21
INFO:app.services.data_generator:当天计划生成记录数: 1
INFO:app.services.data_generator:已清空外键缓存
INFO:app.services.data_generator:=== 阶段1：生成独立表 ===
INFO:app.services.data_generator:开始为独立表 crawler_competitor_price 生成数据
INFO:app.core.database:批量执行SQL，查询: INSERT INTO crawler_competitor_price (id, crawl_time, platform, competitor_name, product_name, product_sku, price, promotion_info, is_in_stock) VALUES ($1, $2, $3, $4, $5, $6, $7, $8, $9), 值数量: 1
INFO:app.core.database:连接数据库: 172.16.10.196:5432/db_house
INFO:app.core.database:批量执行SQL完成
INFO:app.services.data_generator:表 crawler_competitor_price 已插入剩余 1 条记录并缓存主键值
INFO:app.services.data_generator:独立表 crawler_competitor_price 生成完成，记录数: 1
INFO:app.services.data_generator:开始为独立表 crm_customer 生成数据
INFO:app.core.database:批量执行SQL，查询: INSERT INTO crm_customer (customer_id, name, gender, phone, email, birthday, address, create_time, update_time, is_deleted) VALUES ($1, $2, $3, $4, $5, $6, $7, $8, $9, $10), 值数量: 1
INFO:app.core.database:连接数据库: 172.16.10.196:5432/db_house
INFO:app.core.database:批量执行SQL完成
INFO:app.services.data_generator:表 crm_customer 已插入剩余 1 条记录并缓存主键值
INFO:app.services.data_generator:独立表 crm_customer 生成完成，记录数: 1
INFO:app.services.data_generator:开始为独立表 ext_market_trend 生成数据
INFO:app.core.database:批量执行SQL，查询: INSERT INTO ext_market_trend (id, period, region, category, market_size, growth_rate, data_source) VALUES ($1, $2, $3, $4, $5, $6, $7), 值数量: 1
INFO:app.core.database:连接数据库: 172.16.10.196:5432/db_house
INFO:app.core.database:批量执行SQL完成
INFO:app.services.data_generator:表 ext_market_trend 已插入剩余 1 条记录并缓存主键值
INFO:app.services.data_generator:独立表 ext_market_trend 生成完成，记录数: 1
INFO:app.services.data_generator:=== 阶段2：生成依赖表 ===
INFO:app.services.data_generator:表依赖排序结果: ['oms_order', 'fms_financial_transaction', 'lms_shipment', 'oms_order_item']
INFO:app.services.data_generator:排序后的依赖表: ['oms_order', 'fms_financial_transaction', 'lms_shipment', 'oms_order_item']
INFO:app.services.data_generator:开始为依赖表 oms_order 生成数据
INFO:app.core.database:批量执行SQL，查询: INSERT INTO oms_order (order_id, order_channel, customer_code, order_amount, discount_amount, pay_amount, order_status, province, city, district, detail_address, order_time) VALUES ($1, $2, $3, $4, $5, $6, $7, $8, $9, $10, $11, $12), 值数量: 1
INFO:app.core.database:连接数据库: 172.16.10.196:5432/db_house
INFO:app.core.database:批量执行SQL完成
INFO:app.services.data_generator:表 oms_order 已插入剩余 1 条记录并缓存主键值
INFO:app.services.data_generator:依赖表 oms_order 生成完成，记录数: 1
INFO:app.services.data_generator:开始为依赖表 fms_financial_transaction 生成数据
INFO:app.core.database:批量执行SQL，查询: INSERT INTO fms_financial_transaction (transaction_id, order_id, payment_method, transaction_type, transaction_amount, transaction_status, transaction_time) VALUES ($1, $2, $3, $4, $5, $6, $7), 值数量: 1
INFO:app.core.database:连接数据库: 172.16.10.196:5432/db_house
INFO:app.core.database:批量执行SQL完成
INFO:app.services.data_generator:表 fms_financial_transaction 已插入剩余 1 条记录并缓存主键值
INFO:app.services.data_generator:依赖表 fms_financial_transaction 生成完成，记录数: 1
INFO:app.services.data_generator:开始为依赖表 lms_shipment 生成数据
INFO:app.core.database:批量执行SQL，查询: INSERT INTO lms_shipment (shipment_id, order_id, carrier, sender_address, receiver_info, current_status, shipping_time, estimated_delivery, actual_delivery) VALUES ($1, $2, $3, $4, $5, $6, $7, $8, $9), 值数量: 1
INFO:app.core.database:连接数据库: 172.16.10.196:5432/db_house
INFO:app.core.database:批量执行SQL完成
INFO:app.services.data_generator:表 lms_shipment 已插入剩余 1 条记录并缓存主键值
INFO:app.services.data_generator:依赖表 lms_shipment 生成完成，记录数: 1
INFO:app.services.data_generator:开始为依赖表 oms_order_item 生成数据
INFO:app.core.database:批量执行SQL，查询: INSERT INTO oms_order_item (id, order_id, product_sku, product_name, quantity, price) VALUES ($1, $2, $3, $4, $5, $6), 值数量: 1
INFO:app.core.database:连接数据库: 172.16.10.196:5432/db_house
INFO:app.core.database:批量执行SQL完成
INFO:app.services.data_generator:表 oms_order_item 已插入剩余 1 条记录并缓存主键值
INFO:app.services.data_generator:依赖表 oms_order_item 生成完成，记录数: 1
INFO:app.services.data_generator:数据生成完成，总记录数: 7
INFO:app.services.data_generator:退出 generate_data_for_tables 方法
INFO:app.services.data_generator:开始 generate_data_for_tables 方法
INFO:app.services.data_generator:独立表（阶段1）: ['crawler_competitor_price', 'crm_customer', 'ext_market_trend']
INFO:app.services.data_generator:依赖表（阶段2）: ['oms_order', 'lms_shipment', 'fms_financial_transaction', 'oms_order_item']
INFO:app.services.data_generator:初始化数据库计数器
INFO:app.core.database:执行查询: SELECT MAX(id) FROM crawler_competitor_price, 参数: ()
INFO:app.core.database:连接数据库: 172.16.10.196:5432/db_house
INFO:app.core.database:查询执行成功
INFO:app.core.database:执行查询: SELECT MAX(id) FROM ext_market_trend, 参数: ()
INFO:app.core.database:连接数据库: 172.16.10.196:5432/db_house
INFO:app.core.database:查询执行成功
INFO:app.core.database:执行查询: SELECT MAX(id) FROM oms_order_item, 参数: ()
INFO:app.core.database:连接数据库: 172.16.10.196:5432/db_house
INFO:app.core.database:查询执行成功
INFO:app.services.data_generator:计数器初始化完成: {'crawler_competitor_price_id': 86, 'ext_market_trend_id': 86, 'oms_order_item_id': 86}
INFO:app.services.data_generator:开始处理日期: 2025-10-21
INFO:app.services.data_generator:当天计划生成记录数: 1
INFO:app.services.data_generator:已清空外键缓存
INFO:app.services.data_generator:=== 阶段1：生成独立表 ===
INFO:app.services.data_generator:开始为独立表 crawler_competitor_price 生成数据
INFO:app.core.database:批量执行SQL，查询: INSERT INTO crawler_competitor_price (id, crawl_time, platform, competitor_name, product_name, product_sku, price, promotion_info, is_in_stock) VALUES ($1, $2, $3, $4, $5, $6, $7, $8, $9), 值数量: 1
INFO:app.core.database:连接数据库: 172.16.10.196:5432/db_house
INFO:app.core.database:批量执行SQL完成
INFO:app.services.data_generator:表 crawler_competitor_price 已插入剩余 1 条记录并缓存主键值
INFO:app.services.data_generator:独立表 crawler_competitor_price 生成完成，记录数: 1
INFO:app.services.data_generator:开始为独立表 crm_customer 生成数据
INFO:app.core.database:批量执行SQL，查询: INSERT INTO crm_customer (customer_id, name, gender, phone, email, birthday, address, create_time, update_time, is_deleted) VALUES ($1, $2, $3, $4, $5, $6, $7, $8, $9, $10), 值数量: 1
INFO:app.core.database:连接数据库: 172.16.10.196:5432/db_house
INFO:app.core.database:批量执行SQL完成
INFO:app.services.data_generator:表 crm_customer 已插入剩余 1 条记录并缓存主键值
INFO:app.services.data_generator:独立表 crm_customer 生成完成，记录数: 1
INFO:app.services.data_generator:开始为独立表 ext_market_trend 生成数据
INFO:app.core.database:批量执行SQL，查询: INSERT INTO ext_market_trend (id, period, region, category, market_size, growth_rate, data_source) VALUES ($1, $2, $3, $4, $5, $6, $7), 值数量: 1
INFO:app.core.database:连接数据库: 172.16.10.196:5432/db_house
INFO:app.core.database:批量执行SQL完成
INFO:app.services.data_generator:表 ext_market_trend 已插入剩余 1 条记录并缓存主键值
INFO:app.services.data_generator:独立表 ext_market_trend 生成完成，记录数: 1
INFO:app.services.data_generator:=== 阶段2：生成依赖表 ===
INFO:app.services.data_generator:表依赖排序结果: ['oms_order', 'fms_financial_transaction', 'lms_shipment', 'oms_order_item']
INFO:app.services.data_generator:排序后的依赖表: ['oms_order', 'fms_financial_transaction', 'lms_shipment', 'oms_order_item']
INFO:app.services.data_generator:开始为依赖表 oms_order 生成数据
INFO:app.core.database:批量执行SQL，查询: INSERT INTO oms_order (order_id, order_channel, customer_code, order_amount, discount_amount, pay_amount, order_status, province, city, district, detail_address, order_time) VALUES ($1, $2, $3, $4, $5, $6, $7, $8, $9, $10, $11, $12), 值数量: 1
INFO:app.core.database:连接数据库: 172.16.10.196:5432/db_house
INFO:app.core.database:批量执行SQL完成
INFO:app.services.data_generator:表 oms_order 已插入剩余 1 条记录并缓存主键值
INFO:app.services.data_generator:依赖表 oms_order 生成完成，记录数: 1
INFO:app.services.data_generator:开始为依赖表 fms_financial_transaction 生成数据
INFO:app.core.database:批量执行SQL，查询: INSERT INTO fms_financial_transaction (transaction_id, order_id, payment_method, transaction_type, transaction_amount, transaction_status, transaction_time) VALUES ($1, $2, $3, $4, $5, $6, $7), 值数量: 1
INFO:app.core.database:连接数据库: 172.16.10.196:5432/db_house
INFO:app.core.database:批量执行SQL完成
INFO:app.services.data_generator:表 fms_financial_transaction 已插入剩余 1 条记录并缓存主键值
INFO:app.services.data_generator:依赖表 fms_financial_transaction 生成完成，记录数: 1
INFO:app.services.data_generator:开始为依赖表 lms_shipment 生成数据
INFO:app.core.database:批量执行SQL，查询: INSERT INTO lms_shipment (shipment_id, order_id, carrier, sender_address, receiver_info, current_status, shipping_time, estimated_delivery, actual_delivery) VALUES ($1, $2, $3, $4, $5, $6, $7, $8, $9), 值数量: 1
INFO:app.core.database:连接数据库: 172.16.10.196:5432/db_house
INFO:app.core.database:批量执行SQL完成
INFO:app.services.data_generator:表 lms_shipment 已插入剩余 1 条记录并缓存主键值
INFO:app.services.data_generator:依赖表 lms_shipment 生成完成，记录数: 1
INFO:app.services.data_generator:开始为依赖表 oms_order_item 生成数据
INFO:app.core.database:批量执行SQL，查询: INSERT INTO oms_order_item (id, order_id, product_sku, product_name, quantity, price) VALUES ($1, $2, $3, $4, $5, $6), 值数量: 1
INFO:app.core.database:连接数据库: 172.16.10.196:5432/db_house
INFO:app.core.database:批量执行SQL完成
INFO:app.services.data_generator:表 oms_order_item 已插入剩余 1 条记录并缓存主键值
INFO:app.services.data_generator:依赖表 oms_order_item 生成完成，记录数: 1
INFO:app.services.data_generator:数据生成完成，总记录数: 7
INFO:app.services.data_generator:退出 generate_data_for_tables 方法
INFO:app.services.data_generator:开始 generate_data_for_tables 方法
INFO:app.services.data_generator:独立表（阶段1）: ['crawler_competitor_price', 'crm_customer', 'ext_market_trend']
INFO:app.services.data_generator:依赖表（阶段2）: ['oms_order', 'lms_shipment', 'fms_financial_transaction', 'oms_order_item']
INFO:app.services.data_generator:初始化数据库计数器
INFO:app.core.database:执行查询: SELECT MAX(id) FROM crawler_competitor_price, 参数: ()
INFO:app.core.database:连接数据库: 172.16.10.196:5432/db_house
INFO:app.core.database:查询执行成功
INFO:app.core.database:执行查询: SELECT MAX(id) FROM ext_market_trend, 参数: ()
INFO:app.core.database:连接数据库: 172.16.10.196:5432/db_house
INFO:app.core.database:查询执行成功
INFO:app.core.database:执行查询: SELECT MAX(id) FROM oms_order_item, 参数: ()
INFO:app.core.database:连接数据库: 172.16.10.196:5432/db_house
INFO:app.core.database:查询执行成功
INFO:app.services.data_generator:计数器初始化完成: {'crawler_competitor_price_id': 87, 'ext_market_trend_id': 87, 'oms_order_item_id': 87}
INFO:app.services.data_generator:开始处理日期: 2025-10-21
INFO:app.services.data_generator:当天计划生成记录数: 1
INFO:app.services.data_generator:已清空外键缓存
INFO:app.services.data_generator:=== 阶段1：生成独立表 ===
INFO:app.services.data_generator:开始为独立表 crawler_competitor_price 生成数据
INFO:app.core.database:批量执行SQL，查询: INSERT INTO crawler_competitor_price (id, crawl_time, platform, competitor_name, product_name, product_sku, price, promotion_info, is_in_stock) VALUES ($1, $2, $3, $4, $5, $6, $7, $8, $9), 值数量: 1
INFO:app.core.database:连接数据库: 172.16.10.196:5432/db_house
INFO:app.core.database:批量执行SQL完成
INFO:app.services.data_generator:表 crawler_competitor_price 已插入剩余 1 条记录并缓存主键值
INFO:app.services.data_generator:独立表 crawler_competitor_price 生成完成，记录数: 1
INFO:app.services.data_generator:开始为独立表 crm_customer 生成数据
INFO:app.core.database:批量执行SQL，查询: INSERT INTO crm_customer (customer_id, name, gender, phone, email, birthday, address, create_time, update_time, is_deleted) VALUES ($1, $2, $3, $4, $5, $6, $7, $8, $9, $10), 值数量: 1
INFO:app.core.database:连接数据库: 172.16.10.196:5432/db_house
INFO:app.core.database:批量执行SQL完成
INFO:app.services.data_generator:表 crm_customer 已插入剩余 1 条记录并缓存主键值
INFO:app.services.data_generator:独立表 crm_customer 生成完成，记录数: 1
INFO:app.services.data_generator:开始为独立表 ext_market_trend 生成数据
INFO:app.core.database:批量执行SQL，查询: INSERT INTO ext_market_trend (id, period, region, category, market_size, growth_rate, data_source) VALUES ($1, $2, $3, $4, $5, $6, $7), 值数量: 1
INFO:app.core.database:连接数据库: 172.16.10.196:5432/db_house
INFO:app.core.database:批量执行SQL完成
INFO:app.services.data_generator:表 ext_market_trend 已插入剩余 1 条记录并缓存主键值
INFO:app.services.data_generator:独立表 ext_market_trend 生成完成，记录数: 1
INFO:app.services.data_generator:=== 阶段2：生成依赖表 ===
INFO:app.services.data_generator:表依赖排序结果: ['oms_order', 'fms_financial_transaction', 'lms_shipment', 'oms_order_item']
INFO:app.services.data_generator:排序后的依赖表: ['oms_order', 'fms_financial_transaction', 'lms_shipment', 'oms_order_item']
INFO:app.services.data_generator:开始为依赖表 oms_order 生成数据
INFO:app.core.database:批量执行SQL，查询: INSERT INTO oms_order (order_id, order_channel, customer_code, order_amount, discount_amount, pay_amount, order_status, province, city, district, detail_address, order_time) VALUES ($1, $2, $3, $4, $5, $6, $7, $8, $9, $10, $11, $12), 值数量: 1
INFO:app.core.database:连接数据库: 172.16.10.196:5432/db_house
INFO:app.core.database:批量执行SQL完成
INFO:app.services.data_generator:表 oms_order 已插入剩余 1 条记录并缓存主键值
INFO:app.services.data_generator:依赖表 oms_order 生成完成，记录数: 1
INFO:app.services.data_generator:开始为依赖表 fms_financial_transaction 生成数据
INFO:app.core.database:批量执行SQL，查询: INSERT INTO fms_financial_transaction (transaction_id, order_id, payment_method, transaction_type, transaction_amount, transaction_status, transaction_time) VALUES ($1, $2, $3, $4, $5, $6, $7), 值数量: 1
INFO:app.core.database:连接数据库: 172.16.10.196:5432/db_house
INFO:app.core.database:批量执行SQL完成
INFO:app.services.data_generator:表 fms_financial_transaction 已插入剩余 1 条记录并缓存主键值
INFO:app.services.data_generator:依赖表 fms_financial_transaction 生成完成，记录数: 1
INFO:app.services.data_generator:开始为依赖表 lms_shipment 生成数据
INFO:app.core.database:批量执行SQL，查询: INSERT INTO lms_shipment (shipment_id, order_id, carrier, sender_address, receiver_info, current_status, shipping_time, estimated_delivery, actual_delivery) VALUES ($1, $2, $3, $4, $5, $6, $7, $8, $9), 值数量: 1
INFO:app.core.database:连接数据库: 172.16.10.196:5432/db_house
INFO:app.core.database:批量执行SQL完成
INFO:app.services.data_generator:表 lms_shipment 已插入剩余 1 条记录并缓存主键值
INFO:app.services.data_generator:依赖表 lms_shipment 生成完成，记录数: 1
INFO:app.services.data_generator:开始为依赖表 oms_order_item 生成数据
INFO:app.core.database:批量执行SQL，查询: INSERT INTO oms_order_item (id, order_id, product_sku, product_name, quantity, price) VALUES ($1, $2, $3, $4, $5, $6), 值数量: 1
INFO:app.core.database:连接数据库: 172.16.10.196:5432/db_house
INFO:app.core.database:批量执行SQL完成
INFO:app.services.data_generator:表 oms_order_item 已插入剩余 1 条记录并缓存主键值
INFO:app.services.data_generator:依赖表 oms_order_item 生成完成，记录数: 1
INFO:app.services.data_generator:数据生成完成，总记录数: 7
INFO:app.services.data_generator:退出 generate_data_for_tables 方法
INFO:app.services.data_generator:开始 generate_data_for_tables 方法
INFO:app.services.data_generator:独立表（阶段1）: ['crawler_competitor_price', 'crm_customer', 'ext_market_trend']
INFO:app.services.data_generator:依赖表（阶段2）: ['oms_order', 'lms_shipment', 'fms_financial_transaction', 'oms_order_item']
INFO:app.services.data_generator:初始化数据库计数器
INFO:app.core.database:执行查询: SELECT MAX(id) FROM crawler_competitor_price, 参数: ()
INFO:app.core.database:连接数据库: 172.16.10.196:5432/db_house
INFO:app.core.database:查询执行成功
INFO:app.core.database:执行查询: SELECT MAX(id) FROM ext_market_trend, 参数: ()
INFO:app.core.database:连接数据库: 172.16.10.196:5432/db_house
INFO:app.core.database:查询执行成功
INFO:app.core.database:执行查询: SELECT MAX(id) FROM oms_order_item, 参数: ()
INFO:app.core.database:连接数据库: 172.16.10.196:5432/db_house
INFO:app.core.database:查询执行成功
INFO:app.services.data_generator:计数器初始化完成: {'crawler_competitor_price_id': 88, 'ext_market_trend_id': 88, 'oms_order_item_id': 88}
INFO:app.services.data_generator:开始处理日期: 2025-10-21
INFO:app.services.data_generator:当天计划生成记录数: 1
INFO:app.services.data_generator:已清空外键缓存
INFO:app.services.data_generator:=== 阶段1：生成独立表 ===
INFO:app.services.data_generator:开始为独立表 crawler_competitor_price 生成数据
INFO:app.core.database:批量执行SQL，查询: INSERT INTO crawler_competitor_price (id, crawl_time, platform, competitor_name, product_name, product_sku, price, promotion_info, is_in_stock) VALUES ($1, $2, $3, $4, $5, $6, $7, $8, $9), 值数量: 1
INFO:app.core.database:连接数据库: 172.16.10.196:5432/db_house
INFO:app.core.database:批量执行SQL完成
INFO:app.services.data_generator:表 crawler_competitor_price 已插入剩余 1 条记录并缓存主键值
INFO:app.services.data_generator:独立表 crawler_competitor_price 生成完成，记录数: 1
INFO:app.services.data_generator:开始为独立表 crm_customer 生成数据
INFO:app.core.database:批量执行SQL，查询: INSERT INTO crm_customer (customer_id, name, gender, phone, email, birthday, address, create_time, update_time, is_deleted) VALUES ($1, $2, $3, $4, $5, $6, $7, $8, $9, $10), 值数量: 1
INFO:app.core.database:连接数据库: 172.16.10.196:5432/db_house
INFO:app.core.database:批量执行SQL完成
INFO:app.services.data_generator:表 crm_customer 已插入剩余 1 条记录并缓存主键值
INFO:app.services.data_generator:独立表 crm_customer 生成完成，记录数: 1
INFO:app.services.data_generator:开始为独立表 ext_market_trend 生成数据
INFO:app.core.database:批量执行SQL，查询: INSERT INTO ext_market_trend (id, period, region, category, market_size, growth_rate, data_source) VALUES ($1, $2, $3, $4, $5, $6, $7), 值数量: 1
INFO:app.core.database:连接数据库: 172.16.10.196:5432/db_house
INFO:app.core.database:批量执行SQL完成
INFO:app.services.data_generator:表 ext_market_trend 已插入剩余 1 条记录并缓存主键值
INFO:app.services.data_generator:独立表 ext_market_trend 生成完成，记录数: 1
INFO:app.services.data_generator:=== 阶段2：生成依赖表 ===
INFO:app.services.data_generator:表依赖排序结果: ['oms_order', 'fms_financial_transaction', 'lms_shipment', 'oms_order_item']
INFO:app.services.data_generator:排序后的依赖表: ['oms_order', 'fms_financial_transaction', 'lms_shipment', 'oms_order_item']
INFO:app.services.data_generator:开始为依赖表 oms_order 生成数据
INFO:app.core.database:批量执行SQL，查询: INSERT INTO oms_order (order_id, order_channel, customer_code, order_amount, discount_amount, pay_amount, order_status, province, city, district, detail_address, order_time) VALUES ($1, $2, $3, $4, $5, $6, $7, $8, $9, $10, $11, $12), 值数量: 1
INFO:app.core.database:连接数据库: 172.16.10.196:5432/db_house
INFO:app.core.database:批量执行SQL完成
INFO:app.services.data_generator:表 oms_order 已插入剩余 1 条记录并缓存主键值
INFO:app.services.data_generator:依赖表 oms_order 生成完成，记录数: 1
INFO:app.services.data_generator:开始为依赖表 fms_financial_transaction 生成数据
INFO:app.core.database:批量执行SQL，查询: INSERT INTO fms_financial_transaction (transaction_id, order_id, payment_method, transaction_type, transaction_amount, transaction_status, transaction_time) VALUES ($1, $2, $3, $4, $5, $6, $7), 值数量: 1
INFO:app.core.database:连接数据库: 172.16.10.196:5432/db_house
INFO:app.core.database:批量执行SQL完成
INFO:app.services.data_generator:表 fms_financial_transaction 已插入剩余 1 条记录并缓存主键值
INFO:app.services.data_generator:依赖表 fms_financial_transaction 生成完成，记录数: 1
INFO:app.services.data_generator:开始为依赖表 lms_shipment 生成数据
INFO:app.core.database:批量执行SQL，查询: INSERT INTO lms_shipment (shipment_id, order_id, carrier, sender_address, receiver_info, current_status, shipping_time, estimated_delivery, actual_delivery) VALUES ($1, $2, $3, $4, $5, $6, $7, $8, $9), 值数量: 1
INFO:app.core.database:连接数据库: 172.16.10.196:5432/db_house
INFO:app.core.database:批量执行SQL完成
INFO:app.services.data_generator:表 lms_shipment 已插入剩余 1 条记录并缓存主键值
INFO:app.services.data_generator:依赖表 lms_shipment 生成完成，记录数: 1
INFO:app.services.data_generator:开始为依赖表 oms_order_item 生成数据
INFO:app.core.database:批量执行SQL，查询: INSERT INTO oms_order_item (id, order_id, product_sku, product_name, quantity, price) VALUES ($1, $2, $3, $4, $5, $6), 值数量: 1
INFO:app.core.database:连接数据库: 172.16.10.196:5432/db_house
INFO:app.core.database:批量执行SQL完成
INFO:app.services.data_generator:表 oms_order_item 已插入剩余 1 条记录并缓存主键值
INFO:app.services.data_generator:依赖表 oms_order_item 生成完成，记录数: 1
INFO:app.services.data_generator:数据生成完成，总记录数: 7
INFO:app.services.data_generator:退出 generate_data_for_tables 方法
INFO:app.services.data_generator:开始 generate_data_for_tables 方法
INFO:app.services.data_generator:独立表（阶段1）: ['crawler_competitor_price', 'crm_customer', 'ext_market_trend']
INFO:app.services.data_generator:依赖表（阶段2）: ['oms_order', 'lms_shipment', 'fms_financial_transaction', 'oms_order_item']
INFO:app.services.data_generator:初始化数据库计数器
INFO:app.core.database:执行查询: SELECT MAX(id) FROM crawler_competitor_price, 参数: ()
INFO:app.core.database:连接数据库: 172.16.10.196:5432/db_house
INFO:app.core.database:查询执行成功
INFO:app.core.database:执行查询: SELECT MAX(id) FROM ext_market_trend, 参数: ()
INFO:app.core.database:连接数据库: 172.16.10.196:5432/db_house
INFO:app.core.database:查询执行成功
INFO:app.core.database:执行查询: SELECT MAX(id) FROM oms_order_item, 参数: ()
INFO:app.core.database:连接数据库: 172.16.10.196:5432/db_house
INFO:app.core.database:查询执行成功
INFO:app.services.data_generator:计数器初始化完成: {'crawler_competitor_price_id': 89, 'ext_market_trend_id': 89, 'oms_order_item_id': 89}
INFO:app.services.data_generator:开始处理日期: 2025-10-21
INFO:app.services.data_generator:当天计划生成记录数: 1
INFO:app.services.data_generator:已清空外键缓存
INFO:app.services.data_generator:=== 阶段1：生成独立表 ===
INFO:app.services.data_generator:开始为独立表 crawler_competitor_price 生成数据
INFO:app.core.database:批量执行SQL，查询: INSERT INTO crawler_competitor_price (id, crawl_time, platform, competitor_name, product_name, product_sku, price, promotion_info, is_in_stock) VALUES ($1, $2, $3, $4, $5, $6, $7, $8, $9), 值数量: 1
INFO:app.core.database:连接数据库: 172.16.10.196:5432/db_house
INFO:app.core.database:批量执行SQL完成
INFO:app.services.data_generator:表 crawler_competitor_price 已插入剩余 1 条记录并缓存主键值
INFO:app.services.data_generator:独立表 crawler_competitor_price 生成完成，记录数: 1
INFO:app.services.data_generator:开始为独立表 crm_customer 生成数据
INFO:app.core.database:批量执行SQL，查询: INSERT INTO crm_customer (customer_id, name, gender, phone, email, birthday, address, create_time, update_time, is_deleted) VALUES ($1, $2, $3, $4, $5, $6, $7, $8, $9, $10), 值数量: 1
INFO:app.core.database:连接数据库: 172.16.10.196:5432/db_house
INFO:app.core.database:批量执行SQL完成
INFO:app.services.data_generator:表 crm_customer 已插入剩余 1 条记录并缓存主键值
INFO:app.services.data_generator:独立表 crm_customer 生成完成，记录数: 1
INFO:app.services.data_generator:开始为独立表 ext_market_trend 生成数据
INFO:app.core.database:批量执行SQL，查询: INSERT INTO ext_market_trend (id, period, region, category, market_size, growth_rate, data_source) VALUES ($1, $2, $3, $4, $5, $6, $7), 值数量: 1
INFO:app.core.database:连接数据库: 172.16.10.196:5432/db_house
INFO:app.core.database:批量执行SQL完成
INFO:app.services.data_generator:表 ext_market_trend 已插入剩余 1 条记录并缓存主键值
INFO:app.services.data_generator:独立表 ext_market_trend 生成完成，记录数: 1
INFO:app.services.data_generator:=== 阶段2：生成依赖表 ===
INFO:app.services.data_generator:表依赖排序结果: ['oms_order', 'fms_financial_transaction', 'lms_shipment', 'oms_order_item']
INFO:app.services.data_generator:排序后的依赖表: ['oms_order', 'fms_financial_transaction', 'lms_shipment', 'oms_order_item']
INFO:app.services.data_generator:开始为依赖表 oms_order 生成数据
INFO:app.core.database:批量执行SQL，查询: INSERT INTO oms_order (order_id, order_channel, customer_code, order_amount, discount_amount, pay_amount, order_status, province, city, district, detail_address, order_time) VALUES ($1, $2, $3, $4, $5, $6, $7, $8, $9, $10, $11, $12), 值数量: 1
INFO:app.core.database:连接数据库: 172.16.10.196:5432/db_house
INFO:app.core.database:批量执行SQL完成
INFO:app.services.data_generator:表 oms_order 已插入剩余 1 条记录并缓存主键值
INFO:app.services.data_generator:依赖表 oms_order 生成完成，记录数: 1
INFO:app.services.data_generator:开始为依赖表 fms_financial_transaction 生成数据
INFO:app.core.database:批量执行SQL，查询: INSERT INTO fms_financial_transaction (transaction_id, order_id, payment_method, transaction_type, transaction_amount, transaction_status, transaction_time) VALUES ($1, $2, $3, $4, $5, $6, $7), 值数量: 1
INFO:app.core.database:连接数据库: 172.16.10.196:5432/db_house
INFO:app.core.database:批量执行SQL完成
INFO:app.services.data_generator:表 fms_financial_transaction 已插入剩余 1 条记录并缓存主键值
INFO:app.services.data_generator:依赖表 fms_financial_transaction 生成完成，记录数: 1
INFO:app.services.data_generator:开始为依赖表 lms_shipment 生成数据
INFO:app.core.database:批量执行SQL，查询: INSERT INTO lms_shipment (shipment_id, order_id, carrier, sender_address, receiver_info, current_status, shipping_time, estimated_delivery, actual_delivery) VALUES ($1, $2, $3, $4, $5, $6, $7, $8, $9), 值数量: 1
INFO:app.core.database:连接数据库: 172.16.10.196:5432/db_house
INFO:app.core.database:批量执行SQL完成
INFO:app.services.data_generator:表 lms_shipment 已插入剩余 1 条记录并缓存主键值
INFO:app.services.data_generator:依赖表 lms_shipment 生成完成，记录数: 1
INFO:app.services.data_generator:开始为依赖表 oms_order_item 生成数据
INFO:app.core.database:批量执行SQL，查询: INSERT INTO oms_order_item (id, order_id, product_sku, product_name, quantity, price) VALUES ($1, $2, $3, $4, $5, $6), 值数量: 1
INFO:app.core.database:连接数据库: 172.16.10.196:5432/db_house
INFO:app.core.database:批量执行SQL完成
INFO:app.services.data_generator:表 oms_order_item 已插入剩余 1 条记录并缓存主键值
INFO:app.services.data_generator:依赖表 oms_order_item 生成完成，记录数: 1
INFO:app.services.data_generator:数据生成完成，总记录数: 7
INFO:app.services.data_generator:退出 generate_data_for_tables 方法
INFO:app.services.data_generator:开始 generate_data_for_tables 方法
INFO:app.services.data_generator:独立表（阶段1）: ['crawler_competitor_price', 'crm_customer', 'ext_market_trend']
INFO:app.services.data_generator:依赖表（阶段2）: ['oms_order', 'lms_shipment', 'fms_financial_transaction', 'oms_order_item']
INFO:app.services.data_generator:初始化数据库计数器
INFO:app.core.database:执行查询: SELECT MAX(id) FROM crawler_competitor_price, 参数: ()
INFO:app.core.database:连接数据库: 172.16.10.196:5432/db_house
INFO:app.core.database:查询执行成功
INFO:app.core.database:执行查询: SELECT MAX(id) FROM ext_market_trend, 参数: ()
INFO:app.core.database:连接数据库: 172.16.10.196:5432/db_house
INFO:app.core.database:查询执行成功
INFO:app.core.database:执行查询: SELECT MAX(id) FROM oms_order_item, 参数: ()
INFO:app.core.database:连接数据库: 172.16.10.196:5432/db_house
INFO:app.core.database:查询执行成功
INFO:app.services.data_generator:计数器初始化完成: {'crawler_competitor_price_id': 90, 'ext_market_trend_id': 90, 'oms_order_item_id': 90}
INFO:app.services.data_generator:开始处理日期: 2025-10-21
INFO:app.services.data_generator:当天计划生成记录数: 1
INFO:app.services.data_generator:已清空外键缓存
INFO:app.services.data_generator:=== 阶段1：生成独立表 ===
INFO:app.services.data_generator:开始为独立表 crawler_competitor_price 生成数据
INFO:app.core.database:批量执行SQL，查询: INSERT INTO crawler_competitor_price (id, crawl_time, platform, competitor_name, product_name, product_sku, price, promotion_info, is_in_stock) VALUES ($1, $2, $3, $4, $5, $6, $7, $8, $9), 值数量: 1
INFO:app.core.database:连接数据库: 172.16.10.196:5432/db_house
INFO:app.core.database:批量执行SQL完成
INFO:app.services.data_generator:表 crawler_competitor_price 已插入剩余 1 条记录并缓存主键值
INFO:app.services.data_generator:独立表 crawler_competitor_price 生成完成，记录数: 1
INFO:app.services.data_generator:开始为独立表 crm_customer 生成数据
INFO:app.core.database:批量执行SQL，查询: INSERT INTO crm_customer (customer_id, name, gender, phone, email, birthday, address, create_time, update_time, is_deleted) VALUES ($1, $2, $3, $4, $5, $6, $7, $8, $9, $10), 值数量: 1
INFO:app.core.database:连接数据库: 172.16.10.196:5432/db_house
INFO:app.core.database:批量执行SQL完成
INFO:app.services.data_generator:表 crm_customer 已插入剩余 1 条记录并缓存主键值
INFO:app.services.data_generator:独立表 crm_customer 生成完成，记录数: 1
INFO:app.services.data_generator:开始为独立表 ext_market_trend 生成数据
INFO:app.core.database:批量执行SQL，查询: INSERT INTO ext_market_trend (id, period, region, category, market_size, growth_rate, data_source) VALUES ($1, $2, $3, $4, $5, $6, $7), 值数量: 1
INFO:app.core.database:连接数据库: 172.16.10.196:5432/db_house
INFO:app.core.database:批量执行SQL完成
INFO:app.services.data_generator:表 ext_market_trend 已插入剩余 1 条记录并缓存主键值
INFO:app.services.data_generator:独立表 ext_market_trend 生成完成，记录数: 1
INFO:app.services.data_generator:=== 阶段2：生成依赖表 ===
INFO:app.services.data_generator:表依赖排序结果: ['oms_order', 'fms_financial_transaction', 'lms_shipment', 'oms_order_item']
INFO:app.services.data_generator:排序后的依赖表: ['oms_order', 'fms_financial_transaction', 'lms_shipment', 'oms_order_item']
INFO:app.services.data_generator:开始为依赖表 oms_order 生成数据
INFO:app.core.database:批量执行SQL，查询: INSERT INTO oms_order (order_id, order_channel, customer_code, order_amount, discount_amount, pay_amount, order_status, province, city, district, detail_address, order_time) VALUES ($1, $2, $3, $4, $5, $6, $7, $8, $9, $10, $11, $12), 值数量: 1
INFO:app.core.database:连接数据库: 172.16.10.196:5432/db_house
INFO:app.core.database:批量执行SQL完成
INFO:app.services.data_generator:表 oms_order 已插入剩余 1 条记录并缓存主键值
INFO:app.services.data_generator:依赖表 oms_order 生成完成，记录数: 1
INFO:app.services.data_generator:开始为依赖表 fms_financial_transaction 生成数据
INFO:app.core.database:批量执行SQL，查询: INSERT INTO fms_financial_transaction (transaction_id, order_id, payment_method, transaction_type, transaction_amount, transaction_status, transaction_time) VALUES ($1, $2, $3, $4, $5, $6, $7), 值数量: 1
INFO:app.core.database:连接数据库: 172.16.10.196:5432/db_house
INFO:app.core.database:批量执行SQL完成
INFO:app.services.data_generator:表 fms_financial_transaction 已插入剩余 1 条记录并缓存主键值
INFO:app.services.data_generator:依赖表 fms_financial_transaction 生成完成，记录数: 1
INFO:app.services.data_generator:开始为依赖表 lms_shipment 生成数据
INFO:app.core.database:批量执行SQL，查询: INSERT INTO lms_shipment (shipment_id, order_id, carrier, sender_address, receiver_info, current_status, shipping_time, estimated_delivery, actual_delivery) VALUES ($1, $2, $3, $4, $5, $6, $7, $8, $9), 值数量: 1
INFO:app.core.database:连接数据库: 172.16.10.196:5432/db_house
INFO:app.core.database:批量执行SQL完成
INFO:app.services.data_generator:表 lms_shipment 已插入剩余 1 条记录并缓存主键值
INFO:app.services.data_generator:依赖表 lms_shipment 生成完成，记录数: 1
INFO:app.services.data_generator:开始为依赖表 oms_order_item 生成数据
INFO:app.core.database:批量执行SQL，查询: INSERT INTO oms_order_item (id, order_id, product_sku, product_name, quantity, price) VALUES ($1, $2, $3, $4, $5, $6), 值数量: 1
INFO:app.core.database:连接数据库: 172.16.10.196:5432/db_house
INFO:app.core.database:批量执行SQL完成
INFO:app.services.data_generator:表 oms_order_item 已插入剩余 1 条记录并缓存主键值
INFO:app.services.data_generator:依赖表 oms_order_item 生成完成，记录数: 1
INFO:app.services.data_generator:数据生成完成，总记录数: 7
INFO:app.services.data_generator:退出 generate_data_for_tables 方法
INFO:app.services.data_generator:开始 generate_data_for_tables 方法
INFO:app.services.data_generator:独立表（阶段1）: ['crawler_competitor_price', 'crm_customer', 'ext_market_trend']
INFO:app.services.data_generator:依赖表（阶段2）: ['oms_order', 'lms_shipment', 'fms_financial_transaction', 'oms_order_item']
INFO:app.services.data_generator:初始化数据库计数器
INFO:app.core.database:执行查询: SELECT MAX(id) FROM crawler_competitor_price, 参数: ()
INFO:app.core.database:连接数据库: 172.16.10.196:5432/db_house
INFO:app.core.database:查询执行成功
INFO:app.core.database:执行查询: SELECT MAX(id) FROM ext_market_trend, 参数: ()
INFO:app.core.database:连接数据库: 172.16.10.196:5432/db_house
INFO:app.core.database:查询执行成功
INFO:app.core.database:执行查询: SELECT MAX(id) FROM oms_order_item, 参数: ()
INFO:app.core.database:连接数据库: 172.16.10.196:5432/db_house
INFO:app.core.database:查询执行成功
INFO:app.services.data_generator:计数器初始化完成: {'crawler_competitor_price_id': 91, 'ext_market_trend_id': 91, 'oms_order_item_id': 91}
INFO:app.services.data_generator:开始处理日期: 2025-10-21
INFO:app.services.data_generator:当天计划生成记录数: 1
INFO:app.services.data_generator:已清空外键缓存
INFO:app.services.data_generator:=== 阶段1：生成独立表 ===
INFO:app.services.data_generator:开始为独立表 crawler_competitor_price 生成数据
INFO:app.core.database:批量执行SQL，查询: INSERT INTO crawler_competitor_price (id, crawl_time, platform, competitor_name, product_name, product_sku, price, promotion_info, is_in_stock) VALUES ($1, $2, $3, $4, $5, $6, $7, $8, $9), 值数量: 1
INFO:app.core.database:连接数据库: 172.16.10.196:5432/db_house
INFO:app.core.database:批量执行SQL完成
INFO:app.services.data_generator:表 crawler_competitor_price 已插入剩余 1 条记录并缓存主键值
INFO:app.services.data_generator:独立表 crawler_competitor_price 生成完成，记录数: 1
INFO:app.services.data_generator:开始为独立表 crm_customer 生成数据
INFO:app.core.database:批量执行SQL，查询: INSERT INTO crm_customer (customer_id, name, gender, phone, email, birthday, address, create_time, update_time, is_deleted) VALUES ($1, $2, $3, $4, $5, $6, $7, $8, $9, $10), 值数量: 1
INFO:app.core.database:连接数据库: 172.16.10.196:5432/db_house
INFO:app.core.database:批量执行SQL完成
INFO:app.services.data_generator:表 crm_customer 已插入剩余 1 条记录并缓存主键值
INFO:app.services.data_generator:独立表 crm_customer 生成完成，记录数: 1
INFO:app.services.data_generator:开始为独立表 ext_market_trend 生成数据
INFO:app.core.database:批量执行SQL，查询: INSERT INTO ext_market_trend (id, period, region, category, market_size, growth_rate, data_source) VALUES ($1, $2, $3, $4, $5, $6, $7), 值数量: 1
INFO:app.core.database:连接数据库: 172.16.10.196:5432/db_house
INFO:app.core.database:批量执行SQL完成
INFO:app.services.data_generator:表 ext_market_trend 已插入剩余 1 条记录并缓存主键值
INFO:app.services.data_generator:独立表 ext_market_trend 生成完成，记录数: 1
INFO:app.services.data_generator:=== 阶段2：生成依赖表 ===
INFO:app.services.data_generator:表依赖排序结果: ['oms_order', 'fms_financial_transaction', 'lms_shipment', 'oms_order_item']
INFO:app.services.data_generator:排序后的依赖表: ['oms_order', 'fms_financial_transaction', 'lms_shipment', 'oms_order_item']
INFO:app.services.data_generator:开始为依赖表 oms_order 生成数据
INFO:app.core.database:批量执行SQL，查询: INSERT INTO oms_order (order_id, order_channel, customer_code, order_amount, discount_amount, pay_amount, order_status, province, city, district, detail_address, order_time) VALUES ($1, $2, $3, $4, $5, $6, $7, $8, $9, $10, $11, $12), 值数量: 1
INFO:app.core.database:连接数据库: 172.16.10.196:5432/db_house
INFO:app.core.database:批量执行SQL完成
INFO:app.services.data_generator:表 oms_order 已插入剩余 1 条记录并缓存主键值
INFO:app.services.data_generator:依赖表 oms_order 生成完成，记录数: 1
INFO:app.services.data_generator:开始为依赖表 fms_financial_transaction 生成数据
INFO:app.core.database:批量执行SQL，查询: INSERT INTO fms_financial_transaction (transaction_id, order_id, payment_method, transaction_type, transaction_amount, transaction_status, transaction_time) VALUES ($1, $2, $3, $4, $5, $6, $7), 值数量: 1
INFO:app.core.database:连接数据库: 172.16.10.196:5432/db_house
INFO:app.core.database:批量执行SQL完成
INFO:app.services.data_generator:表 fms_financial_transaction 已插入剩余 1 条记录并缓存主键值
INFO:app.services.data_generator:依赖表 fms_financial_transaction 生成完成，记录数: 1
INFO:app.services.data_generator:开始为依赖表 lms_shipment 生成数据
INFO:app.core.database:批量执行SQL，查询: INSERT INTO lms_shipment (shipment_id, order_id, carrier, sender_address, receiver_info, current_status, shipping_time, estimated_delivery, actual_delivery) VALUES ($1, $2, $3, $4, $5, $6, $7, $8, $9), 值数量: 1
INFO:app.core.database:连接数据库: 172.16.10.196:5432/db_house
INFO:app.core.database:批量执行SQL完成
INFO:app.services.data_generator:表 lms_shipment 已插入剩余 1 条记录并缓存主键值
INFO:app.services.data_generator:依赖表 lms_shipment 生成完成，记录数: 1
INFO:app.services.data_generator:开始为依赖表 oms_order_item 生成数据
INFO:app.core.database:批量执行SQL，查询: INSERT INTO oms_order_item (id, order_id, product_sku, product_name, quantity, price) VALUES ($1, $2, $3, $4, $5, $6), 值数量: 1
INFO:app.core.database:连接数据库: 172.16.10.196:5432/db_house
INFO:app.core.database:批量执行SQL完成
INFO:app.services.data_generator:表 oms_order_item 已插入剩余 1 条记录并缓存主键值
INFO:app.services.data_generator:依赖表 oms_order_item 生成完成，记录数: 1
INFO:app.services.data_generator:数据生成完成，总记录数: 7
INFO:app.services.data_generator:退出 generate_data_for_tables 方法
INFO:app.services.data_generator:开始 generate_data_for_tables 方法
INFO:app.services.data_generator:独立表（阶段1）: ['crawler_competitor_price', 'crm_customer', 'ext_market_trend']
INFO:app.services.data_generator:依赖表（阶段2）: ['oms_order', 'lms_shipment', 'fms_financial_transaction', 'oms_order_item']
INFO:app.services.data_generator:初始化数据库计数器
INFO:app.core.database:执行查询: SELECT MAX(id) FROM crawler_competitor_price, 参数: ()
INFO:app.core.database:连接数据库: 172.16.10.196:5432/db_house
INFO:app.core.database:查询执行成功
INFO:app.core.database:执行查询: SELECT MAX(id) FROM ext_market_trend, 参数: ()
INFO:app.core.database:连接数据库: 172.16.10.196:5432/db_house
INFO:app.core.database:查询执行成功
INFO:app.core.database:执行查询: SELECT MAX(id) FROM oms_order_item, 参数: ()
INFO:app.core.database:连接数据库: 172.16.10.196:5432/db_house
INFO:app.core.database:查询执行成功
INFO:app.services.data_generator:计数器初始化完成: {'crawler_competitor_price_id': 92, 'ext_market_trend_id': 92, 'oms_order_item_id': 92}
INFO:app.services.data_generator:开始处理日期: 2025-10-21
INFO:app.services.data_generator:当天计划生成记录数: 1
INFO:app.services.data_generator:已清空外键缓存
INFO:app.services.data_generator:=== 阶段1：生成独立表 ===
INFO:app.services.data_generator:开始为独立表 crawler_competitor_price 生成数据
INFO:app.core.database:批量执行SQL，查询: INSERT INTO crawler_competitor_price (id, crawl_time, platform, competitor_name, product_name, product_sku, price, promotion_info, is_in_stock) VALUES ($1, $2, $3, $4, $5, $6, $7, $8, $9), 值数量: 1
INFO:app.core.database:连接数据库: 172.16.10.196:5432/db_house
INFO:app.core.database:批量执行SQL完成
INFO:app.services.data_generator:表 crawler_competitor_price 已插入剩余 1 条记录并缓存主键值
INFO:app.services.data_generator:独立表 crawler_competitor_price 生成完成，记录数: 1
INFO:app.services.data_generator:开始为独立表 crm_customer 生成数据
INFO:app.core.database:批量执行SQL，查询: INSERT INTO crm_customer (customer_id, name, gender, phone, email, birthday, address, create_time, update_time, is_deleted) VALUES ($1, $2, $3, $4, $5, $6, $7, $8, $9, $10), 值数量: 1
INFO:app.core.database:连接数据库: 172.16.10.196:5432/db_house
INFO:app.core.database:批量执行SQL完成
INFO:app.services.data_generator:表 crm_customer 已插入剩余 1 条记录并缓存主键值
INFO:app.services.data_generator:独立表 crm_customer 生成完成，记录数: 1
INFO:app.services.data_generator:开始为独立表 ext_market_trend 生成数据
INFO:app.core.database:批量执行SQL，查询: INSERT INTO ext_market_trend (id, period, region, category, market_size, growth_rate, data_source) VALUES ($1, $2, $3, $4, $5, $6, $7), 值数量: 1
INFO:app.core.database:连接数据库: 172.16.10.196:5432/db_house
INFO:app.core.database:批量执行SQL完成
INFO:app.services.data_generator:表 ext_market_trend 已插入剩余 1 条记录并缓存主键值
INFO:app.services.data_generator:独立表 ext_market_trend 生成完成，记录数: 1
INFO:app.services.data_generator:=== 阶段2：生成依赖表 ===
INFO:app.services.data_generator:表依赖排序结果: ['oms_order', 'fms_financial_transaction', 'lms_shipment', 'oms_order_item']
INFO:app.services.data_generator:排序后的依赖表: ['oms_order', 'fms_financial_transaction', 'lms_shipment', 'oms_order_item']
INFO:app.services.data_generator:开始为依赖表 oms_order 生成数据
INFO:app.core.database:批量执行SQL，查询: INSERT INTO oms_order (order_id, order_channel, customer_code, order_amount, discount_amount, pay_amount, order_status, province, city, district, detail_address, order_time) VALUES ($1, $2, $3, $4, $5, $6, $7, $8, $9, $10, $11, $12), 值数量: 1
INFO:app.core.database:连接数据库: 172.16.10.196:5432/db_house
INFO:app.core.database:批量执行SQL完成
INFO:app.services.data_generator:表 oms_order 已插入剩余 1 条记录并缓存主键值
INFO:app.services.data_generator:依赖表 oms_order 生成完成，记录数: 1
INFO:app.services.data_generator:开始为依赖表 fms_financial_transaction 生成数据
INFO:app.core.database:批量执行SQL，查询: INSERT INTO fms_financial_transaction (transaction_id, order_id, payment_method, transaction_type, transaction_amount, transaction_status, transaction_time) VALUES ($1, $2, $3, $4, $5, $6, $7), 值数量: 1
INFO:app.core.database:连接数据库: 172.16.10.196:5432/db_house
INFO:app.core.database:批量执行SQL完成
INFO:app.services.data_generator:表 fms_financial_transaction 已插入剩余 1 条记录并缓存主键值
INFO:app.services.data_generator:依赖表 fms_financial_transaction 生成完成，记录数: 1
INFO:app.services.data_generator:开始为依赖表 lms_shipment 生成数据
INFO:app.core.database:批量执行SQL，查询: INSERT INTO lms_shipment (shipment_id, order_id, carrier, sender_address, receiver_info, current_status, shipping_time, estimated_delivery, actual_delivery) VALUES ($1, $2, $3, $4, $5, $6, $7, $8, $9), 值数量: 1
INFO:app.core.database:连接数据库: 172.16.10.196:5432/db_house
INFO:app.core.database:批量执行SQL完成
INFO:app.services.data_generator:表 lms_shipment 已插入剩余 1 条记录并缓存主键值
INFO:app.services.data_generator:依赖表 lms_shipment 生成完成，记录数: 1
INFO:app.services.data_generator:开始为依赖表 oms_order_item 生成数据
INFO:app.core.database:批量执行SQL，查询: INSERT INTO oms_order_item (id, order_id, product_sku, product_name, quantity, price) VALUES ($1, $2, $3, $4, $5, $6), 值数量: 1
INFO:app.core.database:连接数据库: 172.16.10.196:5432/db_house
INFO:app.core.database:批量执行SQL完成
INFO:app.services.data_generator:表 oms_order_item 已插入剩余 1 条记录并缓存主键值
INFO:app.services.data_generator:依赖表 oms_order_item 生成完成，记录数: 1
INFO:app.services.data_generator:数据生成完成，总记录数: 7
INFO:app.services.data_generator:退出 generate_data_for_tables 方法
INFO:app.services.data_generator:开始 generate_data_for_tables 方法
INFO:app.services.data_generator:独立表（阶段1）: ['crawler_competitor_price', 'crm_customer', 'ext_market_trend']
INFO:app.services.data_generator:依赖表（阶段2）: ['oms_order', 'lms_shipment', 'fms_financial_transaction', 'oms_order_item']
INFO:app.services.data_generator:初始化数据库计数器
INFO:app.core.database:执行查询: SELECT MAX(id) FROM crawler_competitor_price, 参数: ()
INFO:app.core.database:连接数据库: 172.16.10.196:5432/db_house
INFO:app.core.database:查询执行成功
INFO:app.core.database:执行查询: SELECT MAX(id) FROM ext_market_trend, 参数: ()
INFO:app.core.database:连接数据库: 172.16.10.196:5432/db_house
INFO:app.core.database:查询执行成功
INFO:app.core.database:执行查询: SELECT MAX(id) FROM oms_order_item, 参数: ()
INFO:app.core.database:连接数据库: 172.16.10.196:5432/db_house
INFO:app.core.database:查询执行成功
INFO:app.services.data_generator:计数器初始化完成: {'crawler_competitor_price_id': 93, 'ext_market_trend_id': 93, 'oms_order_item_id': 93}
INFO:app.services.data_generator:开始处理日期: 2025-10-21
INFO:app.services.data_generator:当天计划生成记录数: 1
INFO:app.services.data_generator:已清空外键缓存
INFO:app.services.data_generator:=== 阶段1：生成独立表 ===
INFO:app.services.data_generator:开始为独立表 crawler_competitor_price 生成数据
INFO:app.core.database:批量执行SQL，查询: INSERT INTO crawler_competitor_price (id, crawl_time, platform, competitor_name, product_name, product_sku, price, promotion_info, is_in_stock) VALUES ($1, $2, $3, $4, $5, $6, $7, $8, $9), 值数量: 1
INFO:app.core.database:连接数据库: 172.16.10.196:5432/db_house
INFO:app.core.database:批量执行SQL完成
INFO:app.services.data_generator:表 crawler_competitor_price 已插入剩余 1 条记录并缓存主键值
INFO:app.services.data_generator:独立表 crawler_competitor_price 生成完成，记录数: 1
INFO:app.services.data_generator:开始为独立表 crm_customer 生成数据
INFO:app.core.database:批量执行SQL，查询: INSERT INTO crm_customer (customer_id, name, gender, phone, email, birthday, address, create_time, update_time, is_deleted) VALUES ($1, $2, $3, $4, $5, $6, $7, $8, $9, $10), 值数量: 1
INFO:app.core.database:连接数据库: 172.16.10.196:5432/db_house
INFO:app.core.database:批量执行SQL完成
INFO:app.services.data_generator:表 crm_customer 已插入剩余 1 条记录并缓存主键值
INFO:app.services.data_generator:独立表 crm_customer 生成完成，记录数: 1
INFO:app.services.data_generator:开始为独立表 ext_market_trend 生成数据
INFO:app.core.database:批量执行SQL，查询: INSERT INTO ext_market_trend (id, period, region, category, market_size, growth_rate, data_source) VALUES ($1, $2, $3, $4, $5, $6, $7), 值数量: 1
INFO:app.core.database:连接数据库: 172.16.10.196:5432/db_house
INFO:app.core.database:批量执行SQL完成
INFO:app.services.data_generator:表 ext_market_trend 已插入剩余 1 条记录并缓存主键值
INFO:app.services.data_generator:独立表 ext_market_trend 生成完成，记录数: 1
INFO:app.services.data_generator:=== 阶段2：生成依赖表 ===
INFO:app.services.data_generator:表依赖排序结果: ['oms_order', 'fms_financial_transaction', 'lms_shipment', 'oms_order_item']
INFO:app.services.data_generator:排序后的依赖表: ['oms_order', 'fms_financial_transaction', 'lms_shipment', 'oms_order_item']
INFO:app.services.data_generator:开始为依赖表 oms_order 生成数据
INFO:app.core.database:批量执行SQL，查询: INSERT INTO oms_order (order_id, order_channel, customer_code, order_amount, discount_amount, pay_amount, order_status, province, city, district, detail_address, order_time) VALUES ($1, $2, $3, $4, $5, $6, $7, $8, $9, $10, $11, $12), 值数量: 1
INFO:app.core.database:连接数据库: 172.16.10.196:5432/db_house
INFO:app.core.database:批量执行SQL完成
INFO:app.services.data_generator:表 oms_order 已插入剩余 1 条记录并缓存主键值
INFO:app.services.data_generator:依赖表 oms_order 生成完成，记录数: 1
INFO:app.services.data_generator:开始为依赖表 fms_financial_transaction 生成数据
INFO:app.core.database:批量执行SQL，查询: INSERT INTO fms_financial_transaction (transaction_id, order_id, payment_method, transaction_type, transaction_amount, transaction_status, transaction_time) VALUES ($1, $2, $3, $4, $5, $6, $7), 值数量: 1
INFO:app.core.database:连接数据库: 172.16.10.196:5432/db_house
INFO:app.core.database:批量执行SQL完成
INFO:app.services.data_generator:表 fms_financial_transaction 已插入剩余 1 条记录并缓存主键值
INFO:app.services.data_generator:依赖表 fms_financial_transaction 生成完成，记录数: 1
INFO:app.services.data_generator:开始为依赖表 lms_shipment 生成数据
INFO:app.core.database:批量执行SQL，查询: INSERT INTO lms_shipment (shipment_id, order_id, carrier, sender_address, receiver_info, current_status, shipping_time, estimated_delivery, actual_delivery) VALUES ($1, $2, $3, $4, $5, $6, $7, $8, $9), 值数量: 1
INFO:app.core.database:连接数据库: 172.16.10.196:5432/db_house
INFO:app.core.database:批量执行SQL完成
INFO:app.services.data_generator:表 lms_shipment 已插入剩余 1 条记录并缓存主键值
INFO:app.services.data_generator:依赖表 lms_shipment 生成完成，记录数: 1
INFO:app.services.data_generator:开始为依赖表 oms_order_item 生成数据
INFO:app.core.database:批量执行SQL，查询: INSERT INTO oms_order_item (id, order_id, product_sku, product_name, quantity, price) VALUES ($1, $2, $3, $4, $5, $6), 值数量: 1
INFO:app.core.database:连接数据库: 172.16.10.196:5432/db_house
INFO:app.core.database:批量执行SQL完成
INFO:app.services.data_generator:表 oms_order_item 已插入剩余 1 条记录并缓存主键值
INFO:app.services.data_generator:依赖表 oms_order_item 生成完成，记录数: 1
INFO:app.services.data_generator:数据生成完成，总记录数: 7
INFO:app.services.data_generator:退出 generate_data_for_tables 方法
INFO:app.services.data_generator:开始 generate_data_for_tables 方法
INFO:app.services.data_generator:独立表（阶段1）: ['crawler_competitor_price', 'crm_customer', 'ext_market_trend']
INFO:app.services.data_generator:依赖表（阶段2）: ['oms_order', 'lms_shipment', 'fms_financial_transaction', 'oms_order_item']
INFO:app.services.data_generator:初始化数据库计数器
INFO:app.core.database:执行查询: SELECT MAX(id) FROM crawler_competitor_price, 参数: ()
INFO:app.core.database:连接数据库: 172.16.10.196:5432/db_house
INFO:app.core.database:查询执行成功
INFO:app.core.database:执行查询: SELECT MAX(id) FROM ext_market_trend, 参数: ()
INFO:app.core.database:连接数据库: 172.16.10.196:5432/db_house
INFO:app.core.database:查询执行成功
INFO:app.core.database:执行查询: SELECT MAX(id) FROM oms_order_item, 参数: ()
INFO:app.core.database:连接数据库: 172.16.10.196:5432/db_house
INFO:app.core.database:查询执行成功
INFO:app.services.data_generator:计数器初始化完成: {'crawler_competitor_price_id': 94, 'ext_market_trend_id': 94, 'oms_order_item_id': 94}
INFO:app.services.data_generator:开始处理日期: 2025-10-21
INFO:app.services.data_generator:当天计划生成记录数: 1
INFO:app.services.data_generator:已清空外键缓存
INFO:app.services.data_generator:=== 阶段1：生成独立表 ===
INFO:app.services.data_generator:开始为独立表 crawler_competitor_price 生成数据
INFO:app.core.database:批量执行SQL，查询: INSERT INTO crawler_competitor_price (id, crawl_time, platform, competitor_name, product_name, product_sku, price, promotion_info, is_in_stock) VALUES ($1, $2, $3, $4, $5, $6, $7, $8, $9), 值数量: 1
INFO:app.core.database:连接数据库: 172.16.10.196:5432/db_house
INFO:app.core.database:批量执行SQL完成
INFO:app.services.data_generator:表 crawler_competitor_price 已插入剩余 1 条记录并缓存主键值
INFO:app.services.data_generator:独立表 crawler_competitor_price 生成完成，记录数: 1
INFO:app.services.data_generator:开始为独立表 crm_customer 生成数据
INFO:app.core.database:批量执行SQL，查询: INSERT INTO crm_customer (customer_id, name, gender, phone, email, birthday, address, create_time, update_time, is_deleted) VALUES ($1, $2, $3, $4, $5, $6, $7, $8, $9, $10), 值数量: 1
INFO:app.core.database:连接数据库: 172.16.10.196:5432/db_house
INFO:app.core.database:批量执行SQL完成
INFO:app.services.data_generator:表 crm_customer 已插入剩余 1 条记录并缓存主键值
INFO:app.services.data_generator:独立表 crm_customer 生成完成，记录数: 1
INFO:app.services.data_generator:开始为独立表 ext_market_trend 生成数据
INFO:app.core.database:批量执行SQL，查询: INSERT INTO ext_market_trend (id, period, region, category, market_size, growth_rate, data_source) VALUES ($1, $2, $3, $4, $5, $6, $7), 值数量: 1
INFO:app.core.database:连接数据库: 172.16.10.196:5432/db_house
INFO:app.core.database:批量执行SQL完成
INFO:app.services.data_generator:表 ext_market_trend 已插入剩余 1 条记录并缓存主键值
INFO:app.services.data_generator:独立表 ext_market_trend 生成完成，记录数: 1
INFO:app.services.data_generator:=== 阶段2：生成依赖表 ===
INFO:app.services.data_generator:表依赖排序结果: ['oms_order', 'fms_financial_transaction', 'lms_shipment', 'oms_order_item']
INFO:app.services.data_generator:排序后的依赖表: ['oms_order', 'fms_financial_transaction', 'lms_shipment', 'oms_order_item']
INFO:app.services.data_generator:开始为依赖表 oms_order 生成数据
INFO:app.core.database:批量执行SQL，查询: INSERT INTO oms_order (order_id, order_channel, customer_code, order_amount, discount_amount, pay_amount, order_status, province, city, district, detail_address, order_time) VALUES ($1, $2, $3, $4, $5, $6, $7, $8, $9, $10, $11, $12), 值数量: 1
INFO:app.core.database:连接数据库: 172.16.10.196:5432/db_house
INFO:app.core.database:批量执行SQL完成
INFO:app.services.data_generator:表 oms_order 已插入剩余 1 条记录并缓存主键值
INFO:app.services.data_generator:依赖表 oms_order 生成完成，记录数: 1
INFO:app.services.data_generator:开始为依赖表 fms_financial_transaction 生成数据
INFO:app.core.database:批量执行SQL，查询: INSERT INTO fms_financial_transaction (transaction_id, order_id, payment_method, transaction_type, transaction_amount, transaction_status, transaction_time) VALUES ($1, $2, $3, $4, $5, $6, $7), 值数量: 1
INFO:app.core.database:连接数据库: 172.16.10.196:5432/db_house
INFO:app.core.database:批量执行SQL完成
INFO:app.services.data_generator:表 fms_financial_transaction 已插入剩余 1 条记录并缓存主键值
INFO:app.services.data_generator:依赖表 fms_financial_transaction 生成完成，记录数: 1
INFO:app.services.data_generator:开始为依赖表 lms_shipment 生成数据
INFO:app.core.database:批量执行SQL，查询: INSERT INTO lms_shipment (shipment_id, order_id, carrier, sender_address, receiver_info, current_status, shipping_time, estimated_delivery, actual_delivery) VALUES ($1, $2, $3, $4, $5, $6, $7, $8, $9), 值数量: 1
INFO:app.core.database:连接数据库: 172.16.10.196:5432/db_house
INFO:app.core.database:批量执行SQL完成
INFO:app.services.data_generator:表 lms_shipment 已插入剩余 1 条记录并缓存主键值
INFO:app.services.data_generator:依赖表 lms_shipment 生成完成，记录数: 1
INFO:app.services.data_generator:开始为依赖表 oms_order_item 生成数据
INFO:app.core.database:批量执行SQL，查询: INSERT INTO oms_order_item (id, order_id, product_sku, product_name, quantity, price) VALUES ($1, $2, $3, $4, $5, $6), 值数量: 1
INFO:app.core.database:连接数据库: 172.16.10.196:5432/db_house
INFO:app.core.database:批量执行SQL完成
INFO:app.services.data_generator:表 oms_order_item 已插入剩余 1 条记录并缓存主键值
INFO:app.services.data_generator:依赖表 oms_order_item 生成完成，记录数: 1
INFO:app.services.data_generator:数据生成完成，总记录数: 7
INFO:app.services.data_generator:退出 generate_data_for_tables 方法
INFO:app.services.data_generator:开始 generate_data_for_tables 方法
INFO:app.services.data_generator:独立表（阶段1）: ['crawler_competitor_price', 'crm_customer', 'ext_market_trend']
INFO:app.services.data_generator:依赖表（阶段2）: ['oms_order', 'lms_shipment', 'fms_financial_transaction', 'oms_order_item']
INFO:app.services.data_generator:初始化数据库计数器
INFO:app.core.database:执行查询: SELECT MAX(id) FROM crawler_competitor_price, 参数: ()
INFO:app.core.database:连接数据库: 172.16.10.196:5432/db_house
INFO:app.core.database:查询执行成功
INFO:app.core.database:执行查询: SELECT MAX(id) FROM ext_market_trend, 参数: ()
INFO:app.core.database:连接数据库: 172.16.10.196:5432/db_house
INFO:app.core.database:查询执行成功
INFO:app.core.database:执行查询: SELECT MAX(id) FROM oms_order_item, 参数: ()
INFO:app.core.database:连接数据库: 172.16.10.196:5432/db_house
INFO:app.core.database:查询执行成功
INFO:app.services.data_generator:计数器初始化完成: {'crawler_competitor_price_id': 95, 'ext_market_trend_id': 95, 'oms_order_item_id': 95}
INFO:app.services.data_generator:开始处理日期: 2025-10-21
INFO:app.services.data_generator:当天计划生成记录数: 1
INFO:app.services.data_generator:已清空外键缓存
INFO:app.services.data_generator:=== 阶段1：生成独立表 ===
INFO:app.services.data_generator:开始为独立表 crawler_competitor_price 生成数据
INFO:app.core.database:批量执行SQL，查询: INSERT INTO crawler_competitor_price (id, crawl_time, platform, competitor_name, product_name, product_sku, price, promotion_info, is_in_stock) VALUES ($1, $2, $3, $4, $5, $6, $7, $8, $9), 值数量: 1
INFO:app.core.database:连接数据库: 172.16.10.196:5432/db_house
INFO:app.core.database:批量执行SQL完成
INFO:app.services.data_generator:表 crawler_competitor_price 已插入剩余 1 条记录并缓存主键值
INFO:app.services.data_generator:独立表 crawler_competitor_price 生成完成，记录数: 1
INFO:app.services.data_generator:开始为独立表 crm_customer 生成数据
INFO:app.core.database:批量执行SQL，查询: INSERT INTO crm_customer (customer_id, name, gender, phone, email, birthday, address, create_time, update_time, is_deleted) VALUES ($1, $2, $3, $4, $5, $6, $7, $8, $9, $10), 值数量: 1
INFO:app.core.database:连接数据库: 172.16.10.196:5432/db_house
INFO:app.core.database:批量执行SQL完成
INFO:app.services.data_generator:表 crm_customer 已插入剩余 1 条记录并缓存主键值
INFO:app.services.data_generator:独立表 crm_customer 生成完成，记录数: 1
INFO:app.services.data_generator:开始为独立表 ext_market_trend 生成数据
INFO:app.core.database:批量执行SQL，查询: INSERT INTO ext_market_trend (id, period, region, category, market_size, growth_rate, data_source) VALUES ($1, $2, $3, $4, $5, $6, $7), 值数量: 1
INFO:app.core.database:连接数据库: 172.16.10.196:5432/db_house
INFO:app.core.database:批量执行SQL完成
INFO:app.services.data_generator:表 ext_market_trend 已插入剩余 1 条记录并缓存主键值
INFO:app.services.data_generator:独立表 ext_market_trend 生成完成，记录数: 1
INFO:app.services.data_generator:=== 阶段2：生成依赖表 ===
INFO:app.services.data_generator:表依赖排序结果: ['oms_order', 'fms_financial_transaction', 'lms_shipment', 'oms_order_item']
INFO:app.services.data_generator:排序后的依赖表: ['oms_order', 'fms_financial_transaction', 'lms_shipment', 'oms_order_item']
INFO:app.services.data_generator:开始为依赖表 oms_order 生成数据
INFO:app.core.database:批量执行SQL，查询: INSERT INTO oms_order (order_id, order_channel, customer_code, order_amount, discount_amount, pay_amount, order_status, province, city, district, detail_address, order_time) VALUES ($1, $2, $3, $4, $5, $6, $7, $8, $9, $10, $11, $12), 值数量: 1
INFO:app.core.database:连接数据库: 172.16.10.196:5432/db_house
INFO:app.core.database:批量执行SQL完成
INFO:app.services.data_generator:表 oms_order 已插入剩余 1 条记录并缓存主键值
INFO:app.services.data_generator:依赖表 oms_order 生成完成，记录数: 1
INFO:app.services.data_generator:开始为依赖表 fms_financial_transaction 生成数据
INFO:app.core.database:批量执行SQL，查询: INSERT INTO fms_financial_transaction (transaction_id, order_id, payment_method, transaction_type, transaction_amount, transaction_status, transaction_time) VALUES ($1, $2, $3, $4, $5, $6, $7), 值数量: 1
INFO:app.core.database:连接数据库: 172.16.10.196:5432/db_house
INFO:app.core.database:批量执行SQL完成
INFO:app.services.data_generator:表 fms_financial_transaction 已插入剩余 1 条记录并缓存主键值
INFO:app.services.data_generator:依赖表 fms_financial_transaction 生成完成，记录数: 1
INFO:app.services.data_generator:开始为依赖表 lms_shipment 生成数据
INFO:app.core.database:批量执行SQL，查询: INSERT INTO lms_shipment (shipment_id, order_id, carrier, sender_address, receiver_info, current_status, shipping_time, estimated_delivery, actual_delivery) VALUES ($1, $2, $3, $4, $5, $6, $7, $8, $9), 值数量: 1
INFO:app.core.database:连接数据库: 172.16.10.196:5432/db_house
INFO:app.core.database:批量执行SQL完成
INFO:app.services.data_generator:表 lms_shipment 已插入剩余 1 条记录并缓存主键值
INFO:app.services.data_generator:依赖表 lms_shipment 生成完成，记录数: 1
INFO:app.services.data_generator:开始为依赖表 oms_order_item 生成数据
INFO:app.core.database:批量执行SQL，查询: INSERT INTO oms_order_item (id, order_id, product_sku, product_name, quantity, price) VALUES ($1, $2, $3, $4, $5, $6), 值数量: 1
INFO:app.core.database:连接数据库: 172.16.10.196:5432/db_house
INFO:app.core.database:批量执行SQL完成
INFO:app.services.data_generator:表 oms_order_item 已插入剩余 1 条记录并缓存主键值
INFO:app.services.data_generator:依赖表 oms_order_item 生成完成，记录数: 1
INFO:app.services.data_generator:数据生成完成，总记录数: 7
INFO:app.services.data_generator:退出 generate_data_for_tables 方法
INFO:app.services.data_generator:开始 generate_data_for_tables 方法
INFO:app.services.data_generator:独立表（阶段1）: ['crawler_competitor_price', 'crm_customer', 'ext_market_trend']
INFO:app.services.data_generator:依赖表（阶段2）: ['oms_order', 'lms_shipment', 'fms_financial_transaction', 'oms_order_item']
INFO:app.services.data_generator:初始化数据库计数器
INFO:app.core.database:执行查询: SELECT MAX(id) FROM crawler_competitor_price, 参数: ()
INFO:app.core.database:连接数据库: 172.16.10.196:5432/db_house
INFO:app.core.database:查询执行成功
INFO:app.core.database:执行查询: SELECT MAX(id) FROM ext_market_trend, 参数: ()
INFO:app.core.database:连接数据库: 172.16.10.196:5432/db_house
INFO:app.core.database:查询执行成功
INFO:app.core.database:执行查询: SELECT MAX(id) FROM oms_order_item, 参数: ()
INFO:app.core.database:连接数据库: 172.16.10.196:5432/db_house
INFO:app.core.database:查询执行成功
INFO:app.services.data_generator:计数器初始化完成: {'crawler_competitor_price_id': 96, 'ext_market_trend_id': 96, 'oms_order_item_id': 96}
INFO:app.services.data_generator:开始处理日期: 2025-10-21
INFO:app.services.data_generator:当天计划生成记录数: 1
INFO:app.services.data_generator:已清空外键缓存
INFO:app.services.data_generator:=== 阶段1：生成独立表 ===
INFO:app.services.data_generator:开始为独立表 crawler_competitor_price 生成数据
INFO:app.core.database:批量执行SQL，查询: INSERT INTO crawler_competitor_price (id, crawl_time, platform, competitor_name, product_name, product_sku, price, promotion_info, is_in_stock) VALUES ($1, $2, $3, $4, $5, $6, $7, $8, $9), 值数量: 1
INFO:app.core.database:连接数据库: 172.16.10.196:5432/db_house
INFO:app.core.database:批量执行SQL完成
INFO:app.services.data_generator:表 crawler_competitor_price 已插入剩余 1 条记录并缓存主键值
INFO:app.services.data_generator:独立表 crawler_competitor_price 生成完成，记录数: 1
INFO:app.services.data_generator:开始为独立表 crm_customer 生成数据
INFO:app.core.database:批量执行SQL，查询: INSERT INTO crm_customer (customer_id, name, gender, phone, email, birthday, address, create_time, update_time, is_deleted) VALUES ($1, $2, $3, $4, $5, $6, $7, $8, $9, $10), 值数量: 1
INFO:app.core.database:连接数据库: 172.16.10.196:5432/db_house
INFO:app.core.database:批量执行SQL完成
INFO:app.services.data_generator:表 crm_customer 已插入剩余 1 条记录并缓存主键值
INFO:app.services.data_generator:独立表 crm_customer 生成完成，记录数: 1
INFO:app.services.data_generator:开始为独立表 ext_market_trend 生成数据
INFO:app.core.database:批量执行SQL，查询: INSERT INTO ext_market_trend (id, period, region, category, market_size, growth_rate, data_source) VALUES ($1, $2, $3, $4, $5, $6, $7), 值数量: 1
INFO:app.core.database:连接数据库: 172.16.10.196:5432/db_house
INFO:app.core.database:批量执行SQL完成
INFO:app.services.data_generator:表 ext_market_trend 已插入剩余 1 条记录并缓存主键值
INFO:app.services.data_generator:独立表 ext_market_trend 生成完成，记录数: 1
INFO:app.services.data_generator:=== 阶段2：生成依赖表 ===
INFO:app.services.data_generator:表依赖排序结果: ['oms_order', 'fms_financial_transaction', 'lms_shipment', 'oms_order_item']
INFO:app.services.data_generator:排序后的依赖表: ['oms_order', 'fms_financial_transaction', 'lms_shipment', 'oms_order_item']
INFO:app.services.data_generator:开始为依赖表 oms_order 生成数据
INFO:app.core.database:批量执行SQL，查询: INSERT INTO oms_order (order_id, order_channel, customer_code, order_amount, discount_amount, pay_amount, order_status, province, city, district, detail_address, order_time) VALUES ($1, $2, $3, $4, $5, $6, $7, $8, $9, $10, $11, $12), 值数量: 1
INFO:app.core.database:连接数据库: 172.16.10.196:5432/db_house
INFO:app.core.database:批量执行SQL完成
INFO:app.services.data_generator:表 oms_order 已插入剩余 1 条记录并缓存主键值
INFO:app.services.data_generator:依赖表 oms_order 生成完成，记录数: 1
INFO:app.services.data_generator:开始为依赖表 fms_financial_transaction 生成数据
INFO:app.core.database:批量执行SQL，查询: INSERT INTO fms_financial_transaction (transaction_id, order_id, payment_method, transaction_type, transaction_amount, transaction_status, transaction_time) VALUES ($1, $2, $3, $4, $5, $6, $7), 值数量: 1
INFO:app.core.database:连接数据库: 172.16.10.196:5432/db_house
INFO:app.core.database:批量执行SQL完成
INFO:app.services.data_generator:表 fms_financial_transaction 已插入剩余 1 条记录并缓存主键值
INFO:app.services.data_generator:依赖表 fms_financial_transaction 生成完成，记录数: 1
INFO:app.services.data_generator:开始为依赖表 lms_shipment 生成数据
INFO:app.core.database:批量执行SQL，查询: INSERT INTO lms_shipment (shipment_id, order_id, carrier, sender_address, receiver_info, current_status, shipping_time, estimated_delivery, actual_delivery) VALUES ($1, $2, $3, $4, $5, $6, $7, $8, $9), 值数量: 1
INFO:app.core.database:连接数据库: 172.16.10.196:5432/db_house
INFO:app.core.database:批量执行SQL完成
INFO:app.services.data_generator:表 lms_shipment 已插入剩余 1 条记录并缓存主键值
INFO:app.services.data_generator:依赖表 lms_shipment 生成完成，记录数: 1
INFO:app.services.data_generator:开始为依赖表 oms_order_item 生成数据
INFO:app.core.database:批量执行SQL，查询: INSERT INTO oms_order_item (id, order_id, product_sku, product_name, quantity, price) VALUES ($1, $2, $3, $4, $5, $6), 值数量: 1
INFO:app.core.database:连接数据库: 172.16.10.196:5432/db_house
INFO:app.core.database:批量执行SQL完成
INFO:app.services.data_generator:表 oms_order_item 已插入剩余 1 条记录并缓存主键值
INFO:app.services.data_generator:依赖表 oms_order_item 生成完成，记录数: 1
INFO:app.services.data_generator:数据生成完成，总记录数: 7
INFO:app.services.data_generator:退出 generate_data_for_tables 方法
INFO:app.core.database:数据库连接已关闭

[2025-10-21 16:50:17.452308] 📦 开始生成第 66 批数据...
[2025-10-21 16:50:17.845573] 📦 生成了 7 条记录
[2025-10-21 16:50:17.845591] ✅ 第 66 批数据生成完成
[2025-10-21 16:50:17.845595] ⏱️ 等待 1 秒后继续...
[2025-10-21 16:50:18.846690] 📦 开始生成第 67 批数据...
[2025-10-21 16:50:19.104207] 📦 生成了 7 条记录
[2025-10-21 16:50:19.104233] ✅ 第 67 批数据生成完成
[2025-10-21 16:50:19.104242] ⏱️ 等待 1 秒后继续...
[2025-10-21 16:50:20.105418] 📦 开始生成第 68 批数据...
[2025-10-21 16:50:20.246555] 📦 生成了 7 条记录
[2025-10-21 16:50:20.246582] ✅ 第 68 批数据生成完成
[2025-10-21 16:50:20.246590] ⏱️ 等待 1 秒后继续...
[2025-10-21 16:50:21.247739] 📦 开始生成第 69 批数据...
[2025-10-21 16:50:21.755938] 📦 生成了 7 条记录
[2025-10-21 16:50:21.755957] ✅ 第 69 批数据生成完成
[2025-10-21 16:50:21.755961] ⏱️ 等待 1 秒后继续...
[2025-10-21 16:50:22.756544] 📦 开始生成第 70 批数据...
[2025-10-21 16:50:23.559514] 📦 生成了 7 条记录
[2025-10-21 16:50:23.559540] ✅ 第 70 批数据生成完成
[2025-10-21 16:50:23.559550] ⏱️ 等待 1 秒后继续...
[2025-10-21 16:50:24.560328] 📦 开始生成第 71 批数据...
[2025-10-21 16:50:25.183214] 📦 生成了 7 条记录
[2025-10-21 16:50:25.183231] ✅ 第 71 批数据生成完成
[2025-10-21 16:50:25.183235] ⏱️ 等待 1 秒后继续...
[2025-10-21 16:50:26.183450] 📦 开始生成第 72 批数据...
[2025-10-21 16:50:26.574756] 📦 生成了 7 条记录
[2025-10-21 16:50:26.574782] ✅ 第 72 批数据生成完成
[2025-10-21 16:50:26.574790] ⏱️ 等待 1 秒后继续...
[2025-10-21 16:50:27.575651] 📦 开始生成第 73 批数据...
[2025-10-21 16:50:28.017719] 📦 生成了 7 条记录
[2025-10-21 16:50:28.017746] ✅ 第 73 批数据生成完成
[2025-10-21 16:50:28.017755] ⏱️ 等待 1 秒后继续...
[2025-10-21 16:50:29.018935] 📦 开始生成第 74 批数据...
[2025-10-21 16:50:29.302101] 📦 生成了 7 条记录
[2025-10-21 16:50:29.302125] ✅ 第 74 批数据生成完成
[2025-10-21 16:50:29.302133] ⏱️ 等待 1 秒后继续...
[2025-10-21 16:50:30.302876] 📦 开始生成第 75 批数据...
[2025-10-21 16:50:30.452671] 📦 生成了 7 条记录
[2025-10-21 16:50:30.452702] ✅ 第 75 批数据生成完成
[2025-10-21 16:50:30.452711] ⏱️ 等待 1 秒后继续...
[2025-10-21 16:50:31.453915] 📦 开始生成第 76 批数据...
[2025-10-21 16:50:31.693536] 📦 生成了 7 条记录
[2025-10-21 16:50:31.693563] ✅ 第 76 批数据生成完成
[2025-10-21 16:50:31.693572] ⏱️ 等待 1 秒后继续...
[2025-10-21 16:50:32.694755] 📦 开始生成第 77 批数据...
[2025-10-21 16:50:33.395383] 📦 生成了 7 条记录
[2025-10-21 16:50:33.395412] ✅ 第 77 批数据生成完成
[2025-10-21 16:50:33.395421] ⏱️ 等待 1 秒后继续...
[2025-10-21 16:50:34.396600] 📦 开始生成第 78 批数据...
[2025-10-21 16:50:35.393760] 📦 生成了 7 条记录
[2025-10-21 16:50:35.393788] ✅ 第 78 批数据生成完成
[2025-10-21 16:50:35.393798] ⏱️ 等待 1 秒后继续...
[2025-10-21 16:50:36.394943] 📦 开始生成第 79 批数据...
[2025-10-21 16:50:36.520763] 📦 生成了 7 条记录
[2025-10-21 16:50:36.520797] ✅ 第 79 批数据生成完成
[2025-10-21 16:50:36.520806] ⏱️ 等待 1 秒后继续...
[2025-10-21 16:50:37.521942] 📦 开始生成第 80 批数据...
[2025-10-21 16:50:38.135259] 📦 生成了 7 条记录
[2025-10-21 16:50:38.135283] ✅ 第 80 批数据生成完成
[2025-10-21 16:50:38.135292] ⏱️ 等待 1 秒后继续...
[2025-10-21 16:50:39.136473] 📦 开始生成第 81 批数据...
[2025-10-21 16:50:39.577446] 📦 生成了 7 条记录
[2025-10-21 16:50:39.577473] ✅ 第 81 批数据生成完成
[2025-10-21 16:50:39.577482] ⏱️ 等待 1 秒后继续...
[2025-10-21 16:50:40.578670] 📦 开始生成第 82 批数据...
[2025-10-21 16:50:41.433594] 📦 生成了 7 条记录
[2025-10-21 16:50:41.433620] ✅ 第 82 批数据生成完成
[2025-10-21 16:50:41.433628] ⏱️ 等待 1 秒后继续...
[2025-10-21 16:50:42.434821] 📦 开始生成第 83 批数据...
[2025-10-21 16:50:42.739383] 📦 生成了 7 条记录
[2025-10-21 16:50:42.739406] ✅ 第 83 批数据生成完成
[2025-10-21 16:50:42.739414] ⏱️ 等待 1 秒后继续...
[2025-10-21 16:50:43.740461] 📦 开始生成第 84 批数据...
[2025-10-21 16:50:44.354836] 📦 生成了 7 条记录
[2025-10-21 16:50:44.354864] ✅ 第 84 批数据生成完成
[2025-10-21 16:50:44.354873] ⏱️ 等待 1 秒后继续...
[2025-10-21 16:50:45.356070] 📦 开始生成第 85 批数据...
[2025-10-21 16:50:46.497842] 📦 生成了 7 条记录
[2025-10-21 16:50:46.497872] ✅ 第 85 批数据生成完成
[2025-10-21 16:50:46.497879] ⏱️ 等待 1 秒后继续...
[2025-10-21 16:50:47.499074] 📦 开始生成第 86 批数据...
[2025-10-21 16:50:48.639425] 📦 生成了 7 条记录
[2025-10-21 16:50:48.639452] ✅ 第 86 批数据生成完成
[2025-10-21 16:50:48.639460] ⏱️ 等待 1 秒后继续...
[2025-10-21 16:50:49.640740] 📦 开始生成第 87 批数据...
[2025-10-21 16:50:50.254433] 📦 生成了 7 条记录
[2025-10-21 16:50:50.254460] ✅ 第 87 批数据生成完成
[2025-10-21 16:50:50.254468] ⏱️ 等待 1 秒后继续...
[2025-10-21 16:50:51.255644] 📦 开始生成第 88 批数据...
[2025-10-21 16:50:51.835571] 📦 生成了 7 条记录
[2025-10-21 16:50:51.835653] ✅ 第 88 批数据生成完成
[2025-10-21 16:50:51.835656] ⏱️ 等待 1 秒后继续...
[2025-10-21 16:50:52.836806] 📦 开始生成第 89 批数据...
[2025-10-21 16:50:53.797844] 📦 生成了 7 条记录
[2025-10-21 16:50:53.797869] ✅ 第 89 批数据生成完成
[2025-10-21 16:50:53.797877] ⏱️ 等待 1 秒后继续...
[2025-10-21 16:50:54.799011] 📦 开始生成第 90 批数据...
[2025-10-21 16:50:55.217445] 📦 生成了 7 条记录
[2025-10-21 16:50:55.217467] ✅ 第 90 批数据生成完成
[2025-10-21 16:50:55.217471] ⏱️ 等待 1 秒后继续...
[2025-10-21 16:50:56.218628] 📦 开始生成第 91 批数据...
[2025-10-21 16:50:56.604276] 📦 生成了 7 条记录
[2025-10-21 16:50:56.604305] ✅ 第 91 批数据生成完成
[2025-10-21 16:50:56.604314] ⏱️ 等待 1 秒后继续...
[2025-10-21 16:50:57.605453] 📦 开始生成第 92 批数据...
[2025-10-21 16:50:57.823165] 📦 生成了 7 条记录
[2025-10-21 16:50:57.823188] ✅ 第 92 批数据生成完成
[2025-10-21 16:50:57.823193] ⏱️ 等待 1 秒后继续...
[2025-10-21 16:50:58.824374] 📦 开始生成第 93 批数据...
[2025-10-21 16:50:59.778416] 📦 生成了 7 条记录
[2025-10-21 16:50:59.778433] ✅ 第 93 批数据生成完成
[2025-10-21 16:50:59.778436] ⏱️ 等待 1 秒后继续...
[2025-10-21 16:51:00.778753] 📦 开始生成第 94 批数据...
[2025-10-21 16:51:01.262752] 📦 生成了 7 条记录
[2025-10-21 16:51:01.262775] ✅ 第 94 批数据生成完成
[2025-10-21 16:51:01.262783] ⏱️ 等待 1 秒后继续...
[2025-10-21 16:51:02.263558] 📦 开始生成第 95 批数据...
[2025-10-21 16:51:02.409926] 📦 生成了 7 条记录
[2025-10-21 16:51:02.409952] ✅ 第 95 批数据生成完成
[2025-10-21 16:51:02.409960] ⏱️ 等待 1 秒后继续...
[2025-10-21 16:51:03.411129] 📦 开始生成第 96 批数据...
[2025-10-21 16:51:03.757614] 📦 生成了 7 条记录
[2025-10-21 16:51:03.757641] ✅ 第 96 批数据生成完成
[2025-10-21 16:51:03.757650] ⏱️ 等待 1 秒后继续...
[2025-10-21 16:51:04.758799] 📦 开始生成第 97 批数据...

[2025-10-21 16:51:04.799771] 🛑 收到停止信号，正在关闭...
[2025-10-21 16:51:05.707987] 📦 生成了 7 条记录
[2025-10-21 16:51:05.708014] ✅ 第 97 批数据生成完成
[2025-10-21 16:51:05.708023] ⏱️ 等待 1 秒后继续...
[2025-10-21 16:51:05.708033] 🛑 持续数据生成服务已停止
[2025-10-21 16:51:05.714094] 🔌 已断开数据库连接
